timestamp,time_diff_s,trade_rate_per_min,trades_last_15m,trades_last_60m,loss_streak,loss_win_ratio_20,hold_asymmetry_20,size_after_loss_ratio_20,notional_after_loss_ratio_20,qty_volatility_20,pnl_volatility_20,tail_loss_share_50,trader
2025-03-01 09:00:00,60.0,1.0,11.5,15.5,1.0333333333333334,1.0219834779403645,1.2183913112870302,0.7811759284799727,0.6856602617910733,0.7438718198597221,32.666826196237636,0.36432938242676866,calm
2025-03-01 10:00:00,60.0,1.0,15.0,52.75,1.1166666666666667,1.9806223528947267,1.1134318093013758,0.905706650007506,0.850990041612236,0.5653222343954691,15.250965520861792,0.332857843780866,calm
2025-03-01 11:00:00,60.0,1.0,15.0,60.0,1.2833333333333334,1.9446706848223316,1.7569598783992852,1.085161862007557,0.7636276705274797,0.5718719417365636,20.13210486667892,0.3745475578879664,calm
2025-03-01 12:00:00,60.0,1.0,15.0,60.0,1.6666666666666667,0.8977438583998353,1.151342425315051,1.138251844028865,1.5720090819782986,0.6045859002674878,35.13697154761808,0.39275590234295366,calm
2025-03-01 13:00:00,60.0,1.0,15.0,60.0,0.5166666666666667,0.877138328950183,1.9979071294124562,0.8868470120040474,0.9142482165385943,0.7026914686156933,5.481272261272171,0.39146627765447856,calm
2025-03-01 14:00:00,60.0,1.0,15.0,60.0,1.1333333333333333,1.0490654786928149,1.5401604348816773,1.1014405230329665,0.7717291244501315,0.5934200271214247,13.048330413909945,0.39518064228515176,calm
2025-03-01 15:00:00,60.0,1.0,15.0,60.0,0.6333333333333333,1.581924487455614,0.692200017028327,1.0014070586309145,0.9802743933228825,0.6813160305638094,37.40076991485527,0.39822681034589025,calm
2025-03-01 16:00:00,60.0,1.0,15.0,60.0,1.05,1.1498922167798986,1.8020238060221996,0.9602571122006748,1.076967666206365,0.5220732497393366,47.25477784362251,0.42039932097588867,calm
2025-03-01 17:00:00,60.0,1.0,15.0,60.0,0.8,1.5963000529590552,1.1952141468655704,0.8373711340271537,0.8311818529771976,0.6138431297629332,6.908594788718621,0.31414516287541916,calm
2025-03-01 18:00:00,60.0,1.0,15.0,60.0,1.0666666666666667,1.186882690081059,1.0286453121621923,1.1734648256480222,1.1301964512861489,0.5605957108361207,20.07109551934326,0.3996975145678358,calm
2025-03-01 19:00:00,60.0,1.0,15.0,60.0,1.1833333333333333,0.935498509697378,0.7997507119733733,0.9204340327444248,0.8139955829016104,0.6618991890363112,70.77738867122183,0.5138206764412682,calm
2025-03-01 20:00:00,60.0,1.0,15.0,60.0,0.4,1.4409635917672121,2.2587928663078993,0.8798409912268337,0.8862945465400116,0.5605055833097883,160.26327462025333,0.323072241848286,calm
2025-03-01 21:00:00,60.0,1.0,15.0,60.0,0.9166666666666666,0.7785612739049846,0.747409250353155,1.037633585596369,1.2331852272119002,0.613616385155476,13.577226737279476,0.39029868603796714,calm
2025-03-01 22:00:00,60.0,1.0,15.0,60.0,0.8666666666666667,0.9510448753070918,1.4906489212333633,1.2370445368918466,1.064825239695579,0.5889842729141852,14.090758228340777,0.3749081468983511,calm
2025-03-01 23:00:00,60.0,1.0,15.0,60.0,0.5166666666666667,1.1427002427897117,0.8379837102528246,1.2482111666616234,1.2498884965836614,0.5890588346945831,26.18292311172505,0.3135370918853727,calm
2025-03-02 00:00:00,60.0,1.0,15.0,60.0,0.7833333333333333,1.0675886071214054,0.5247744123696586,0.9644130074125254,1.0040229895143329,0.7015818214580626,127.04327714948421,0.3791836825827392,calm
2025-03-02 01:00:00,60.0,1.0,15.0,60.0,0.6833333333333333,0.8174264267624803,0.30469119712452053,1.3294047681513221,4.377403459269835,1.1477873624572965,17.255342697047407,0.2832824953830481,calm
2025-03-02 02:00:00,60.0,1.0,15.0,60.0,0.9833333333333333,0.8041014322393691,0.9134946079837025,0.8526243300375802,0.7753604190545734,0.6233159629495663,19.516283814201724,0.3708638195448421,calm
2025-03-02 03:00:00,60.0,1.0,15.0,60.0,1.55,1.1367650503569824,1.085094447049005,1.071400480297256,1.0614846294673084,0.6289791302943163,29.546800750124348,0.4385456003608775,calm
2025-03-02 04:00:00,60.0,1.0,15.0,60.0,1.2666666666666666,1.203046106114791,0.9105332433324679,1.050753365653518,1.3329341460435997,0.6128261093958,42.56890949139756,0.3872694991401451,calm
2025-03-02 05:00:00,60.0,1.0,15.0,60.0,1.0,1.2769500341072773,15.594775193437009,0.8772811995228793,0.7222662719232638,0.9076102612562621,14.591043553994707,0.32688551461214616,calm
2025-03-02 06:00:00,60.0,1.0,15.0,60.0,0.6666666666666666,1.7201926151529434,1.1582783587377057,1.1339945401485982,1.3492071107771437,0.5652014211440143,31.02432808996794,0.38632583222626066,calm
2025-03-02 07:00:00,60.0,1.0,15.0,60.0,1.4166666666666667,1.3016557757385416,1.4244080093368972,0.8410383571098049,0.9900826621212432,0.6883451745169095,5.083848746353558,0.3884157896387614,calm
2025-03-02 08:00:00,60.0,1.0,15.0,60.0,0.8166666666666667,1.1373248187775846,3.091859395484407,1.1135985084283433,1.0554652959618904,0.5701907872352016,31.410998000844014,0.4232383105033373,calm
2025-03-02 09:00:00,60.0,1.0,15.0,60.0,0.6,0.758862239845228,1.5830239144920386,0.9159402986177283,1.0609181572095205,0.534844973007796,33.32268591524643,0.41020075929527794,calm
2025-03-02 10:00:00,60.0,1.0,15.0,60.0,1.25,0.6768749881181932,1.3131624206365242,0.8174607119884516,0.8308172080948066,0.5470017036196045,17.30510472159308,0.4543367554378695,calm
2025-03-02 11:00:00,60.0,1.0,15.0,60.0,0.8,1.36384119565935,3.4969242645752057,0.9132893211721064,1.0662093955731122,0.6240889253054219,17.716905407576963,0.42265204191934946,calm
2025-03-02 12:00:00,60.0,1.0,15.0,60.0,1.8333333333333333,0.8177362245641654,2.8278353331324477,1.1028319410922343,1.2867654119442773,0.6377991916126843,29.01641942525016,0.34867235598955965,calm
2025-03-02 13:00:00,60.0,1.0,15.0,60.0,0.8,1.1211947014636023,1.287595585649086,1.0565530298160923,1.5459469678294182,0.5358284213647005,9.3066988787783,0.3770451740424996,calm
2025-03-02 14:00:00,60.0,1.0,15.0,60.0,0.8666666666666667,1.6674585267970312,1.8484326477335138,1.1311697358592534,1.2764407899440093,0.588868984080991,22.7785215754638,0.43814991017762017,calm
2025-03-02 15:00:00,60.0,1.0,15.0,60.0,0.75,0.957174252634357,1.0365753351279692,1.3270533148956336,1.2531976664376723,0.5638338605158602,28.633707385794846,0.4261007841654151,calm
2025-03-02 16:00:00,60.0,1.0,15.0,60.0,1.4666666666666666,1.2457419433490458,1.1905510603522027,1.3553272659147504,1.4867557218357506,0.608722292554969,61.70392651407949,0.3180146317190208,calm
2025-03-02 17:00:00,60.0,1.0,15.0,60.0,1.1833333333333333,0.7824257402959777,1.6728874074848747,1.0323298786424107,1.069821392170925,0.6564098753413572,35.92548360863138,0.3808203883247607,calm
2025-03-02 18:00:00,60.0,1.0,15.0,60.0,0.65,1.2267648903378485,0.9599336070529311,0.8996878116994923,0.8263000985239812,0.485290410782981,13.082409859944798,0.4132385390575586,calm
2025-03-02 19:00:00,60.0,1.0,15.0,60.0,0.75,1.1172463806588566,3.4320927922541324,0.9060611415060402,0.9377622294332995,0.6133554409484522,9.0052137466401,0.3651811238849881,calm
2025-03-02 20:00:00,60.0,1.0,15.0,60.0,1.2,1.0854490828636691,1.247270011409939,1.0725321032960047,0.9237451054287724,0.6140364802329462,13.987118040493984,0.4009540105652581,calm
2025-03-02 21:00:00,60.0,1.0,15.0,60.0,1.75,1.2933219672566534,1.3212412645639349,0.9298908958962824,0.9597586946006106,0.5906872566222617,6.525046365689997,0.31225578362678497,calm
2025-03-02 22:00:00,60.0,1.0,15.0,60.0,1.3833333333333333,1.2251481535114528,16.10112301635117,1.0199761305338344,1.5074887807687425,0.6934644934285553,18.51294136218282,0.4378985920524504,calm
2025-03-02 23:00:00,60.0,1.0,15.0,60.0,0.75,0.7146565938215708,44.962744961606774,1.0089541061763123,1.8853720107006393,0.7282503454548745,11.091538635445913,0.3955112078667687,calm
2025-03-03 00:00:00,60.0,1.0,15.0,60.0,0.7833333333333333,1.3273967263897615,1.6909672159690785,1.1404326424280478,1.1171165148163795,0.5691875115572338,23.055988899202244,0.4705619780302256,calm
2025-03-03 01:00:00,60.0,1.0,15.0,60.0,0.7666666666666667,1.3351243335712204,1.254704373205438,0.9358317488533658,0.9663517867264844,0.5850733610949466,31.47121297435193,0.41383842269012666,calm
2025-03-03 02:00:00,60.0,1.0,15.0,60.0,1.3,0.8356038802150245,1.7204632719939073,1.1911589690103286,1.2954964502092574,0.6524706157250265,9.300596945274494,0.3805604933443565,calm
2025-03-03 03:00:00,60.0,1.0,15.0,60.0,1.2,1.2290495068908482,1.082908323189583,0.9768547205488302,1.0197063629196645,0.5549632968326124,9.204513354527839,0.33027939177353194,calm
2025-03-03 04:00:00,60.0,1.0,15.0,60.0,0.9833333333333333,0.749784709846234,0.537116092144899,1.0357280112564144,1.4424882960507603,0.5978872966574974,15.469703224041677,0.4465256921311795,calm
2025-03-03 05:00:00,60.0,1.0,15.0,60.0,0.8333333333333334,0.5626238458960883,18.47692780432022,1.0937787640071777,1.074466721692223,0.5417405226159946,29.098929110918156,0.5450560969520988,calm
2025-03-03 06:00:00,60.0,1.0,15.0,60.0,1.15,0.9801570471147032,1.4387139778595703,1.0468923987458174,1.1822612230078449,0.640743296555427,13.725513960639262,0.41587458514549425,calm
2025-03-03 07:00:00,60.0,1.0,15.0,60.0,0.5666666666666667,0.9724553706904789,2.2958724882002013,1.1207146721793242,0.8295891954720531,0.5745912594984145,45.518561414025676,0.457572308520212,calm
2025-03-03 08:00:00,60.0,1.0,15.0,60.0,0.7166666666666667,0.9204570773906269,1.1288701512047115,1.7830423162142004,5.271549695460802,0.9869793723169997,11.112660542216293,0.41341162435551204,calm
2025-03-03 09:00:00,60.0,1.0,15.0,60.0,0.5666666666666667,1.034617934228747,0.6829013296747605,1.0201793138847983,0.8266035776567244,0.4784440835411624,10.094092384484027,0.3500357625452387,calm
2025-03-03 10:00:00,60.0,1.0,15.0,60.0,1.3166666666666667,1.8170801781872081,16.779647353995916,1.4637292899813543,2.7767870643445134,1.0050686676207723,5.91375832050205,0.3528787102316327,calm
2025-03-03 11:00:00,60.0,1.0,15.0,60.0,1.35,1.12396172613716,2.7260108702942745,0.9994095245027126,1.4252543994377227,0.6162332542606779,10.779619817682622,0.31584047551114136,calm
2025-03-03 12:00:00,60.0,1.0,15.0,60.0,0.8833333333333333,0.9587513335437505,0.7673587649584924,1.225633174960146,1.0606052634643146,0.5688879080248743,21.382078544001775,0.3759949177696249,calm
2025-03-03 13:00:00,60.0,1.0,15.0,60.0,1.0,1.3580857597739733,1.1133760393432561,0.9789271626839074,0.7922026465342699,0.5694887337918018,356.26467285854204,0.27257735903062946,calm
2025-03-03 14:00:00,60.0,1.0,15.0,60.0,0.7166666666666667,1.4739575834244438,2.700852525931545,0.8920901919922457,0.871794267792065,0.6163833345666357,28.91248406336252,0.3330990838295323,calm
2025-03-03 15:00:00,60.0,1.0,15.0,60.0,0.6166666666666667,0.8350436137312797,1.4971090599109809,1.0072029776511402,1.0282522584328406,0.5339603056997521,19.464862898066837,0.30878753143751986,calm
2025-03-03 16:00:00,60.0,1.0,15.0,60.0,0.9333333333333333,0.9247546175757624,1.361255490783941,1.0006267872310148,0.9936758754498017,0.6304883815071236,5.885060183103952,0.34809283491623577,calm
2025-03-03 17:00:00,60.0,1.0,15.0,60.0,0.9333333333333333,0.9324986539195798,0.885983337771566,1.1918372982584045,1.1218285785376916,0.5883371775851607,19.837950674115344,0.4127521389477088,calm
2025-03-03 18:00:00,60.0,1.0,15.0,60.0,0.8333333333333334,2.0973708780851528,1.9093749782504499,0.8837190595131623,0.9602161474635108,0.6331870670284254,31.61165764030907,0.39726635194886895,calm
2025-03-03 19:00:00,60.0,1.0,15.0,60.0,1.0,1.6800498475576873,1.2244907879794102,1.0391218313813553,1.1486067542457896,0.5945236626424699,13.956639225816929,0.3458291003495671,calm
2025-03-03 20:00:00,60.0,1.0,15.0,60.0,0.6666666666666666,1.6034571073352655,2.439677766588636,0.9457402854667373,1.0802798989511013,0.5035679986342659,45.455977564949016,0.3187596203537446,calm
2025-03-03 21:00:00,60.0,1.0,15.0,60.0,1.2166666666666666,1.4217813663381402,1.7474586086077875,1.2049086653407843,1.3093397267771636,0.6373650063709212,27.487857370755886,0.37848417299048703,calm
2025-03-03 22:00:00,60.0,1.0,15.0,60.0,0.7166666666666667,1.0576939343543799,0.425987995364614,0.9412995042737425,1.2595579922825557,0.5838615012885603,31.33676413825698,0.4118504137331544,calm
2025-03-03 23:00:00,60.0,1.0,15.0,60.0,0.7833333333333333,1.1258268282714632,1.5599184865143023,0.9357979245317491,0.886922198025372,0.549815351758723,36.213743236298555,0.4143464662407657,calm
2025-03-04 00:00:00,60.0,1.0,15.0,60.0,1.7833333333333334,1.360480166242088,1.3791142164514205,1.0673038831228292,1.1665397640348878,0.5177527226525848,7.189183228124666,0.38947491958855285,calm
2025-03-04 01:00:00,60.0,1.0,15.0,60.0,0.9166666666666666,1.3000887801640117,2.031483128678421,0.9883036495240801,1.0227954779488297,0.4529705998012488,27.15502987892528,0.4211117001246583,calm
2025-03-04 02:00:00,60.0,1.0,15.0,60.0,0.6333333333333333,1.029772126050436,1.276050807719572,1.385354177546615,1.2317214483383587,0.5935824163713023,6.888045485719308,0.36205956580776083,calm
2025-03-04 03:00:00,60.0,1.0,15.0,60.0,1.8333333333333333,1.2408836196338577,0.2570773758836811,0.9132210357644122,0.725716944516473,0.6744079434072585,17.935424929353807,0.3523627553545264,calm
2025-03-04 04:00:00,60.0,1.0,15.0,60.0,1.4833333333333334,1.0260861315362089,2.0904902543836483,0.7479026491227876,0.7894031735347935,0.6383424154155246,25.92021202821409,0.38282665477322514,calm
2025-03-04 05:00:00,60.0,1.0,15.0,60.0,0.85,1.6286791012245798,3.0922891848392116,1.4728931858608763,1.4473296421414763,0.5894822833064571,7.545644166136172,0.3311972243404405,calm
2025-03-04 06:00:00,60.0,1.0,15.0,60.0,1.2,0.9529667854013841,1.0290751351772516,0.9008810011239553,0.7983439096263277,0.5808249929528653,11.090823875028102,0.346635355439269,calm
2025-03-04 07:00:00,60.0,1.0,15.0,60.0,0.9833333333333333,1.6197990395244508,1.7156929877694984,0.943641451289309,0.7048844867270231,0.6492484612332245,18.828164536141262,0.30383581556647454,calm
2025-03-04 08:00:00,60.0,1.0,15.0,60.0,0.9666666666666667,1.3593144565102866,0.7234062281982389,1.1307711383659547,1.2588361464127376,0.6350535837788643,24.288836933258498,0.3499364530648474,calm
2025-03-04 09:00:00,60.0,1.0,15.0,60.0,1.1,0.8345681908365249,20.642555098500335,1.0839251348722159,1.8458038599353146,0.5140214420526226,43.02600992599472,0.3706697663917925,calm
2025-03-04 10:00:00,60.0,1.0,15.0,60.0,0.7666666666666667,1.0364041236023358,1.2262909699778177,1.0919820890979084,1.1944571370293102,0.5240412693488838,41.40411804918552,0.4254473658173426,calm
2025-03-04 11:00:00,60.0,1.0,15.0,60.0,1.3,1.5916141117109441,1.2548091521987688,0.8647191262839465,0.8988126567671908,0.5613325343793549,7.451432304451618,0.46202370255808106,calm
2025-03-04 12:00:00,60.0,1.0,15.0,60.0,1.2,1.2199025116393047,1.6975784954018849,0.997412006691791,1.1400947658086578,0.5023836795978797,24.208689716460846,0.34929452446011255,calm
2025-03-04 13:00:00,60.0,1.0,15.0,60.0,1.1666666666666667,0.9051598588067814,1.6719055768983762,0.8857830447685539,0.7547375298349439,0.5938845916509863,53.600022327208634,0.3553253259411199,calm
2025-03-04 14:00:00,60.0,1.0,15.0,60.0,1.0666666666666667,0.873756042832229,0.8280415283295184,1.135461353817259,1.6136643841971472,0.6366654942135553,14.164796985710113,0.3628107278546819,calm
2025-03-04 15:00:00,60.0,1.0,15.0,60.0,0.7833333333333333,1.321500767012106,0.9814994078397874,0.9338230463280849,1.1996480064624067,0.714468993748498,31.128704749372833,0.38241477773802107,calm
2025-03-04 16:00:00,60.0,1.0,15.0,60.0,0.9,1.5217754295741759,2.056303413173928,1.1861552278242553,1.3626522660013554,0.5342261223834998,12.439916579788456,0.43974375354648737,calm
2025-03-04 17:00:00,60.0,1.0,15.0,60.0,0.85,0.8088058195015311,0.6062082793578937,0.9322797618126902,0.7520892278732478,0.8347819407746943,12.445962129235088,0.3304715468156816,calm
2025-03-04 18:00:00,60.0,1.0,15.0,60.0,1.5,0.8922434208095364,1.3554961392620322,1.2236022831852305,4.440759086409111,0.890164745382419,24.257515168451075,0.31083237978435296,calm
2025-03-04 19:00:00,60.0,1.0,15.0,60.0,1.05,0.9789995541180028,0.47269116040985304,1.252699422349763,3.7796065700570525,0.7534060334490704,10.902345488866338,0.3206970037853586,calm
2025-03-04 20:00:00,60.0,1.0,15.0,60.0,0.8833333333333333,1.6645053765356757,1.4964989922573264,0.8789191329866317,0.9847496986564681,0.6282701372408082,69.03229420974839,0.3078119404550578,calm
2025-03-04 21:00:00,60.0,1.0,15.0,60.0,0.9333333333333333,1.2491254247329628,2.6334073275497287,0.9269271647954793,0.946766706221521,0.5059393488278867,7.789514219120796,0.36508404896025504,calm
2025-03-04 22:00:00,60.0,1.0,15.0,60.0,1.4833333333333334,1.2556348947582723,2.872993085016725,0.9185462904394807,1.007438431150526,0.624022916006615,17.955655991128467,0.3396664274245206,calm
2025-03-04 23:00:00,60.0,1.0,15.0,60.0,0.7,1.0935161001367688,0.97536886511808,0.9415001732759071,1.157711151493827,0.5011889987829974,21.9456107484841,0.3364720059274496,calm
2025-03-05 00:00:00,60.0,1.0,15.0,60.0,0.8,1.0569349868665143,0.780649458470649,1.4390301833104617,1.3608016807973322,0.532335652532724,17.49878766664033,0.3494989576879099,calm
2025-03-05 01:00:00,60.0,1.0,15.0,60.0,0.6,1.0536844072859661,0.44851822703926897,1.101745403762024,0.9702097578990572,0.5182196096676032,9.118842705292453,0.3737429380906515,calm
2025-03-05 02:00:00,60.0,1.0,15.0,60.0,1.1666666666666667,1.1266318630076015,0.6952502170297727,1.4595575938486867,3.33006430714733,0.8986991998428799,13.274989858992699,0.3388778722252253,calm
2025-03-05 03:00:00,60.0,1.0,15.0,60.0,0.9666666666666667,1.0765751256028042,1.3011594907845883,1.300394453795294,3.2211994789134972,0.7615649727684412,95.69028660329803,0.3566848009516233,calm
2025-03-05 04:00:00,60.0,1.0,15.0,60.0,0.9166666666666666,0.9728714624627057,1.9600873574748179,0.9857204754950041,1.0826840367661672,0.6149479533674553,16.406590525815997,0.4334241617821008,calm
2025-03-05 05:00:00,60.0,1.0,15.0,60.0,0.8833333333333333,1.0056546273522895,0.9974043960319771,0.9555121163869266,1.340676148434733,0.48215211501997307,22.158023040541913,0.3219043265396883,calm
2025-03-05 06:00:00,60.0,1.0,15.0,60.0,1.3,1.1357407864414462,24.777286174036643,0.6150883448718046,0.434382268248642,0.8544226403148074,37.6286805778231,0.3279392428306828,calm
2025-03-05 07:00:00,60.0,1.0,15.0,60.0,0.9833333333333333,0.9335050271928227,1.1146868143596231,0.9160945819563706,0.9723860493959292,0.5817680640649885,52.28762709288359,0.32367866843730025,calm
2025-03-05 08:00:00,60.0,1.0,15.0,60.0,0.8166666666666667,1.087715292471679,0.807902711200923,1.0342008587637015,1.0068324245699758,0.5286011522261957,15.87697911732744,0.3951892523787068,calm
2025-03-05 09:00:00,60.0,1.0,15.0,60.0,0.9333333333333333,1.5929258225782108,20.001672224745164,1.7156533966734826,8.152016527109227,1.0696812886467364,95.02914108045942,0.41766861124988297,calm
2025-03-05 10:00:00,60.0,1.0,15.0,60.0,1.1166666666666667,0.7195045379698207,0.7250057086029091,0.9341727704374753,0.9958264148693369,0.5598387248139717,27.80345527987202,0.4942294780130113,calm
2025-03-05 11:00:00,60.0,1.0,15.0,60.0,0.7333333333333333,1.4412241984707115,0.9253312554040924,1.0955875861583293,0.8431588029037028,0.5449748129798654,15.44665259805223,0.331020952319574,calm
2025-03-05 12:00:00,60.0,1.0,15.0,60.0,1.0666666666666667,1.9786914949290273,2.193773499735861,0.8821890868476437,1.0443820427309294,0.6272815290696545,15.287756083508356,0.39255593978579495,calm
2025-03-05 13:00:00,60.0,1.0,15.0,60.0,1.8,1.6223773323333979,1.2594280413150678,0.8785844700812776,1.3113644479565172,0.5954748875103398,15.081640496244026,0.401002580774558,calm
2025-03-05 14:00:00,60.0,1.0,15.0,60.0,1.25,0.8349969205506201,0.7271819521918192,1.1103978018585439,0.894756341718234,0.5061467183673783,27.426886861522934,0.3416299793573414,calm
2025-03-05 15:00:00,60.0,1.0,15.0,60.0,1.15,1.3587146675651984,1.0492494224677256,0.8831102242474383,0.7040932585962332,0.5656710808446681,14.159887013391408,0.40276777241782413,calm
2025-03-05 16:00:00,60.0,1.0,15.0,60.0,1.0666666666666667,0.8966661435175016,0.935434280509979,1.3563225054174746,1.5278555421439488,0.6298484061254146,67.51701591222944,0.4205878628253025,calm
2025-03-05 17:00:00,60.0,1.0,15.0,60.0,1.7833333333333334,1.6334532840306082,1.7453646331999275,0.9642633653900093,0.917524259804209,0.5314723710410323,15.12784175707963,0.3370823854899558,calm
2025-03-05 18:00:00,60.0,1.0,15.0,60.0,1.3333333333333333,1.2695056276979877,2.534408248875005,1.0134290513301358,0.8440456585950578,0.5749242879390671,6.323622466871071,0.3186126617635416,calm
2025-03-05 19:00:00,60.0,1.0,15.0,60.0,0.95,1.2889951497905574,1.3149339897834964,1.1571633338246128,0.9469853899666133,0.5183281924886967,9.353585291637092,0.3144999033793266,calm
2025-03-05 20:00:00,60.0,1.0,15.0,60.0,1.0,0.9442606614560834,0.903105418946808,1.3010217305825773,1.1854775271939852,0.6291528599232795,13.731601180356403,0.35859926097389877,calm
2025-03-05 21:00:00,60.0,1.0,15.0,60.0,0.65,0.6465934544466968,0.27103680478829323,1.0626852735008787,1.1876692570255614,0.6212296170252525,5.341206553669165,0.3166778106022517,calm
2025-03-05 22:00:00,60.0,1.0,15.0,60.0,0.5833333333333334,0.9937584602779052,0.5311974619810836,1.283750946909867,1.4019352589533365,0.6602685807746789,34.21075040781623,0.3522835547795118,calm
2025-03-05 23:00:00,60.0,1.0,15.0,60.0,0.9,0.9831996745144754,0.8636712515336772,0.8796899365900658,0.7426657108795564,0.7575719823895292,1152.1630164286848,0.35889752144492554,calm
2025-03-06 00:00:00,60.0,1.0,15.0,60.0,1.4,1.9308977372773874,3.448841894627691,1.0384592129458572,0.9778302590546365,0.48970517592262625,15.138098839437353,0.3746985863278095,calm
2025-03-06 01:00:00,60.0,1.0,15.0,60.0,0.7166666666666667,1.8467377840613914,1.3510112201571292,0.9160981063351703,0.9224798403446576,0.594293812118948,11.612406027014462,0.410870844223074,calm
2025-03-06 02:00:00,60.0,1.0,15.0,60.0,1.4833333333333334,1.1591170314894261,7.379625680193828,0.7138193192386152,0.7691843019281219,0.7052179200662769,28.434420348269786,0.47142524758659,calm
2025-03-06 03:00:00,60.0,1.0,15.0,60.0,1.5333333333333334,0.7535515907595769,13.902645791056807,0.7424742077147022,0.8773930945398881,0.8286702398169373,13.677788263583034,0.3813446256759367,calm
2025-03-06 04:00:00,60.0,1.0,15.0,60.0,1.5833333333333333,1.187034548344404,3.186837287505009,1.2461279944758756,1.2529748208104428,0.5189545382044084,19.470717494380605,0.28871744049419945,calm
2025-03-06 05:00:00,60.0,1.0,15.0,60.0,0.8,1.0680347644072141,2.0658834688135825,1.3045935151671408,1.3482252691427277,0.5643063627932741,132.69589170974646,0.33469217220197783,calm
2025-03-06 06:00:00,60.0,1.0,15.0,60.0,1.1166666666666667,0.7048289118503565,1.4343848653949585,1.0845096562823586,0.9449585774740042,0.4859861663012711,9.483198262290198,0.3378658891793248,calm
2025-03-06 07:00:00,60.0,1.0,15.0,60.0,0.9333333333333333,1.0734025796972897,1.2740421786372926,0.9014527295103983,1.1155517768151801,0.6604863411350067,17.286712490468723,0.326232238039876,calm
2025-03-06 08:00:00,60.0,1.0,15.0,60.0,0.8333333333333334,1.20791215820372,1.5131684282640776,1.0513371048198212,1.1476662341415957,0.5783932767856806,19.24411712060372,0.3632641082824947,calm
2025-03-06 09:00:00,60.0,1.0,15.0,60.0,0.7333333333333333,1.1086595975965332,0.7005019109485263,1.2339271532677134,1.3874727137272012,0.5286111445648752,10.357917619390529,0.3905293377226751,calm
2025-03-06 10:00:00,60.0,1.0,15.0,60.0,1.4833333333333334,0.9119941392145325,2.3962988012511754,0.9546682361692967,1.218923680279055,0.5150741581005992,30.979961369024718,0.35012525453024523,calm
2025-03-06 11:00:00,60.0,1.0,15.0,60.0,0.7666666666666667,0.895676217585908,1.5306823271362573,0.9876085880972131,1.2245188743318012,0.5321985495496034,9.338698520616196,0.38814972850036455,calm
2025-03-06 12:00:00,60.0,1.0,15.0,60.0,0.7166666666666667,1.5602469566861685,4.8727220832994,0.9897059866932829,1.046111464501045,0.5734245840268767,476.55453777958047,0.3951350225228619,calm
2025-03-06 13:00:00,60.0,1.0,15.0,60.0,0.6833333333333333,0.812513547090962,1.0238139795894714,0.7424066172497913,0.7359827971026471,0.6478507968672843,11.643642712852982,0.42175412449767535,calm
2025-03-06 14:00:00,60.0,1.0,15.0,60.0,0.9,0.8077644096582592,5.306886163824424,0.961172851247312,1.6480066198933712,0.6487857872963109,17.34408374741439,0.4086203290205495,calm
2025-03-06 15:00:00,60.0,1.0,15.0,60.0,0.5166666666666667,0.8314429077343646,14.070460337577792,1.6648512672014888,3.6544809170205412,0.8799501345303349,5.091072556290935,0.33302144459773453,calm
2025-03-06 16:00:00,60.0,1.0,15.0,60.0,1.9666666666666666,1.661716341714885,0.6178882377820367,0.8923060642166213,0.9246642142021307,0.6185279819376712,7.423328818606819,0.3598779170166995,calm
2025-03-06 17:00:00,60.0,1.0,15.0,60.0,1.4833333333333334,1.7698155514319522,2.0957955036822336,0.8814693765143211,1.038007685501202,0.5489497763588445,22.544785294857913,0.35770481791134656,calm
2025-03-06 18:00:00,60.0,1.0,15.0,60.0,0.7166666666666667,1.0453751877223676,1.5369233220549958,1.4426549084789277,1.4850289813215165,0.6576651196958888,149.89740839665274,0.44689410803463675,calm
2025-03-06 19:00:00,60.0,1.0,15.0,60.0,1.0166666666666666,1.214729733806131,0.7943624011096454,1.143446299733618,1.0813180225096235,0.6382421262987882,21.414279599577302,0.40067822829605787,calm
2025-03-06 20:00:00,60.0,1.0,15.0,60.0,1.0,0.9450482912269818,1.3093164851045358,1.0172397016384278,1.0819956912383377,0.5829589753118066,100.10413601114189,0.3583616701820399,calm
2025-03-06 21:00:00,60.0,1.0,15.0,60.0,1.0333333333333334,1.0448089701417034,1.564295039447777,1.0831477476151734,1.206036834920387,0.5983190673302299,15.657466823032813,0.35355011356378013,calm
2025-03-06 22:00:00,60.0,1.0,15.0,60.0,1.15,1.0512664241359206,1.0298366290532752,1.0640910768778884,1.2228393624715523,0.6190191796722616,19.921305193852636,0.3910726782504281,calm
2025-03-06 23:00:00,60.0,1.0,15.0,60.0,0.6833333333333333,1.4091624874728588,0.678640905733494,1.0231265148453128,1.0667857007115937,0.5143231169847188,27.318114095678983,0.3900959824551167,calm
2025-03-07 00:00:00,60.0,1.0,15.0,60.0,1.9333333333333333,0.9511828181390362,1.0929341299911057,1.131551531363327,1.5862168608394205,0.606217707887096,11.469391305402569,0.3012883824625119,calm
2025-03-07 01:00:00,60.0,1.0,15.0,60.0,1.4833333333333334,0.9952303719855974,1.8919807099611776,1.168030938398614,1.1210704137996912,0.5641837290581652,7.085989816267574,0.3645022915885668,calm
2025-03-07 02:00:00,60.0,1.0,15.0,60.0,1.0833333333333333,1.22271985183316,1.8790352015202672,1.1077910745546715,1.0956400280257979,0.5714555691530141,7.7591158301420124,0.4271048615779151,calm
2025-03-07 03:00:00,60.0,1.0,15.0,60.0,1.0833333333333333,1.0714447224679162,0.9615182761219349,1.0161584290773955,0.8721424719159999,0.5944518274732453,19.010457108426642,0.36995634122202364,calm
2025-03-07 04:00:00,60.0,1.0,15.0,60.0,1.05,1.544425627036124,1.3334948717757142,0.8424616895102633,0.8114188875770337,0.5384392221936639,13.37867005844751,0.4008914013013005,calm
2025-03-07 05:00:00,60.0,1.0,15.0,60.0,1.1833333333333333,1.2062296387815687,0.7095238727951761,1.052203859062453,0.8336398417555623,0.5907719765271188,42.8015690141887,0.34451880865275997,calm
2025-03-07 06:00:00,60.0,1.0,15.0,60.0,1.2,1.1521882888741501,0.5811699433072511,0.9001513003259236,0.8305957548749279,0.5519621691158062,27.268664932378677,0.4168990215936324,calm
2025-03-07 07:00:00,60.0,1.0,15.0,60.0,0.5666666666666667,0.8833840334061185,1.580468052901323,1.3123081705243875,1.2311509340787241,0.5488876313646105,49.00893406914074,0.3625078090646133,calm
2025-03-07 08:00:00,60.0,1.0,15.0,60.0,1.0333333333333334,1.0424306209042584,0.6645843312696227,1.4172687492892662,3.5471265103311427,1.066237115340587,27.565778876779163,0.49843165525906374,calm
2025-03-07 09:00:00,60.0,1.0,15.0,60.0,1.2166666666666666,1.2619946957078225,3.8380792299178537,0.9107982015875817,0.7545267141059716,0.6658570410862924,27.88758486860065,0.40241333950896296,calm
2025-03-07 10:00:00,60.0,1.0,15.0,60.0,0.75,0.8479173351315922,1.2626869915774228,1.2291090810470562,1.0366175520728844,0.5448707937575394,7.685603384868705,0.38479021114650913,calm
2025-03-07 11:00:00,60.0,1.0,15.0,60.0,1.5,1.0706302298378982,1.6796369487291036,0.9268439360197405,0.8186930610433207,0.5401688348384156,8.245759655071879,0.35485843692266666,calm
2025-03-07 12:00:00,60.0,1.0,15.0,60.0,0.8333333333333334,0.7325141731285917,1.2873272807442393,1.1234361812917368,1.0603955868107122,0.4696461407338424,19.175398829692394,0.34806079475290985,calm
2025-03-07 13:00:00,60.0,1.0,15.0,60.0,1.1333333333333333,1.7055532057494487,2.584656283756322,1.02875897050029,1.6186803665549288,0.633593257823429,57.69015246554226,0.30529897823384017,calm
2025-03-07 14:00:00,60.0,1.0,15.0,60.0,0.7333333333333333,1.769329823051984,1.1330604062680778,0.8368530280192478,0.9741475304808761,0.698527304242736,16.916691183909883,0.33687735194925783,calm
2025-03-07 15:00:00,60.0,1.0,15.0,60.0,1.2,0.6481504931024217,0.35141750075568623,0.9893264456232682,0.9506729638401161,0.602065605413013,19.210305254403345,0.43121491503081866,calm
2025-03-07 16:00:00,60.0,1.0,15.0,60.0,1.3833333333333333,1.0487930888722945,0.9205432488896826,1.0184646597912381,1.1298687804244252,0.604371036331173,15.319747160534007,0.3830004449610238,calm
2025-03-07 17:00:00,60.0,1.0,15.0,60.0,1.25,0.5775077765750424,0.9885524685147804,1.0564498609310107,1.053404773473044,0.5990472993059118,28.84048067025278,0.31494489587636915,calm
2025-03-07 18:00:00,60.0,1.0,15.0,60.0,1.1,1.6113962248294464,1.852860559452594,0.9956767457576426,0.8689501130022431,0.5205530860893011,4.991360631360446,0.3370211908102249,calm
2025-03-07 19:00:00,60.0,1.0,15.0,60.0,0.8666666666666667,0.664786488071152,1.1600558497468934,1.2353590888368378,0.9871262988372512,0.5599487808247382,37.327556551306,0.4168444065938561,calm
2025-03-07 20:00:00,60.0,1.0,15.0,60.0,1.0166666666666666,1.2786679792473852,1.3059599962954052,1.0853125756868107,1.2522592982888099,0.5559848251467084,17.475270028722775,0.279068820846529,calm
2025-03-07 21:00:00,60.0,1.0,15.0,60.0,1.1166666666666667,1.4394522401004806,2.1511126690040636,1.2019219476814937,1.4833360479388946,0.5043266899234785,5.958124428840762,0.31200996927755464,calm
2025-03-07 22:00:00,60.0,1.0,15.0,60.0,1.2666666666666666,0.641773936848245,0.6166177408360899,1.25507085133096,1.2435025592925202,0.6250520192247282,6.531738113749805,0.3323062927011316,calm
2025-03-07 23:00:00,60.0,1.0,15.0,60.0,1.1666666666666667,1.207662625922693,1.221393548560901,1.5143099793226087,1.5872154614668508,0.5315651144519593,7.290192781583441,0.3705244360788978,calm
2025-03-08 00:00:00,60.0,1.0,15.0,60.0,0.9,0.909910373933391,1.1112534188158016,0.9881707359860464,1.3203072471177104,0.5136000208428426,13.633752143351622,0.4278786624920496,calm
2025-03-08 01:00:00,60.0,1.0,15.0,60.0,1.4166666666666667,1.1930793764823513,1.233619829510602,1.014609830835859,1.0247245532653362,0.5286896508073152,17.499432047426904,0.4320609042765667,calm
2025-03-08 02:00:00,60.0,1.0,15.0,60.0,1.1,0.9870732129248164,1.894436475110831,1.0813325365524333,0.9895782877833766,0.5140234753327674,31.90196782113693,0.32101313746038646,calm
2025-03-08 03:00:00,60.0,1.0,15.0,60.0,0.85,1.2446407027177342,0.7172190836879172,1.069943072109368,1.2286605897077072,0.44460351453396035,5.23883069567813,0.28739337411756644,calm
2025-03-08 04:00:00,60.0,1.0,15.0,60.0,1.4833333333333334,1.0041669200944665,0.583649747228674,1.1385505796623967,0.9094256361357117,0.591736132549769,13.725597941162814,0.4208406181175909,calm
2025-03-08 05:00:00,60.0,1.0,15.0,60.0,0.7666666666666667,0.928713030822832,0.6647442937417025,1.3226399117391447,1.5915701274351504,0.6146111752870864,145.41571837440245,0.33475273173661635,calm
2025-03-08 06:00:00,60.0,1.0,15.0,60.0,0.9833333333333333,0.9182421700413254,1.7324802666002825,0.8572884340592306,0.5423460912520953,0.5598946674925444,19.084174904029332,0.41431688534275884,calm
2025-03-08 07:00:00,60.0,1.0,15.0,60.0,0.9166666666666666,0.7410946919399036,0.9815057700225049,0.810883459800783,0.6156880304928802,0.5911873538172596,10.515214165116705,0.4105808385739375,calm
2025-03-08 08:00:00,60.0,1.0,15.0,60.0,0.3,0.9029741754630253,4.933599221956812,0.7945807627180662,0.6084758040785218,0.5029307856456806,27.286117499957875,0.4336893678868005,calm
2025-03-01 09:00:00,60.0,1.0,11.5,15.5,0.7,2.9917477196397257,11.826485898309537,1.399851523831498,2.5078953387991514,0.726994979259492,7.940219470356914,0.2540463404341645,loss_averse
2025-03-01 10:00:00,60.0,1.0,15.0,52.75,0.5333333333333333,1.3183101141737947,1.0983222349267796,0.7846051432693048,1.031031454870833,0.6272807461102795,13.918119017726976,0.3977308297302406,loss_averse
2025-03-01 11:00:00,60.0,1.0,15.0,60.0,0.5833333333333334,4566.125395637306,45.3688215247615,1.152074817132529,1.3965914460202815,0.9313869486632144,33.05354142478825,0.6582230696159608,loss_averse
2025-03-01 12:00:00,60.0,1.0,15.0,60.0,0.5666666666666667,2320.653956277599,22.137519264619833,0.733829735337327,0.8894735187686451,0.6764254761219214,11.054391214464566,0.7660590965152008,loss_averse
2025-03-01 13:00:00,60.0,1.0,15.0,60.0,0.48333333333333334,1.6959735451847944,1.7818216395593711,0.9913513419015209,1.3292684175008793,0.4818600660070103,43.31522554003961,0.30640210594795636,loss_averse
2025-03-01 14:00:00,60.0,1.0,15.0,60.0,0.7333333333333333,1.9462843634404294,1.8746760876099928,0.9964460832027323,0.9257895477922992,0.5560225989368501,32.50566402839144,0.3826448487032193,loss_averse
2025-03-01 15:00:00,60.0,1.0,15.0,60.0,0.65,2.5230925825880632,3.2800416824333154,0.8185862964036671,1.1192433032597189,0.6009600054057639,23.70188778111276,0.3883446826278878,loss_averse
2025-03-01 16:00:00,60.0,1.0,15.0,60.0,0.2833333333333333,1.0023565092317377,1.2400929091399553,0.9676386253481113,1.343705585644,0.5582286433458148,4.759181457727564,0.34431786377432344,loss_averse
2025-03-01 17:00:00,60.0,1.0,15.0,60.0,0.9,1.669966720383522,1.25153256530448,1.6286710438657162,3.4756876421309957,0.9182466399514281,24.852140372157255,0.45089226616661116,loss_averse
2025-03-01 18:00:00,60.0,1.0,15.0,60.0,0.4166666666666667,1.8809459247259055,3.2436767814730527,1.0060340576676174,0.8901236187153956,0.5866803969786497,69.68569408175127,0.3872611265833021,loss_averse
2025-03-01 19:00:00,60.0,1.0,15.0,60.0,0.5,2.1591292391022345,2.459975652925299,0.9454669665018366,1.0872366148423998,0.9934149928567675,29.576077410554504,0.34976528454374767,loss_averse
2025-03-01 20:00:00,60.0,1.0,15.0,60.0,0.9166666666666666,1.4695732685813045,1.2108603633367996,0.8351690603158928,1.1562008657071565,0.5386055110600848,28.11684503583293,0.4442215095133283,loss_averse
2025-03-01 21:00:00,60.0,1.0,15.0,60.0,0.95,1.5241759596488358,1.3198569700046343,1.2810642658758438,1.1066227638274015,0.5254127376430872,15.851915409481036,0.40496961952750427,loss_averse
2025-03-01 22:00:00,60.0,1.0,15.0,60.0,0.7666666666666667,1.1421201309286544,3.377144819144414,1.07740889754912,1.2958212493678056,0.5655529378224158,16.20019732679158,0.30239730637754536,loss_averse
2025-03-01 23:00:00,60.0,1.0,15.0,60.0,0.6333333333333333,0.8869359537797202,1.941100476289593,1.0370769699584885,0.7344012919220514,1.0248767453377432,9.721433377864283,0.3398543788243199,loss_averse
2025-03-02 00:00:00,60.0,1.0,15.0,60.0,0.55,1.9116182509235444,4.758270028259063,0.6668916454757733,0.6402987086892025,0.7255468149199406,15.264693756913669,0.3899236819155829,loss_averse
2025-03-02 01:00:00,60.0,1.0,15.0,60.0,0.75,1.7797514060697153,3.8222660641618815,1.0204956544121815,1.0213336724489688,0.5332704032336089,37.5967160905694,0.3876079736048788,loss_averse
2025-03-02 02:00:00,60.0,1.0,15.0,60.0,0.6166666666666667,1.3180451350033182,2.770346890041267,1.162222252146281,1.2700294356573112,0.5634352682831114,13.248133933857963,0.3788202573941254,loss_averse
2025-03-02 03:00:00,60.0,1.0,15.0,60.0,0.5333333333333333,1.4609067417487887,5.588284272981819,1.1176368749651553,1.7447370179524582,0.4825967159076775,20.300980790126367,0.3058162117037514,loss_averse
2025-03-02 04:00:00,60.0,1.0,15.0,60.0,0.75,1.4325702590733358,0.9862999590733376,0.8817767453472174,0.9595724836777718,0.5874535553455582,26.740919907005537,0.4216593817451471,loss_averse
2025-03-02 05:00:00,60.0,1.0,15.0,60.0,0.5333333333333333,1.069187347663658,1.1750023193977996,1.1175486799568617,1.1955280917704736,0.5077220076915764,5.369968113142474,0.36008851951469917,loss_averse
2025-03-02 06:00:00,60.0,1.0,15.0,60.0,0.75,1.879564264534517,1.7033528268255573,1.0601319946482377,0.8972322993550559,0.5300227265088783,23.553608735243948,0.3558879258594467,loss_averse
2025-03-02 07:00:00,60.0,1.0,15.0,60.0,0.5666666666666667,1794.5802098420966,45.565912471665214,0.9505680773614016,1.2418386077139205,0.8692133821439382,13.851074118243641,0.6000991157035432,loss_averse
2025-03-02 08:00:00,60.0,1.0,15.0,60.0,1.2833333333333334,1.2884702163294648,3.6236764589379664,1.2132748722331832,1.7751940566921791,0.5859377117603348,48.33261673361486,0.6246147977652604,loss_averse
2025-03-02 09:00:00,60.0,1.0,15.0,60.0,0.9666666666666667,2.0903692674924783,3.033334730341217,1.0483790295448272,1.0350784181458856,0.6840472970155085,24.813835933686175,0.33589674726785923,loss_averse
2025-03-02 10:00:00,60.0,1.0,15.0,60.0,0.9666666666666667,1.878326350426398,2.878604635381987,0.9890821774253717,1.2701663258633669,0.5520179665378044,12.50293942746357,0.3431002611785114,loss_averse
2025-03-02 11:00:00,60.0,1.0,15.0,60.0,0.5833333333333334,1.8241885170734276,1.3840206825268153,1.3396591105553652,1.6585477595209712,0.632529080554675,6.466235620402888,0.35619182742978417,loss_averse
2025-03-02 12:00:00,60.0,1.0,15.0,60.0,0.65,1.5538031627749078,1.704184818029141,0.7762030560926999,0.6842843233308241,0.5517933578421773,14.226963407274202,0.3496024849123192,loss_averse
2025-03-02 13:00:00,60.0,1.0,15.0,60.0,0.6166666666666667,1.3826395223508199,1.7893942851874391,0.8124906877571562,0.7089314193193352,0.6237484207165013,27.585773746224614,0.37346347961022097,loss_averse
2025-03-02 14:00:00,60.0,1.0,15.0,60.0,0.6666666666666666,1.2110072468823831,0.9708195494856603,1.22000580825056,1.2643035230795143,0.65613578786899,25.338008675563625,0.40143238641508133,loss_averse
2025-03-02 15:00:00,60.0,1.0,15.0,60.0,0.8666666666666667,0.8506917463078001,0.7657167421094617,1.076143653652171,1.105423301092596,0.5309860438312081,14.360695231127748,0.40215986855311053,loss_averse
2025-03-02 16:00:00,60.0,1.0,15.0,60.0,0.5833333333333334,2.8480139085450458,1.6204984455612743,1.1715360464276963,1.1399326994569348,0.6111152749432717,6.913581591884235,0.3510483826592458,loss_averse
2025-03-02 17:00:00,60.0,1.0,15.0,60.0,0.4,1.6854058274014547,0.7601896092778866,1.0891065623260368,1.1140652326191727,0.5040541910992994,17.157875892641787,0.28318131873387004,loss_averse
2025-03-02 18:00:00,60.0,1.0,15.0,60.0,0.5833333333333334,0.9517728372113556,1.0019440459148068,1.1769105018642005,1.2570724191584282,0.5860856964929458,34.13593322888425,0.41601991710470165,loss_averse
2025-03-02 19:00:00,60.0,1.0,15.0,60.0,0.31666666666666665,1.9649407827441925,0.8005713063502709,1.2111316111682922,1.2699841696976386,0.5153739696744811,17.12005875270706,0.3976462593601558,loss_averse
2025-03-02 20:00:00,60.0,1.0,15.0,60.0,0.4166666666666667,0.7266923168165462,1.086317378232979,1.1119595031386873,1.0382396404500935,0.5452061051306615,5.516730681866902,0.39058351718433626,loss_averse
2025-03-02 21:00:00,60.0,1.0,15.0,60.0,0.48333333333333334,1.6109267284623974,2.717205074778535,1.1747342799379317,0.9423738299050907,0.5225773509022537,19.894319417704853,0.4015844708963218,loss_averse
2025-03-02 22:00:00,60.0,1.0,15.0,60.0,1.2,1.4614279652043907,3.5060121774243904,0.8952983164558298,1.0863455914896714,0.5040532147037826,1666.929317508744,0.34620634839831793,loss_averse
2025-03-02 23:00:00,60.0,1.0,15.0,60.0,0.6333333333333333,1.346083699974276,3.2399853476699887,0.9071806842626592,1.0172724736598833,0.5339813870903721,26.98594969004785,0.4269437032226071,loss_averse
2025-03-03 00:00:00,60.0,1.0,15.0,60.0,0.7,1.9699784347224805,1.5591821857408885,1.0036261299781644,1.0933509805527675,0.5656497844766739,24.43903811561431,0.3715403884723046,loss_averse
2025-03-03 01:00:00,60.0,1.0,15.0,60.0,0.36666666666666664,0.6286195641129002,1.2792604160547298,1.0718808514248814,1.0324365813187792,0.5789634498670194,6.899064586045956,0.41756722434648874,loss_averse
2025-03-03 02:00:00,60.0,1.0,15.0,60.0,0.5166666666666667,1.8298146422630988,0.6839158624349407,1.086187915626712,1.3575195213251838,0.5685494085356007,42.616183920871244,0.3484840568839351,loss_averse
2025-03-03 03:00:00,60.0,1.0,15.0,60.0,0.4166666666666667,1.8065796227914035,2.5739557565125843,0.9250464775030413,0.9108286868686438,0.5919954666539557,60.25564489332751,0.39201975140431955,loss_averse
2025-03-03 04:00:00,60.0,1.0,15.0,60.0,0.7166666666666667,1.029579447743194,1.3455226584860442,1.3508706178498116,1.7823447485273685,0.6911085499389348,25.43197081190736,0.3558356413839926,loss_averse
2025-03-03 05:00:00,60.0,1.0,15.0,60.0,0.38333333333333336,1.9192076124058894,1.4404511532623505,1.0815314511181466,1.086074589643401,0.5521757758576082,15.40916643357641,0.3945264048788337,loss_averse
2025-03-03 06:00:00,60.0,1.0,15.0,60.0,0.7166666666666667,0.9671947688801742,0.9865838544720945,1.1306363487497275,1.2733201036100832,0.5403605502369171,10.254498419311993,0.47976594878441114,loss_averse
2025-03-03 07:00:00,60.0,1.0,15.0,60.0,0.6166666666666667,1.2252662318647731,1.2905235787871079,0.8730558385839717,0.8770157651287416,0.45806382698481724,48.758833709562275,0.38238844759727164,loss_averse
2025-03-03 08:00:00,60.0,1.0,15.0,60.0,0.7166666666666667,1.2774563148184832,1.2803606852105156,0.884064710480527,0.74725814359914,0.5647212124148188,41.420169692447004,0.36262346399307255,loss_averse
2025-03-03 09:00:00,60.0,1.0,15.0,60.0,0.5,5368.757873797455,15.281663691825324,0.7744597832376833,0.6057466062948732,1.004778584112403,15.586637741745623,0.8302920358279676,loss_averse
2025-03-03 10:00:00,60.0,1.0,15.0,60.0,0.4166666666666667,1.4863546675810684,5.325238493920441,0.829026697094543,0.9496789235270813,0.5583608605422471,24.076150812530468,0.4394550200532874,loss_averse
2025-03-03 11:00:00,60.0,1.0,15.0,60.0,0.85,1.0441254728610951,0.9610923679662293,1.0145189067113767,1.4713371105335165,0.5255023487808533,11.803894146499953,0.46756446828968795,loss_averse
2025-03-03 12:00:00,60.0,1.0,15.0,60.0,0.31666666666666665,1.6648294549282505,2.32999040613037,0.9261394186711327,0.9108219839183864,0.5222087258460159,16.332839439997365,0.3804636995041919,loss_averse
2025-03-03 13:00:00,60.0,1.0,15.0,60.0,0.5,2.151557173923933,2.4219831687823326,0.8072449966999222,0.6671763527663865,0.5984433528425416,71.07819530990324,0.4443029123629103,loss_averse
2025-03-03 14:00:00,60.0,1.0,15.0,60.0,0.5166666666666667,1.6825777035282625,1.3400686945651261,0.9725295649619311,0.9873361274459445,0.5706996059768703,6.060132082827146,0.3959815021392817,loss_averse
2025-03-03 15:00:00,60.0,1.0,15.0,60.0,0.75,1.8749192856506267,2.3611098832216886,0.9146664463249532,1.123267315549205,0.5280092526311085,24.515623114526637,0.31189867821844197,loss_averse
2025-03-03 16:00:00,60.0,1.0,15.0,60.0,0.8666666666666667,1.1297107662404904,1.5920426165152046,1.2904578339458612,1.3314853399201885,0.5870914230012957,11.315983743427626,0.3449216270200173,loss_averse
2025-03-03 17:00:00,60.0,1.0,15.0,60.0,0.6666666666666666,1.4456058260629356,2.4926256269099403,0.8851985428467578,1.0488495328179452,0.5995673935966007,14.4305621449894,0.2923800788594027,loss_averse
2025-03-03 18:00:00,60.0,1.0,15.0,60.0,0.85,1.90657005507505,1.6987226958359993,0.9394744469647239,0.8656594891004337,0.6561756796315279,52.84831288184045,0.38129205538964484,loss_averse
2025-03-03 19:00:00,60.0,1.0,15.0,60.0,0.5666666666666667,1.4294805803586388,0.8109893823784535,0.9707878418835123,1.081474390483188,0.548399279988132,14.535230478479848,0.32645698131997564,loss_averse
2025-03-03 20:00:00,60.0,1.0,15.0,60.0,0.5,1.0334484413681326,0.5856308337760375,0.88697402139621,0.8943383227285787,0.6313992681474345,9.728237673665465,0.31629939434308585,loss_averse
2025-03-03 21:00:00,60.0,1.0,15.0,60.0,0.75,2.0441164566301033,2.320238542022557,0.9795925566605235,0.8681640638635886,0.6102686190661745,53.40363344447398,0.3118147468292811,loss_averse
2025-03-03 22:00:00,60.0,1.0,15.0,60.0,0.8333333333333334,1.216662349747113,1.67501461043154,1.0473690142336562,1.1636160696866882,0.5677654252843111,18.136626772119595,0.33237250728374845,loss_averse
2025-03-03 23:00:00,60.0,1.0,15.0,60.0,0.6666666666666666,1.3400087425033793,1.125842837186834,1.250714118484182,1.0115257305471284,0.5799962682523837,36.30086503736175,0.42118234853682074,loss_averse
2025-03-04 00:00:00,60.0,1.0,15.0,60.0,0.9666666666666667,1.8140304860449914,1.484263278137861,1.1021514513466897,1.0441248517394999,0.580424834620976,11.54507629590898,0.27530053452628744,loss_averse
2025-03-04 01:00:00,60.0,1.0,15.0,60.0,0.95,1.5517552673449448,2.404485699827405,1.1846802377158916,0.9592130937831664,0.6120710129223599,45.956684111511926,0.31982827249573736,loss_averse
2025-03-04 02:00:00,60.0,1.0,15.0,60.0,0.65,1.2269926744539252,1.081142813486749,1.0224110771582864,1.073503447350758,0.5727160657478646,19.37967928770698,0.3695375374870057,loss_averse
2025-03-04 03:00:00,60.0,1.0,15.0,60.0,0.9,1210.1942778192881,7.5208515494373955,1.4095920185464133,3.1542460324450627,0.7517554832320421,17.37558704903281,0.8957918769162212,loss_averse
2025-03-04 04:00:00,60.0,1.0,15.0,60.0,1.0,1.687227812461405,5.178367243831657,0.9063553606004544,0.9858106050615064,0.5913415624548056,16.25526371299685,0.3968695088580699,loss_averse
2025-03-04 05:00:00,60.0,1.0,15.0,60.0,0.5333333333333333,2.2764196887553174,3.0406175317548914,0.9391098519780884,0.715734745532572,0.6297635491450961,22.361774828784135,0.4585043879049146,loss_averse
2025-03-04 06:00:00,60.0,1.0,15.0,60.0,0.8333333333333334,1.2411610394456438,1.8440416171841885,1.3718155996150827,1.2052815719157037,0.6536286652735833,24.095928699414227,0.4807209944621439,loss_averse
2025-03-04 07:00:00,60.0,1.0,15.0,60.0,0.5833333333333334,1.198970616501542,2.605821035201089,0.8864658647768692,0.8886892095327849,0.6427467685425113,13.521866746899112,0.40813865550402195,loss_averse
2025-03-04 08:00:00,60.0,1.0,15.0,60.0,0.4666666666666667,1.2920623755035543,1.0098839086262754,0.8638352540751394,1.0959460404762298,0.5969263441511511,13.065364437877234,0.3893036606815332,loss_averse
2025-03-04 09:00:00,60.0,1.0,15.0,60.0,0.5833333333333334,2.167547690595305,2.041400068504709,0.9222504190308339,0.9843119965013589,0.5838562200963607,23.765054511194325,0.2976975003828049,loss_averse
2025-03-04 10:00:00,60.0,1.0,15.0,60.0,0.36666666666666664,0.7896690006586051,0.4222954619175783,1.0158953117594665,1.2254892082765736,0.4894290324366283,4.274255051149303,0.28325712395836755,loss_averse
2025-03-04 11:00:00,60.0,1.0,15.0,60.0,2.4166666666666665,11042.217155269864,48.74762284347728,0.8455323538369208,2.2942123723910752,1.4472754967220496,8.204359671138322,0.900062514863719,loss_averse
2025-03-04 12:00:00,60.0,1.0,15.0,60.0,0.65,1.5095438078997274,2.35208889957372,0.9651152594053276,0.8762869034196789,0.5590012614031187,100.07478760075409,0.4769668192988054,loss_averse
2025-03-04 13:00:00,60.0,1.0,15.0,60.0,0.6166666666666667,213.57791124850812,16.944745833940097,0.7707646442548377,0.9640614380112545,1.0014543221137766,25.485363540623823,0.9011755035563277,loss_averse
2025-03-04 14:00:00,60.0,1.0,15.0,60.0,0.5666666666666667,1.7863609504592013,0.8767208312776703,0.9708427323363445,0.9555944027819233,0.8123299426838639,33.72133335261955,0.36784381701333685,loss_averse
2025-03-04 15:00:00,60.0,1.0,15.0,60.0,0.7666666666666667,1.7020795498279737,1.3849084293305653,0.7975909993423724,0.7991477522707738,0.6657908424193172,7.682584737173017,0.3598265741262741,loss_averse
2025-03-04 16:00:00,60.0,1.0,15.0,60.0,0.5166666666666667,1.4012045762943417,5.617961865491406,0.8644020191167164,0.6200771857291105,0.5805965651499897,11.171286156313924,0.40154076853305665,loss_averse
2025-03-04 17:00:00,60.0,1.0,15.0,60.0,0.65,1.3861395512674717,1.5674062283653332,0.9360551920845448,0.82005453898246,0.5603119497291476,45.14699157198507,0.42959465755251514,loss_averse
2025-03-04 18:00:00,60.0,1.0,15.0,60.0,0.65,1.7319104893320045,1.755216922192094,0.9346475478717682,1.2062798132382737,0.6185505306507747,71.82650040315217,0.2942973931115561,loss_averse
2025-03-04 19:00:00,60.0,1.0,15.0,60.0,0.8333333333333334,3.6908125855408773,4.269425955432825,0.7295261133750841,0.7379704997742343,0.604616320226534,15.006512746221079,0.3393357950375222,loss_averse
2025-03-04 20:00:00,60.0,1.0,15.0,60.0,0.6666666666666666,2.2131064153106377,2.511614934160086,0.8207033810715352,0.9401921724391925,0.5875719445738032,25.170614782206837,0.35981825501548503,loss_averse
2025-03-04 21:00:00,60.0,1.0,15.0,60.0,0.65,1.5211332806663,2.0873810908920647,1.0320468089241752,1.4558189056152893,0.5337020180779345,5.9430454601443286,0.3735856120497744,loss_averse
2025-03-04 22:00:00,60.0,1.0,15.0,60.0,0.7333333333333333,0.9972337714779463,0.7247830019147741,1.098669160358201,1.3597426334839322,0.44202791162604144,8.74508146411139,0.4475853845740717,loss_averse
2025-03-04 23:00:00,60.0,1.0,15.0,60.0,0.43333333333333335,1.258511581946945,0.8995036650430396,1.1266965983536847,1.1704372609257923,0.5951797747386965,16.636615462398332,0.35687387530075326,loss_averse
2025-03-05 00:00:00,60.0,1.0,15.0,60.0,0.5833333333333334,414.0651582340576,15.30452109510169,1.026897805970409,1.2636605634772715,0.658525594149074,7.595981442209601,0.7766006766078173,loss_averse
2025-03-05 01:00:00,60.0,1.0,15.0,60.0,0.45,1.2643977606902639,0.6614765785613173,0.9287019426189717,1.1331806047032222,0.5675722972739696,15.901314225712659,0.604054023396103,loss_averse
2025-03-05 02:00:00,60.0,1.0,15.0,60.0,0.5166666666666667,5102.064781606547,57.157712028560134,0.9318668131833588,0.8925458643342676,1.0610400903269472,10.992211607719703,0.7362020890016192,loss_averse
2025-03-05 03:00:00,60.0,1.0,15.0,60.0,0.5166666666666667,1.4620839404882402,0.8825488152924412,0.9226006010067916,1.0481377660836826,0.5679323892590048,21.361425197546204,0.47170735920701523,loss_averse
2025-03-05 04:00:00,60.0,1.0,15.0,60.0,0.35,1.6642267517507345,1.0731394226821271,0.9923873418021859,0.95525104613167,0.6100219586359832,27.24739381336195,0.3345561571097254,loss_averse
2025-03-05 05:00:00,60.0,1.0,15.0,60.0,0.8833333333333333,1.3961814404468245,2.7382304712959877,0.8752543398389275,0.8423744995079417,0.6155337148872937,31.685376779662363,0.3323316266862563,loss_averse
2025-03-05 06:00:00,60.0,1.0,15.0,60.0,0.9,1.2636318486711708,2.727191830262491,0.91141673140176,0.7646113213313108,0.6485416216683512,24.5498096868879,0.43844838404144826,loss_averse
2025-03-05 07:00:00,60.0,1.0,15.0,60.0,0.48333333333333334,1.133718417802929,1.5385443256593316,1.0665645990583628,1.106552459184307,0.5786507320788936,32.72658762328106,0.32690079916995896,loss_averse
2025-03-05 08:00:00,60.0,1.0,15.0,60.0,0.7333333333333333,2.0299261380010623,2.4043925844003424,0.8563013843018662,0.9985680278358232,0.6015219832723939,10.184406743624068,0.41431597353576594,loss_averse
2025-03-05 09:00:00,60.0,1.0,15.0,60.0,0.5166666666666667,1.2899711267466656,2.719532861161916,0.9827864572944425,0.8698792732143854,0.5497355688069102,279.48167433785784,0.3689148488705042,loss_averse
2025-03-05 10:00:00,60.0,1.0,15.0,60.0,0.7,1.4544635518876323,3.5565325597501203,0.9192608686140016,1.0042844407451157,0.4899747108484162,12.493297030024022,0.41140231618462036,loss_averse
2025-03-05 11:00:00,60.0,1.0,15.0,60.0,0.6666666666666666,1.8286200058022168,1.3900279761332628,1.0164823740780906,0.8506525856690352,0.5395933850910832,31.272597224435337,0.3599943115611149,loss_averse
2025-03-05 12:00:00,60.0,1.0,15.0,60.0,0.48333333333333334,1.6240530585540383,1.348858162937838,0.9902781049529795,0.953741895805553,0.5385808533581113,61.181704959236484,0.3150457326158955,loss_averse
2025-03-05 13:00:00,60.0,1.0,15.0,60.0,0.75,2.747374743705801,3.5813564614696793,1.122338316967588,1.0895038598199847,0.6740253154895328,35.447722965608015,0.46059519268941124,loss_averse
2025-03-05 14:00:00,60.0,1.0,15.0,60.0,0.6,1.3929829832622458,2.137967611500777,1.3818803659621544,1.8968988459219112,0.6413805230883639,13.474503509090912,0.39675569703193186,loss_averse
2025-03-05 15:00:00,60.0,1.0,15.0,60.0,0.6833333333333333,2.5011035084714717,1.846425716118619,1.161360279410101,1.251638135319703,0.646932658994226,4.824120319128866,0.41559120993734006,loss_averse
2025-03-05 16:00:00,60.0,1.0,15.0,60.0,0.5333333333333333,2.0983361011471335,1.699407927147814,1.0015423567433392,0.9006972874652109,0.4778129682811004,25.102837872792225,0.34328359443786133,loss_averse
2025-03-05 17:00:00,60.0,1.0,15.0,60.0,0.6833333333333333,2.131435924998357,1.493980806913145,1.056584901738549,0.9352578145722273,0.5758321993617398,15.108735890758494,0.30124421839744947,loss_averse
2025-03-05 18:00:00,60.0,1.0,15.0,60.0,0.36666666666666664,1.046269760201269,2.1193639460580913,1.281142891778646,1.389748482214048,0.5889926966816724,37.589849021284415,0.33873756147097084,loss_averse
2025-03-05 19:00:00,60.0,1.0,15.0,60.0,0.65,1.027445762776568,1.5834317929603225,0.8959661311267706,1.1488879543933317,0.5146510188166898,26.94328874043244,0.299213700900874,loss_averse
2025-03-05 20:00:00,60.0,1.0,15.0,60.0,0.38333333333333336,1.140411598833089,1.760108031781759,0.9734005338033989,0.8859640718041291,0.5618569425633113,67.0649845433165,0.29083665381827306,loss_averse
2025-03-05 21:00:00,60.0,1.0,15.0,60.0,0.43333333333333335,1.4970677914630728,1.2659862670806625,1.2778847642794917,1.3781354028452084,0.5894308479478406,35.87129056560004,0.32785936851673675,loss_averse
2025-03-05 22:00:00,60.0,1.0,15.0,60.0,0.43333333333333335,1.0641990990490902,0.686005112235757,1.0302212267586819,1.3895106969790942,0.6454034846756377,14.901084322187842,0.3448287872265184,loss_averse
2025-03-05 23:00:00,60.0,1.0,15.0,60.0,0.6666666666666666,1.2163124808400645,2.935381405601804,1.1735994210698653,1.3294910652676457,0.6721338736795162,39.45437911937481,0.41691462315177386,loss_averse
2025-03-06 00:00:00,60.0,1.0,15.0,60.0,0.65,1.5035446447484124,3.786633732849148,1.0931487257960972,1.271467400293836,0.5821474530719405,36.67310396041435,0.38904831668161255,loss_averse
2025-03-06 01:00:00,60.0,1.0,15.0,60.0,0.4166666666666667,0.9266168216670861,0.831665848234302,1.0175911249369016,1.1723650492847213,0.7600018378251127,10.720840317806035,0.46354931070423666,loss_averse
2025-03-06 02:00:00,60.0,1.0,15.0,60.0,0.3,1.3428572862531567,4.525502800677361,0.9300465463541063,0.9994639315764543,0.6142190341769435,5.434221835781807,0.45731434545906574,loss_averse
2025-03-06 03:00:00,60.0,1.0,15.0,60.0,0.85,1.7810263756080071,2.7382937052891094,0.8505618977989928,0.9503353055292635,0.6288858353204965,42.453155469206386,0.35553340769298686,loss_averse
2025-03-06 04:00:00,60.0,1.0,15.0,60.0,0.4666666666666667,1.8382295279950236,2.8877630996751034,0.9540521408088524,0.7740005701407344,0.5385101819684345,18.50168956682172,0.348717589146032,loss_averse
2025-03-06 05:00:00,60.0,1.0,15.0,60.0,0.6833333333333333,1.328370734331888,1.075467709935541,1.2818637092316434,1.8067669836015854,0.6800296548906998,23.578965578001185,0.3572547174891288,loss_averse
2025-03-06 06:00:00,60.0,1.0,15.0,60.0,0.7666666666666667,2.6950286927032363,3.0710072926469034,1.2332524952575017,1.1271884314133733,0.7335345918815162,10.467718886379112,0.3837950713116564,loss_averse
2025-03-06 07:00:00,60.0,1.0,15.0,60.0,0.95,2.4557060040474985,2.1213420130396603,1.339448585117572,1.3727173299914033,0.5694877554694522,12.942314914752226,0.40865350455272853,loss_averse
2025-03-06 08:00:00,60.0,1.0,15.0,60.0,0.5833333333333334,1.479224272822317,2.354481546638158,1.207276562164888,1.4449628036578142,0.6538370714043701,23.55782242683222,0.4375273821427246,loss_averse
2025-03-06 09:00:00,60.0,1.0,15.0,60.0,0.48333333333333334,0.8847296433391155,0.49663349720941596,0.8115589328304215,0.8548441284796098,0.5311212786057844,5.329873934057681,0.3818212747227206,loss_averse
2025-03-06 10:00:00,60.0,1.0,15.0,60.0,0.7166666666666667,1.2223562728620319,3.0312743949953176,1.39404754600497,1.1999192111062926,0.6279755742804957,67.30527882121702,0.35368667288408034,loss_averse
2025-03-06 11:00:00,60.0,1.0,15.0,60.0,0.65,93.30888243391996,5.400499670461295,0.9017268136660357,0.8697312615371214,0.545337935186921,17.196289691340837,0.36604135102689356,loss_averse
2025-03-06 12:00:00,60.0,1.0,15.0,60.0,0.55,832.8260414359842,29.562688072734673,0.6758300854962435,0.9538046896351822,0.6867255483819487,10.023476486844926,0.8782360116726944,loss_averse
2025-03-06 13:00:00,60.0,1.0,15.0,60.0,1.0166666666666666,2.2494083517920327,5.2610378851213255,0.8823414982026948,1.1131460260082222,0.5343499849468428,28.863926973424437,0.4057779709469452,loss_averse
2025-03-06 14:00:00,60.0,1.0,15.0,60.0,0.2833333333333333,1.6896656088653281,0.5395699426982703,0.9245886891168928,0.8354500481397226,0.6673670487921357,14.927540503260563,0.42383032355317934,loss_averse
2025-03-06 15:00:00,60.0,1.0,15.0,60.0,0.4166666666666667,2.3367816860083797,5.675725901007434,0.8329768845399059,0.8452299013294752,0.5994877768096067,36.74666949738801,0.40093845727104693,loss_averse
2025-03-06 16:00:00,60.0,1.0,15.0,60.0,0.4,1.586442896201015,1.1224717229335404,0.8642365501931243,0.8546755504937901,0.6550994782666414,32.502561999003056,0.41365333753955513,loss_averse
2025-03-06 17:00:00,60.0,1.0,15.0,60.0,0.5666666666666667,1.1985642886815744,1.9717498775393532,0.8282741270048288,0.6314704007336793,0.5186502157071246,214.06430728542642,0.38470717287566714,loss_averse
2025-03-06 18:00:00,60.0,1.0,15.0,60.0,0.6666666666666666,272.0981380108836,26.466014685936788,0.906998320626139,0.8348435397374953,0.6039865589235275,20.910062361775854,0.6643049609017557,loss_averse
2025-03-06 19:00:00,60.0,1.0,15.0,60.0,0.65,1.6184295463848217,2.919477338953266,1.083638569026479,1.0969741583581727,0.5775183082353094,13.980549886320237,0.6309074327380965,loss_averse
2025-03-06 20:00:00,60.0,1.0,15.0,60.0,0.7333333333333333,1.2165674826200665,1.1441974992480224,0.9724459110346538,1.0971772055212023,0.5283164326319472,34.68507376115237,0.37106293525362816,loss_averse
2025-03-06 21:00:00,60.0,1.0,15.0,60.0,0.48333333333333334,2.113826435866313,1.1528466846960737,0.9169929916478525,1.0018182356455156,0.5721482494494843,27.95676013498967,0.338185118206294,loss_averse
2025-03-06 22:00:00,60.0,1.0,15.0,60.0,0.6333333333333333,1.6265656166312323,1.3765603153919428,1.0990041622776408,1.4018277215936004,0.7026840920259667,78.54524890121176,0.3735602478854707,loss_averse
2025-03-06 23:00:00,60.0,1.0,15.0,60.0,0.9333333333333333,2.107656685577097,2.187572823407236,1.1835590549767467,1.2541103005984466,0.731127543841176,9.765120457463865,0.3708974253455379,loss_averse
2025-03-07 00:00:00,60.0,1.0,15.0,60.0,0.4666666666666667,1.6571717712609153,2.7004832147109794,0.9176356887887323,1.2560321764522966,0.4891223090941016,47.87003871474066,0.3751817567165831,loss_averse
2025-03-07 01:00:00,60.0,1.0,15.0,60.0,0.6333333333333333,3.2001118090158247,3.4930127053988373,1.052965333491358,1.3143623416959238,0.6092490075191292,19.58989749433575,0.3211958705695674,loss_averse
2025-03-07 02:00:00,60.0,1.0,15.0,60.0,0.7166666666666667,1.2254477874322671,2.149060576827481,1.154947964372579,1.350827447788941,0.6659041425369584,106.05311555870108,0.3203570899985662,loss_averse
2025-03-07 03:00:00,60.0,1.0,15.0,60.0,0.7333333333333333,1.4095942913652704,4.514868914365867,0.8183626143504136,0.9120586829564213,0.5615261115744706,17.52782263478012,0.3825458145785142,loss_averse
2025-03-07 04:00:00,60.0,1.0,15.0,60.0,0.43333333333333335,1.7299620725030012,3.669523711965516,1.0348783567483124,1.1925794084050865,0.5829774289082764,30.662947807400187,0.3710666695976406,loss_averse
2025-03-07 05:00:00,60.0,1.0,15.0,60.0,0.6666666666666666,1.6507593543476171,4.6928359596670735,1.572677269938327,2.436385380509066,0.9920662757654894,6.937140613746883,0.373283400278757,loss_averse
2025-03-07 06:00:00,60.0,1.0,15.0,60.0,0.6333333333333333,0.8409422737208746,1.782057846127541,1.0369744934267744,1.2911885836923198,0.5974195672399918,15.872796079281894,0.33916409425998784,loss_averse
2025-03-07 07:00:00,60.0,1.0,15.0,60.0,0.4166666666666667,1.4065365389266438,1.459894689280065,0.9427307008831344,1.0199525941469496,0.4629292695731519,29.365535779213253,0.39382234431679736,loss_averse
2025-03-07 08:00:00,60.0,1.0,15.0,60.0,0.5,1.4174234842468367,1.8029452169354279,0.6868500950515756,0.6962748226691512,0.5538823615052871,13.508318012916193,0.2641193186375627,loss_averse
2025-03-07 09:00:00,60.0,1.0,15.0,60.0,0.5,1.4058197230182878,0.9610965703413379,1.15887239499522,1.0927255325590648,0.5176937274873705,20.31950469013172,0.31896341734334843,loss_averse
2025-03-07 10:00:00,60.0,1.0,15.0,60.0,0.38333333333333336,1.0371478394258626,0.6849667455076914,1.2462493355012612,1.1856026499572296,0.5912645483088205,25.32649761050894,0.33029429703552093,loss_averse
2025-03-07 11:00:00,60.0,1.0,15.0,60.0,0.6666666666666666,1725.0372508172497,28.113269309411084,1.6226733144365624,2.786960263492495,1.0380964244910844,21.88231423960717,0.5248461022749044,loss_averse
2025-03-07 12:00:00,60.0,1.0,15.0,60.0,0.5833333333333334,2.395551436381906,1.5957489023188203,0.8530380579809513,0.744580078312401,0.5843010749189509,19.283558441532442,0.6707164365934357,loss_averse
2025-03-07 13:00:00,60.0,1.0,15.0,60.0,1.3,1.1749426157621845,4.345833246883166,1.0722861369855043,1.1288081072398746,0.5764756326975585,8.962293641046085,0.43677225490978083,loss_averse
2025-03-07 14:00:00,60.0,1.0,15.0,60.0,0.5833333333333334,2.3355610038198447,2.351327472862049,0.9446572231859645,1.049407608815101,0.5586472390912075,223.9883914161925,0.42053118521563887,loss_averse
2025-03-07 15:00:00,60.0,1.0,15.0,60.0,0.6166666666666667,1.8945988321299003,1.8216819626625391,0.956576571599238,0.8646445969158709,0.6475038774888464,13.608433430292472,0.42349118166922034,loss_averse
2025-03-07 16:00:00,60.0,1.0,15.0,60.0,0.6,1.4115872640721479,2.03196776603405,1.19215067808726,1.3758503254626822,0.6621089821120307,32.358941747769336,0.4928415697747362,loss_averse
2025-03-07 17:00:00,60.0,1.0,15.0,60.0,0.5333333333333333,2.4276049170165876,3.5015487362590103,0.916507302855458,0.8072805875727436,0.5915112337552947,18.446553270129705,0.2986893363705836,loss_averse
2025-03-07 18:00:00,60.0,1.0,15.0,60.0,0.7,3.179224665735142,2.7623590499820363,0.8605442590884743,0.7482848058426473,0.5751572373380215,8.06096724702241,0.3208248279596374,loss_averse
2025-03-07 19:00:00,60.0,1.0,15.0,60.0,0.7666666666666667,1.644829058826057,3.457027103699741,0.8354268335744943,0.7303495652927088,0.5936979067164573,49.58765332300695,0.40621397209565235,loss_averse
2025-03-07 20:00:00,60.0,1.0,15.0,60.0,0.8,1.675618993092851,2.0510491207825248,1.250482277415703,1.6159758925101217,0.670598662285613,31.04581188556518,0.4475594122736305,loss_averse
2025-03-07 21:00:00,60.0,1.0,15.0,60.0,0.6666666666666666,0.9921255322208621,1.8849979711397518,0.9292593404681032,0.8685601640535854,0.629271791794928,6.792539133444722,0.3676983182026187,loss_averse
2025-03-07 22:00:00,60.0,1.0,15.0,60.0,0.8833333333333333,2.740394718989731,2.2125222627872625,1.1311805127757362,1.247211649655595,0.5861334152973564,9.64526792809835,0.24777635069007722,loss_averse
2025-03-07 23:00:00,60.0,1.0,15.0,60.0,0.31666666666666665,0.8535001294157502,2.6190967578594946,1.0844514067810591,1.3903342920379742,0.6252898293369882,5.032825198257781,0.3536635283555639,loss_averse
2025-03-08 00:00:00,60.0,1.0,15.0,60.0,0.5666666666666667,2.502253453138979,3.2606545336147312,0.9132624333668198,0.935815179654085,0.600586512205335,38.8919939652747,0.39066705554164194,loss_averse
2025-03-08 01:00:00,60.0,1.0,15.0,60.0,0.5833333333333334,1.6782174239304466,0.741556294335677,1.1909662124173457,1.1435715458923912,0.6109926603345069,17.042523690236532,0.35748931576468135,loss_averse
2025-03-08 02:00:00,60.0,1.0,15.0,60.0,0.6666666666666666,1.0915994484292235,1.726744475523518,0.8768401972109907,0.8640881873379526,0.5737724514355607,148.8716603565693,0.40829804222759347,loss_averse
2025-03-08 03:00:00,60.0,1.0,15.0,60.0,0.5666666666666667,1.152795636448224,2.0604411158147196,0.9802620726739204,1.2407128870402673,0.5106043382688374,28.94112743520492,0.2985691430608435,loss_averse
2025-03-08 04:00:00,60.0,1.0,15.0,60.0,0.5333333333333333,1.2298491699558558,1.8308180706639197,0.7349922907701756,1.1120641488366274,0.5709368489451331,7.500092724335466,0.3596525169165035,loss_averse
2025-03-08 05:00:00,60.0,1.0,15.0,60.0,0.6,1.6903666779834572,0.5539594572967359,0.9832391461026041,1.0230280212730778,0.5355863004592912,10.587458889884234,0.3295951888958436,loss_averse
2025-03-08 06:00:00,60.0,1.0,15.0,60.0,0.6666666666666666,4708.2393337930325,41.46361743583677,0.6702756730255525,0.6235333555803682,0.7839151627627248,7.8765650183936815,0.8902997092505054,loss_averse
2025-03-08 07:00:00,60.0,1.0,15.0,60.0,0.6333333333333333,1.691328813425897,2.1632170324559072,1.2168704345552386,1.3821738098778105,0.6307945242188567,18.448101090785443,0.43680146065291425,loss_averse
2025-03-08 08:00:00,60.0,1.0,15.0,60.0,0.3,0.9309767362993664,1.442233373262422,1.0013386684985401,0.8718341385985313,0.49092779632069117,15.524456369932329,0.37100750872885774,loss_averse
2025-03-01 09:00:00,10.0,6.0,67.75,90.5,1.0055555555555555,1.140069212749974,1.6264350297574308,0.9118479384301779,0.9508091299564668,0.5337895594907959,74.48650779673135,0.3620375206407981,overtrader
2025-03-01 10:00:00,10.0,6.0,90.0,315.25,0.8,1.075216079335368,1.4325586044497973,1.1223358790677336,1.8890824176226522,0.6835760537568815,41.85048490164455,0.3895831569160079,overtrader
2025-03-01 11:00:00,10.0,6.0,90.0,360.0,0.8888888888888888,1.3867229319473133,1.40953210123569,1.0299982250827124,1.0285670616601996,0.6003099839348697,25.393636580911906,0.3490046194634939,overtrader
2025-03-01 12:00:00,10.0,6.0,90.0,360.0,0.9666666666666667,1.344909103545108,3.571999720619812,0.9336300226092249,0.9438695033762212,0.6496465356049271,21.08100602072243,0.3660704084140049,overtrader
2025-03-01 13:00:00,10.0,6.0,90.0,360.0,1.0833333333333333,1.3248316781302119,5.17539125886014,1.022161423907262,1.5850082405130232,0.6873080875687292,25.547038536954844,0.3623595008339851,overtrader
2025-03-01 14:00:00,10.0,6.0,90.0,360.0,0.9972222222222222,1.109826730227153,5.172896090326176,1.209920120261067,2.4293036122028226,0.7176545962566572,37.50420052429455,0.35967001970349977,overtrader
2025-03-01 15:00:00,10.0,6.0,90.0,360.0,0.9444444444444444,1.2360418529852877,1.700725886459292,1.0892347410061405,1.2266617993311677,0.5702697423411464,27.762591322397647,0.3971101472701423,overtrader
2025-03-01 16:00:00,10.0,6.0,90.0,360.0,0.8472222222222222,1.4483761025080752,1.6033319277332967,1.0599806276482415,1.1546474603111307,0.5669095517238464,28.538763793825048,0.39672365745026655,overtrader
2025-03-01 17:00:00,10.0,6.0,90.0,360.0,1.2361111111111112,1.3180230841782987,10.279118469182192,1.1504729976231916,1.153910292856865,0.611579838988792,20.416743181795706,0.37005463165262964,overtrader
2025-03-01 18:00:00,10.0,6.0,90.0,360.0,1.0416666666666667,1.1666092391914094,1.2534626019367638,1.0957322211483904,1.215163886174151,0.5728920320029381,27.764815300028072,0.3787968840328959,overtrader
2025-03-01 19:00:00,10.0,6.0,90.0,360.0,1.2638888888888888,1.0727202892275196,1.2057498780620273,1.0122686155393992,1.095256694627202,0.5894382666596424,20.210451067020816,0.3588486399874381,overtrader
2025-03-01 20:00:00,10.0,6.0,90.0,360.0,0.9361111111111111,1.1099581585546887,1.2294489470858716,0.9700468664106566,1.1041017310138626,0.5592514497933684,21.884147900975975,0.3225629616917218,overtrader
2025-03-01 21:00:00,10.0,6.0,90.0,360.0,0.8666666666666667,1.0180659574168252,1.241318729247639,1.0151084177002294,1.2118006888058803,0.551115242885702,12.54529545886526,0.355323794388659,overtrader
2025-03-01 22:00:00,10.0,6.0,90.0,360.0,1.011111111111111,1.1140504759537015,4.956769629979335,1.2880902334908142,1.2024278198685583,0.6730447124713312,22.25733133429249,0.3662735398803414,overtrader
2025-03-01 23:00:00,10.0,6.0,90.0,360.0,0.9722222222222222,1.126406790388508,1.4655330972917786,1.0787698082356028,1.1640474210104825,0.6301809694373979,20.187999083782913,0.3388062111249705,overtrader
2025-03-02 00:00:00,10.0,6.0,90.0,360.0,0.9805555555555555,1.2090929856294008,1.4663341689388467,1.0188443158679512,1.2244575900767942,0.5510398241513651,51.002441498903146,0.33583620633670175,overtrader
2025-03-02 01:00:00,10.0,6.0,90.0,360.0,1.038888888888889,1.3384171189794443,2.0613588336727147,0.9812377705317039,1.0245509609046084,0.5877771203022006,16.34591109956364,0.365495234766933,overtrader
2025-03-02 02:00:00,10.0,6.0,90.0,360.0,1.0138888888888888,0.8209491844162107,8.86175231311806,1.234543705016185,1.3141889544717575,0.6908836257448364,92.92731363927382,0.3923069529376103,overtrader
2025-03-02 03:00:00,10.0,6.0,90.0,360.0,0.9083333333333333,1.1461185063376842,1.0724625947160271,1.0523860954976474,1.1341702416348167,0.6101291505076026,12.529183226673902,0.4125559083881048,overtrader
2025-03-02 04:00:00,10.0,6.0,90.0,360.0,1.0444444444444445,1.0618156475055331,1.452626657830874,1.0549716860267655,1.2491911864747718,0.675126273755959,23.459819043947064,0.3834061895488928,overtrader
2025-03-02 05:00:00,10.0,6.0,90.0,360.0,1.1083333333333334,0.9248111090838619,0.9909388131937017,1.000456158556076,1.0268128228430906,0.5782707749377181,44.12854667906509,0.3632707356656742,overtrader
2025-03-02 06:00:00,10.0,6.0,90.0,360.0,1.1666666666666667,1.1790744863120706,2.1991046867483437,1.043142505042679,1.0983179054168082,0.5727867014623403,13.338971842326009,0.3956091665329817,overtrader
2025-03-02 07:00:00,10.0,6.0,90.0,360.0,1.0888888888888888,1.0919963402986788,1.3697503863522063,1.1319579589013433,1.172739804891159,0.5644741822584306,26.099369327074342,0.3484285312730361,overtrader
2025-03-02 08:00:00,10.0,6.0,90.0,360.0,0.9972222222222222,1.1584331823673355,1.1676655654323636,1.0357930989992068,1.1282600027850869,0.5152681714651304,161.17735871960355,0.35259399844549066,overtrader
2025-03-02 09:00:00,10.0,6.0,90.0,360.0,1.1666666666666667,1.1880459262967418,3.4498018105089514,1.0230064135555323,0.9981375475174605,0.5530730445711596,59.32468348965471,0.3354757923800932,overtrader
2025-03-02 10:00:00,10.0,6.0,90.0,360.0,0.9166666666666666,1.2195795730419179,1.2921964575344442,1.0220248477840836,1.0882623856562952,0.6337462586944966,21.37462400153363,0.3832086991135522,overtrader
2025-03-02 11:00:00,10.0,6.0,90.0,360.0,1.0777777777777777,1.1417167860173483,1.5756964562460647,1.051856483576679,1.1148803718918094,0.6005280512018903,153.49608637987558,0.33380573668300834,overtrader
2025-03-02 12:00:00,10.0,6.0,90.0,360.0,0.8222222222222222,1.5411544782986002,3.6062479119742337,1.0572861726088474,1.1312566280277025,0.6328928020521349,60.49878169232579,0.35460944649573073,overtrader
2025-03-02 13:00:00,10.0,6.0,90.0,360.0,0.8,0.8447515203225723,0.6466331510320509,0.9975515215223658,1.1417838652355934,0.5121726472665338,102.84161623119884,0.33402529752998494,overtrader
2025-03-01 09:00:00,60.0,1.0,11.5,15.5,1.0,0.9234911777036677,0.8514560556375046,1.1655554529480174,1.1754295158640329,0.3978739954401063,25.845108410754154,0.16516875255306715,revenge
2025-03-01 10:00:00,60.0,1.0,15.0,52.75,0.95,1.062805436977418,1.5957859736664421,1.133430939407826,1.2122312449041075,0.5346466246373931,27.30338048040826,0.37261738818504125,revenge
2025-03-01 11:00:00,60.0,1.0,15.0,60.0,1.2333333333333334,1.045305894779609,3.30098958451349,1.104789181809064,1.5019969728756508,0.6238223905361103,11.612654372531333,0.3799500175091932,revenge
2025-03-01 12:00:00,60.0,1.0,15.0,60.0,1.2166666666666666,1.5617059963046847,2.4891202771030505,1.1923658225678018,1.192285821249523,0.6859890263906696,27.661318680602562,0.363455364710193,revenge
2025-03-01 13:00:00,60.0,1.0,15.0,60.0,0.6333333333333333,1.7184531611840148,1.5657986659301373,0.8114137566291483,0.6785265187030355,0.7660974958427119,22.91553976685497,0.40114469110266904,revenge
2025-03-01 14:00:00,60.0,1.0,15.0,60.0,2.066666666666667,0.6401831765000602,1.08398889768225,1.0953220169593507,1.1066744535740978,0.6211715632674982,15.452969513824936,0.417134462414208,revenge
2025-03-01 15:00:00,60.0,1.0,15.0,60.0,1.8166666666666667,0.9570521147610246,1.1664819901443861,0.8934675669871667,1.152437638425698,0.5517208518249552,22.873783392509477,0.34890936693040275,revenge
2025-03-01 16:00:00,60.0,1.0,15.0,60.0,0.8,0.9379769001061761,0.5140430576137323,0.8567240159936342,0.788940735931828,0.734879341644953,43.05932330020601,0.5263250169221076,revenge
2025-03-01 17:00:00,60.0,1.0,15.0,60.0,0.85,1.0117332227640783,1.4023377621537279,1.0895864172484713,1.3198274378508559,0.6055220709909891,21.49140625945304,0.4019651484320456,revenge
2025-03-01 18:00:00,60.0,1.0,15.0,60.0,0.7,1.6558366042424202,1.8054623259672682,0.9187953500754187,0.9945409163659626,0.7028477898513873,160.84335730486018,0.32631726370280495,revenge
2025-03-01 19:00:00,60.0,1.0,15.0,60.0,1.0,1.6568226822183398,1.6729277627709245,1.239161717100873,1.307965753702546,0.6404962653867565,39.3721117104059,0.2863687990535901,revenge
2025-03-01 20:00:00,60.0,1.0,15.0,60.0,0.9166666666666666,0.7431388001582708,0.5193436713624754,1.1496858685404172,1.1457225667121913,0.675967790551393,31.273533917516303,0.3041423705024957,revenge
2025-03-01 21:00:00,60.0,1.0,15.0,60.0,1.1666666666666667,0.9872685368241858,1.1053172052563638,1.0730474442569953,1.1210795523608499,0.5687989948861245,5.783704350910644,0.37648741875230646,revenge
2025-03-01 22:00:00,60.0,1.0,15.0,60.0,1.5833333333333333,1.5889365105856572,0.5823196395698442,1.4192957433708169,2.141845331557034,0.6882471536148298,13.031710124974133,0.362884594076632,revenge
2025-03-01 23:00:00,60.0,1.0,15.0,60.0,0.6666666666666666,1.5888887827725442,0.9053311764003632,0.9056821921121821,0.8831358797254438,0.5994544124633816,10.9164322884354,0.3583875473869332,revenge
2025-03-02 00:00:00,60.0,1.0,15.0,60.0,1.0333333333333334,1.3495967427357718,2.397243975969135,1.016299898150725,1.1733921660618691,0.7174050439265494,8.69321912962048,0.41352020160242275,revenge
2025-03-02 01:00:00,60.0,1.0,15.0,60.0,0.6833333333333333,0.9064965448348505,2.3779127891557694,1.2675079768363682,1.1118094211126626,0.6489673146707804,8.973096926884908,0.38443235178550234,revenge
2025-03-02 02:00:00,60.0,1.0,15.0,60.0,1.1833333333333333,2.020174584026438,1.1119097395328252,1.391113414604088,1.4785137813901095,0.6399562284728486,14.150600089631302,0.3539110457057053,revenge
2025-03-02 03:00:00,60.0,1.0,15.0,60.0,0.65,2.194549873664433,1.1125011902369002,0.9960131208824977,0.9175971665596959,0.8332621439023112,19.380683245446,0.3136593180392058,revenge
2025-03-02 04:00:00,60.0,1.0,15.0,60.0,0.9833333333333333,1.5531556318082296,0.8406473854062698,0.9979589497248924,1.0453821160002552,0.5799824880898868,11.460783170673027,0.39601676876819286,revenge
2025-03-02 05:00:00,60.0,1.0,15.0,60.0,1.05,1.233178999394393,1.6568097291652961,1.1393264632834237,1.2360149406249212,0.5251708094068307,56.15483950180375,0.36302025043768843,revenge
2025-03-02 06:00:00,60.0,1.0,15.0,60.0,0.8333333333333334,0.5468526176654206,0.6343565826828368,1.4129337807747084,1.3166966731803993,0.6222076525460426,35.741431160231876,0.38154492553509595,revenge
2025-03-02 07:00:00,60.0,1.0,15.0,60.0,1.1833333333333333,1.2221900091885038,1.3780155565705279,1.1345448949388148,1.4201903987287574,0.6166556296433899,26.040921567441554,0.418855674334776,revenge
2025-03-02 08:00:00,60.0,1.0,15.0,60.0,0.8666666666666667,0.8404484749458381,0.5552761460439092,1.0435083861939785,0.6834628225592763,0.564727149478586,16.13703343618531,0.3735610359550199,revenge
2025-03-02 09:00:00,60.0,1.0,15.0,60.0,0.6666666666666666,2.2694957763504218,0.9150073685616719,0.8736795698205921,1.0645154411398308,0.8410988705308731,8.225642947740816,0.4621581812229153,revenge
2025-03-02 10:00:00,60.0,1.0,15.0,60.0,0.7666666666666667,1.32952989591152,1.798113171772229,0.9596897509754082,1.3278222575714014,0.6014069361322786,40.15160046109431,0.4477584091314242,revenge
2025-03-02 11:00:00,60.0,1.0,15.0,60.0,1.2333333333333334,1.081600973289111,1.5611855683863731,0.9711806792657326,1.1613894256444548,0.5561549949081835,33.58931737487462,0.3547417432558623,revenge
2025-03-02 12:00:00,60.0,1.0,15.0,60.0,0.6166666666666667,1.2094519082877562,0.721111390060193,0.9999506371449325,0.9256339736194655,0.6605525196018918,5.897809158860889,0.3567038995466653,revenge
2025-03-02 13:00:00,60.0,1.0,15.0,60.0,1.3833333333333333,0.8016129813992134,1.1378840299063517,1.27264691709185,1.4806990449203172,0.8276056065256269,27.857097950731617,0.3262149419332339,revenge
2025-03-02 14:00:00,60.0,1.0,15.0,60.0,1.2,1.1656449283336419,0.9296041640876344,1.0326266649442692,1.0879454859317463,0.6666458702915158,15.81956887070847,0.35323592795626946,revenge
2025-03-02 15:00:00,60.0,1.0,15.0,60.0,0.85,1.5862942205681432,2.3669362875582283,0.7925227225461456,0.7544907553954141,0.5849313312689581,10.257990797388057,0.3331969633447121,revenge
2025-03-02 16:00:00,60.0,1.0,15.0,60.0,1.1,1.0431255279719067,1.5395560056502722,0.983062263170879,1.2305029744382407,0.5468699284671337,29.665517245226667,0.3392108574423141,revenge
2025-03-02 17:00:00,60.0,1.0,15.0,60.0,1.45,1.3687846390388096,0.6251831613896418,1.4762176526181916,1.6368483452957037,0.5794910764524175,4.881436306434266,0.31189491885454795,revenge
2025-03-02 18:00:00,60.0,1.0,15.0,60.0,0.7166666666666667,1.133019548357312,1.1672304476706208,0.9040601693789342,1.0970493416867162,0.6323629780678662,11.238541744679553,0.40749104657874047,revenge
2025-03-02 19:00:00,60.0,1.0,15.0,60.0,0.6166666666666667,0.893463001149866,0.7953438946016301,1.1610059431791744,1.1398468861161746,0.5460996830364915,25.876878296891267,0.4318340198205531,revenge
2025-03-02 20:00:00,60.0,1.0,15.0,60.0,1.55,0.7710664291711553,1.0035874056388552,1.1957504000645118,0.9337330461606875,0.6293439033064843,38.0847674598785,0.3992398109497806,revenge
2025-03-02 21:00:00,60.0,1.0,15.0,60.0,0.8,1.0148166718148908,1.2469267895530012,0.8601620337118603,0.7105162908613487,0.5025290735460638,16.461113427210037,0.42546096394904903,revenge
2025-03-02 22:00:00,60.0,1.0,15.0,60.0,1.3666666666666667,0.8186348692106841,0.9662318594745865,0.9684605993187015,0.9497744989354006,0.7602040904713984,58.21695311550347,0.32680748000537674,revenge
2025-03-02 23:00:00,60.0,1.0,15.0,60.0,1.2666666666666666,1.0419456091682082,1.6570986291253942,0.7742413307791968,0.9773212962749631,0.5711784349913379,18.928519306310015,0.3688381224459718,revenge
2025-03-03 00:00:00,60.0,1.0,15.0,60.0,1.3666666666666667,0.9817105447974582,0.8975797909421551,1.2322825963416264,1.095917902482306,0.6399168557993523,22.192846070565206,0.4086050470923105,revenge
2025-03-03 01:00:00,60.0,1.0,15.0,60.0,0.7166666666666667,0.9313225560891173,0.8251641223948959,1.0164890724678546,1.0297542743474726,0.6434278961629201,11.39604457168578,0.3992942495974215,revenge
2025-03-03 02:00:00,60.0,1.0,15.0,60.0,0.7333333333333333,1.0094299799603852,1.3488396596100063,1.0753207933767834,0.8908886907591367,0.6794355441932497,21.312348336672144,0.40354007868063885,revenge
2025-03-03 03:00:00,60.0,1.0,15.0,60.0,0.5833333333333334,1.238916130415059,0.8677062644092808,1.0963263728760373,1.1996599950068345,0.5717358953344995,14.023232469269255,0.44411185661427915,revenge
2025-03-03 04:00:00,60.0,1.0,15.0,60.0,1.1166666666666667,1.3523987668975035,10.267421421678984,1.0423000995124474,1.0821814923173763,0.7100346126481547,19.946722165803756,0.38682318875902383,revenge
2025-03-03 05:00:00,60.0,1.0,15.0,60.0,1.1,1.181951915377824,1.2630572821493549,1.1567750099227416,1.169878948850513,0.8042911602188183,23.68179432542736,0.48340145006056645,revenge
2025-03-03 06:00:00,60.0,1.0,15.0,60.0,1.0833333333333333,1.2960262342462827,1.5209549524650958,1.0539521708756934,0.8981242907861529,0.6024737986735906,12.92012291348939,0.30217333653714845,revenge
2025-03-03 07:00:00,60.0,1.0,15.0,60.0,1.3166666666666667,0.8212202100943087,2.465516515928265,1.2865183245440144,0.9584708722514736,0.5622317265131219,29.921786086876345,0.30616432850045283,revenge
2025-03-03 08:00:00,60.0,1.0,15.0,60.0,1.1666666666666667,0.8616873027670746,1.8070132704511785,0.9608392766266426,0.9903164075516304,0.5476043826917275,16.23100575509308,0.3591289185986567,revenge
2025-03-03 09:00:00,60.0,1.0,15.0,60.0,1.1833333333333333,1.2389037120461908,10.374545643168236,1.1000340493537208,3.273287762632835,0.7287082775507978,108.95242932725073,0.4135120933681892,revenge
2025-03-03 10:00:00,60.0,1.0,15.0,60.0,0.8333333333333334,0.9062995018889778,3.422257628785446,0.8016208327937278,1.2810187410419702,0.810450843189128,90.68521443525891,0.40820061729225177,revenge
2025-03-03 11:00:00,60.0,1.0,15.0,60.0,0.7833333333333333,1.0432839595185144,0.7105735598658907,1.152818659227452,1.1532365093729422,0.7130216538825667,34.47251780386429,0.3380807366768606,revenge
2025-03-03 12:00:00,60.0,1.0,15.0,60.0,0.6666666666666666,1.2039847455520893,0.8353348946439201,1.2879646335376986,3.517888331431089,0.9021593339944253,25.14930976972384,0.33795720214870095,revenge
2025-03-03 13:00:00,60.0,1.0,15.0,60.0,1.2333333333333334,1.4769875040672487,1.4970435964250384,0.8033357678465347,1.021534551050787,0.85460889820849,19.164996500916413,0.32907004176347243,revenge
2025-03-03 14:00:00,60.0,1.0,15.0,60.0,1.4833333333333334,1.2762810225406016,0.7480459027236711,1.2137168934613116,1.4364209939230415,0.6935550162580348,14.980474322496907,0.37946696712368955,revenge
2025-03-03 15:00:00,60.0,1.0,15.0,60.0,0.65,1.3319222038840484,1.4941581232202852,0.8672400309864569,1.1119333829554423,0.6385059124697147,9.396869574908996,0.36646929160563574,revenge
2025-03-03 16:00:00,60.0,1.0,15.0,60.0,1.5,1.3453985088719838,0.8667166356269572,1.2198365279862535,1.0283311286212202,0.7252238799150608,39.85114769191692,0.501914147642123,revenge
2025-03-03 17:00:00,60.0,1.0,15.0,60.0,1.3,0.8772890786605564,3.1276933784112555,0.9588171039630285,1.1767526769591892,0.5622406179612576,15.145912775139443,0.3210363085074931,revenge
2025-03-03 18:00:00,60.0,1.0,15.0,60.0,0.85,1.3671636605473088,1.2479892239697463,0.8366366483188166,1.3880531440158501,0.6572775503688226,13.313187002408482,0.36622322157794573,revenge
2025-03-03 19:00:00,60.0,1.0,15.0,60.0,0.6166666666666667,1.196784031432445,1.1773480925057649,0.7579039495266299,0.7454786481394986,0.5940056723218592,30.305793458430156,0.34904635781906435,revenge
2025-03-03 20:00:00,60.0,1.0,15.0,60.0,0.5833333333333334,0.5989361356590116,1.3471797597138464,1.3202507979831246,1.3975821468766976,0.5355380714336189,3.2951731584404693,0.3379345594961862,revenge
2025-03-03 21:00:00,60.0,1.0,15.0,60.0,0.8166666666666667,2.023138914824142,3.5722360096485803,0.9580402707609897,0.8606854576867143,0.5966742594552531,10.370578403575744,0.4335336438210597,revenge
2025-03-03 22:00:00,60.0,1.0,15.0,60.0,1.35,0.9506643057806577,3.3484776824147446,1.2901631296610472,1.4417842831076393,0.6654271602927496,76.35425951330538,0.3356784987373196,revenge
2025-03-03 23:00:00,60.0,1.0,15.0,60.0,0.8666666666666667,0.934522074212219,0.5889949050467913,1.0094749236496332,0.9826415347866109,0.9055037603244087,56.58172003167454,0.32599031860231253,revenge
2025-03-04 00:00:00,60.0,1.0,15.0,60.0,0.8333333333333334,1.4535919933634396,1.2189618330904777,0.9513243212663484,0.8032300255666376,0.545490183187977,118.49891909486307,0.41709432554167886,revenge
2025-03-04 01:00:00,60.0,1.0,15.0,60.0,0.7333333333333333,0.7438955929984482,1.1783348237519016,1.0817291715650308,1.574006148509788,0.6109346591363471,12.705236328072175,0.3794188128994801,revenge
2025-03-04 02:00:00,60.0,1.0,15.0,60.0,1.0166666666666666,1.7301180458339966,1.185213762177295,1.1122083439364079,1.1099334080769694,0.900671669083112,13.640830897513544,0.3609569625471221,revenge
2025-03-04 03:00:00,60.0,1.0,15.0,60.0,0.8666666666666667,1.181136093883093,0.8888444407313901,1.0208149755360387,1.3011404122062444,0.618666254420891,89.222460680855,0.3511801640204635,revenge
2025-03-04 04:00:00,60.0,1.0,15.0,60.0,0.6333333333333333,1.0229352823831972,1.0733805763829907,0.8608921166368976,0.6722340353667906,0.6292055156839313,19.11265197245415,0.3714897397981056,revenge
2025-03-04 05:00:00,60.0,1.0,15.0,60.0,0.8666666666666667,1.5423384512749156,0.8170278826915688,1.0294330405052186,0.7231351696492327,0.742519100074022,22.95259270196146,0.4355073762151964,revenge
2025-03-04 06:00:00,60.0,1.0,15.0,60.0,0.7833333333333333,1.0160251800748261,1.4094055266046768,1.1967173644034672,1.1878282108631921,0.5740729150467024,48.69956235985628,0.31100207446548134,revenge
2025-03-04 07:00:00,60.0,1.0,15.0,60.0,0.6166666666666667,1.4971994262725152,1.8174730093272522,1.014755919393687,1.196862492015369,0.5849800986002907,53.82005795577831,0.45565491619411674,revenge
2025-03-04 08:00:00,60.0,1.0,15.0,60.0,0.9833333333333333,1.0541922549033278,1.1327429597237644,0.7758499528470778,0.5562711671246188,0.9916815534560902,28.268270459251635,0.35804952551993324,revenge
2025-03-04 09:00:00,60.0,1.0,15.0,60.0,1.35,1.0765162722878003,1.3283640798446543,0.83457132130373,0.8668971430452146,0.5386505203608836,14.151649879189945,0.2671360757126223,revenge
2025-03-04 10:00:00,60.0,1.0,15.0,60.0,0.9333333333333333,1.105096492794698,2.2847376771618717,0.9473857942049254,0.8802562685160201,0.5809208840745997,20.63317461873062,0.3624991189322055,revenge
2025-03-04 11:00:00,60.0,1.0,15.0,60.0,0.85,1.1693277004060745,1.361409764023275,0.9362941134862105,1.2049485279630494,0.5613129841742119,20.531859685222305,0.3344622648367472,revenge
2025-03-04 12:00:00,60.0,1.0,15.0,60.0,1.05,1.320379573203827,3.360041911307609,0.9113493256007413,0.6955273316525143,0.5074418155516338,17.241912278033695,0.2972093117886524,revenge
2025-03-04 13:00:00,60.0,1.0,15.0,60.0,1.2,1.4509622252056118,3.317130951297715,0.9828375714546795,1.4095437755685274,0.5280716348103603,24.10684353549516,0.3393103891724642,revenge
2025-03-04 14:00:00,60.0,1.0,15.0,60.0,1.0333333333333334,1.1733211234424987,1.0534432168973702,1.1183181043647115,1.2208228673731398,0.6071644560961913,33.204364637539804,0.34429985733742224,revenge
2025-03-04 15:00:00,60.0,1.0,15.0,60.0,0.8166666666666667,1.2083500439393373,2.790650283941068,0.6921930757481521,0.7893794219069278,0.5636706602797623,6.639438499877844,0.33732964179568625,revenge
2025-03-04 16:00:00,60.0,1.0,15.0,60.0,1.4833333333333334,2.4482810749223,3.768413881318921,0.982206222152083,0.7645038990578271,0.5605090121770291,39.55916455372675,0.36794319953366883,revenge
2025-03-04 17:00:00,60.0,1.0,15.0,60.0,0.8,1.202418115767821,1.6184392878219167,1.031012268546283,1.165894137337987,0.6760095386421917,40.97464063292994,0.4361219318877369,revenge
2025-03-04 18:00:00,60.0,1.0,15.0,60.0,0.9333333333333333,1.4317199017687547,0.6439971176723964,1.1980669970405382,1.4241252900644767,0.7161608103274241,17.196833327172214,0.35940324541564567,revenge
2025-03-04 19:00:00,60.0,1.0,15.0,60.0,0.8833333333333333,2.0652229524723285,1.1470470796647272,0.8749037398425682,0.9424821289926233,0.5530338667647741,5.381703303747149,0.3498102954969246,revenge
2025-03-04 20:00:00,60.0,1.0,15.0,60.0,1.4,0.9535416134058308,0.9250696499884662,0.7231001501118877,0.5956092119518384,0.5619883488292363,10.981765126911602,0.3403236465170439,revenge
2025-03-04 21:00:00,60.0,1.0,15.0,60.0,1.8166666666666667,1.2055049240233424,1.647502386402804,1.10488362473493,0.9203734497402417,0.6023667321240673,17.094823651255712,0.32620881453370887,revenge
2025-03-04 22:00:00,60.0,1.0,15.0,60.0,1.35,1.3815055221127197,1.8034796761075715,1.117871847629194,1.1314776949747574,0.6224038149607647,11.136824760086444,0.34382819395580333,revenge
2025-03-04 23:00:00,60.0,1.0,15.0,60.0,0.8,1.3804598438851818,1.0320504794232324,0.9570078997072863,1.249342153830756,0.6735540436450108,21.451221961365587,0.38699086114935244,revenge
2025-03-05 00:00:00,60.0,1.0,15.0,60.0,1.4333333333333333,1.081329551655803,2.459893838146231,0.9074800638691234,0.8303001051843528,0.5885224773970513,19.587474561847163,0.337535180812819,revenge
2025-03-05 01:00:00,60.0,1.0,15.0,60.0,1.2,0.6966164056876003,1.5000122517537615,1.4123897330087551,1.5096157927565197,0.754781871894873,19.804823532455977,0.3567548562280359,revenge
2025-03-05 02:00:00,60.0,1.0,15.0,60.0,0.7333333333333333,0.8372646055058847,1.7576179232174056,1.4870013270478886,1.3516142231989472,0.7531735186256745,19.447317342064572,0.4606036099721014,revenge
2025-03-05 03:00:00,60.0,1.0,15.0,60.0,1.05,1.4713446059347597,1.0567003003970905,0.9612536642534479,0.7982022808719466,0.5473761375706021,10.374979436885404,0.42533378704922437,revenge
2025-03-05 04:00:00,60.0,1.0,15.0,60.0,1.0666666666666667,0.9426148495618673,0.5839302195664496,1.005828937836482,0.7905536170443693,0.5865705725034108,48.41153025354243,0.36422175571284104,revenge
2025-03-05 05:00:00,60.0,1.0,15.0,60.0,1.0833333333333333,1.6159009891759437,26.337194300912245,1.410810960645393,1.0569328721421434,0.7638931047863348,9.887815235219488,0.3704105215494653,revenge
2025-03-05 06:00:00,60.0,1.0,15.0,60.0,0.9666666666666667,1.5080400675267485,1.4013144805547435,1.1239695119093547,1.3074245816706729,0.702937555084869,3.770293486643584,0.3873231971177102,revenge
2025-03-05 07:00:00,60.0,1.0,15.0,60.0,0.5833333333333334,1.8520278882724177,1.1058429698056997,1.02928329304754,1.0851091987773636,0.6482828978481051,29.27492329207257,0.40084064359425686,revenge
2025-03-05 08:00:00,60.0,1.0,15.0,60.0,0.7166666666666667,1.0536031773618866,0.6806058600735185,0.9347368757265911,1.0197555155403928,0.5676199948229506,25.543787652134963,0.38394816056961656,revenge
2025-03-05 09:00:00,60.0,1.0,15.0,60.0,1.4333333333333333,0.9255828725624551,0.7989403084051269,1.4657909749003908,6.568027794210861,0.8093653637717204,25.686046132158186,0.35467961896443234,revenge
2025-03-05 10:00:00,60.0,1.0,15.0,60.0,1.05,0.8903320354226776,1.1646639937955732,1.0166905803012736,1.216664779798776,0.8357210796955209,22.62133559650756,0.37933523132682834,revenge
2025-03-05 11:00:00,60.0,1.0,15.0,60.0,1.2166666666666666,1.488791765666091,3.115905162725821,1.4866785001405414,1.6273484251950416,0.6853693256741222,15.188922364685942,0.32313487877808333,revenge
2025-03-05 12:00:00,60.0,1.0,15.0,60.0,0.8333333333333334,0.7175826008423425,1.7666339964398936,0.8307830912118132,0.8141574239815482,0.542062519234268,13.634057275546262,0.3684938474320373,revenge
2025-03-05 13:00:00,60.0,1.0,15.0,60.0,0.9333333333333333,0.8911304754717756,0.4713602979806506,1.0633880334148147,1.5773504682734076,0.6035910316708277,12.458545916514604,0.37581869220824965,revenge
2025-03-05 14:00:00,60.0,1.0,15.0,60.0,0.95,0.8827812695678585,1.133165302133814,1.6054297497264034,4.681020730883109,0.9374983514676495,24.57386258576257,0.37831457032441346,revenge
2025-03-05 15:00:00,60.0,1.0,15.0,60.0,1.15,1.051083552222312,0.8729852817858273,1.0534461792518452,0.9869326353189759,0.6064845601733886,48.63808612737551,0.3344732211106012,revenge
2025-03-05 16:00:00,60.0,1.0,15.0,60.0,0.9333333333333333,0.9361919673705174,18.570075866249113,0.7115606245543339,0.7573809982888786,1.2697284357827594,29.803223090879126,0.3576844016302322,revenge
2025-03-05 17:00:00,60.0,1.0,15.0,60.0,0.7166666666666667,0.9172252847156345,0.7987038991478198,1.2924346230372667,1.4558293043003407,0.6009513129864942,65.45852860333444,0.35563573394913417,revenge
2025-03-05 18:00:00,60.0,1.0,15.0,60.0,0.5666666666666667,1.0840579178473533,1.067267114889497,1.0176947673474437,0.9397640945746181,0.4744826582214401,15.135540895478638,0.3768429733686451,revenge
2025-03-05 19:00:00,60.0,1.0,15.0,60.0,0.8833333333333333,1.1521488166856835,1.2376810533520441,0.9989495683337285,1.4186716660859988,0.6297841274060126,12.520124186086353,0.3166961878136004,revenge
2025-03-05 20:00:00,60.0,1.0,15.0,60.0,0.7166666666666667,1.1847183766264275,4.675195128286976,0.9866232921901391,1.219774721991063,0.5578620286807586,23.28164683942439,0.45735387266425964,revenge
2025-03-05 21:00:00,60.0,1.0,15.0,60.0,1.25,1.244410273469362,1.7787209286925945,1.0171935287291876,0.9700509789325723,0.5458656529742848,19.141289551790514,0.37170377382665143,revenge
2025-03-05 22:00:00,60.0,1.0,15.0,60.0,0.85,1.124945614466079,1.1756198648052243,0.8244402674419749,0.8658701657288541,0.5765082397867862,24.910687459153426,0.35539317729736286,revenge
2025-03-05 23:00:00,60.0,1.0,15.0,60.0,1.1,1.2428081855508666,0.9216063936746418,0.9347517269411049,0.6916810999664311,0.5072912786872169,24.960544906935876,0.346080642288553,revenge
2025-03-06 00:00:00,60.0,1.0,15.0,60.0,1.1333333333333333,1.28070520449203,1.475566042790168,0.7849775470379381,0.6503389254610218,0.5867707228768871,19.07446404902997,0.44398918836488727,revenge
2025-03-06 01:00:00,60.0,1.0,15.0,60.0,1.4,1.1019707477809049,2.799447485767108,1.2925201254584302,0.9953151152188691,0.6135507044133413,9.233706302831344,0.41520999550257337,revenge
2025-03-06 02:00:00,60.0,1.0,15.0,60.0,0.9,0.9612037572366375,13.545376659001656,1.2795895120836718,1.3948563477610783,0.8505431336775916,20.76380470902618,0.3938791596300374,revenge
2025-03-06 03:00:00,60.0,1.0,15.0,60.0,0.7333333333333333,1.2387302806317073,1.4310742828343928,1.1239928123499074,1.306578260255059,0.5828321742253383,27.78002367444738,0.45083817761163464,revenge
2025-03-06 04:00:00,60.0,1.0,15.0,60.0,1.1333333333333333,0.9151009864651768,0.733283917839708,0.8700984338201038,0.7544346460699558,0.5264253276324675,7.349170925928276,0.3165634769839244,revenge
2025-03-06 05:00:00,60.0,1.0,15.0,60.0,1.45,1.5852018910304733,1.11038895396837,1.299132533591636,1.7429217705867257,0.6437385859203982,14.61503041365824,0.39052895341394406,revenge
2025-03-06 06:00:00,60.0,1.0,15.0,60.0,1.1666666666666667,1.0631726715364045,1.469226004494583,1.25223125348545,1.220122263286325,0.594014981108861,14.728088837237118,0.41394616850852545,revenge
2025-03-06 07:00:00,60.0,1.0,15.0,60.0,0.8833333333333333,0.7521303582508633,0.9485930859073737,1.3812305672022596,1.696777706029601,0.5742935374240031,37.61468815395919,0.3681205458735391,revenge
2025-03-06 08:00:00,60.0,1.0,15.0,60.0,1.6833333333333333,1.3539518472188692,0.7517232787926071,1.3471890478355413,1.574765065564882,0.6666308400723243,11.32967425372438,0.3684817475424659,revenge
2025-03-06 09:00:00,60.0,1.0,15.0,60.0,1.45,0.9604244516586213,2.5420745568395797,1.0342458817798696,1.4014879826014615,0.7027568338420973,60.75922228367823,0.39739705827815364,revenge
2025-03-06 10:00:00,60.0,1.0,15.0,60.0,1.35,1.453431853899168,0.9520181675504953,1.2214353411315542,1.7227162513127523,0.6378454571021989,9.377067882866346,0.35812035691808153,revenge
2025-03-06 11:00:00,60.0,1.0,15.0,60.0,1.0666666666666667,1.0862815089627644,0.7953013119116332,0.7132834092485982,0.5298535707180366,0.6541073499848014,11.719752801380952,0.3857298042813471,revenge
2025-03-06 12:00:00,60.0,1.0,15.0,60.0,1.25,0.9132501581114787,0.38433639820546867,0.8333905486089309,0.8346802442407715,0.610970331136598,12.337228567394204,0.3045028104291342,revenge
2025-03-06 13:00:00,60.0,1.0,15.0,60.0,1.35,0.9145474222368726,1.4709547462356045,1.0370200672493228,0.7889862173895739,0.613704037010984,34.5836778518283,0.3672385972857536,revenge
2025-03-06 14:00:00,60.0,1.0,15.0,60.0,1.4333333333333333,2.7627027119118,1.5968605280906767,1.4036961552272507,1.249460644931651,1.0065185380191837,11.631831966945814,0.35712278458575847,revenge
2025-03-06 15:00:00,60.0,1.0,15.0,60.0,0.9166666666666666,0.9844707335656114,7.55754023542941,0.9516027596075808,0.9810064570776217,0.5006143187077604,21.567915500739396,0.35867638205222,revenge
2025-03-06 16:00:00,60.0,1.0,15.0,60.0,1.4333333333333333,1.0159567246051686,1.768514545933795,1.0228302154726536,1.5259807369853966,0.5974931416659132,4.3132792886426214,0.3726492994079729,revenge
2025-03-06 17:00:00,60.0,1.0,15.0,60.0,0.8666666666666667,1.426974384953558,1.560005804405488,0.9607805412062679,0.9090049882359812,0.6054952407841232,12.187517030758027,0.4401419575522765,revenge
2025-03-06 18:00:00,60.0,1.0,15.0,60.0,0.6833333333333333,1.6640213840422429,0.5952597999881344,1.10168380669872,1.1685023582241305,0.6439110226137384,15.079917722303357,0.4502827288764969,revenge
2025-03-06 19:00:00,60.0,1.0,15.0,60.0,1.0,0.8298890463099979,0.8317115108086566,1.0062055531619114,0.7797852642038576,0.6433410318371232,16.11775067905895,0.38764834825155886,revenge
2025-03-06 20:00:00,60.0,1.0,15.0,60.0,1.5166666666666666,1.810489696262974,1.7282914570193433,0.9057873221432382,0.887030200599586,0.7543066032204203,7.952537991952304,0.32635299593357886,revenge
2025-03-06 21:00:00,60.0,1.0,15.0,60.0,0.7333333333333333,1.0813364235567462,0.8907616458902907,1.8522561598452731,1.4597883136622227,0.709547079495312,36.429439922867246,0.38403126031904744,revenge
2025-03-06 22:00:00,60.0,1.0,15.0,60.0,0.85,0.9223087825147879,0.9765243780035352,0.9403317066691231,0.9603692106976041,0.5696648921232729,40.45271938256299,0.45969669302527305,revenge
2025-03-06 23:00:00,60.0,1.0,15.0,60.0,1.0666666666666667,0.8327952317877257,2.146352674068644,1.1153985793234036,0.8838526826262559,0.8103658759496787,28.55840559125879,0.4080456056906448,revenge
2025-03-07 00:00:00,60.0,1.0,15.0,60.0,0.6333333333333333,1.1670945375887887,1.0546539188593447,1.0559244843917717,1.059320422912306,0.6254127084704938,26.331868139162292,0.3959387506203796,revenge
2025-03-07 01:00:00,60.0,1.0,15.0,60.0,0.8833333333333333,1.1384105779565659,25.982652715472888,1.505085260775656,1.1731354345505345,0.7877599856151051,21.91103983720275,0.3893356169756242,revenge
2025-03-07 02:00:00,60.0,1.0,15.0,60.0,1.2166666666666666,1.8333420138799599,2.3293035317743835,1.1314929089770325,1.3421865702937044,0.5190577388103741,14.010182148586221,0.3653904012620013,revenge
2025-03-07 03:00:00,60.0,1.0,15.0,60.0,0.55,0.9492692769056131,0.8406700206580321,0.911843535670494,1.005046510454064,0.616100509958565,9.220486882316946,0.3677542378385831,revenge
2025-03-07 04:00:00,60.0,1.0,15.0,60.0,1.0166666666666666,1.8451314903911162,2.0045519495332904,1.0271143373478673,0.743932777582624,0.5516664438866619,31.35002797148209,0.33521134866765684,revenge
2025-03-07 05:00:00,60.0,1.0,15.0,60.0,1.5166666666666666,1.491722093074485,1.826846362549832,0.9917360659678663,1.0156518543166133,0.6092673357535052,11.615799647635276,0.3559622406615816,revenge
2025-03-07 06:00:00,60.0,1.0,15.0,60.0,0.75,1.3860946614551966,1.803187541402086,1.1677564525922903,1.1725714704543657,0.6659461945989983,255.17521890388406,0.43442827702814635,revenge
2025-03-07 07:00:00,60.0,1.0,15.0,60.0,1.2833333333333334,1.18668723368583,0.9646187821063194,1.324934419230401,1.4354304783601723,0.7466167063955172,15.030345291309423,0.4345747838822882,revenge
2025-03-07 08:00:00,60.0,1.0,15.0,60.0,1.3833333333333333,0.9543196543971724,1.407235008656111,1.2657848641913898,1.2774792103392738,0.6913795577914235,18.900320360376792,0.36080854797376943,revenge
2025-03-07 09:00:00,60.0,1.0,15.0,60.0,1.1,0.7515105608506094,1.2006900843921267,1.1653813345780908,1.3390708356189003,0.6235342569746852,44.65094819689776,0.34338614759412966,revenge
2025-03-07 10:00:00,60.0,1.0,15.0,60.0,0.8666666666666667,1.0322032773287264,0.76835419157382,0.7229946586340258,0.7242889890420233,0.6497856006901731,13.777326381916854,0.4321248505418596,revenge
2025-03-07 11:00:00,60.0,1.0,15.0,60.0,0.6333333333333333,1.5001324930637085,1.55388315263222,0.7932159849369776,0.8021718571908164,0.5231681861474103,17.995942171448934,0.34166043260453627,revenge
2025-03-07 12:00:00,60.0,1.0,15.0,60.0,0.9,1.1312223682336002,1.2229979811213627,1.2263595605234778,1.5052830652913447,0.6401191677603347,32.16880007172856,0.34023581097833827,revenge
2025-03-07 13:00:00,60.0,1.0,15.0,60.0,1.85,1.0948559109808096,1.5983671015914156,1.0063401516024395,1.0083342854188972,0.7253778479712885,40.3429291755468,0.36243144922075954,revenge
2025-03-07 14:00:00,60.0,1.0,15.0,60.0,1.0333333333333334,0.9666762002685859,1.2488800964716793,0.9398934180528304,0.9505593461846487,0.5799212478334209,111.96218874512387,0.3550965321034201,revenge
2025-03-07 15:00:00,60.0,1.0,15.0,60.0,0.75,1.2664914489354364,1.4272425157462285,1.1511372953574726,0.9231610541847955,0.5774600064501647,38.44686220715345,0.31712796134125365,revenge
2025-03-07 16:00:00,60.0,1.0,15.0,60.0,0.6333333333333333,0.9285452543898083,1.3072543946013586,1.1989679113558929,1.4495126483874476,0.6300243761458647,19.678138953984025,0.4399019551185932,revenge
2025-03-07 17:00:00,60.0,1.0,15.0,60.0,1.2666666666666666,1.3689356544531284,8.152010763633932,1.0665366920880865,1.5113425726965781,0.8146175832886828,23.463467238808516,0.4229785100686093,revenge
2025-03-07 18:00:00,60.0,1.0,15.0,60.0,1.4833333333333334,1.0829332315383076,3.502623746264298,1.8285088968045045,2.288294047832247,0.8071514905836578,74.19295874449077,0.4022562505055271,revenge
2025-03-07 19:00:00,60.0,1.0,15.0,60.0,1.2666666666666666,1.2948312541763647,0.6062806107616274,1.2640743970219706,1.6412764095864008,0.7053009531911468,26.495463766207333,0.3911446970621151,revenge
2025-03-07 20:00:00,60.0,1.0,15.0,60.0,0.7666666666666667,1.4955928854638254,1.0725434175942434,1.2719843203964585,2.2471599637863733,0.6684271604778785,23.33860313074233,0.33035124232671415,revenge
2025-03-07 21:00:00,60.0,1.0,15.0,60.0,0.7,1.0428059062499582,1.0171517278169742,0.961660388053816,0.931047362950562,0.6248590774469689,10.684743250466893,0.3808300229302747,revenge
2025-03-07 22:00:00,60.0,1.0,15.0,60.0,1.3333333333333333,0.9948382133071093,1.0005559624047142,1.1556365724981803,1.198527038501569,0.7131760446843224,48.488598947062066,0.39273511248170767,revenge
2025-03-07 23:00:00,60.0,1.0,15.0,60.0,1.4,2.16904160323537,1.1303645486799323,0.9046656453466001,0.8972552726576531,0.7139868049060768,9.993520594391184,0.32750497840859694,revenge
2025-03-08 00:00:00,60.0,1.0,15.0,60.0,0.8833333333333333,1.2595487749226675,1.7846626207909655,1.2319054048818048,1.4185033201706136,0.9428806456811916,22.836230959665386,0.33292624445694136,revenge
2025-03-08 01:00:00,60.0,1.0,15.0,60.0,1.8333333333333333,1.786008170811514,2.229796599183244,1.1747942085973013,1.0723697016880398,0.6408082259564306,22.303057359677187,0.3960099656353293,revenge
2025-03-08 02:00:00,60.0,1.0,15.0,60.0,0.6833333333333333,0.9802484899644429,1.8858846707774857,1.22969146087583,1.4677810377405536,0.5177228877808427,25.599964897579692,0.34099622458754886,revenge
2025-03-08 03:00:00,60.0,1.0,15.0,60.0,0.55,1.4040887637136843,0.6197351884033303,1.4890284509598521,1.5150270702664765,0.6245054641674519,11.691400579562263,0.3068082583859438,revenge
2025-03-08 04:00:00,60.0,1.0,15.0,60.0,0.8833333333333333,1.1884477029082323,20.44048824046657,1.2450972688066424,1.578640745522374,0.9764197079914241,25.917463143941244,0.3367679239971667,revenge
2025-03-08 05:00:00,60.0,1.0,15.0,60.0,1.1833333333333333,1.3743275378033537,2.6058731846615055,0.9500858094728103,1.0603319771238424,0.7718311067557815,23.010953810507267,0.34769214212205807,revenge
2025-03-08 06:00:00,60.0,1.0,15.0,60.0,1.1333333333333333,1.5772172517546779,1.4813629657084877,0.8538514061148301,0.7356373917613285,0.770699864925197,12.53496489095768,0.4338015594146975,revenge
2025-03-08 07:00:00,60.0,1.0,15.0,60.0,1.5666666666666667,1.1541899113746414,2.7635885798709316,0.7868245435398774,0.6136498391407074,0.8825601044043673,13.064627525876041,0.40794678173910714,revenge
2025-03-08 08:00:00,60.0,1.0,15.0,60.0,0.2,1.2047006150636648,2.48525995238822,0.98652765587213,1.1402087570305117,0.4446774945450465,12.881524250937773,0.4176703958515414,revenge
2025-03-01 09:00:00,28.46153846153846,3.1384615384615384,25.29230769230769,33.0,0.49230769230769234,1.226149198261245,1.2494571083694161,0.848695492396708,1.0902767045768984,0.44443657817891635,6.514266579341821,0.3293296336382959,mixed
2025-03-01 10:00:00,30.0,3.05,29.75,108.04166666666667,0.8833333333333333,0.9988749529966011,1.0659022254454074,1.074224109226553,1.0959421210288371,0.40310938416876874,37.017376418076246,0.43046056985767917,mixed
2025-03-01 11:00:00,33.679245283018865,2.688679245283019,28.254716981132077,115.81132075471699,0.8018867924528302,0.9096146638536334,0.9739334663699638,0.8627617616663976,1.0855575570896625,0.3915916933060472,24.378342883718204,0.4291694276232458,mixed
2025-03-01 12:00:00,30.083333333333332,3.1083333333333334,30.358333333333334,112.84166666666667,0.875,0.8587645999035739,1.127480341836433,0.9364248315940943,0.9359698669588777,0.43265320912565064,15.883625567221712,0.4093699982122218,mixed
2025-03-01 13:00:00,36.464646464646464,2.484848484848485,27.11111111111111,113.16161616161617,0.8686868686868687,1.3942286699565132,1.1814323462171532,1.0162220591859281,1.2855825765115085,0.40347058375635625,11.238636111397351,0.43924439505412866,mixed
2025-03-01 14:00:00,60.0,1.0,15.0,74.86666666666666,0.8333333333333334,1.1044139248185048,0.7551151391047198,1.5576406206376079,1.3509186866581269,0.5575591689702686,23.547665914609965,0.4618923007929322,mixed
2025-03-01 15:00:00,60.0,1.0,15.0,60.0,1.2166666666666666,1.4784374260628488,1.6522946151922047,1.046003132766569,0.9487475559300244,0.5692845231130228,21.3774818245712,0.31625009179980085,mixed
2025-03-01 16:00:00,60.0,1.0,15.0,60.0,1.15,1.4857075468894332,1.5169615927334348,1.1232362173124222,1.1762960896906158,0.5086312325055932,6.932470939085035,0.43124942988982445,mixed
2025-03-01 17:00:00,60.0,1.0,15.0,60.0,1.0,1.4290643028183,1.4381492206760442,1.066734480212187,0.9754435398982355,0.5796339757329968,7.842162620863378,0.4238404640193974,mixed
2025-03-01 18:00:00,60.0,1.0,15.0,60.0,0.8666666666666667,1.474967779807469,1.208046602068681,0.9236093322438951,1.196561383483687,0.50092028743208,21.126639279662996,0.5024086107698317,mixed
2025-03-01 19:00:00,60.0,1.0,15.0,60.0,1.05,1.523670475793358,1.0468956881213909,1.8120936236084484,1.9970585234150333,0.6370496944870074,13.035784928444498,0.4518246462849739,mixed
2025-03-01 20:00:00,60.0,1.0,15.0,60.0,0.7833333333333333,1.1975858991897443,1.031054138599626,1.8361409286672663,1.7565629933425475,0.6533294722809291,32.39016151951864,0.4215473672311733,mixed
2025-03-01 21:00:00,60.0,1.0,15.0,60.0,0.8,1.3987166416086398,1.0517738270385961,2.0391529556556556,1.8434098408779496,0.7295547548347564,7.463498222747502,0.5381536647046568,mixed
2025-03-01 22:00:00,60.0,1.0,15.0,60.0,1.3,0.7663651354844884,1.1268101946823947,2.297524421923828,2.52244828106376,0.7585220063431525,189.545722804753,0.4892247235486405,mixed
2025-03-01 23:00:00,60.0,1.0,15.0,60.0,1.15,2.1107307282962884,1.288794618603436,2.0843839810585694,1.8481908508430442,0.6915247983728464,6.814499373976678,0.41940333767477017,mixed
2025-03-02 00:00:00,60.0,1.0,15.0,60.0,0.7666666666666667,1.519314958888237,0.9829543660878489,2.172795133913427,2.8701113085562397,0.7088001581440928,19.90946641116898,0.6130842890976922,mixed
2025-03-02 01:00:00,60.0,1.0,15.0,60.0,0.95,0.5798465026689444,0.8437183225380648,2.164136280665893,2.143656541434912,0.7878688697744084,10.99091527196123,0.5005129842204479,mixed
2025-03-02 02:00:00,49.861111111111114,1.5972222222222223,17.041666666666668,62.041666666666664,1.1111111111111112,1.569982446149201,1.0246043461727783,1.9897715698264098,2.3936019250367164,0.6752862920532228,7.998999747289647,0.5477741324739206,mixed
2025-03-02 03:00:00,42.093023255813954,2.2325581395348837,22.91860465116279,79.81395348837209,1.1511627906976745,1.3050263559908586,1.2064762101276354,1.3017664274899419,1.4472074628841178,0.5189568091451983,24.2458327568797,0.43648908019405835,mixed
2025-03-02 04:00:00,26.277372262773724,3.3795620437956204,34.56204379562044,118.34306569343066,1.1532846715328466,1.2505268393741702,1.2272192095245777,1.104109780527081,1.1144403813720312,0.4238677383158698,24.500535758284133,0.4258207809423781,mixed
2025-03-02 05:00:00,31.964285714285715,2.875,29.017857142857142,123.88392857142857,0.6696428571428571,1.496296792933374,1.326819206542409,0.9710355942308472,0.8462178583774133,0.4225320404183527,14.467314855603595,0.3708525082751218,mixed
2025-03-02 06:00:00,28.4251968503937,2.9763779527559056,31.590551181102363,120.13385826771653,0.952755905511811,1.5735186383621014,1.1031066732383097,1.0021165082669055,0.9208032636322218,0.4182734575690877,26.022886422669355,0.41318118632271444,mixed
2025-03-02 07:00:00,28.125,3.078125,32.109375,127.4453125,1.234375,1.605839687008811,1.2143769467718362,0.9958291463786997,1.1303339209694756,0.3991247998251921,13.06338604579728,0.38254648104582406,mixed
2025-03-02 08:00:00,28.346456692913385,3.1102362204724407,31.95275590551181,126.15748031496064,0.84251968503937,1.7748801649848347,1.5095807039117128,0.9100360104281232,0.9400882050510667,0.41155208007315447,18.271778560107254,0.44359344572347065,mixed
2025-03-02 09:00:00,41.97674418604651,2.1744186046511627,26.27906976744186,118.62790697674419,0.7093023255813954,0.7940095765345078,0.9888757004606278,0.9505278513488827,1.087023217549777,0.5209158761034128,7.014195051499293,0.42761551916362317,mixed
2025-03-02 10:00:00,60.0,1.0,15.0,65.4,1.2,1.0610424789674853,1.0106768571884035,0.7453406372065957,0.6652547550847954,0.5996219753658144,56.19023281875317,0.5534170125908784,mixed
2025-03-02 11:00:00,60.0,1.0,15.0,60.0,1.2,1.1955563429129503,1.212255699359406,1.422297597228064,1.3872649131457868,0.5759857028640896,13.92283970179966,0.3927205849041331,mixed
2025-03-02 12:00:00,60.0,1.0,15.0,60.0,1.05,0.6385542404785968,0.9945021108243919,0.8577159200873853,0.8113614264049129,0.5988005808790293,39.98829397438009,0.48727371705082906,mixed
2025-03-02 13:00:00,60.0,1.0,15.0,60.0,1.0166666666666666,1.7234141065216755,0.8670657084257631,0.829288255606356,0.8169678725839762,0.5955182315349282,26.62329744109766,0.5257866565310297,mixed
2025-03-02 14:00:00,60.0,1.0,15.0,60.0,1.2166666666666666,1.8120134528950518,1.2679462628134692,1.24525896528113,1.4720678080361667,0.5158673573459117,29.997544439092827,0.3968090475044838,mixed
2025-03-02 15:00:00,60.0,1.0,15.0,60.0,1.0666666666666667,1.0493238246889027,0.7336619944704202,1.1772426487816763,1.262304787327788,0.6155809875190941,4.634690937644611,0.360205009838143,mixed
2025-03-02 16:00:00,60.0,1.0,15.0,60.0,0.8,1.8596201856245973,1.1313463603750364,1.0187740787059887,0.8807066047778284,0.5878653772836846,11.997226867967665,0.4379155641131003,mixed
2025-03-02 17:00:00,60.0,1.0,15.0,60.0,1.1666666666666667,1.161335458382555,0.7154887444561333,1.1651120396055539,1.2301395864145934,0.4873501442798672,24.33540532384378,0.5154361413596997,mixed
2025-03-02 18:00:00,60.0,1.0,15.0,60.0,0.8833333333333333,1.794772238944231,1.1090758761125992,1.0556348087632803,1.038507045482434,0.551987332118614,10.46961199383553,0.477839491090615,mixed
2025-03-02 19:00:00,60.0,1.0,15.0,60.0,1.0833333333333333,1.0103740172958284,0.8929974627441278,1.0848724294757657,1.3274687020488316,0.5177667313746953,18.8567388916151,0.4169584151101843,mixed
2025-03-02 20:00:00,60.0,1.0,15.0,60.0,0.6666666666666666,1.3403412445856158,1.1537853540719152,0.9910139973689134,1.1280825895781912,0.4418780394312775,17.047033919440207,0.4135058900115182,mixed
2025-03-02 21:00:00,60.0,1.0,15.0,60.0,0.8833333333333333,0.900820677034154,0.8959591126230677,1.0016138935586334,1.2635157314307714,0.46952144273229685,21.653337444508683,0.3556441429856672,mixed
2025-03-02 22:00:00,60.0,1.0,15.0,60.0,0.9666666666666667,0.6907267882755794,0.9275736908472592,1.0249970278442562,1.1345047167953155,0.5011665651457126,56.151779960361864,0.39112892183891457,mixed
2025-03-02 23:00:00,60.0,1.0,15.0,60.0,0.9166666666666666,1.045100028116166,1.0865465081175583,1.032493872985043,1.0900353371073312,0.49022554025375875,17.294397387908067,0.536867856370456,mixed
2025-03-03 00:00:00,60.0,1.0,15.0,60.0,1.2166666666666666,0.9793397472604366,0.9398910229190542,0.9947421847632748,1.1334077357693408,0.6052366422363711,13.718032376940943,0.4206219142452266,mixed
2025-03-03 01:00:00,60.0,1.0,15.0,60.0,1.6333333333333333,2.227965518335193,1.1443814732395414,0.8649804620494116,0.8742685710381017,0.6157314291816796,8.042254923016422,0.5179601096123924,mixed
2025-03-03 02:00:00,60.0,1.0,15.0,60.0,1.0,0.937677552114186,1.127563039960235,0.8946703806231089,0.6988549588157783,0.6132897745814864,49.97519881432246,0.4655492139358787,mixed
2025-03-03 03:00:00,60.0,1.0,15.0,60.0,0.9333333333333333,1.1273574743419175,1.0248795555664136,1.0483785099495702,1.2562499302532228,0.5999466869632809,22.01249881736611,0.4550796203430977,mixed
2025-03-03 04:00:00,60.0,1.0,15.0,60.0,1.3,1.9482850697565972,1.5933956432671357,1.109228312238559,1.4889431123038364,0.41849547175984547,7.05789323980117,0.39387308552594136,mixed
2025-03-03 05:00:00,60.0,1.0,15.0,60.0,1.2166666666666666,1.4135214337615527,1.2055964949682898,0.8682602349342864,1.0366488886785823,0.4935960435729371,20.39066446507394,0.5304848502163315,mixed
2025-03-03 06:00:00,60.0,1.0,15.0,60.0,1.0166666666666666,0.9599938337542879,1.1223809288739937,1.0974512488594272,1.1986641835832956,0.519879065838813,23.23155856531826,0.33713208413294876,mixed
2025-03-03 07:00:00,60.0,1.0,15.0,60.0,0.7,1.087814014931835,0.7771478580219708,1.0863829259864557,0.8749341060291722,0.46301649865143085,14.606363298513946,0.3952087952122875,mixed
2025-03-03 08:00:00,60.0,1.0,15.0,60.0,1.2333333333333334,1.504703526417214,1.1539213914919757,1.189513212942837,1.265262403497939,0.5337440241994138,23.378618960234338,0.41569484622813785,mixed
2025-03-03 09:00:00,60.0,1.0,15.0,60.0,0.8,1.1618857355106589,1.2914396926051945,1.0535424037826042,1.2818816373086355,0.4204161025489048,15.15677525860891,0.4137219789377206,mixed
2025-03-03 10:00:00,60.0,1.0,15.0,60.0,0.6833333333333333,0.8645930285723715,1.1734246915234892,1.1012087104990047,1.39732212625851,0.4719897828405361,11.04676999390461,0.4334264992194958,mixed
2025-03-03 11:00:00,32.870370370370374,2.8055555555555554,26.333333333333332,82.91666666666667,0.9259259259259259,1.4081861475947461,1.0932243600088545,1.0597441194857025,0.8892654680126933,0.4987861283985546,12.931604013333773,0.4589118594718402,mixed
2025-03-03 12:00:00,31.11111111111111,2.7094017094017095,30.05982905982906,115.67521367521367,1.1025641025641026,1.082961819841673,0.981114904276436,0.931927875648771,0.9720673107892626,0.41599704212123917,36.02292648191441,0.3636697776491875,mixed
2025-03-03 13:00:00,30.252100840336134,3.0504201680672267,29.92436974789916,118.04201680672269,1.1428571428571428,1.2435111172557116,1.100911454890657,0.9261000067257968,0.9058220812892454,0.4141945638044497,2988.7205565083073,0.35272582060726454,mixed
2025-03-03 14:00:00,29.58677685950413,2.9834710743801653,30.99173553719008,122.08264462809917,1.1818181818181819,1.6044503864318451,1.2973837476258063,1.0541667639840957,1.076729381419626,0.416323139008309,9.282928543532531,0.41739066872707764,mixed
2025-03-03 15:00:00,28.571428571428573,2.9523809523809526,31.41269841269841,123.77777777777777,0.8253968253968254,1.7296446310138112,1.7598808551440275,1.1073064560375385,1.23153806428978,0.41385120288991323,16.4869595997196,0.3288448979635745,mixed
2025-03-03 16:00:00,53.88059701492537,1.4029850746268657,19.850746268656717,101.4776119402985,0.6119402985074627,0.9309170903721459,0.9127345981286688,0.9158510704042216,1.2790562753543733,0.656592956529951,12.489676231408808,0.48099928667136815,mixed
2025-03-03 17:00:00,60.0,1.0,15.0,60.56666666666667,0.8,1.9255994032711274,0.9014178802050329,0.9683360541015433,1.005980723379959,0.539891026929311,4.938255395296108,0.5340698979137029,mixed
2025-03-03 18:00:00,60.0,1.0,15.0,60.0,1.9666666666666666,1.0368864419411925,0.9523202544490573,0.8868034864725799,0.7944320910162298,0.5545103065881705,10.946829321065938,0.4640193893126698,mixed
2025-03-03 19:00:00,60.0,1.0,15.0,60.0,1.15,1.5376816441570553,1.1239936522235319,1.2157145140698329,1.2068306804958333,0.5941510310719,9.199978636557251,0.4109894340725848,mixed
2025-03-03 20:00:00,60.0,1.0,15.0,60.0,1.15,1.7711466178766408,1.28919038825621,1.9259351768866355,2.073610364765903,0.6649361951411455,15.003276177390783,0.4649218611398936,mixed
2025-03-03 21:00:00,60.0,1.0,15.0,60.0,1.0333333333333334,1.255524024332406,0.9488608187316535,2.2020334206073233,2.3932962914731246,0.7097264861215712,7.600937994228726,0.4386162914560991,mixed
2025-03-03 22:00:00,60.0,1.0,15.0,60.0,0.8166666666666667,0.5014702793476581,0.8843959349721987,2.064133315336579,1.7418081892433608,0.6407823827979399,7.861878726011119,0.4873651384735152,mixed
2025-03-03 23:00:00,60.0,1.0,15.0,60.0,1.2333333333333334,1.0338618583843855,1.3532262841781533,2.1276297378733604,2.394473433057295,0.6810813860756225,24.927525132441335,0.4834034908668335,mixed
2025-03-04 00:00:00,60.0,1.0,15.0,60.0,0.5833333333333334,1.596852077313357,1.3811976013281748,1.614533174342938,2.0495227715671698,0.6043647755891997,15.76460058405798,0.4681593334977248,mixed
2025-03-04 01:00:00,60.0,1.0,15.0,60.0,0.65,0.9677979499306623,1.0395751259688857,1.1616430268350832,1.1713086744595749,0.5274755082029614,12.644617557914144,0.3908880800739359,mixed
2025-03-04 02:00:00,60.0,1.0,15.0,60.0,0.9666666666666667,2.1624869609152784,1.788432078925895,0.916842168968884,0.8264978954008055,0.6547858174559611,4.886206983954484,0.4684699804927831,mixed
2025-03-04 03:00:00,60.0,1.0,15.0,60.0,1.3666666666666667,2.4132735299634565,1.1876238616964048,0.8492566816091929,0.9475210814145492,0.5887653590034471,17.95994767489829,0.39217200973824295,mixed
2025-03-04 04:00:00,43.78048780487805,2.1341463414634148,22.036585365853657,68.91463414634147,0.8902439024390244,0.998815677921089,0.8330615913227316,0.9260877606116394,0.8473356832861979,0.5086062704722505,95.31967326333982,0.5095271613628153,mixed
2025-03-04 05:00:00,60.0,1.0,15.116666666666667,75.03333333333333,0.65,0.7296994476562763,0.9241594298006763,1.8524495760035933,2.058347999742978,0.6874502506095804,69.97888364081861,0.5719297659250308,mixed
2025-03-04 06:00:00,59.34426229508197,1.0327868852459017,15.01639344262295,60.01639344262295,0.819672131147541,1.2943222060466473,1.3636707113651443,2.0583315045598156,2.5556584239104234,0.7051739598573126,29.461818686221005,0.4947332496638067,mixed
2025-03-04 07:00:00,29.10569105691057,3.048780487804878,29.495934959349594,93.69918699186992,0.8292682926829268,1.0815974425400474,0.7926015492041477,0.9875546512767431,0.9877781995027378,0.43856981075984175,13.2176721244788,0.45934093942449405,mixed
2025-03-04 08:00:00,30.5982905982906,2.8974358974358974,29.683760683760685,119.71794871794872,0.811965811965812,0.9663325540936066,0.9264755962961317,1.0855874612405505,0.9957583189749832,0.3939190735016164,14.417926421501095,0.32551125552905597,mixed
2025-03-04 09:00:00,40.78651685393258,2.337078651685393,25.415730337078653,110.67415730337079,0.7865168539325843,1.027457142503544,1.2585441087332057,1.140842220609415,0.965505826167424,0.4244494708679639,14.679259902264867,0.37633251590545974,mixed
2025-03-04 10:00:00,60.0,1.0,15.0,68.03333333333333,0.6,0.778109087453189,0.7630541190558646,1.0977481990927485,0.8692849800610983,0.5342433811365959,12.423341361247568,0.41810839676247247,mixed
2025-03-04 11:00:00,60.0,1.0,15.0,60.0,1.0333333333333334,0.9469340182215397,1.154581193585845,1.2555787373802334,1.0424980620917976,0.5309513203581981,86.50206946517548,0.5131097222908803,mixed
2025-03-04 12:00:00,60.0,1.0,15.0,60.0,1.0666666666666667,0.42343274848284423,0.8169638618556483,2.3798856531580426,2.226007646064145,0.661029687773228,16.967528956794236,0.4237198943480402,mixed
2025-03-04 13:00:00,60.0,1.0,15.0,60.0,0.6833333333333333,0.9596671394609465,0.9646897899705432,1.0351029836427925,1.1386229351524912,0.5935090320426963,13.13117888602843,0.4206793739752452,mixed
2025-03-04 14:00:00,44.074074074074076,2.0246913580246915,20.530864197530864,65.90123456790124,0.7037037037037037,0.7735460394301434,0.8252278499298694,0.9311562958852442,0.7854796311971441,0.3710099507494876,13.320085798230096,0.43332100030938103,mixed
2025-03-04 15:00:00,29.51219512195122,3.138211382113821,30.5609756097561,108.90243902439025,1.170731707317073,1.0413332125335242,1.0427774558506084,0.9781727838256536,1.106683278538442,0.42362056656211916,24.564093560162434,0.41215459932786785,mixed
2025-03-04 16:00:00,31.76991150442478,2.849557522123894,28.76991150442478,117.86725663716814,0.7433628318584071,1.4670550657074144,1.3229977490732354,1.0217502994380394,1.0262915798602346,0.40008012664463233,12.616034535313656,0.4091282112092291,mixed
2025-03-04 17:00:00,31.29310344827586,3.043103448275862,29.775862068965516,113.31896551724138,1.1293103448275863,0.967065979719544,0.9496920580338849,1.0888840064332905,1.160944305966115,0.40477449065262794,21.141573317886426,0.42627751520395624,mixed
2025-03-04 18:00:00,29.34426229508197,3.1147540983606556,30.868852459016395,122.04918032786885,0.680327868852459,1.1687216466657508,1.2038966761607919,0.9043804492602701,0.8426770554040491,0.41819817548798444,28.362991387053075,0.43274598485817084,mixed
2025-03-04 19:00:00,45.69620253164557,1.8987341772151898,22.810126582278482,107.40506329113924,0.9746835443037974,1.192325326969045,1.0311989701210464,1.517823001985882,1.8129062940037761,0.5397186309526527,21.584430473100007,0.4594405459356293,mixed
2025-03-04 20:00:00,60.0,1.0,15.0,64.41666666666667,1.5833333333333333,1.2724632450536688,1.2071941860256992,2.510693076517179,3.3532646483452506,0.7268950352642224,14.674086893305383,0.36525206101964064,mixed
2025-03-04 21:00:00,48.13333333333333,1.8933333333333333,17.933333333333334,62.93333333333333,0.5066666666666667,1.1173160125124306,0.9050023968477158,1.4248106144042638,1.438385661848742,0.6012178158195088,104.66306517733018,0.5330236010309134,mixed
2025-03-04 22:00:00,27.404580152671755,3.2977099236641223,32.61832061068702,108.8473282442748,1.015267175572519,1.1270342542132072,1.1956853971144852,1.104313012468413,1.1850072102242013,0.44597098119016515,16.678512527137322,0.4721042817481703,mixed
2025-03-04 23:00:00,30.689655172413794,2.913793103448276,32.974137931034484,132.74137931034483,1.3793103448275863,1.09806253707031,0.8199795928898972,0.9316181728436347,0.9495328482529549,0.4330850550760042,10.53090870081439,0.40935533555945447,mixed
2025-03-05 00:00:00,54.84848484848485,1.3333333333333333,15.848484848484848,80.77272727272727,1.0151515151515151,1.0543868222836852,0.7487574682184521,0.9431102240128445,0.8213475355720733,0.5397934954767559,409.15230785678386,0.4938111270244984,mixed
2025-03-05 01:00:00,60.0,1.0,15.983333333333333,65.48333333333333,0.9666666666666667,0.6833653854309479,0.8207777994388064,1.0588465397446496,1.1433753954329056,0.6139327889003182,10.582309791387456,0.472093360807731,mixed
2025-03-05 02:00:00,60.0,1.0,15.0,60.0,0.8666666666666667,0.8505537359939168,0.9859868342737454,0.9355108774199389,1.1351235480767923,0.5621745879547746,10.684046464131724,0.4114389388765812,mixed
2025-03-05 03:00:00,60.0,1.0,15.0,60.0,0.6333333333333333,1.6487792936298848,1.2713659061440312,1.1423666705658373,1.081448861684319,0.5836877286239687,34.6298227768528,0.47455190510262957,mixed
2025-03-05 04:00:00,60.0,1.0,15.0,60.0,0.8,1.133033241139811,1.1486806490281078,0.9017807094190903,0.87234836175647,0.5457318214742107,19.513462261097505,0.41038340888171254,mixed
2025-03-05 05:00:00,60.0,1.0,15.0,60.0,0.9,0.9766681589013745,0.9263854898737687,0.8648173164962781,0.9549731056696713,0.552719290544148,22.4884748455138,0.37685843753263776,mixed
2025-03-05 06:00:00,60.0,1.0,15.0,60.0,1.3833333333333333,1.7558236713810258,1.190494242619798,1.1428856312273359,1.3590893646947617,0.5749716764008777,41.50993785712852,0.3330205957230429,mixed
2025-03-05 07:00:00,52.17391304347826,1.4057971014492754,17.608695652173914,62.95652173913044,1.1304347826086956,1.5165742808548996,0.9913064991270105,1.0233518191994033,1.0513149988415988,0.5359494976139834,41.25425313695198,0.45059254190892856,mixed
2025-03-05 08:00:00,60.0,1.0,15.033333333333333,66.38333333333334,1.6166666666666667,2.577126512696227,1.3518996357636148,1.1361520112051269,1.4571312405576333,0.5274273995038443,41.09238780904692,0.5585108836091951,mixed
2025-03-05 09:00:00,53.38235294117647,1.3088235294117647,16.38235294117647,61.38235294117647,1.2205882352941178,1.5949753480529785,1.0941809156286675,1.1474810326263776,1.1516414331320857,0.5493091291250887,20.901065239744657,0.4515670461877324,mixed
2025-03-05 10:00:00,31.130434782608695,3.121739130434783,28.16521739130435,91.76521739130435,0.9043478260869565,1.436337576986703,1.337093992464949,1.3145906474895437,1.1332901778591966,0.410767561630622,17.57512628669584,0.47080923104304034,mixed
2025-03-05 11:00:00,48.0,1.7733333333333334,24.28,110.12,1.0266666666666666,4.026209386142019,1.3063829700661223,0.8752922668444847,0.96518783692251,0.5264499177848485,47.00433549098688,0.4145572250250864,mixed
2025-03-05 12:00:00,60.0,1.0,15.0,61.43333333333333,0.8166666666666667,1.6685015088671635,0.9343110861178622,1.4546012990859958,1.4651515885512398,0.6830357649509041,5.121965703009318,0.4713526198572314,mixed
2025-03-05 13:00:00,60.0,1.0,15.0,60.0,1.1166666666666667,0.5418923789021153,0.6515927147318857,2.386601396974538,3.1247297362497353,0.7966775317830027,19.81684607269494,0.4937329602261628,mixed
2025-03-05 14:00:00,60.0,1.0,15.0,60.0,0.8833333333333333,1.7764963104487306,1.4603737799727918,2.3249206998450322,2.498791545178451,0.7384061086570611,19.252071197466027,0.5369241197121715,mixed
2025-03-05 15:00:00,60.0,1.0,15.0,60.0,0.8333333333333334,0.9415416530050966,1.0896692672968489,0.8598568082213666,0.845888611669538,0.47555888867049084,8.561606025289255,0.48752070467102404,mixed
2025-03-05 16:00:00,60.0,1.0,15.0,60.0,0.9,1.9003124444793786,1.280165121711126,1.2748908682524274,1.5405990939343386,0.5948508553722216,4.569064963964984,0.39634114678677385,mixed
2025-03-05 17:00:00,60.0,1.0,15.0,60.0,1.9,1.3233796870496508,1.2540350318380213,2.362189493555709,2.5616717286843373,0.6540613167381472,37.79863042539945,0.4750295840045687,mixed
2025-03-05 18:00:00,60.0,1.0,15.0,60.0,1.6333333333333333,2.0208430669669997,1.241541259556823,1.9403684718770178,2.022860586093088,0.6179102191841939,10.547495028156543,0.47391086383135295,mixed
2025-03-05 19:00:00,56.5625,1.28125,15.1875,60.1875,0.59375,1.2648495388004777,1.2660543757082094,1.6071923890603008,1.450100498027129,0.6513942381528947,5.810640822784311,0.5212853730775091,mixed
2025-03-05 20:00:00,48.108108108108105,1.837837837837838,21.08108108108108,75.87837837837837,1.2972972972972974,1.1299289864809035,1.094146906308352,1.728583983112773,2.2876479166070016,0.5581228691710416,23.188167119431785,0.35724738211734364,mixed
2025-03-05 21:00:00,60.0,1.0,15.0,62.18333333333333,0.5666666666666667,1.2687175010231,1.1974926489889772,2.2386101303069834,2.055887849463246,0.7732705025334313,40.004558789945754,0.43958143521792414,mixed
2025-03-05 22:00:00,60.0,1.0,15.0,60.0,0.8,1.0183937426810594,1.20844825849222,1.6327457393544678,1.6345529032032644,0.6052173597789182,21.13961891839735,0.35027028039975716,mixed
2025-03-05 23:00:00,60.0,1.0,15.0,60.0,1.2,1.3012660203274427,0.935171408542526,1.3864182411844523,1.5324763635804375,0.6402573418123354,27.481048284577145,0.4078771150518898,mixed
2025-03-06 00:00:00,60.0,1.0,15.0,60.0,0.9833333333333333,0.989286985804174,0.9015176151117075,1.041593305401115,0.9700338006915086,0.4575760806721457,22.184744640136895,0.35496119999082715,mixed
2025-03-06 01:00:00,38.40425531914894,2.372340425531915,24.148936170212767,73.90425531914893,0.9361702127659575,1.4992616491242925,1.2270947380502086,1.0760119184505852,1.1577314149092168,0.5084088588182348,20.459787383217346,0.42114628744691274,mixed
2025-03-06 02:00:00,31.29310344827586,2.8189655172413794,28.224137931034484,110.76724137931035,1.3879310344827587,1.341601258529432,1.1435890528258024,1.0000271250733417,0.860482574092606,0.4091987332977721,19.525488587670388,0.40989514929456755,mixed
2025-03-06 03:00:00,31.696428571428573,2.8482142857142856,28.446428571428573,112.84821428571429,0.875,0.8811388206040751,0.9102163933632335,1.0012101254485517,1.0471335119956022,0.41162123433007514,7.133180068463507,0.4427958283416558,mixed
2025-03-06 04:00:00,60.0,1.0,17.416666666666668,88.31666666666666,0.85,0.8201191038076896,0.7959563013294872,2.057210022759092,2.3105438830962366,0.758123310251691,5.0822108445367,0.47574769867486033,mixed
2025-03-06 05:00:00,60.0,1.0,15.0,60.0,1.6833333333333333,0.5822741098808172,0.6984242130754127,2.249981888915374,2.725325393227783,0.7546153384239943,38.33226836631896,0.4645050688133463,mixed
2025-03-06 06:00:00,60.0,1.0,15.0,60.0,1.1833333333333333,1.3399341803645466,1.1242399428260819,1.7779863956837434,2.0489787673264654,0.6869138446137513,30.55144757907549,0.5205871920099888,mixed
2025-03-06 07:00:00,60.0,1.0,15.0,60.0,0.7166666666666667,0.79211878150068,0.9474433611964357,1.0661894788902126,1.151546352595489,0.4762793675213256,12.840841416694444,0.4023630101238775,mixed
2025-03-06 08:00:00,60.0,1.0,15.0,60.0,0.9666666666666667,0.6446842133254668,0.9466458842761969,1.8003773445291422,1.7397950563183047,0.7468147925533847,12.27328111519324,0.4228198817200996,mixed
2025-03-06 09:00:00,60.0,1.0,15.0,60.0,0.8166666666666667,1.3905025851106705,0.7869862497905395,1.7953849367179253,2.24916320613136,0.6764918493625148,53.73617674689366,0.5187609695624786,mixed
2025-03-06 10:00:00,60.0,1.0,15.0,60.0,0.9333333333333333,1.133461934527371,0.8425015691724399,1.8597518981061676,1.6137876182403241,0.7235369509613978,22.060079754857686,0.505221483175188,mixed
2025-03-06 11:00:00,60.0,1.0,15.0,60.0,1.1166666666666667,0.9487445591092982,1.0699287878896027,1.2017430372192637,1.3545230462513156,0.49168056698442014,100.87798431505051,0.44328380148644314,mixed
2025-03-06 12:00:00,60.0,1.0,15.0,60.0,0.8833333333333333,1.265772794411076,0.9877409681183582,0.933233280618117,0.9879611555855249,0.5101309417654011,16.28404851224837,0.3076719374483682,mixed
2025-03-06 13:00:00,60.0,1.0,15.0,60.0,0.7,1.518405960465846,0.9420251897896326,1.1488725740946277,1.3073525184762727,0.5555481668524728,15.28197849912116,0.41501764689990867,mixed
2025-03-06 14:00:00,51.267605633802816,1.647887323943662,16.929577464788732,61.929577464788736,0.7183098591549296,2.35863358142959,1.176632880667361,1.4150050744590854,1.3534809169472306,0.5839200749648528,16.14770647485474,0.41074915236469245,mixed
2025-03-06 15:00:00,31.875,2.8125,28.866071428571427,96.9375,0.8392857142857143,1.3518610048645578,0.9284842668125094,1.1297631849303993,1.1702049418689278,0.409601337076991,14.77005404621052,0.4056242736074126,mixed
2025-03-06 16:00:00,30.50420168067227,3.0588235294117645,29.445378151260503,117.1344537815126,0.9747899159663865,0.7250690999819039,0.8285175273736769,1.0448200032826997,1.0754740780144743,0.4090600193802407,91.3306927296246,0.4022742196374188,mixed
2025-03-06 17:00:00,36.06060606060606,2.525252525252525,29.757575757575758,117.21212121212122,1.2828282828282829,1.5069654229282428,0.7957767425176616,1.1494496577688107,1.4096715271758788,0.4628264923429376,46.85618554681771,0.4668393339402276,mixed
2025-03-06 18:00:00,60.0,1.0,15.0,70.43333333333334,1.0333333333333334,1.05524601958848,1.0367894591819744,1.631980184805968,2.092919709333525,0.6701913012509871,72.46172290897552,0.4736464060177104,mixed
2025-03-06 19:00:00,60.0,1.0,15.0,60.0,0.75,1.3449261352953927,1.2612441128910765,1.458709613719617,1.636514790939906,0.6203668436808845,61.454303993809035,0.45390788736346593,mixed
2025-03-06 20:00:00,60.0,1.0,15.0,60.0,1.0,1.0249956512383844,0.9141936855376945,1.4075236143914216,1.0820426619539734,0.637859586592077,6.910564863875352,0.45936068744141867,mixed
2025-03-06 21:00:00,60.0,1.0,15.0,60.0,0.43333333333333335,0.7772835002416502,1.0438346665792329,1.1602312388099958,1.396937042267989,0.5673822609542859,31.938482690281013,0.409207496220448,mixed
2025-03-06 22:00:00,60.0,1.0,15.0,60.0,0.7666666666666667,0.896001820548473,1.370916342955642,1.4768185612866893,1.5455318654261496,0.6209985517626498,132.65522140846116,0.400585971714178,mixed
2025-03-06 23:00:00,58.54545454545455,1.1090909090909091,15.090909090909092,60.09090909090909,0.4727272727272727,1.0704800751259709,1.1126189018268131,1.1275661098380176,1.379253825056566,0.5316578024605867,86.26061072397077,0.3885875921700762,mixed
