timestamp,asset,side,quantity,entry_price,exit_price,profit_loss,balance
2025-04-07 09:30:00,GOOGL,SELL,100.5,196.9896,196.538,-45.3858,9954.6142
2025-04-07 09:30:40,NFLX,BUY,260.7,667.3845,662.6185,-1242.4962,8712.118
2025-04-07 09:31:55,META,BUY,17.4,469.5171,464.5738,-86.01342,8626.10458
2025-04-07 09:32:58,MSFT,SELL,315.1,387.6021,385.3725,-702.54696,7923.55762
2025-04-07 09:33:40,NFLX,BUY,306.8,673.1604,674.3697,371.01324,8294.57086
2025-04-07 09:34:59,MSFT,BUY,284.7,445.1189,451.4779,1810.4073,10104.97816
2025-04-07 09:36:05,TSLA,BUY,303.1,328.4353,331.4132,902.60149,11007.57965
2025-04-07 09:37:00,AMZN,BUY,305.9,228.3551,225.6703,-821.28032,10186.29933
2025-04-07 09:38:10,NVDA,BUY,83.5,854.1585,861.7267,631.9447,10818.24403
2025-04-07 09:38:51,NVDA,SELL,338.6,615.1842,621.9085,2276.84798,13095.09201
2025-04-07 09:39:48,NFLX,SELL,307.6,677.6218,668.0186,-2953.94432,10141.14769
2025-04-07 09:40:44,MSFT,SELL,124.3,379.3306,380.4296,136.6057,10277.75339
2025-04-07 09:41:44,META,BUY,5.6,488.9729,492.0356,17.15112,10294.90451
2025-04-07 09:42:58,NVDA,SELL,322.7,663.8741,672.814,2884.90573,13179.81024
2025-04-07 09:44:17,NFLX,BUY,143.8,679.4281,677.5609,-268.50336,12911.30688
2025-04-07 09:45:15,MSFT,BUY,238.7,417.7238,423.2423,1317.26595,14228.57283
2025-04-07 09:46:06,AMZN,SELL,205.1,209.2484,208.8083,-90.26451,14138.30832
2025-04-07 09:47:06,GOOGL,SELL,168.2,174.9077,173.4054,-252.68686,13885.62146
2025-04-07 09:47:56,AAPL,SELL,264.1,203.0502,204.9899,512.27477,14397.89623
2025-04-07 09:48:55,NVDA,BUY,344.5,520.3269,513.2434,-2440.26575,11957.63048
2025-04-07 09:50:14,AAPL,SELL,175.6,196.7566,197.9156,203.5204,12161.15088
2025-04-07 09:51:09,MSFT,BUY,310.5,449.0193,453.8746,1507.57065,13668.72153
2025-04-07 09:52:16,NVDA,BUY,321.5,850.192,851.6562,470.7403,14139.46183
2025-04-07 09:53:03,GOOGL,BUY,345.8,185.7948,186.7289,323.01178,14462.47361
2025-04-07 09:54:21,NFLX,SELL,194.0,664.634,671.2252,1278.6928,15741.16641
2025-04-07 09:55:11,GOOGL,SELL,225.0,160.8461,159.6264,-274.4325,15466.73391
2025-04-07 09:56:24,GOOGL,BUY,115.3,170.9821,169.8111,-135.0163,15331.71761
2025-04-07 09:57:38,AAPL,BUY,57.7,182.4771,181.8368,-36.94531,15294.7723
2025-04-07 09:58:31,AAPL,SELL,149.9,193.5327,191.8306,-255.14479,15039.62751
2025-04-07 09:59:48,TSLA,SELL,108.0,267.8735,271.4315,384.264,15423.89151
2025-04-07 10:00:52,META,BUY,235.8,502.8773,501.2006,-395.36586,15028.52565
2025-04-07 10:01:57,MSFT,SELL,189.3,459.2691,465.8925,1253.80962,16282.33527
2025-04-07 10:03:02,TSLA,BUY,135.8,314.3491,310.1081,-575.9278,15706.40747
2025-04-07 10:03:55,GOOGL,SELL,101.0,174.3779,176.3639,200.586,15906.99347
2025-04-07 10:05:01,AMZN,BUY,82.4,200.8568,203.5799,224.38344,16131.37691
2025-04-07 10:05:45,TSLA,BUY,12.0,385.7676,382.2883,-41.7516,16089.62531
2025-04-07 10:06:34,NVDA,BUY,93.4,695.9242,695.1942,-68.182,16021.44331
2025-04-07 10:07:37,MSFT,BUY,112.3,450.2225,445.6811,-509.99922,15511.44409
2025-04-07 10:08:54,TSLA,SELL,73.4,298.0118,301.9587,289.70246,15801.14655
2025-04-07 10:10:11,NVDA,BUY,241.1,795.947,791.2091,-1142.30769,14658.83886
2025-04-07 10:10:58,TSLA,SELL,9.4,282.1888,283.4379,11.74154,14670.5804
2025-04-07 10:12:04,GOOGL,BUY,312.6,172.9031,172.1883,-223.44648,14447.13392
2025-04-07 10:13:13,MSFT,SELL,322.3,386.9089,388.2543,433.62242,14880.75634
2025-04-07 10:14:23,GOOGL,SELL,116.2,191.1706,191.701,61.63248,14942.38882
2025-04-07 10:15:18,AAPL,SELL,135.8,231.9297,232.6974,104.25366,15046.64248
2025-04-07 10:15:59,GOOGL,SELL,280.3,168.7686,167.311,-408.56528,14638.0772
2025-04-07 10:17:00,AMZN,SELL,145.2,202.3303,200.7604,-227.94948,14410.12772
2025-04-07 10:18:15,NVDA,SELL,278.6,772.6119,772.3992,-59.25822,14350.8695
2025-04-07 10:19:00,AMZN,BUY,195.9,197.5526,196.7763,-152.07717,14198.79233
2025-04-07 10:20:02,META,SELL,110.8,496.0768,495.3884,-76.27472,14122.51761
2025-04-07 10:20:56,AAPL,BUY,71.1,191.5395,192.6322,77.69097,14200.20858
2025-04-07 10:22:06,AMZN,SELL,107.2,216.6655,218.8276,231.77712,14431.9857
2025-04-07 10:23:09,MSFT,SELL,195.9,377.2196,382.587,1051.47366,15483.45936
2025-04-07 10:23:57,GOOGL,BUY,166.9,193.4202,193.85,71.73362,15555.19298
2025-04-07 10:25:05,NFLX,BUY,27.5,715.0148,706.7368,-227.645,15327.54798
2025-04-07 10:26:16,AAPL,BUY,332.4,190.5658,192.3446,591.27312,15918.8211
2025-04-07 10:27:01,NVDA,BUY,272.6,723.2161,725.7854,700.39118,16619.21228
2025-04-07 10:29:19,GOOGL,SELL,152.9,171.7654,172.2216,69.75298,16688.96526
2025-04-07 10:32:01,TSLA,BUY,59.2,387.7999,389.6663,110.49088,16799.45614
2025-04-07 10:33:53,AAPL,BUY,209.9,173.5095,173.2519,-54.07024,16745.3859
2025-04-07 10:36:00,TSLA,BUY,85.5,220.0037,217.1734,-241.99065,16503.39525
2025-04-07 10:38:03,NVDA,SELL,56.4,517.0874,512.8185,-240.76596,16262.62929
2025-04-07 10:40:07,MSFT,BUY,322.8,386.5503,390.3104,1213.76028,17476.38957
2025-04-07 10:42:33,AAPL,SELL,330.2,211.7242,212.9929,418.92474,17895.31431
2025-04-07 10:45:07,GOOGL,SELL,91.4,163.7722,162.8992,-79.7922,17815.52211
2025-04-07 10:46:48,NVDA,BUY,98.0,951.1043,956.02,481.7386,18297.26071
2025-04-07 10:48:23,MSFT,SELL,155.4,417.7432,423.9711,967.81566,19265.07637
2025-04-07 10:51:37,GOOGL,BUY,115.8,177.5839,177.0956,-56.54514,19208.53123
2025-04-07 10:53:20,MSFT,SELL,267.4,405.5643,404.3531,-323.87488,18884.65635
2025-04-07 10:54:54,GOOGL,BUY,339.7,169.3631,168.4652,-305.01663,18579.63972
2025-04-07 10:57:15,TSLA,SELL,220.8,255.123,257.0857,433.36416,19013.00388
2025-04-07 11:00:22,TSLA,BUY,104.4,221.1428,218.6948,-255.5712,18757.43268
2025-04-07 11:03:44,GOOGL,BUY,112.2,150.1658,151.1109,106.04022,18863.4729
2025-04-07 11:05:15,META,BUY,44.1,468.1839,472.9791,211.46832,19074.94122
2025-04-07 11:07:00,MSFT,SELL,171.5,452.5798,451.4324,-196.7791,18878.16212
2025-04-07 11:09:30,NVDA,SELL,323.0,733.1809,730.6203,-827.0738,18051.08832
2025-04-07 11:12:05,MSFT,BUY,180.2,403.3875,408.6426,946.96902,18998.05734
2025-04-07 11:15:20,TSLA,SELL,205.1,326.4984,329.804,677.97856,19676.0359
2025-04-07 11:18:14,GOOGL,BUY,135.1,170.6212,171.9667,181.77705,19857.81295
2025-04-07 11:21:43,NFLX,BUY,137.1,717.75,712.1258,-771.07782,19086.73513
2025-04-07 11:25:02,META,BUY,346.0,474.0977,472.4085,-584.4632,18502.27193
2025-04-07 11:28:13,MSFT,SELL,338.0,459.055,453.9078,-1739.7536,16762.51833
2025-04-07 11:30:25,AAPL,SELL,305.5,177.7236,175.8263,-579.62515,16182.89318
2025-04-07 11:32:14,AAPL,SELL,220.0,224.2376,222.6569,-347.754,15835.13918
2025-04-07 11:34:34,AAPL,SELL,253.0,232.7647,231.4845,-323.8906,15511.24858
2025-04-07 11:37:41,GOOGL,BUY,241.1,179.0058,177.5815,-343.39873,15167.84985
2025-04-07 11:39:47,NVDA,BUY,158.1,672.7595,680.2792,1188.86457,16356.71442
2025-04-07 11:42:45,AMZN,BUY,106.2,181.6387,183.2524,171.37494,16528.08936
2025-04-07 11:45:02,META,BUY,65.4,470.4213,465.9061,-295.29408,16232.79528
2025-04-07 11:47:50,META,BUY,85.1,508.7151,509.9842,108.00041,16340.79569
2025-04-07 11:50:41,AMZN,SELL,238.8,198.0629,200.4468,569.27532,16910.07101
2025-04-07 11:52:31,AAPL,SELL,108.2,236.6997,240.1625,374.67496,17284.74597
2025-04-07 11:54:55,AMZN,SELL,86.8,223.0375,222.9251,-9.75632,17274.98965
2025-04-07 11:57:38,NFLX,SELL,342.4,723.6558,719.2103,-1522.1392,15752.85045
2025-04-07 12:00:32,META,SELL,319.2,456.633,463.1209,2070.93768,17823.78813
2025-04-07 12:03:37,GOOGL,SELL,281.7,183.4006,181.9157,-418.29633,17405.4918
2025-04-07 12:05:35,NVDA,SELL,221.7,787.5496,795.5433,1772.20329,19177.69509
2025-04-07 12:09:00,TSLA,SELL,130.9,339.9384,335.1796,-622.92692,18554.76817
2025-04-07 12:10:46,AAPL,SELL,307.4,189.9835,191.6165,501.9842,19056.75237
2025-04-07 12:13:02,AMZN,BUY,171.2,190.8283,192.6871,318.22656,19374.97893
2025-04-07 12:16:15,AMZN,SELL,82.8,217.2934,218.9502,137.18304,19512.16197
2025-04-07 12:19:11,META,SELL,96.2,460.3244,458.8685,-140.05758,19372.10439
2025-04-07 12:20:56,GOOGL,SELL,329.4,182.1703,183.9323,580.4028,19952.50719
2025-04-07 12:22:39,NVDA,SELL,198.7,456.6585,461.9224,1045.93693,20998.44412
2025-04-07 12:26:06,NVDA,BUY,45.3,760.1266,763.5298,154.16496,21152.60908
2025-04-07 12:27:41,TSLA,SELL,86.0,400.7118,396.097,-396.8728,20755.73628
2025-04-07 12:30:19,MSFT,SELL,149.6,412.3421,417.8589,825.31328,21581.04956
2025-04-07 12:33:24,MSFT,SELL,217.4,425.1575,429.4137,925.29788,22506.34744
2025-04-07 12:36:54,AMZN,BUY,130.1,214.0729,212.3782,-220.48047,22285.86697
2025-04-07 12:39:51,NFLX,SELL,339.0,593.786,589.7936,-1353.4236,20932.44337
2025-04-07 12:41:00,AAPL,BUY,89.0,214.068,215.9098,163.9202,21096.36357
2025-04-07 12:41:48,NVDA,BUY,207.3,864.3134,865.719,291.38088,21387.74445
2025-04-07 12:42:42,NFLX,BUY,345.7,687.0915,697.0686,3449.08347,24836.82792
2025-04-07 12:43:56,AMZN,BUY,50.5,178.7606,180.7258,99.2426,24936.07052
2025-04-07 12:44:58,NVDA,SELL,44.2,457.6396,456.5545,-47.96142,24888.1091
2025-04-07 12:45:42,GOOGL,SELL,42.6,192.6019,192.6784,3.2589,24891.368
2025-04-07 12:46:54,NVDA,BUY,227.0,819.7823,814.9037,-1107.4422,23783.9258
2025-04-07 12:47:35,TSLA,SELL,42.2,357.8467,357.0552,-33.4013,23750.5245
2025-04-07 12:48:43,AAPL,BUY,207.0,194.0963,194.8202,149.8473,23900.3718
2025-04-07 12:49:43,META,SELL,39.2,501.9937,503.5814,62.23784,23962.60964
2025-04-07 12:50:30,NVDA,SELL,148.5,676.3903,675.4467,-140.1246,23822.48504
2025-04-07 12:51:16,NFLX,SELL,334.0,628.261,623.6412,-1543.0132,22279.47184
2025-04-07 12:52:26,AAPL,BUY,285.1,230.1017,231.7501,469.95884,22749.43068
2025-04-07 12:53:41,TSLA,SELL,306.4,318.7491,317.8962,-261.32856,22488.10212
2025-04-07 12:54:48,TSLA,SELL,231.6,296.1877,293.6352,-591.159,21896.94312
2025-04-07 12:55:42,AAPL,SELL,268.1,234.4489,233.5174,-249.73515,21647.20797
2025-04-07 12:56:58,NVDA,SELL,226.7,881.6958,884.6999,681.02947,22328.23744
2025-04-07 12:57:39,AMZN,BUY,111.6,183.4521,184.5677,124.50096,22452.7384
2025-04-07 12:58:40,NFLX,BUY,260.6,609.9452,602.0693,-2052.45954,20400.27886
2025-04-07 12:59:21,AAPL,BUY,59.3,202.0663,201.7853,-16.6633,20383.61556
2025-04-07 13:00:20,NFLX,BUY,33.1,708.3524,698.7846,-316.69418,20066.92138
2025-04-07 13:01:28,META,SELL,79.4,523.7257,522.3774,-107.05502,19959.86636
2025-04-07 13:02:40,AAPL,SELL,235.2,198.5319,198.4523,-18.72192,19941.14444
2025-04-07 13:03:22,NVDA,SELL,75.5,949.5914,936.9081,-957.58915,18983.55529
2025-04-07 13:04:15,MSFT,SELL,49.6,407.4315,406.5839,-42.04096,18941.51433
2025-04-07 13:05:29,NVDA,SELL,19.6,490.0521,495.3706,104.2426,19045.75693
2025-04-07 13:06:10,GOOGL,BUY,149.1,187.994,189.1755,176.16165,19221.91858
2025-04-07 13:06:57,META,BUY,331.9,553.2913,547.8448,-1807.69335,17414.22523
2025-04-07 13:08:06,NFLX,BUY,32.1,645.3479,643.4206,-61.86633,17352.3589
2025-04-07 13:09:05,NFLX,BUY,181.1,629.9306,623.659,-1135.78676,16216.57214
2025-04-07 13:09:52,NVDA,SELL,40.5,632.5035,625.8184,-270.74655,15945.82559
2025-04-07 13:10:48,NVDA,BUY,231.2,749.3311,755.1807,1352.42752,17298.25311
2025-04-07 13:11:39,GOOGL,SELL,199.7,189.2886,191.6972,480.99742,17779.25053
2025-04-07 13:12:59,NFLX,SELL,157.6,595.6863,587.9713,-1215.884,16563.36653
2025-04-07 13:13:58,AMZN,BUY,132.2,199.3282,196.5632,-365.533,16197.83353
2025-04-07 13:14:56,AAPL,BUY,164.6,215.5519,215.5976,7.52222,16205.35575
2025-04-07 13:16:11,TSLA,SELL,178.0,374.3551,375.5344,209.9154,16415.27115
2025-04-07 13:16:54,GOOGL,BUY,343.9,190.0883,192.0122,661.62921,17076.90036
2025-04-07 13:17:39,MSFT,BUY,59.8,394.8461,395.1156,16.1161,17093.01646
2025-04-07 13:18:42,AMZN,SELL,211.3,199.5329,198.5654,-204.43275,16888.58371
2025-04-07 13:20:02,NFLX,BUY,298.8,621.5378,616.9135,-1381.74084,15506.84287
2025-04-07 13:21:20,MSFT,SELL,321.3,384.7595,386.648,606.77505,16113.61792
2025-04-07 13:22:19,META,BUY,278.1,519.4359,517.5142,-534.42477,15579.19315
2025-04-07 13:23:07,AAPL,SELL,111.6,203.9597,201.0119,-328.97448,15250.21867
2025-04-07 13:24:00,NFLX,SELL,276.9,609.7821,606.0464,-1034.41533,14215.80334
2025-04-07 13:25:12,TSLA,SELL,211.1,369.0978,370.4048,275.9077,14491.71104
2025-04-07 13:26:01,MSFT,BUY,156.0,447.7102,443.218,-700.7832,13790.92784
2025-04-07 13:27:07,NFLX,BUY,264.6,706.7236,709.0684,620.43408,14411.36192
2025-04-07 13:28:15,NVDA,BUY,131.9,606.7597,612.8597,804.59,15215.95192
2025-04-07 13:29:31,GOOGL,SELL,178.5,184.3762,185.9146,274.6044,15490.55632
2025-04-07 13:30:37,MSFT,BUY,306.6,446.5476,448.4389,579.87258,16070.4289
2025-04-07 13:31:52,AAPL,BUY,99.1,192.8522,194.3745,150.85993,16221.28883
2025-04-07 13:33:04,MSFT,SELL,326.0,395.1293,399.6887,1486.3644,17707.65323
2025-04-07 13:34:10,TSLA,SELL,348.1,270.5913,268.4464,-746.63969,16961.01354
2025-04-07 13:36:27,NVDA,BUY,55.4,615.7758,612.7331,-168.56558,16792.44796
2025-04-07 13:38:01,AMZN,SELL,248.4,217.9017,215.5405,-586.52208,16205.92588
2025-04-07 13:40:28,TSLA,BUY,215.1,155.3603,157.4121,441.34218,16647.26806
2025-04-07 13:42:52,AAPL,SELL,87.3,189.4145,187.2657,-187.59024,16459.67782
2025-04-07 13:45:43,GOOGL,BUY,182.8,165.5655,163.1637,-439.04904,16020.62878
2025-04-07 13:47:43,MSFT,SELL,88.0,410.5566,411.9707,124.4408,16145.06958
2025-04-07 13:50:06,MSFT,BUY,276.3,413.9501,414.4975,151.24662,16296.3162
2025-04-07 13:52:40,TSLA,SELL,138.5,377.8433,372.6691,-716.6267,15579.6895
2025-04-07 13:54:57,AMZN,BUY,40.8,198.0248,198.9581,38.07864,15617.76814
2025-04-07 13:57:41,NFLX,BUY,285.7,587.7367,588.548,231.78841,15849.55655
2025-04-07 13:59:33,GOOGL,SELL,162.9,184.1084,185.6339,248.50395,16098.0605
2025-04-07 14:01:40,NVDA,BUY,113.9,843.8824,853.6493,1112.44991,17210.51041
2025-04-07 14:03:49,META,SELL,274.4,477.9318,475.8811,-562.71208,16647.79833
2025-04-07 14:07:09,NFLX,SELL,311.9,594.1708,591.8182,-733.77594,15914.02239
2025-04-07 14:10:14,GOOGL,SELL,280.1,173.2238,172.5344,-193.10094,15720.92145
2025-04-07 14:12:18,AAPL,SELL,288.7,182.6023,183.1635,162.01844,15882.93989
2025-04-07 14:14:57,AMZN,SELL,252.6,178.6743,178.3844,-73.22874,15809.71115
2025-04-07 14:16:48,GOOGL,SELL,319.5,178.8152,180.0319,388.73565,16198.4468
2025-04-07 14:19:36,META,SELL,145.1,520.7844,523.4589,388.06995,16586.51675
2025-04-07 14:22:11,MSFT,BUY,274.6,389.7618,391.0196,345.39188,16931.90863
2025-04-07 14:23:45,MSFT,BUY,16.2,395.9773,401.3167,86.49828,17018.40691
2025-04-07 14:25:34,GOOGL,SELL,203.0,167.991,169.3169,269.1577,17287.56461
2025-04-07 14:28:11,NFLX,SELL,69.2,621.7348,612.8921,-611.91484,16675.64977
2025-04-07 14:30:47,META,BUY,159.0,491.3016,487.7685,-561.7629,16113.88687
2025-04-07 14:33:35,AMZN,SELL,251.1,187.3001,185.4608,-461.84823,15652.03864
2025-04-07 14:35:16,NFLX,SELL,105.2,680.8128,681.834,107.43024,15759.46888
2025-04-07 14:37:24,MSFT,BUY,52.9,440.9561,437.0005,-209.25124,15550.21764
2025-04-07 14:40:35,GOOGL,BUY,166.3,171.1005,171.4715,61.6973,15611.91494
2025-04-07 14:43:15,MSFT,BUY,146.7,378.8876,378.6451,-35.57475,15576.34019
2025-04-07 14:45:37,AAPL,BUY,160.2,242.8098,243.8466,166.09536,15742.43555
2025-04-07 14:48:34,NFLX,BUY,338.4,704.2649,697.5454,-2273.8788,13468.55675
2025-04-07 14:50:59,TSLA,BUY,60.9,272.5091,270.9078,-97.51917,13371.03758
2025-04-07 14:54:28,NVDA,SELL,72.7,919.6829,908.0634,-844.73765,12526.29993
2025-04-07 14:57:08,AMZN,BUY,37.2,208.892,209.6091,26.67612,12552.97605
2025-04-07 15:00:00,MSFT,BUY,323.8,386.0508,384.1702,-608.93828,11944.03777
2025-04-07 15:01:35,TSLA,BUY,204.0,153.7701,154.4226,133.11,12077.14777
2025-04-07 15:04:28,NVDA,SELL,226.5,769.3488,770.4007,238.25535,12315.40312
2025-04-07 15:06:36,GOOGL,BUY,107.6,193.1939,194.2661,115.36872,12430.77184
2025-04-07 15:08:15,TSLA,BUY,112.8,256.5401,257.361,92.59752,12523.36936
2025-04-07 15:11:16,NFLX,SELL,132.8,716.8861,708.9451,-1054.5648,11468.80456
2025-04-07 15:13:57,AAPL,SELL,22.5,190.845,188.7889,-46.26225,11422.54231
2025-04-07 15:16:16,META,BUY,285.6,559.6984,566.4536,1929.28512,13351.82743
2025-04-07 15:19:45,NFLX,BUY,111.4,680.8247,680.7994,-2.81842,13349.00901
2025-04-07 15:21:17,AAPL,SELL,79.2,205.4466,208.323,227.81088,13576.81989
2025-04-07 15:23:32,TSLA,BUY,103.6,212.4699,213.5696,113.92892,13690.74881
2025-04-07 15:25:03,AAPL,SELL,131.2,173.8435,172.6152,-161.15296,13529.59585
2025-04-07 15:27:24,NFLX,BUY,30.4,633.107,634.1179,30.73136,13560.32721
2025-04-07 15:29:58,GOOGL,SELL,215.8,190.7329,191.4381,152.18216,13712.50937
2025-04-07 15:31:44,AAPL,SELL,54.8,202.4896,201.6732,-44.73872,13667.77065
2025-04-07 15:34:31,META,BUY,119.9,454.4537,449.5052,-593.32515,13074.4455
2025-04-07 15:37:01,GOOGL,BUY,61.1,177.845,178.4483,36.86163,13111.30713
2025-04-07 15:39:49,AMZN,SELL,174.0,202.4687,202.5277,10.266,13121.57313
2025-04-07 15:42:31,AMZN,SELL,206.4,214.7995,217.892,638.292,13759.86513
2025-04-07 15:45:42,TSLA,SELL,340.4,221.8909,222.9266,352.55228,14112.41741
2025-04-07 15:48:26,NVDA,BUY,295.2,745.134,747.8106,790.13232,14902.54973
2025-04-07 15:50:14,NVDA,BUY,70.8,742.4664,746.9328,316.22112,15218.77085
2025-04-07 15:52:40,NFLX,SELL,322.6,599.3235,604.2674,1594.90214,16813.67299
2025-04-07 15:56:01,TSLA,BUY,349.4,274.8864,275.3885,175.43374,16989.10673
2025-04-07 15:58:32,META,SELL,238.2,549.2612,550.0237,181.6275,17170.73423
2025-04-07 16:01:53,AMZN,SELL,197.5,187.1219,185.6989,-281.0425,16889.69173
2025-04-07 16:03:51,AMZN,SELL,198.4,211.6448,211.5166,-25.43488,16864.25685
2025-04-07 16:07:20,AMZN,SELL,136.0,176.3128,177.247,127.0512,16991.30805
2025-04-07 16:09:40,NFLX,BUY,157.6,618.8099,615.9577,-449.50672,16541.80133
2025-04-07 16:11:42,GOOGL,BUY,326.9,171.7857,171.9845,64.98772,16606.78905
2025-04-07 16:14:41,AMZN,BUY,317.3,180.7959,178.3593,-773.13318,15833.65587
2025-04-07 16:16:39,NVDA,BUY,168.0,496.4071,493.8798,-424.5864,15409.06947
2025-04-07 16:19:36,MSFT,BUY,308.8,460.0651,462.1753,651.62976,16060.69923
2025-04-07 16:22:06,GOOGL,BUY,103.5,188.6104,187.4066,-124.5933,15936.10593
2025-04-07 16:23:43,AAPL,BUY,65.4,205.4861,208.0335,166.59996,16102.70589
2025-04-07 16:27:05,MSFT,BUY,175.9,448.1949,446.8099,-243.6215,15859.08439
2025-04-07 16:30:34,AMZN,BUY,103.2,173.3413,175.853,259.20744,16118.29183
2025-04-07 16:33:26,GOOGL,BUY,71.5,192.311,192.1265,-13.19175,16105.10008
2025-04-07 16:35:10,NFLX,BUY,121.3,677.6074,667.7296,-1198.17714,14906.92294
2025-04-07 16:37:17,NVDA,BUY,144.9,749.0864,752.2039,451.72575,15358.64869
2025-04-07 16:39:41,NFLX,BUY,327.9,647.7941,647.3559,-143.68578,15214.96291
2025-04-07 16:41:11,AMZN,SELL,334.1,195.9311,197.4227,498.34356,15713.30647
2025-04-07 16:43:19,TSLA,SELL,110.8,312.7907,309.2082,-396.941,15316.36547
2025-04-07 16:45:40,AMZN,BUY,131.8,208.4529,211.2085,363.18808,15679.55355
2025-04-07 16:47:38,NVDA,BUY,247.2,674.6947,672.1368,-632.31288,15047.24067
2025-04-07 16:51:04,GOOGL,BUY,210.6,193.4683,194.515,220.43502,15267.67569
2025-04-07 16:54:14,AAPL,SELL,290.9,199.7611,197.4371,-676.0516,14591.62409
2025-04-07 16:57:39,NVDA,BUY,157.4,540.7888,546.5399,905.22314,15496.84723
2025-04-07 17:00:36,NVDA,SELL,182.1,486.3965,485.717,-123.73695,15373.11028
2025-04-07 17:03:04,TSLA,SELL,12.5,317.5995,315.7717,-22.8475,15350.26278
2025-04-07 17:05:06,TSLA,BUY,348.0,298.9887,295.0758,-1361.6892,13988.57358
2025-04-07 17:08:35,AAPL,SELL,270.3,173.5116,173.0372,-128.23032,13860.34326
2025-04-07 17:11:43,META,SELL,134.6,551.7501,558.4831,906.2618,14766.60506
2025-04-07 17:14:40,MSFT,SELL,140.6,396.2842,402.1434,823.80352,15590.40858
2025-04-07 17:16:26,NVDA,BUY,151.3,833.6145,839.0937,829.00296,16419.41154
2025-04-07 17:18:44,NVDA,BUY,70.0,679.5614,672.5304,-492.17,15927.24154
2025-04-07 17:22:06,AAPL,BUY,10.4,219.2148,221.7386,26.24752,15953.48906
2025-04-07 17:24:02,AAPL,BUY,236.8,215.7174,215.3708,-82.07488,15871.41418
2025-04-07 17:27:23,TSLA,BUY,303.0,332.149,329.3317,-853.6419,15017.77228
2025-04-07 17:29:00,MSFT,SELL,203.8,400.8383,405.8455,1020.46736,16038.23964
2025-04-07 17:31:43,NFLX,BUY,108.7,626.8129,621.5673,-570.19672,15468.04292
2025-04-07 17:33:20,MSFT,SELL,123.8,430.2234,424.3752,-724.00716,14744.03576
2025-04-07 17:36:12,META,SELL,190.6,523.0541,518.0936,-945.4713,13798.56446
2025-04-07 17:38:12,NVDA,SELL,164.7,881.0718,871.6713,-1548.26235,12250.30211
2025-04-07 17:39:49,META,SELL,228.1,513.7839,509.2113,-1043.01006,11207.29205
2025-04-07 17:43:17,GOOGL,SELL,70.7,161.9444,163.0355,77.14077,11284.43282
2025-04-07 17:45:21,META,BUY,197.8,549.3063,553.0027,731.14792,12015.58074
2025-04-07 17:47:52,NVDA,SELL,78.1,609.4311,616.9087,584.00056,12599.5813
2025-04-07 17:49:46,AAPL,SELL,87.6,231.3978,230.6802,-62.86176,12536.71954
2025-04-07 17:51:57,AMZN,SELL,111.4,193.2951,194.1575,96.07136,12632.7909
2025-04-07 17:54:13,GOOGL,SELL,320.4,165.0285,166.7105,538.9128,13171.7037
2025-04-07 17:56:30,NFLX,SELL,260.7,585.7408,592.1386,1667.90646,14839.61016
2025-04-07 17:58:02,AMZN,SELL,89.8,192.4347,192.8376,36.18042,14875.79058
2025-04-07 18:00:42,NFLX,SELL,254.6,690.281,690.0454,-59.98376,14815.80682
2025-04-07 18:03:46,GOOGL,SELL,173.5,163.4196,164.4997,187.39735,15003.20417
2025-04-07 18:07:13,TSLA,BUY,287.2,356.8429,352.286,-1308.74168,13694.46249
2025-04-07 18:08:49,TSLA,SELL,80.5,183.0947,181.1779,-154.3024,13540.16009
2025-04-07 18:11:17,NFLX,BUY,217.7,665.1237,668.4511,724.37498,14264.53507
2025-04-07 18:13:48,GOOGL,BUY,99.8,154.5658,154.7022,13.61272,14278.14779
2025-04-07 18:15:54,TSLA,SELL,41.9,351.2958,355.6143,180.94515,14459.09294
2025-04-07 18:17:36,MSFT,BUY,141.9,386.2928,383.5964,-382.61916,14076.47378
2025-04-07 18:19:53,META,SELL,82.9,510.6299,518.1397,622.56242,14699.0362
2025-04-07 18:22:50,AAPL,BUY,8.3,171.9417,169.652,-19.00451,14680.03169
2025-04-07 18:24:41,AAPL,SELL,119.3,233.5361,234.5513,121.11336,14801.14505
2025-04-07 18:28:00,AAPL,BUY,98.5,192.33,192.7153,37.95205,14839.0971
2025-04-07 18:31:28,AAPL,SELL,16.4,228.4895,228.9248,7.13892,14846.23602
2025-04-07 18:34:56,NFLX,BUY,142.4,707.4711,711.9857,642.87904,15489.11506
2025-04-07 18:36:35,AMZN,BUY,298.1,201.6742,202.0777,120.28335,15609.39841
2025-04-07 18:39:31,NFLX,SELL,177.8,695.3114,699.9873,831.37502,16440.77343
2025-04-07 18:41:45,TSLA,BUY,122.5,270.7798,273.531,337.022,16777.79543
2025-04-07 18:44:53,META,SELL,127.8,450.9719,450.8448,-16.24338,16761.55205
2025-04-07 18:48:23,META,SELL,136.1,485.9227,487.1746,170.38359,16931.93564
2025-04-07 18:51:31,AMZN,BUY,223.7,216.7389,218.1153,307.90068,17239.83632
2025-04-07 18:54:35,META,SELL,330.3,491.1035,485.0853,-1987.81146,15252.02486
2025-04-07 18:57:01,NFLX,SELL,181.8,598.8431,599.8669,186.12684,15438.1517
2025-04-07 18:58:44,TSLA,BUY,211.3,241.2471,238.3019,-622.32076,14815.83094
2025-04-07 19:00:55,META,BUY,317.3,480.501,486.2834,1834.75552,16650.58646
2025-04-07 19:02:56,MSFT,SELL,97.6,394.9233,392.1855,-267.20928,16383.37718
2025-04-07 19:04:44,AAPL,BUY,91.8,195.3663,192.8866,-227.63646,16155.74072
2025-04-07 19:06:45,GOOGL,BUY,7.3,178.3406,176.3904,-14.23646,16141.50426
2025-04-07 19:09:05,NFLX,SELL,301.5,690.4073,696.9415,1970.0613,18111.56556
2025-04-07 19:11:51,MSFT,SELL,74.3,409.6153,415.1117,408.38252,18519.94808
2025-04-07 19:14:01,MSFT,SELL,203.7,455.5141,455.3912,-25.03473,18494.91335
2025-04-07 19:16:02,NFLX,SELL,130.9,626.6871,632.0616,703.52205,19198.4354
2025-04-07 19:19:31,NVDA,BUY,249.4,779.0992,778.2022,-223.7118,18974.7236
2025-04-07 19:21:57,AMZN,BUY,146.2,216.2149,218.1327,280.38236,19255.10596
2025-04-07 19:24:30,MSFT,SELL,30.5,395.0592,398.4853,104.49605,19359.60201
2025-04-07 19:27:16,GOOGL,SELL,305.0,172.3912,174.5814,668.011,20027.61301
2025-04-07 19:29:39,TSLA,SELL,42.7,327.9691,332.0464,174.10071,20201.71372
2025-04-07 19:31:40,NFLX,BUY,344.3,664.3758,655.2931,-3127.17361,17074.54011
2025-04-07 19:34:36,META,SELL,181.2,555.5691,551.548,-728.62332,16345.91679
2025-04-07 19:37:12,NVDA,SELL,239.4,637.3679,636.6616,-169.08822,16176.82857
2025-04-07 19:40:10,MSFT,SELL,34.6,455.6564,461.4052,198.90848,16375.73705
2025-04-07 19:43:26,MSFT,SELL,76.4,405.4033,404.8601,-41.50048,16334.23657
2025-04-07 19:45:57,NFLX,SELL,20.4,592.7065,585.0103,-157.00248,16177.23409
2025-04-07 19:48:57,AAPL,BUY,238.6,224.0396,225.0341,237.2877,16414.52179
2025-04-07 19:50:48,NVDA,BUY,280.2,723.3869,722.5634,-230.7447,16183.77709
2025-04-07 19:53:38,MSFT,BUY,15.1,435.8419,434.9545,-13.39974,16170.37735
2025-04-07 19:56:26,NVDA,SELL,264.6,740.1205,733.5879,-1728.52596,14441.85139
2025-04-07 19:59:39,AAPL,BUY,131.2,230.9873,231.2429,33.53472,14475.38611
2025-04-07 20:01:34,GOOGL,BUY,211.0,170.7874,171.5001,150.3797,14625.76581
2025-04-07 20:04:22,META,BUY,218.0,483.6181,488.6311,1092.834,15718.59981
2025-04-07 20:07:36,AMZN,BUY,133.8,210.5387,208.1193,-323.71572,15394.88409
2025-04-07 20:09:24,META,SELL,150.9,519.0113,520.1761,175.76832,15570.65241
2025-04-07 20:11:56,MSFT,BUY,23.5,421.9353,421.3151,-14.5747,15556.07771
2025-04-07 20:14:11,TSLA,SELL,337.5,187.4873,189.2603,598.3875,16154.46521
2025-04-07 20:16:45,GOOGL,SELL,33.5,177.5543,177.4941,-2.0167,16152.44851
2025-04-07 20:18:18,NVDA,SELL,104.6,471.1867,467.2972,-406.8417,15745.60681
2025-04-07 20:21:27,GOOGL,SELL,289.0,181.603,183.1018,433.1532,16178.76001
2025-04-07 20:23:43,TSLA,SELL,40.3,288.1959,292.4304,170.65035,16349.41036
2025-04-07 20:26:59,NVDA,SELL,35.0,891.2297,900.9138,338.9435,16688.35386
2025-04-07 20:30:19,AAPL,BUY,242.8,185.4768,186.799,321.03016,17009.38402
2025-04-07 20:33:39,META,BUY,201.7,519.7672,524.5299,960.63659,17970.02061
2025-04-07 20:36:17,AMZN,BUY,104.8,183.856,184.9815,117.9524,18087.97301
2025-04-07 20:38:21,AAPL,BUY,304.1,239.8855,243.4297,1077.79122,19165.76423
2025-04-07 20:40:07,MSFT,BUY,90.4,380.7763,378.7441,-183.71088,18982.05335
2025-04-07 20:43:24,META,SELL,31.1,460.9045,459.1785,-53.6786,18928.37475
2025-04-07 20:46:35,AAPL,SELL,328.0,200.8964,199.5598,-438.4048,18489.96995
2025-04-07 20:48:52,GOOGL,SELL,257.2,178.352,179.5972,320.26544,18810.23539
2025-04-07 20:51:20,NFLX,BUY,339.0,691.5289,689.4069,-719.358,18090.87739
2025-04-07 20:54:35,NVDA,SELL,200.3,586.4138,587.7848,274.6113,18365.48869
2025-04-07 20:57:07,NFLX,BUY,293.7,582.4316,584.6363,647.52039,19013.00908
2025-04-07 20:58:39,AAPL,BUY,242.6,213.4813,211.5748,-462.5169,18550.49218
2025-04-07 21:00:25,AMZN,BUY,37.2,223.1468,225.6679,93.78492,18644.2771
2025-04-07 21:02:41,AMZN,BUY,110.4,197.9264,197.3109,-67.9512,18576.3259
2025-04-07 21:05:40,NVDA,SELL,5.4,776.0332,780.7755,25.60842,18601.93432
2025-04-07 21:08:11,AAPL,BUY,123.5,206.1717,203.129,-375.77345,18226.16087
2025-04-07 21:09:56,META,BUY,35.8,501.8857,497.8046,-146.10338,18080.05749
2025-04-07 21:13:09,AAPL,BUY,264.8,193.9257,195.5166,421.27032,18501.32781
2025-04-07 21:14:56,MSFT,BUY,229.3,420.594,414.392,-1422.1186,17079.20921
2025-04-07 21:17:22,NFLX,BUY,301.7,670.9225,674.6776,1132.91367,18212.12288
2025-04-07 21:19:03,AAPL,BUY,137.5,226.8639,227.4735,83.82,18295.94288
2025-04-07 21:21:27,NFLX,BUY,253.8,612.3683,614.2238,470.9259,18766.86878
2025-04-07 21:23:33,TSLA,SELL,70.1,198.3829,199.0193,44.61164,18811.48042
2025-04-07 21:25:53,AMZN,BUY,88.2,219.1136,218.3635,-66.15882,18745.3216
2025-04-07 21:28:44,AAPL,BUY,50.5,235.5224,238.5884,154.833,18900.1546
2025-04-07 21:32:04,META,SELL,30.2,512.7311,520.2277,226.39732,19126.55192
2025-04-07 21:34:49,AAPL,BUY,25.9,193.3442,190.675,-69.13228,19057.41964
2025-04-07 21:38:00,META,SELL,33.4,513.9618,517.0735,103.93078,19161.35042
2025-04-07 21:40:38,MSFT,SELL,322.7,386.6536,381.7704,-1575.80864,17585.54178
2025-04-07 21:43:51,MSFT,SELL,27.8,404.9551,407.1547,61.14888,17646.69066
2025-04-07 21:46:50,META,BUY,154.9,449.2834,443.7062,-863.90828,16782.78238
2025-04-07 21:49:18,TSLA,SELL,52.3,314.8227,310.22,-240.72121,16542.06117
2025-04-07 21:50:49,MSFT,SELL,275.1,453.638,453.9511,86.13381,16628.19498
2025-04-07 21:53:51,AMZN,BUY,45.7,195.4385,196.8042,62.41249,16690.60747
2025-04-07 21:57:16,TSLA,SELL,27.0,341.6104,339.2736,-63.0936,16627.51387
2025-04-07 22:00:17,AAPL,SELL,131.9,198.1099,198.5074,52.43025,16679.94412
2025-04-07 22:02:19,AAPL,BUY,20.2,190.5189,190.5693,1.01808,16680.9622
2025-04-07 22:05:39,TSLA,BUY,336.3,154.114,152.6297,-499.17009,16181.79211
2025-04-07 22:07:13,META,BUY,253.5,493.8801,492.6393,-314.5428,15867.24931
2025-04-07 22:09:17,AAPL,SELL,182.9,177.5959,176.1211,-269.74092,15597.50839
2025-04-07 22:10:52,META,BUY,271.9,545.0114,550.9962,1627.26712,17224.77551
2025-04-07 22:13:01,NFLX,BUY,109.8,660.7751,662.04,138.88602,17363.66153
2025-04-07 22:15:50,NVDA,SELL,349.2,634.3043,643.2833,3135.4668,20499.12833
2025-04-07 22:18:59,NVDA,BUY,224.4,526.2855,526.9414,147.18396,20646.31229
2025-04-07 22:21:57,TSLA,SELL,297.9,149.9122,150.6197,210.76425,20857.07654
2025-04-07 22:25:00,AMZN,BUY,340.5,191.4737,194.1228,902.01855,21759.09509
2025-04-07 22:26:48,AMZN,BUY,296.7,176.8621,175.4373,-422.73816,21336.35693
2025-04-07 22:29:10,NFLX,SELL,287.9,718.3675,710.4693,-2273.89178,19062.46515
2025-04-07 22:30:49,TSLA,SELL,105.6,316.7507,313.2415,-370.57152,18691.89363
2025-04-07 22:34:07,NFLX,SELL,30.8,677.6995,673.0631,-142.80112,18549.09251
2025-04-07 22:36:02,MSFT,BUY,165.8,388.0764,384.169,-647.84692,17901.24559
2025-04-07 22:38:24,AAPL,SELL,46.4,238.6537,236.9712,-78.068,17823.17759
2025-04-07 22:40:14,AMZN,BUY,56.2,190.9681,193.0109,114.80536,17937.98295
2025-04-07 22:43:15,NVDA,SELL,65.0,652.1377,658.4,407.0495,18345.03245
2025-04-07 22:45:36,GOOGL,BUY,278.9,160.5381,158.6208,-534.73497,17810.29748
2025-04-07 22:47:21,TSLA,BUY,133.4,360.2238,363.7216,466.60652,18276.904
2025-04-07 22:50:11,AAPL,SELL,349.0,233.9307,230.948,-1040.9623,17235.9417
2025-04-07 22:52:06,GOOGL,BUY,330.1,164.359,162.4978,-614.38212,16621.55958
2025-04-07 22:53:42,MSFT,SELL,15.2,438.2852,436.9046,-20.98512,16600.57446
2025-04-07 22:56:39,META,BUY,56.3,492.2962,491.4988,-44.89362,16555.68084
2025-04-07 22:59:27,NVDA,SELL,170.3,697.2613,705.2682,1363.57507,17919.25591
2025-04-07 23:01:08,AMZN,SELL,222.6,185.7929,185.9368,32.03214,17951.28805
2025-04-07 23:04:20,TSLA,SELL,192.9,355.3512,353.8493,-289.71651,17661.57154
2025-04-07 23:06:52,NFLX,SELL,314.0,636.2437,630.8806,-1684.0134,15977.55814
2025-04-07 23:10:01,AMZN,BUY,128.3,223.4386,223.2488,-24.35134,15953.2068
2025-04-07 23:12:45,NVDA,BUY,321.5,497.8927,502.617,1518.86245,17472.06925
2025-04-07 23:14:22,NVDA,SELL,296.6,624.1206,630.4721,1883.8549,19355.92415
2025-04-07 23:16:14,NVDA,SELL,246.7,849.526,837.502,-2966.3208,16389.60335
2025-04-07 23:18:56,MSFT,BUY,339.8,436.4549,440.5192,1381.04914,17770.65249
2025-04-07 23:21:35,AMZN,BUY,186.6,205.043,203.3133,-322.76202,17447.89047
2025-04-07 23:23:05,NFLX,BUY,66.2,694.8569,691.5374,-219.7509,17228.13957
2025-04-07 23:26:17,NFLX,BUY,297.0,573.5185,578.2391,1402.0182,18630.15777
2025-04-07 23:29:37,NFLX,BUY,141.5,626.5242,634.8305,1175.34145,19805.49922
2025-04-07 23:31:19,NFLX,SELL,225.5,633.1894,631.9902,-270.4196,19535.07962
2025-04-07 23:33:51,NFLX,BUY,311.9,677.779,679.0392,393.05638,19928.136
2025-04-07 23:36:39,NFLX,BUY,106.6,675.0954,679.8345,505.18806,20433.32406
2025-04-07 23:38:31,TSLA,SELL,200.8,358.208,361.1184,584.40832,21017.73238
2025-04-07 23:40:24,NFLX,BUY,31.8,674.1966,670.7818,-108.59064,20909.14174
2025-04-07 23:42:38,NFLX,BUY,288.5,672.6286,681.973,2695.8594,23605.00114
2025-04-07 23:45:33,NFLX,SELL,276.5,583.5216,580.9042,-723.7111,22881.29004
2025-04-07 23:48:35,TSLA,BUY,339.3,253.925,255.6968,601.17174,23482.46178
2025-04-07 23:51:58,META,SELL,277.1,544.1134,549.4806,1487.25112,24969.7129
2025-04-07 23:54:41,NVDA,BUY,16.5,679.5457,685.6452,100.64175,25070.35465
2025-04-07 23:56:13,NFLX,SELL,257.5,715.9602,713.2852,-688.8125,24381.54215
2025-04-07 23:57:28,AAPL,SELL,171.5,212.9546,213.6806,124.509,24506.05115
2025-04-07 23:58:09,META,BUY,341.2,515.2857,512.6747,-890.8732,23615.17795
2025-04-07 23:59:15,AMZN,SELL,140.6,192.0235,189.6957,-327.28868,23287.88927
2025-04-08 00:00:30,GOOGL,BUY,220.7,159.5935,161.1443,342.26156,23630.15083
2025-04-08 00:01:40,NVDA,BUY,105.7,462.9192,458.3479,-483.18641,23146.96442
2025-04-08 00:02:25,GOOGL,BUY,36.4,164.2427,165.0362,28.8834,23175.84782
2025-04-08 00:03:39,META,BUY,69.4,494.2925,492.5345,-122.0052,23053.84262
2025-04-08 00:04:21,AMZN,SELL,264.5,201.1663,198.5208,-699.73475,22354.10787
2025-04-08 00:05:07,AAPL,SELL,266.0,230.483,229.8883,-158.1902,22195.91767
2025-04-08 00:06:01,TSLA,SELL,168.8,349.201,353.0446,648.79968,22844.71735
2025-04-08 00:06:56,GOOGL,SELL,251.4,161.5825,163.535,490.8585,23335.57585
2025-04-08 00:08:08,MSFT,BUY,78.1,444.3598,439.9228,-346.5297,22989.04615
2025-04-08 00:09:00,MSFT,BUY,155.2,417.7102,423.829,949.63776,23938.68391
2025-04-08 00:10:20,MSFT,SELL,196.9,404.279,399.2703,-986.21303,22952.47088
2025-04-08 00:11:35,NFLX,SELL,9.3,643.7758,651.8326,74.92824,23027.39912
2025-04-08 00:12:54,META,BUY,329.2,499.5628,503.4351,1274.76116,24302.16028
2025-04-08 00:13:40,AAPL,SELL,307.9,236.0651,238.7572,828.89759,25131.05787
2025-04-08 00:14:36,META,SELL,218.3,509.8926,508.4084,-324.00086,24807.05701
2025-04-08 00:15:41,TSLA,SELL,87.0,372.9117,371.0266,-164.0037,24643.05331
2025-04-08 00:16:51,AMZN,SELL,174.6,177.8585,176.6865,-204.6312,24438.42211
2025-04-08 00:17:37,NVDA,BUY,272.0,596.3666,600.7271,1186.056,25624.47811
2025-04-08 00:18:37,AMZN,SELL,145.5,212.8449,215.4848,384.10545,26008.58356
2025-04-08 00:19:48,NFLX,BUY,112.3,655.01,648.3087,-752.55599,25256.02757
2025-04-08 00:21:00,META,BUY,306.9,529.448,524.2658,-1590.41718,23665.61039
2025-04-08 00:21:52,TSLA,BUY,129.3,157.2821,155.1614,-274.20651,23391.40388
2025-04-08 00:22:44,AMZN,SELL,15.5,213.1938,210.7882,-37.2868,23354.11708
2025-04-08 00:23:47,GOOGL,SELL,207.5,162.7625,164.5715,375.3675,23729.48458
2025-04-08 00:24:49,NFLX,BUY,14.5,696.7589,688.197,-124.14755,23605.33703
2025-04-08 00:25:32,MSFT,BUY,238.8,457.9812,460.0061,483.54612,24088.88315
2025-04-08 00:26:29,META,BUY,50.6,552.5193,552.0899,-21.72764,24067.15551
2025-04-08 00:27:20,TSLA,BUY,110.4,211.5455,213.4817,213.75648,24280.91199
2025-04-08 00:28:17,META,SELL,184.6,540.2819,537.075,-591.99374,23688.91825
2025-04-08 00:29:36,META,BUY,338.4,451.7021,458.4699,2290.22352,25979.14177
2025-04-08 00:30:39,AMZN,SELL,117.2,208.1453,206.7496,-163.57604,25815.56573
2025-04-08 00:31:36,AMZN,SELL,87.9,185.8781,185.9745,8.47356,25824.03929
2025-04-08 00:32:19,META,SELL,94.5,523.5734,531.3872,738.4041,26562.44339
2025-04-08 00:33:25,META,SELL,348.2,523.8605,525.1653,454.33136,27016.77475
2025-04-08 00:34:17,NFLX,BUY,128.7,672.4163,681.3057,1144.06578,28160.84053
2025-04-08 00:35:16,MSFT,BUY,260.6,399.1631,398.8132,-91.18394,28069.65659
2025-04-08 00:36:31,MSFT,SELL,150.1,432.9714,437.796,724.17246,28793.82905
2025-04-08 00:37:32,NFLX,SELL,45.6,665.4808,664.7573,-32.9916,28760.83745
2025-04-08 00:38:15,AAPL,SELL,107.9,222.2071,221.4183,-85.11152,28675.72593
2025-04-08 00:38:58,MSFT,BUY,345.6,459.3577,457.1896,-749.29536,27926.43057
2025-04-08 00:40:07,MSFT,SELL,345.4,449.8613,447.6025,-780.18952,27146.24105
2025-04-08 00:41:07,TSLA,BUY,271.9,264.8725,262.5632,-627.89867,26518.34238
2025-04-08 00:42:23,MSFT,SELL,153.1,443.3061,442.4245,-134.97296,26383.36942
2025-04-08 00:43:30,GOOGL,SELL,257.1,152.6237,152.7784,39.77337,26423.14279
2025-04-08 00:44:10,NFLX,BUY,307.6,590.6381,585.7878,-1491.95228,24931.19051
2025-04-08 00:45:09,MSFT,BUY,62.6,410.8947,411.9877,68.4218,24999.61231
2025-04-08 00:45:51,AMZN,SELL,241.9,194.032,193.6459,-93.39759,24906.21472
2025-04-08 00:46:39,NFLX,SELL,332.1,629.5205,623.6362,-1954.17603,22952.03869
2025-04-08 00:47:44,TSLA,BUY,179.1,209.5089,206.504,-538.17759,22413.8611
2025-04-08 00:48:31,NFLX,BUY,271.1,632.2002,634.8615,721.47843,23135.33953
2025-04-08 00:49:50,TSLA,BUY,148.8,314.9238,316.7165,266.75376,23402.09329
2025-04-08 00:50:54,AAPL,SELL,244.8,202.387,200.2809,-515.57328,22886.52001
2025-04-08 00:53:44,TSLA,SELL,246.8,260.099,261.0572,236.48376,23123.00377
2025-04-08 00:56:07,AAPL,BUY,176.7,193.3819,195.0339,291.9084,23414.91217
2025-04-08 00:58:54,NVDA,SELL,60.3,870.3891,868.0327,-142.09092,23272.82125
2025-04-08 01:01:34,GOOGL,BUY,85.9,185.178,185.0706,-9.22566,23263.59559
2025-04-08 01:03:05,AAPL,BUY,181.5,227.0819,224.2894,-506.83875,22756.75684
2025-04-08 01:06:07,AAPL,SELL,342.2,212.6218,212.3459,-94.41298,22662.34386
2025-04-08 01:08:10,GOOGL,BUY,281.6,160.1378,159.1317,-283.31776,22379.0261
2025-04-08 01:10:20,META,BUY,20.8,461.7125,465.289,74.3912,22453.4173
2025-04-08 01:13:39,MSFT,BUY,257.9,416.1124,413.2201,-745.92417,21707.49313
2025-04-08 01:15:56,NFLX,BUY,162.5,588.2729,586.5125,-286.065,21421.42813
2025-04-08 01:19:12,META,SELL,245.2,532.6891,526.5055,-1516.21872,19905.20941
2025-04-08 01:20:49,MSFT,BUY,281.8,406.0977,407.2033,311.55808,20216.76749
2025-04-08 01:23:45,GOOGL,BUY,308.6,183.7622,185.761,616.82968,20833.59717
2025-04-08 01:26:48,MSFT,SELL,146.9,446.8727,441.6837,-762.2641,20071.33307
2025-04-08 01:28:23,AAPL,SELL,261.6,225.8863,226.0545,44.00112,20115.33419
2025-04-08 01:31:25,NVDA,SELL,218.3,710.331,714.3424,875.68862,20991.02281
2025-04-08 01:33:50,NVDA,SELL,197.6,620.6728,626.9857,1247.42904,22238.45185
2025-04-08 01:36:38,TSLA,BUY,297.9,306.4397,303.2858,-939.54681,21298.90504
2025-04-08 01:39:57,GOOGL,BUY,22.4,154.6618,156.8432,48.86336,21347.7684
2025-04-08 01:41:55,META,SELL,158.2,540.0761,533.2522,-1079.54098,20268.22742
2025-04-08 01:44:38,GOOGL,BUY,230.4,191.1706,191.1555,-3.47904,20264.74838
2025-04-08 01:46:21,META,SELL,289.9,454.7622,455.432,194.17502,20458.9234
2025-04-08 01:49:32,AMZN,BUY,286.7,206.6094,208.6258,578.10188,21037.02528
2025-04-08 01:52:50,GOOGL,SELL,168.2,181.4471,182.099,109.64958,21146.67486
2025-04-08 01:55:44,NFLX,SELL,291.3,596.1705,593.3332,-826.50549,20320.16937
2025-04-08 01:58:56,AMZN,SELL,61.6,210.0808,207.2181,-176.34232,20143.82705
2025-04-08 02:00:43,META,BUY,79.4,478.8172,483.8763,401.69254,20545.51959
2025-04-08 02:03:58,NVDA,SELL,324.7,506.2744,504.9754,-421.7853,20123.73429
2025-04-08 02:07:15,AAPL,SELL,6.5,197.0028,199.7442,17.8191,20141.55339
2025-04-08 02:10:19,TSLA,SELL,180.4,356.552,356.3694,-32.94104,20108.61235
2025-04-08 02:13:46,MSFT,BUY,309.5,441.8646,443.1974,412.5016,20521.11395
2025-04-08 02:16:20,META,SELL,268.0,561.3188,568.3225,1876.9916,22398.10555
2025-04-08 02:18:25,META,SELL,246.5,554.1953,552.7446,-357.59755,22040.508
2025-04-08 02:21:30,AMZN,SELL,223.2,214.9342,217.7424,626.79024,22667.29824
2025-04-08 02:23:25,NVDA,SELL,341.4,795.653,800.6751,1714.54494,24381.84318
2025-04-08 02:25:17,NFLX,BUY,206.1,685.2408,686.5211,263.86983,24645.71301
2025-04-08 02:28:47,META,SELL,136.4,545.8143,539.3705,-878.93432,23766.77869
2025-04-08 02:30:23,TSLA,BUY,344.3,217.1202,218.98,640.32914,24407.10783
2025-04-08 02:33:20,AMZN,BUY,16.1,219.6411,221.3121,26.9031,24434.01093
2025-04-08 02:36:34,GOOGL,BUY,198.9,178.831,179.7727,187.30413,24621.31506
2025-04-08 02:38:32,META,BUY,21.2,508.4398,511.3827,62.38948,24683.70454
2025-04-08 02:40:50,META,SELL,112.9,547.8516,555.672,882.92316,25566.6277
2025-04-08 02:43:30,TSLA,BUY,157.9,338.8453,342.5094,578.56139,26145.18909
2025-04-08 02:45:28,NFLX,BUY,106.5,698.3041,708.0306,1035.87225,27181.06134
2025-04-08 02:47:20,AAPL,BUY,101.3,237.1373,233.8693,-331.0484,26850.01294
2025-04-08 02:49:23,MSFT,BUY,119.0,424.209,421.0913,-371.0063,26479.00664
2025-04-08 02:52:23,MSFT,BUY,217.4,391.5844,396.6638,1104.26156,27583.2682
2025-04-08 02:55:17,AMZN,SELL,30.1,219.8951,220.226,9.96009,27593.22829
2025-04-08 02:58:17,NFLX,BUY,192.4,705.2683,698.0612,-1386.64604,26206.58225
2025-04-08 03:00:38,AAPL,SELL,119.5,184.3498,182.7645,-189.44335,26017.1389
2025-04-08 03:02:54,AMZN,BUY,264.5,223.0884,223.4989,108.57725,26125.71615
2025-04-08 03:05:47,TSLA,BUY,317.1,313.3948,312.884,-161.97468,25963.74147
2025-04-08 03:08:35,NVDA,BUY,138.1,786.4789,796.9781,1449.93952,27413.68099
2025-04-08 03:11:14,AMZN,BUY,134.4,235.1633,237.4357,305.41056,27719.09155
2025-04-08 03:14:26,GOOGL,SELL,332.1,159.5977,159.6642,22.08465,27741.1762
2025-04-08 03:16:17,TSLA,BUY,78.5,200.745,201.525,61.23,27802.4062
2025-04-08 03:19:14,META,BUY,155.2,477.4899,480.9475,536.61952,28339.02572
2025-04-08 03:22:28,AAPL,BUY,18.1,162.6255,163.6835,19.1498,28358.17552
2025-04-08 03:24:07,TSLA,BUY,94.2,342.4439,339.6459,-263.5716,28094.60392
2025-04-08 03:26:26,GOOGL,SELL,237.3,172.1518,169.6568,-592.0635,27502.54042
2025-04-08 03:29:04,TSLA,BUY,325.2,332.3188,328.0577,-1385.70972,26116.8307
2025-04-08 03:30:47,AMZN,SELL,324.7,204.3812,203.0416,-434.96812,25681.86258
2025-04-08 03:33:05,META,BUY,280.1,499.4907,497.8573,-457.51534,25224.34724
2025-04-08 03:35:44,AMZN,BUY,338.1,190.8279,193.0433,749.02674,25973.37398
2025-04-08 03:39:04,NFLX,BUY,210.8,655.081,645.3536,-2050.53592,23922.83806
2025-04-08 03:41:42,AAPL,SELL,255.4,183.834,185.1655,340.0651,24262.90316
2025-04-08 03:43:39,META,BUY,67.6,469.4366,465.1318,-291.00448,23971.89868
2025-04-08 03:46:51,TSLA,SELL,236.7,320.4969,316.3927,-971.46414,23000.43454
2025-04-08 03:48:53,AAPL,BUY,231.1,216.3239,213.9111,-557.59808,22442.83646
2025-04-08 03:50:35,AMZN,BUY,160.5,224.8669,223.6377,-197.2866,22245.54986
2025-04-08 03:53:23,AMZN,BUY,6.7,203.2321,202.795,-2.92857,22242.62129
2025-04-08 03:55:24,NVDA,SELL,239.5,591.62,589.1261,-597.28905,21645.33224
2025-04-08 03:57:36,GOOGL,SELL,227.7,175.9364,173.8718,-470.10942,21175.22282
2025-04-08 03:59:16,AMZN,BUY,258.1,218.3144,216.3262,-513.15442,20662.0684
2025-04-08 04:02:06,AAPL,BUY,204.7,236.586,238.805,454.2293,21116.2977
2025-04-08 04:05:14,NVDA,BUY,349.6,720.0695,721.0085,328.2744,21444.5721
2025-04-08 04:07:44,MSFT,SELL,51.2,416.5798,421.0434,228.53632,21673.10842
2025-04-08 04:10:18,AAPL,SELL,87.4,191.2636,188.4554,-245.43668,21427.67174
2025-04-08 04:13:31,MSFT,BUY,338.9,420.9456,422.9587,682.23959,22109.91133
2025-04-08 04:16:35,GOOGL,SELL,85.0,167.8177,169.1341,111.894,22221.80533
2025-04-08 04:18:38,NFLX,BUY,167.0,588.9215,586.4701,-409.3838,21812.42153
2025-04-08 04:21:06,TSLA,BUY,247.8,405.6629,403.5219,-530.5398,21281.88173
2025-04-08 04:23:42,AMZN,SELL,207.7,202.4281,201.6904,-153.22029,21128.66144
2025-04-08 04:27:06,AAPL,SELL,183.1,194.2687,196.6421,434.56954,21563.23098
2025-04-08 04:29:21,NFLX,SELL,156.8,691.4087,699.333,1242.53024,22805.76122
2025-04-08 04:31:20,AAPL,SELL,130.0,184.4317,182.6994,-225.199,22580.56222
2025-04-08 04:34:21,AAPL,BUY,170.3,197.8384,198.8784,177.112,22757.67422
2025-04-08 04:37:06,MSFT,SELL,202.9,383.9431,378.6809,-1067.70038,21689.97384
2025-04-08 04:38:56,MSFT,BUY,183.2,453.0843,458.8264,1051.95272,22741.92656
2025-04-08 04:41:17,TSLA,SELL,214.3,389.2181,385.9089,-709.16156,22032.765
2025-04-08 04:43:47,GOOGL,BUY,269.8,162.5215,162.9245,108.7294,22141.4944
2025-04-08 04:46:36,AMZN,BUY,161.4,216.3057,215.2848,-164.77326,21976.72114
2025-04-08 04:49:21,AAPL,BUY,318.7,197.091,197.2253,42.80141,22019.52255
2025-04-08 04:52:18,META,BUY,316.1,517.281,512.2751,-1582.36499,20437.15756
2025-04-08 04:55:04,TSLA,BUY,5.4,167.4885,167.6859,1.06596,20438.22352
2025-04-08 04:58:34,META,SELL,187.8,481.6648,475.0675,-1238.97294,19199.25058
2025-04-08 05:00:33,GOOGL,SELL,203.8,174.4475,176.2122,359.64586,19558.89644
2025-04-08 05:02:57,MSFT,SELL,301.4,407.8892,404.616,-986.54248,18572.35396
2025-04-08 05:05:03,META,SELL,45.7,468.5517,469.6479,50.09634,18622.4503
2025-04-08 05:06:33,META,BUY,130.0,517.1177,514.2617,-371.28,18251.1703
2025-04-08 05:08:22,META,SELL,347.2,472.4601,474.0459,550.58976,18801.76006
2025-04-08 05:10:42,NVDA,SELL,66.7,724.6021,725.8534,83.46171,18885.22177
2025-04-08 05:13:23,GOOGL,SELL,52.6,191.8635,191.2771,-30.84464,18854.37713
2025-04-08 05:16:43,AAPL,BUY,60.8,197.2181,198.3973,71.69536,18926.07249
2025-04-08 05:18:40,META,SELL,139.2,532.3659,525.2117,-995.86464,17930.20785
2025-04-08 05:21:31,TSLA,BUY,212.1,350.8259,350.5277,-63.24822,17866.95963
2025-04-08 05:23:12,AAPL,SELL,344.6,186.7394,186.0914,-223.3008,17643.65883
2025-04-08 05:26:00,AMZN,BUY,225.9,227.683,229.8703,494.11107,18137.7699
2025-04-08 05:28:26,TSLA,BUY,275.5,368.1211,364.75,-928.73805,17209.03185
2025-04-08 05:31:01,NVDA,BUY,231.0,784.4657,781.1648,-762.5079,16446.52395
2025-04-08 05:32:51,AAPL,SELL,183.6,221.5509,222.123,105.03756,16551.56151
2025-04-08 05:35:55,AAPL,BUY,197.9,212.469,213.9104,285.25306,16836.81457
2025-04-08 05:38:39,NFLX,SELL,325.8,713.7284,707.1876,-2130.99264,14705.82193
2025-04-08 05:41:22,TSLA,SELL,197.7,200.4918,200.5293,7.41375,14713.23568
2025-04-08 05:43:56,AMZN,SELL,285.5,231.1773,233.7858,744.72675,15457.96243
2025-04-08 05:46:39,AMZN,SELL,270.6,216.2903,216.7002,110.91894,15568.88137
2025-04-08 05:49:45,NFLX,SELL,93.9,683.3446,682.975,-34.70544,15534.17593
2025-04-08 05:52:03,NVDA,BUY,126.8,844.0569,841.8394,-281.179,15252.99693
2025-04-08 05:54:41,TSLA,SELL,31.2,218.3056,220.4084,65.60736,15318.60429
2025-04-08 05:58:10,MSFT,SELL,202.9,409.2382,405.783,-701.06008,14617.54421
2025-04-08 06:00:03,NVDA,SELL,84.1,818.9097,813.1463,-484.70194,14132.84227
2025-04-08 06:03:19,NVDA,SELL,322.5,531.7035,525.4298,-2023.26825,12109.57402
2025-04-08 06:06:15,GOOGL,BUY,219.1,187.9712,187.8713,-21.88809,12087.68593
2025-04-08 06:08:48,AMZN,SELL,181.3,184.6794,186.1435,265.44133,12353.12726
2025-04-08 06:11:08,NVDA,BUY,178.4,478.8118,479.3974,104.47104,12457.5983
2025-04-08 06:13:28,MSFT,SELL,163.7,452.6878,455.3801,440.72951,12898.32781
2025-04-08 06:16:26,TSLA,BUY,302.3,316.8517,315.5362,-397.67565,12500.65216
2025-04-08 06:18:19,AMZN,BUY,123.4,191.4009,194.0338,324.89986,12825.55202
2025-04-08 06:20:12,GOOGL,SELL,101.5,163.0034,164.7361,175.86905,13001.42107
2025-04-08 06:22:05,MSFT,BUY,282.4,440.5393,443.4576,824.12792,13825.54899
2025-04-08 06:24:46,META,SELL,8.4,474.0996,473.7154,-3.22728,13822.32171
2025-04-08 06:27:09,GOOGL,BUY,183.4,192.0118,194.0244,369.11084,14191.43255
2025-04-08 06:30:11,NFLX,SELL,243.2,616.0155,614.1379,-456.63232,13734.80023
2025-04-08 06:31:48,NVDA,SELL,160.2,685.8048,688.4766,428.02236,14162.82259
2025-04-08 06:34:00,AMZN,SELL,147.1,186.2923,185.4212,-128.13881,14034.68378
2025-04-08 06:36:14,NVDA,BUY,117.2,936.4659,930.4147,-709.20064,13325.48314
2025-04-08 06:38:49,GOOGL,SELL,55.0,192.0196,192.7783,41.7285,13367.21164
2025-04-08 06:40:40,NFLX,SELL,297.9,671.1706,672.613,429.69096,13796.9026
2025-04-08 06:42:19,AAPL,BUY,213.9,191.2284,192.4356,258.22008,14055.12268
2025-04-08 06:44:39,AMZN,SELL,263.0,224.6573,227.6145,777.7436,14832.86628
2025-04-08 06:47:15,GOOGL,SELL,91.8,164.1031,162.7966,-119.9367,14712.92958
2025-04-08 06:50:20,AAPL,BUY,27.0,179.6339,177.4945,-57.7638,14655.16578
2025-04-08 06:53:42,GOOGL,BUY,95.5,149.3974,147.5296,-178.3749,14476.79088
2025-04-08 06:55:31,AAPL,SELL,103.0,196.7859,195.2946,-153.6039,14323.18698
2025-04-08 06:58:21,MSFT,BUY,320.8,422.7793,420.9636,-582.47656,13740.71042
2025-04-08 07:01:41,GOOGL,SELL,99.0,200.0488,200.2924,24.1164,13764.82682
2025-04-08 07:04:07,MSFT,BUY,155.1,419.2619,424.0074,736.02705,14500.85387
2025-04-08 07:06:58,AMZN,SELL,35.9,203.7324,202.0646,-59.87402,14440.97985
2025-04-08 07:09:07,NFLX,SELL,297.5,616.3505,622.182,1734.87125,16175.8511
2025-04-08 07:11:21,AMZN,SELL,174.7,204.4946,205.6465,201.23693,16377.08803
2025-04-08 07:14:27,GOOGL,SELL,7.5,151.6393,150.4166,-9.17025,16367.91778
2025-04-08 07:16:44,NVDA,SELL,91.2,892.8433,891.1587,-153.63552,16214.28226
2025-04-08 07:19:45,META,SELL,281.0,480.4213,480.6607,67.2714,16281.55366
2025-04-08 07:22:33,AMZN,SELL,97.7,214.0098,214.2149,20.03827,16301.59193
2025-04-08 07:24:27,AAPL,BUY,246.7,183.8027,183.5423,-64.24068,16237.35125
2025-04-08 07:26:59,NVDA,SELL,189.6,463.2206,456.962,-1186.63056,15050.72069
2025-04-08 07:28:52,AAPL,SELL,57.0,187.0955,185.5958,-85.4829,14965.23779
2025-04-08 07:31:25,NVDA,SELL,176.9,652.2553,657.8463,989.0479,15954.28569
2025-04-08 07:33:42,GOOGL,BUY,272.6,176.6854,174.3322,-641.48232,15312.80337
2025-04-08 07:35:21,GOOGL,BUY,287.0,153.4071,154.9789,451.1066,15763.90997
2025-04-08 07:38:37,TSLA,BUY,90.3,392.5649,398.1586,505.11111,16269.02108
2025-04-08 07:40:11,NVDA,SELL,234.8,812.8537,802.9522,-2324.8722,13944.14888
2025-04-08 07:42:07,GOOGL,SELL,19.6,183.9847,184.6976,13.97284,13958.12172
2025-04-08 07:45:36,AAPL,SELL,129.3,207.7709,206.5169,-162.1422,13795.97952
2025-04-08 07:47:12,NVDA,BUY,206.7,567.1851,572.1943,1035.40164,14831.38116
2025-04-08 07:49:32,NVDA,BUY,243.3,934.7677,937.0413,553.16688,15384.54804
2025-04-08 07:52:30,MSFT,SELL,121.8,441.711,444.175,300.1152,15684.66324
2025-04-08 07:55:37,TSLA,BUY,190.0,244.7656,242.2243,-482.847,15201.81624
2025-04-08 07:57:20,MSFT,SELL,282.9,407.3699,410.507,887.48559,16089.30183
2025-04-08 07:59:46,NVDA,BUY,51.5,793.6124,790.2356,-173.9052,15915.39663
2025-04-08 08:03:11,TSLA,SELL,200.5,320.8268,320.7314,-19.1277,15896.26893
2025-04-08 08:05:50,NFLX,SELL,291.8,680.2694,675.6842,-1337.96136,14558.30757
2025-04-08 08:09:17,MSFT,BUY,161.7,413.704,414.2204,83.50188,14641.80945
2025-04-08 08:12:26,META,BUY,130.6,550.0153,551.991,258.02642,14899.83587
2025-04-08 08:15:15,NVDA,SELL,185.8,807.1116,804.3874,-506.15636,14393.67951
2025-04-08 08:17:48,MSFT,SELL,43.1,400.5907,402.284,72.98123,14466.66074
2025-04-08 08:20:24,AAPL,BUY,172.5,235.434,233.3298,-362.9745,14103.68624
2025-04-08 08:22:06,TSLA,SELL,247.0,321.882,322.1313,61.5771,14165.26334
2025-04-08 08:24:08,TSLA,SELL,231.2,205.0178,207.6074,598.71552,14763.97886
2025-04-08 08:27:36,AAPL,SELL,197.5,225.2763,222.3074,-586.35775,14177.62111
2025-04-08 08:31:06,META,SELL,258.3,543.8345,544.308,122.30505,14299.92616
2025-04-08 08:34:22,AMZN,BUY,38.5,229.4341,232.6043,122.0527,14421.97886
2025-04-08 08:37:24,NVDA,SELL,66.7,540.9995,543.0335,135.6678,14557.64666
2025-04-08 08:40:29,META,BUY,237.7,533.6716,534.8974,291.37266,14849.01932
2025-04-08 08:43:28,META,BUY,59.6,470.4949,468.2014,-136.6926,14712.32672
2025-04-08 08:46:14,GOOGL,SELL,348.9,200.2017,200.5025,104.94912,14817.27584
2025-04-08 08:49:32,NFLX,SELL,199.3,679.6947,681.9053,440.57258,15257.84842
2025-04-08 08:51:29,META,SELL,336.1,492.999,492.295,-236.6144,15021.23402
2025-04-08 08:52:59,TSLA,SELL,108.6,283.1907,281.5072,-182.8281,14838.40592
2025-04-08 08:54:57,NVDA,SELL,243.0,459.1009,463.535,1077.4863,15915.89222
2025-04-08 08:57:02,MSFT,BUY,205.8,381.3373,379.8167,-312.93948,15602.95274
2025-04-08 08:59:01,AMZN,SELL,321.7,182.2044,181.6567,-176.19509,15426.75765
2025-04-08 09:02:04,AAPL,SELL,203.8,229.8557,231.1631,266.44812,15693.20577
2025-04-08 09:05:30,AAPL,SELL,136.6,180.8868,182.56,228.55912,15921.76489
2025-04-08 09:08:39,TSLA,SELL,305.1,239.1077,241.7462,805.00635,16726.77124
2025-04-08 09:10:38,TSLA,SELL,115.2,158.7969,158.9131,13.38624,16740.15748
2025-04-08 09:13:20,MSFT,SELL,140.5,420.4859,423.4072,410.44265,17150.60013
2025-04-08 09:15:47,AAPL,BUY,56.1,201.8184,203.5522,97.26618,17247.86631
2025-04-08 09:18:00,AAPL,SELL,178.1,214.8077,212.1339,-476.20378,16771.66253
2025-04-08 09:21:09,MSFT,BUY,141.4,420.0127,416.2088,-537.87146,16233.79107
2025-04-08 09:23:52,NVDA,BUY,203.7,570.6169,573.7793,644.18088,16877.97195
2025-04-08 09:25:36,META,SELL,123.9,495.4539,490.8535,-569.98956,16307.98239
2025-04-08 09:28:29,TSLA,SELL,220.0,186.8706,188.5681,373.45,16681.43239
2025-04-08 09:30:55,TSLA,BUY,266.4,207.4415,206.6563,-209.17728,16472.25511
2025-04-08 09:34:14,AAPL,BUY,292.2,222.0748,219.7275,-685.88106,15786.37405
2025-04-08 09:36:20,TSLA,SELL,160.3,330.4072,326.5541,-617.65193,15168.72212
2025-04-08 09:37:52,NFLX,BUY,194.3,685.0935,690.239,999.77065,16168.49277
2025-04-08 09:40:41,MSFT,BUY,186.7,416.2363,421.3066,946.62501,17115.11778
2025-04-08 09:42:43,MSFT,BUY,230.9,404.4118,398.9897,-1251.96289,15863.15489
2025-04-08 09:44:14,AAPL,SELL,319.9,209.499,210.5233,327.67357,16190.82846
2025-04-08 09:46:30,AAPL,BUY,180.4,194.1493,196.9438,504.1278,16694.95626
2025-04-08 09:49:30,AAPL,SELL,35.4,200.6206,201.205,20.68776,16715.64402
2025-04-08 09:51:25,GOOGL,BUY,261.8,160.5549,160.5064,-12.6973,16702.94672
2025-04-08 09:52:57,NFLX,SELL,348.6,627.752,624.0293,-1297.73322,15405.2135
2025-04-08 09:55:31,AMZN,BUY,15.2,217.023,219.0729,31.15848,15436.37198
2025-04-08 09:58:12,AMZN,BUY,231.6,176.0831,178.1812,485.91996,15922.29194
2025-04-08 09:59:53,META,BUY,213.9,491.1778,488.4132,-591.34794,15330.944
2025-04-08 10:02:20,MSFT,BUY,241.0,429.8665,430.9115,251.845,15582.789
2025-04-08 10:04:15,MSFT,SELL,318.6,443.8954,442.9641,-296.71218,15286.07682
2025-04-08 10:07:23,MSFT,BUY,332.3,398.8813,399.5675,228.02426,15514.10108
2025-04-08 10:09:08,MSFT,SELL,340.6,447.9084,445.4721,-829.80378,14684.2973
2025-04-08 10:11:30,AMZN,SELL,224.7,216.9775,219.0715,470.5218,15154.8191
2025-04-08 10:14:34,AMZN,BUY,216.1,220.3541,222.089,374.91189,15529.73099
2025-04-08 10:16:38,NVDA,BUY,32.4,567.4429,559.3753,-261.39024,15268.34075
2025-04-08 10:19:47,GOOGL,BUY,299.0,171.362,170.714,-193.752,15074.58875
2025-04-08 10:22:19,GOOGL,BUY,146.0,157.5462,156.2525,-188.8802,14885.70855
2025-04-08 10:23:50,AMZN,SELL,66.1,185.6434,183.998,-108.76094,14776.94761
2025-04-08 10:26:16,GOOGL,SELL,152.5,191.0411,193.2625,338.7635,15115.71111
2025-04-08 10:29:25,TSLA,SELL,190.0,320.7412,321.4334,131.518,15247.22911
2025-04-08 10:32:17,TSLA,BUY,19.6,270.2031,272.8539,51.95568,15299.18479
2025-04-08 10:34:18,META,BUY,105.5,504.3264,497.5073,-719.41505,14579.76974
2025-04-08 10:36:38,AMZN,SELL,216.5,199.6603,199.1959,-100.5426,14479.22714
2025-04-08 10:38:14,MSFT,SELL,273.7,438.7497,433.6581,-1393.57092,13085.65622
2025-04-08 10:41:44,MSFT,SELL,66.7,415.4779,414.8657,-40.83374,13044.82248
2025-04-08 10:44:29,NVDA,SELL,61.6,491.8445,494.9648,192.21048,13237.03296
2025-04-08 10:47:32,AAPL,BUY,130.2,184.4534,184.1734,-36.456,13200.57696
2025-04-08 10:50:09,META,BUY,200.1,485.3995,491.4027,1201.24032,14401.81728
2025-04-08 10:53:03,MSFT,BUY,250.7,455.3347,450.948,-1099.74569,13302.07159
2025-04-08 10:55:26,AMZN,SELL,315.0,219.1632,217.0638,-661.311,12640.76059
2025-04-08 10:57:21,TSLA,SELL,177.0,152.0497,152.0389,-1.9116,12638.84899
2025-04-08 11:00:34,TSLA,SELL,32.4,204.6504,204.0988,-17.87184,12620.97715
2025-04-08 11:03:20,TSLA,BUY,221.9,367.5317,365.0852,-542.87835,12078.0988
2025-04-08 11:06:34,NVDA,BUY,16.2,546.7784,540.9614,-94.2354,11983.8634
2025-04-08 11:09:17,AMZN,SELL,148.9,227.1922,224.1185,-457.67393,11526.18947
2025-04-08 11:11:09,MSFT,SELL,66.2,426.4721,430.148,243.34458,11769.53405
2025-04-08 11:13:37,NFLX,BUY,132.2,586.7642,583.2312,-467.0626,11302.47145
2025-04-08 11:14:41,AAPL,SELL,301.5,234.2098,231.554,-800.7237,10501.74775
2025-04-08 11:15:42,META,BUY,42.7,528.7791,530.5567,75.90352,10577.65127
2025-04-08 11:17:02,AAPL,SELL,152.3,213.717,215.0429,201.93457,10779.58584
2025-04-08 11:18:02,AMZN,SELL,176.3,220.6013,221.3577,133.35332,10912.93916
2025-04-08 11:19:22,GOOGL,SELL,71.8,194.0688,192.849,-87.58164,10825.35752
2025-04-08 11:20:09,TSLA,SELL,297.6,303.9356,300.4518,-1036.77888,9788.57864
2025-04-08 11:21:28,META,SELL,226.0,449.6974,445.8166,-877.0608,8911.51784
2025-04-08 11:22:26,AMZN,BUY,116.8,199.2654,199.3054,4.672,8916.18984
2025-04-08 11:23:06,AAPL,SELL,65.6,192.7872,190.0638,-178.65504,8737.5348
2025-04-08 11:24:07,NFLX,SELL,227.8,701.4344,707.6895,1424.91178,10162.44658
2025-04-08 11:25:17,MSFT,SELL,147.8,446.9686,450.7766,562.8224,10725.26898
2025-04-08 11:26:00,AMZN,SELL,204.2,204.4949,201.5423,-602.92092,10122.34806
2025-04-08 11:27:01,NFLX,BUY,221.1,715.5065,725.8875,2295.2391,12417.58716
2025-04-08 11:27:51,META,BUY,264.3,516.7065,522.3581,1493.71788,13911.30504
2025-04-08 11:28:51,TSLA,SELL,333.0,249.7847,249.4243,-120.0132,13791.29184
2025-04-08 11:29:44,AMZN,BUY,273.3,181.2409,182.7902,423.42369,14214.71553
2025-04-08 11:30:29,GOOGL,BUY,171.8,193.348,192.4206,-159.32732,14055.38821
2025-04-08 11:31:42,AMZN,SELL,288.6,181.2548,183.2765,583.46262,14638.85083
2025-04-08 11:32:55,MSFT,BUY,6.4,430.3142,430.6027,1.8464,14640.69723
2025-04-08 11:33:37,AAPL,SELL,184.6,204.6783,201.8914,-514.46174,14126.23549
2025-04-08 11:34:36,TSLA,SELL,188.6,310.5478,308.5594,-375.01224,13751.22325
2025-04-08 11:35:44,AAPL,SELL,10.3,183.692,182.4446,-12.84822,13738.37503
2025-04-08 11:37:03,AAPL,BUY,282.4,204.1909,206.9063,766.82896,14505.20399
2025-04-08 11:38:19,NVDA,BUY,121.9,484.4079,486.0539,200.6474,14705.85139
2025-04-08 11:39:27,TSLA,BUY,34.7,158.5691,158.0154,-19.21339,14686.638
2025-04-08 11:40:32,MSFT,SELL,287.0,428.3866,425.9762,-691.7848,13994.8532
2025-04-08 11:41:46,AAPL,SELL,38.6,217.2575,218.5519,49.96384,14044.81704
2025-04-08 11:42:45,GOOGL,SELL,302.1,170.389,168.9771,-426.53499,13618.28205
2025-04-08 11:44:04,AMZN,SELL,309.4,194.2616,195.9446,520.7202,14139.00225
2025-04-08 11:45:13,GOOGL,BUY,170.1,150.9125,149.1599,-298.11726,13840.88499
2025-04-08 11:46:03,AMZN,SELL,279.9,209.8671,211.8664,559.60407,14400.48906
2025-04-08 11:47:03,AAPL,SELL,147.6,208.9647,208.3429,-91.77768,14308.71138
2025-04-08 11:48:22,NVDA,BUY,208.9,933.5449,942.3365,1836.56524,16145.27662
2025-04-08 11:49:29,NFLX,BUY,260.1,607.2756,610.3655,803.68299,16948.95961
2025-04-08 11:50:45,GOOGL,BUY,65.8,175.4559,177.1509,111.531,17060.49061
2025-04-08 11:51:50,AAPL,BUY,287.9,219.4552,220.0899,182.73013,17243.22074
2025-04-08 11:52:50,GOOGL,BUY,224.5,163.345,165.3211,443.63445,17686.85519
2025-04-08 11:53:30,MSFT,BUY,217.4,406.7042,404.1603,-553.04386,17133.81133
2025-04-08 11:54:38,NVDA,BUY,110.1,788.1178,797.8874,1075.63296,18209.44429
2025-04-08 11:55:45,NFLX,BUY,181.1,667.5196,669.7523,404.34197,18613.78626
2025-04-08 11:56:33,AMZN,BUY,288.2,193.7325,194.9144,340.62358,18954.40984
2025-04-08 11:57:35,AAPL,SELL,247.3,230.0981,228.2705,-451.96548,18502.44436
2025-04-08 11:58:40,NFLX,SELL,53.0,633.6819,627.4733,-329.0558,18173.38856
2025-04-08 11:59:55,META,SELL,349.1,543.76,538.1201,-1968.88909,16204.49947
2025-04-08 12:00:43,MSFT,BUY,155.7,393.6938,393.5367,-24.46047,16180.039
2025-04-08 12:01:31,AAPL,BUY,162.3,215.7446,215.2,-88.38858,16091.65042
2025-04-08 12:02:49,META,BUY,82.9,491.7553,490.0545,-140.99632,15950.6541
2025-04-08 12:03:56,TSLA,SELL,178.1,365.9505,363.0604,-514.72681,15435.92729
2025-04-08 12:05:02,NFLX,BUY,171.1,709.8465,701.6087,-1409.48758,14026.43971
2025-04-08 12:05:47,MSFT,SELL,312.0,413.9513,408.7136,-1634.1624,12392.27731
2025-04-08 12:06:32,NVDA,SELL,191.0,761.4974,765.7026,803.1932,13195.47051
2025-04-08 12:07:49,AMZN,BUY,8.7,218.3301,218.5596,1.99665,13197.46716
2025-04-08 12:08:58,GOOGL,SELL,17.2,182.6187,181.4639,-19.86256,13177.6046
2025-04-08 12:10:16,AMZN,SELL,63.3,176.1849,176.043,-8.98227,13168.62233
2025-04-08 12:10:59,AMZN,BUY,100.9,195.9297,197.9955,208.43922,13377.06155
2025-04-08 12:11:47,AMZN,SELL,43.5,225.1229,221.842,-142.71915,13234.3424
2025-04-08 12:12:38,MSFT,SELL,67.4,413.527,410.2543,-220.57998,13013.76242
2025-04-08 12:13:51,TSLA,SELL,210.5,403.81,409.4716,1191.7668,14205.52922
2025-04-08 12:14:40,GOOGL,SELL,77.7,190.074,190.8585,60.95565,14266.48487
2025-04-08 12:15:42,TSLA,SELL,62.8,344.2414,340.2757,-249.04596,14017.43891
2025-04-08 12:16:47,GOOGL,SELL,240.8,187.1465,185.6512,-360.06824,13657.37067
2025-04-08 12:17:51,GOOGL,SELL,9.1,157.9198,159.674,15.96322,13673.33389
2025-04-08 12:18:59,META,SELL,224.9,555.2015,562.1589,1564.71926,15238.05315
2025-04-08 12:20:06,AMZN,SELL,93.1,188.5476,190.2576,159.201,15397.25415
2025-04-08 12:21:23,META,SELL,72.2,535.0001,536.4241,102.8128,15500.06695
2025-04-08 12:22:24,MSFT,SELL,291.9,415.6684,417.8232,628.98612,16129.05307
2025-04-08 12:23:04,META,BUY,91.9,505.9443,509.3632,314.19691,16443.24998
2025-04-08 12:23:46,TSLA,BUY,313.4,159.9438,160.3955,141.56278,16584.81276
2025-04-08 12:24:39,AAPL,BUY,228.5,172.2045,173.5676,311.46835,16896.28111
2025-04-08 12:25:30,AAPL,BUY,328.0,184.765,184.5818,-60.0896,16836.19151
2025-04-08 12:26:50,GOOGL,SELL,93.8,186.986,188.5013,142.13514,16978.32665
2025-04-08 12:29:59,AAPL,SELL,119.8,217.4603,216.6957,-91.59908,16886.72757
2025-04-08 12:31:36,AMZN,SELL,140.5,197.417,195.6442,-249.0784,16637.64917
2025-04-08 12:34:28,GOOGL,BUY,80.3,167.3597,168.7088,108.33273,16745.9819
2025-04-08 12:37:20,AAPL,SELL,91.5,221.6282,222.1026,43.4076,16789.3895
2025-04-08 12:39:47,TSLA,SELL,326.8,188.3895,189.1826,259.18508,17048.57458
2025-04-08 12:42:42,META,SELL,249.1,464.2812,457.3686,-1721.92866,15326.64592
2025-04-08 12:45:50,GOOGL,SELL,274.4,178.9912,180.8387,506.954,15833.59992
2025-04-08 12:49:00,AAPL,BUY,200.7,179.0806,178.9843,-19.32741,15814.27251
2025-04-08 12:52:29,NFLX,SELL,223.1,672.8351,670.829,-447.56091,15366.7116
2025-04-08 12:55:21,AAPL,SELL,269.4,209.4103,209.1567,-68.31984,15298.39176
2025-04-08 12:58:13,NVDA,BUY,233.0,726.74,736.9328,2374.9224,17673.31416
2025-04-08 13:00:21,META,BUY,258.7,518.0332,520.0969,533.87919,18207.19335
2025-04-08 13:02:08,TSLA,BUY,87.3,157.9698,160.3222,205.36452,18412.55787
2025-04-08 13:04:27,AAPL,SELL,10.7,213.8954,216.8893,32.03473,18444.5926
2025-04-08 13:06:40,TSLA,SELL,45.8,344.9486,340.2174,-216.68896,18227.90364
2025-04-08 13:09:53,GOOGL,BUY,173.7,188.5536,189.8855,231.35103,18459.25467
2025-04-08 13:11:25,GOOGL,BUY,10.0,167.8431,168.5923,7.492,18466.74667
2025-04-08 13:14:15,TSLA,SELL,27.1,360.8131,364.4431,98.373,18565.11967
2025-04-08 13:17:29,AAPL,BUY,81.1,208.7447,210.6182,151.94085,18717.06052
2025-04-08 13:20:41,NVDA,SELL,46.7,622.8765,621.0454,-85.51237,18631.54815
2025-04-08 13:23:38,MSFT,SELL,268.7,439.8945,443.7625,1039.3316,19670.87975
2025-04-08 13:26:23,MSFT,SELL,132.6,383.7989,379.9768,-506.81046,19164.06929
2025-04-08 13:28:14,GOOGL,BUY,39.5,204.9779,202.1535,-111.5638,19052.50549
2025-04-08 13:31:32,META,BUY,35.8,451.1569,446.8178,-155.33978,18897.16571
2025-04-08 13:34:25,AMZN,SELL,169.2,213.1889,215.058,316.25172,19213.41743
2025-04-08 13:36:11,NVDA,BUY,215.6,764.8139,774.8656,2167.14652,21380.56395
2025-04-08 13:37:45,MSFT,SELL,290.1,428.2191,422.9266,-1535.35425,19845.2097
2025-04-08 13:39:53,NFLX,SELL,38.0,580.8651,581.3913,19.9956,19865.2053
2025-04-08 13:42:09,NVDA,SELL,100.4,837.6555,841.6593,401.98152,20267.18682
2025-04-08 13:44:03,AAPL,BUY,236.2,223.528,221.3575,-512.6721,19754.51472
2025-04-08 13:45:38,TSLA,SELL,120.3,220.1536,219.7221,-51.90945,19702.60527
2025-04-08 13:48:51,GOOGL,BUY,15.0,165.5729,163.8743,-25.479,19677.12627
2025-04-08 13:51:26,AAPL,BUY,209.5,234.6648,236.2235,326.54765,20003.67392
2025-04-08 13:53:37,META,BUY,83.6,535.0827,528.8244,-523.19388,19480.48004
2025-04-08 13:55:37,META,BUY,167.5,489.1536,485.0544,-686.616,18793.86404
2025-04-08 13:58:09,TSLA,SELL,52.1,191.1883,190.5421,-33.66702,18760.19702
2025-04-08 14:01:11,NVDA,SELL,48.9,935.3664,927.0101,-408.62307,18351.57395
2025-04-08 14:04:09,TSLA,SELL,123.5,187.4273,185.5785,-228.3268,18123.24715
2025-04-08 14:07:32,AMZN,BUY,216.0,213.9781,214.864,191.3544,18314.60155
2025-04-08 14:09:23,NVDA,BUY,168.4,645.9863,640.4911,-925.39168,17389.20987
2025-04-08 14:11:52,AMZN,BUY,90.1,213.7936,215.3084,136.48348,17525.69335
2025-04-08 14:14:03,META,BUY,6.8,545.7197,546.9263,8.20488,17533.89823
2025-04-08 14:15:38,TSLA,SELL,151.9,331.8208,331.8628,6.3798,17540.27803
2025-04-08 14:17:58,GOOGL,BUY,257.5,175.7408,173.1702,-661.9295,16878.34853
2025-04-08 14:19:55,MSFT,SELL,36.3,410.0454,411.8616,65.92806,16944.27659
2025-04-08 14:22:26,AMZN,BUY,161.9,218.8841,215.7612,-505.59751,16438.67908
2025-04-08 14:25:34,MSFT,SELL,221.2,388.3373,392.6659,957.48632,17396.1654
2025-04-08 14:28:34,TSLA,BUY,264.7,243.9821,242.4932,-394.11183,17002.05357
2025-04-08 14:31:33,NVDA,BUY,326.6,754.4968,750.7778,-1214.6254,15787.42817
2025-04-08 14:34:08,NFLX,BUY,65.5,590.9217,588.5386,-156.09305,15631.33512
2025-04-08 14:36:49,AAPL,BUY,191.2,184.8826,183.967,-175.06272,15456.2724
2025-04-08 14:39:42,GOOGL,BUY,178.7,189.1932,191.4518,403.61182,15859.88422
2025-04-08 14:42:06,AMZN,BUY,172.7,174.1004,173.292,-139.61068,15720.27354
2025-04-08 14:44:43,AAPL,SELL,219.2,217.002,215.6496,-296.44608,15423.82746
2025-04-08 14:47:55,AAPL,BUY,32.7,226.8796,226.5929,-9.37509,15414.45237
2025-04-08 14:51:19,MSFT,SELL,56.0,459.317,453.9709,-299.3816,15115.07077
2025-04-08 14:53:08,NVDA,BUY,191.8,597.9795,606.4034,1615.70402,16730.77479
2025-04-08 14:54:54,GOOGL,SELL,12.6,173.8255,172.204,-20.4309,16710.34389
2025-04-08 14:58:06,NVDA,SELL,227.9,654.8069,651.7187,-703.80078,16006.54311
2025-04-08 15:00:17,GOOGL,SELL,277.3,165.8605,164.8977,-266.98444,15739.55867
2025-04-08 15:02:16,GOOGL,SELL,21.3,194.2987,195.8711,33.49212,15773.05079
2025-04-08 15:04:31,AMZN,SELL,67.9,225.4163,225.6551,16.21452,15789.26531
2025-04-08 15:06:23,MSFT,BUY,114.2,397.0245,391.5593,-624.12584,15165.13947
2025-04-08 15:08:09,GOOGL,SELL,342.4,173.8141,174.6774,295.59392,15460.73339
2025-04-08 15:09:57,NFLX,SELL,109.0,663.1083,656.3963,-731.608,14729.12539
2025-04-08 15:13:24,TSLA,SELL,58.8,384.1777,389.1084,289.92516,15019.05055
2025-04-08 15:16:28,NFLX,SELL,330.7,634.2796,630.2804,-1322.53544,13696.51511
2025-04-08 15:16:54,MSFT,SELL,238.9,411.4406,405.7637,-1356.21141,12340.3037
2025-04-08 15:17:05,AMZN,BUY,158.9,200.7926,202.846,326.28526,12666.58896
2025-04-08 15:17:15,NFLX,BUY,269.6,667.2066,672.8368,1517.90192,14184.49088
2025-04-08 15:17:29,TSLA,BUY,236.7,290.357,289.8819,-112.45617,14072.03471
2025-04-08 15:17:39,META,BUY,235.0,499.1799,492.5315,-1562.374,12509.66071
2025-04-08 15:17:59,MSFT,SELL,103.2,405.9564,404.4076,-159.83616,12349.82455
2025-04-08 15:18:18,AMZN,SELL,347.4,229.9619,229.5771,-133.67952,12216.14503
2025-04-08 15:18:51,GOOGL,SELL,314.7,166.5896,167.7291,358.60065,12574.74568
2025-04-08 15:19:22,META,BUY,346.0,539.6326,536.4471,-1102.183,11472.56268
2025-04-08 15:19:46,NFLX,BUY,134.6,709.0341,710.9629,259.61648,11732.17916
2025-04-08 15:19:54,META,SELL,52.2,488.2056,491.9439,195.13926,11927.31842
2025-04-08 15:20:07,META,SELL,290.1,508.2217,501.2423,-2024.72394,9902.59448
2025-04-08 15:20:41,AMZN,SELL,95.6,204.6247,201.5703,-292.00064,9610.59384
2025-04-08 15:21:09,GOOGL,BUY,148.9,184.6871,186.8628,323.96173,9934.55557
2025-04-08 15:21:32,NVDA,BUY,262.2,506.9404,500.3511,-1727.71446,8206.84111
2025-04-08 15:21:58,GOOGL,SELL,169.2,209.9237,210.7298,136.39212,8343.23323
2025-04-08 15:22:28,AAPL,SELL,25.2,197.2774,195.282,-50.28408,8292.94915
2025-04-08 15:22:46,GOOGL,BUY,129.6,166.6827,164.4469,-289.75968,8003.18947
2025-04-08 15:23:14,NFLX,BUY,269.4,609.0482,609.3016,68.26596,8071.45543
2025-04-08 15:23:27,AAPL,BUY,290.3,205.8892,208.1897,667.83515,8739.29058
2025-04-08 15:23:56,AMZN,SELL,289.0,211.8516,212.3603,147.0143,8886.30488
2025-04-08 15:24:04,MSFT,SELL,122.4,407.7631,407.5784,-22.60728,8863.6976
2025-04-08 15:24:17,AAPL,BUY,216.6,181.402,183.5628,468.02928,9331.72688
2025-04-08 15:24:51,AAPL,SELL,287.5,205.4122,202.8018,-750.49,8581.23688
2025-04-08 15:24:59,GOOGL,SELL,211.2,163.0328,164.9389,402.56832,8983.8052
2025-04-08 15:25:31,NFLX,BUY,286.0,686.3902,676.6866,-2775.2296,6208.5756
2025-04-08 15:25:46,MSFT,BUY,151.6,433.8322,440.0938,949.25856,7157.83416
2025-04-08 15:26:18,AAPL,BUY,153.8,174.5271,174.4447,-12.67312,7145.16104
2025-04-08 15:26:32,AAPL,BUY,92.3,223.7724,221.2142,-236.12186,6909.03918
2025-04-08 15:26:42,AMZN,BUY,322.4,216.3524,218.1851,590.86248,7499.90166
2025-04-08 15:26:56,NVDA,BUY,100.7,788.0576,793.8781,586.12435,8086.02601
2025-04-08 15:27:22,NFLX,SELL,256.4,602.9907,603.0022,2.9486,8088.97461
2025-04-08 15:27:37,AAPL,BUY,337.7,227.8809,229.3563,498.24258,8587.21719
2025-04-08 15:27:50,TSLA,BUY,298.7,374.9451,379.6748,1412.76139,9999.97858
2025-04-08 15:28:13,NFLX,BUY,136.0,644.6008,641.7934,-381.8064,9618.17218
2025-04-08 15:28:27,NVDA,SELL,47.6,505.5941,512.9446,349.8838,9968.05598
2025-04-08 15:30:11,MSFT,SELL,118.2,439.1911,433.1383,-715.44096,9252.61502
2025-04-08 15:31:55,META,SELL,242.0,494.1389,497.64,847.2662,10099.88122
2025-04-08 15:35:12,GOOGL,BUY,29.0,177.4457,175.789,-48.0443,10051.83692
2025-04-08 15:38:29,GOOGL,SELL,174.6,172.5828,175.1649,450.83466,10502.67158
2025-04-08 15:40:12,META,SELL,244.8,506.3706,504.7727,-391.16592,10111.50566
2025-04-08 15:41:55,MSFT,BUY,74.1,406.8412,403.1685,-272.14707,9839.35859
2025-04-08 15:45:13,META,BUY,269.3,470.382,474.119,1006.3741,10845.73269
2025-04-08 15:47:58,AMZN,SELL,332.8,197.2643,198.2507,328.27392,11174.00661
2025-04-08 15:50:30,AMZN,BUY,221.8,220.1966,220.1786,-3.9924,11170.01421
2025-04-08 15:52:17,TSLA,BUY,176.9,336.8347,340.1725,590.45682,11760.47103
2025-04-08 15:53:50,MSFT,SELL,267.3,426.3926,427.969,421.37172,12181.84275
2025-04-08 15:56:44,GOOGL,SELL,174.1,167.8464,168.6626,142.10042,12323.94317
2025-04-08 15:58:47,NFLX,BUY,137.4,718.5619,727.5067,1229.01552,13552.95869
2025-04-08 16:00:57,META,SELL,197.0,501.6085,494.5789,-1384.8312,12168.12749
2025-04-08 16:04:17,AMZN,BUY,42.7,207.2949,207.2169,-3.3306,12164.79689
2025-04-08 16:07:13,GOOGL,SELL,179.8,182.3477,184.2862,348.5423,12513.33919
2025-04-08 16:09:33,AMZN,SELL,103.1,202.1033,203.7189,166.56836,12679.90755
2025-04-08 16:11:10,TSLA,BUY,284.3,187.2669,186.5164,-213.36715,12466.5404
2025-04-08 16:13:54,TSLA,SELL,24.5,231.1723,230.5615,-14.9646,12451.5758
2025-04-08 16:15:55,NVDA,BUY,319.1,780.8153,782.9828,691.64925,13143.22505
2025-04-08 16:17:33,AMZN,BUY,302.9,197.9761,197.7439,-70.33338,13072.89167
2025-04-08 16:20:15,META,SELL,12.7,452.7931,452.3815,-5.22732,13067.66435
2025-04-08 16:22:25,META,SELL,76.0,490.1975,493.0043,213.3168,13280.98115
2025-04-08 16:24:58,NFLX,BUY,155.4,669.411,666.6664,-426.51084,12854.47031
2025-04-08 16:27:31,AAPL,BUY,82.9,206.0789,205.4732,-50.21253,12804.25778
2025-04-08 16:30:36,AAPL,BUY,200.4,216.3451,214.8742,-294.76836,12509.48942
2025-04-08 16:33:13,GOOGL,SELL,282.4,166.4923,165.5026,-279.49128,12229.99814
2025-04-08 16:35:38,NFLX,BUY,182.8,631.0404,626.3315,-860.78692,11369.21122
2025-04-08 16:38:33,MSFT,BUY,233.0,427.0313,427.0211,-2.3766,11366.83462
2025-04-08 16:41:48,GOOGL,SELL,217.0,196.8454,197.0386,41.9244,11408.75902
2025-04-08 16:44:56,META,BUY,241.4,505.5896,500.2881,-1279.7821,10128.97692
2025-04-08 16:47:04,META,SELL,27.2,487.1811,492.0073,131.27264,10260.24956
2025-04-08 16:49:00,META,SELL,145.0,538.269,539.9037,237.0315,10497.28106
2025-04-08 16:50:44,MSFT,BUY,112.1,379.1595,382.5383,378.76348,10876.04454
2025-04-08 16:53:16,META,SELL,94.1,524.0283,518.3127,-537.83796,10338.20658
2025-04-08 16:56:28,AMZN,BUY,254.3,211.115,208.2158,-737.26656,9600.94002
2025-04-08 16:59:38,TSLA,BUY,315.7,370.7579,374.8419,1289.3188,10890.25882
2025-04-08 17:02:00,NFLX,BUY,295.7,638.979,645.493,1926.1898,12816.44862
2025-04-08 17:04:00,AAPL,BUY,91.9,212.358,215.1073,252.66067,13069.10929
2025-04-08 17:07:23,AAPL,BUY,113.1,201.2368,202.8861,186.53583,13255.64512
2025-04-08 17:10:39,META,BUY,99.7,553.3795,548.6333,-473.19614,12782.44898
2025-04-08 17:13:01,AMZN,BUY,332.3,204.2984,203.5305,-255.17317,12527.27581
2025-04-08 17:15:11,META,SELL,130.2,535.1141,542.129,913.33998,13440.61579
2025-04-08 17:18:12,NFLX,SELL,214.0,580.6007,588.7315,1739.9912,15180.60699
2025-04-08 17:21:29,TSLA,BUY,316.6,207.9014,209.1527,396.16158,15576.76857
2025-04-08 17:24:26,AAPL,BUY,318.9,234.7655,233.98,-250.49595,15326.27262
2025-04-08 17:26:46,AMZN,SELL,312.1,181.5799,180.0023,-492.36896,14833.90366
2025-04-08 17:30:13,GOOGL,SELL,145.2,191.2879,192.8186,222.25764,15056.1613
2025-04-08 17:31:47,AMZN,BUY,295.2,225.5293,224.9404,-173.84328,14882.31802
2025-04-08 17:34:48,META,BUY,179.7,538.623,541.8302,576.33384,15458.65186
2025-04-08 17:37:03,META,SELL,222.4,501.4703,503.6004,473.73424,15932.3861
2025-04-08 17:40:14,MSFT,BUY,113.2,412.3326,413.9196,179.6484,16112.0345
2025-04-08 17:41:54,AAPL,BUY,49.9,185.5337,186.364,41.43197,16153.46647
2025-04-08 17:44:40,META,SELL,51.1,491.3447,496.8503,281.33616,16434.80263
2025-04-08 17:46:32,NFLX,SELL,330.9,605.091,611.9235,2260.87425,18695.67688
2025-04-08 17:49:55,NVDA,BUY,228.3,925.676,937.4259,2682.50217,21378.17905
2025-04-08 17:52:45,NVDA,BUY,143.4,939.546,930.2094,-1338.86844,20039.31061
2025-04-08 17:55:09,AMZN,BUY,331.8,187.2637,186.5217,-246.1956,19793.11501
2025-04-08 17:56:54,TSLA,SELL,82.4,351.7746,351.7129,-5.08408,19788.03093
2025-04-08 17:58:50,NVDA,SELL,49.9,589.9003,589.7971,-5.14968,19782.88125
2025-04-08 18:02:09,NVDA,BUY,145.9,946.0574,943.7395,-338.18161,19444.69964
2025-04-08 18:03:57,TSLA,SELL,160.6,401.3902,398.205,-511.54312,18933.15652
2025-04-08 18:05:58,NFLX,SELL,142.2,582.0687,590.3527,1177.9848,20111.14132
2025-04-08 18:07:55,META,SELL,37.9,532.939,529.0415,-147.71525,19963.42607
2025-04-08 18:09:32,TSLA,SELL,236.4,378.1673,379.3741,285.28752,20248.71359
2025-04-08 18:12:44,TSLA,BUY,109.4,214.2636,215.0327,84.13954,20332.85313
2025-04-08 18:15:04,NFLX,BUY,178.8,709.3938,704.2924,-912.13032,19420.72281
2025-04-08 18:18:33,NFLX,SELL,188.0,596.0596,592.7929,-614.1396,18806.58321
2025-04-08 18:20:21,AMZN,BUY,101.9,198.0567,200.8693,286.60394,19093.18715
2025-04-08 18:22:37,META,SELL,291.2,548.5158,544.6194,-1134.63168,17958.55547
2025-04-08 18:26:05,AMZN,SELL,332.8,203.1274,203.0742,-17.70496,17940.85051
2025-04-08 18:28:46,GOOGL,BUY,68.2,170.5336,168.2548,-155.41416,17785.43635
2025-04-08 18:31:16,AMZN,BUY,19.1,198.7747,201.3222,48.65725,17834.0936
2025-04-08 18:33:31,GOOGL,SELL,304.1,183.5387,185.4429,579.06722,18413.16082
2025-04-08 18:35:16,NFLX,BUY,288.8,606.5038,611.0514,1313.34688,19726.5077
2025-04-08 18:37:58,NVDA,BUY,148.7,722.2813,723.8152,228.09093,19954.59863
2025-04-08 18:39:37,NVDA,SELL,239.8,789.3257,793.6191,1029.55732,20984.15595
2025-04-08 18:41:57,NFLX,BUY,33.0,696.4313,689.1977,-238.7088,20745.44715
2025-04-08 18:45:13,GOOGL,SELL,20.1,182.3892,181.4559,-18.75933,20726.68782
2025-04-08 18:48:02,GOOGL,SELL,317.9,204.9044,207.9769,976.74775,21703.43557
2025-04-08 18:51:14,MSFT,BUY,261.6,450.3604,454.3886,1053.77712,22757.21269
2025-04-08 18:53:54,META,BUY,337.9,490.0085,485.2752,-1599.38207,21157.83062
2025-04-08 18:57:14,META,BUY,228.3,453.5432,452.2152,-303.1824,20854.64822
2025-04-08 19:00:07,MSFT,BUY,258.9,408.6729,412.3644,955.72935,21810.37757
2025-04-08 19:03:34,AMZN,BUY,158.7,198.6865,196.8976,-283.89843,21526.47914
2025-04-08 19:05:53,GOOGL,SELL,266.0,183.055,182.6325,-112.385,21414.09414
2025-04-08 19:09:06,NFLX,BUY,164.9,639.4906,636.4545,-500.65289,20913.44125
2025-04-08 19:11:04,MSFT,SELL,34.0,422.8263,424.6938,63.495,20976.93625
2025-04-08 19:13:33,META,BUY,316.5,546.9847,540.8769,-1933.1187,19043.81755
2025-04-08 19:16:50,NVDA,SELL,31.4,598.1385,590.0229,-254.82984,18788.98771
2025-04-08 19:18:25,AAPL,SELL,127.6,191.1259,192.9196,228.87612,19017.86383
2025-04-08 19:21:09,AAPL,BUY,66.9,179.7334,180.6046,58.28328,19076.14711
2025-04-08 19:23:02,META,BUY,162.0,462.1666,463.3757,195.8742,19272.02131
2025-04-08 19:25:57,GOOGL,SELL,284.5,167.421,169.521,597.45,19869.47131
2025-04-08 19:27:54,MSFT,BUY,189.4,431.7205,426.6218,-965.69378,18903.77753
2025-04-08 19:29:24,META,BUY,163.8,445.3019,447.3833,340.93332,19244.71085
2025-04-08 19:31:45,GOOGL,SELL,243.2,187.499,188.4766,237.75232,19482.46317
2025-04-08 19:34:05,AMZN,BUY,43.6,181.1084,178.4672,-115.15632,19367.30685
2025-04-08 19:35:37,NVDA,BUY,221.0,550.3072,549.2471,-234.2821,19133.02475
2025-04-08 19:38:48,NVDA,BUY,168.5,594.6367,593.9842,-109.94625,19023.0785
2025-04-08 19:40:20,AAPL,BUY,11.8,232.7868,232.6824,-1.23192,19021.84658
2025-04-08 19:42:47,NVDA,BUY,140.1,592.0012,597.8523,819.73911,19841.58569
2025-04-08 19:44:59,TSLA,BUY,259.3,304.3987,307.5823,825.50748,20667.09317
2025-04-08 19:47:45,AMZN,BUY,208.9,188.2451,188.1666,-16.39865,20650.69452
2025-04-08 19:50:33,GOOGL,BUY,26.9,181.9903,180.9849,-27.04526,20623.64926
2025-04-08 19:53:57,META,SELL,227.9,461.9372,463.6375,387.49837,21011.14763
2025-04-08 19:56:24,META,BUY,180.1,466.9085,466.0416,-156.12869,20855.01894
2025-04-08 19:59:09,NFLX,SELL,250.4,592.7971,589.1228,-920.04472,19934.97422
2025-04-08 20:01:32,NFLX,SELL,263.5,695.8681,691.3267,-1196.6589,18738.31532
2025-04-08 20:04:27,GOOGL,BUY,174.8,157.0194,155.4004,-283.0012,18455.31412
2025-04-08 20:07:38,META,SELL,308.9,483.7931,476.7993,-2160.38482,16294.9293
2025-04-08 20:09:53,MSFT,BUY,16.0,447.738,453.0364,84.7744,16379.7037
2025-04-08 20:11:31,NFLX,SELL,347.8,596.8933,596.6491,-84.93276,16294.77094
2025-04-08 20:14:41,NFLX,BUY,314.2,694.169,695.3565,373.1125,16667.88344
2025-04-08 20:18:00,AAPL,BUY,43.3,229.7539,232.1084,101.94985,16769.83329
2025-04-08 20:19:43,AAPL,BUY,45.7,207.6159,205.5421,-94.77266,16675.06063
2025-04-08 20:21:39,NFLX,BUY,305.3,679.7676,679.7348,-10.01384,16665.04679
2025-04-08 20:23:28,NFLX,SELL,74.7,686.502,678.7373,-580.02309,16085.0237
2025-04-08 20:25:51,TSLA,BUY,96.8,354.6489,351.1513,-338.56768,15746.45602
2025-04-08 20:28:52,META,SELL,264.9,519.9156,515.9453,-1051.73247,14694.72355
2025-04-08 20:31:29,META,BUY,333.4,455.096,460.5307,1811.92898,16506.65253
2025-04-08 20:34:05,NFLX,BUY,252.6,646.7973,652.0393,1324.1292,17830.78173
2025-04-08 20:36:41,AAPL,BUY,140.7,186.6696,186.3004,-51.94644,17778.83529
2025-04-08 20:38:15,MSFT,BUY,280.7,463.2026,469.8734,1872.49356,19651.32885
2025-04-08 20:41:37,AMZN,SELL,261.2,194.4377,193.2963,-298.13368,19353.19517
2025-04-08 20:45:03,NFLX,BUY,215.6,690.0197,698.3043,1786.15976,21139.35493
2025-04-08 20:46:51,META,SELL,157.5,526.1495,528.015,293.81625,21433.17118
2025-04-08 20:49:05,META,BUY,190.4,542.3658,535.6016,-1287.90368,20145.2675
2025-04-08 20:51:24,MSFT,SELL,224.3,392.7841,390.9071,-421.0111,19724.2564
2025-04-08 20:52:56,TSLA,SELL,255.6,210.018,211.7453,441.49788,20165.75428
2025-04-08 20:55:30,AAPL,BUY,266.0,228.5463,225.967,-686.0938,19479.66048
2025-04-08 20:59:00,AAPL,SELL,161.3,196.797,198.1954,225.56192,19705.2224
2025-04-08 21:01:00,NVDA,SELL,53.3,595.0204,596.3193,69.23137,19774.45377
2025-04-08 21:03:18,NVDA,BUY,288.9,605.9604,607.4578,432.59886,20207.05263
2025-04-08 21:05:34,GOOGL,BUY,151.6,156.9932,155.0728,-291.13264,19915.91999
2025-04-08 21:07:20,GOOGL,BUY,186.6,177.3969,176.7013,-129.79896,19786.12103
2025-04-08 21:10:05,META,SELL,332.0,503.2663,506.1201,947.4616,20733.58263
2025-04-08 21:13:08,META,BUY,250.3,453.1595,448.0903,-1268.82076,19464.76187
2025-04-08 21:14:54,AAPL,BUY,323.0,204.7398,205.1024,117.1198,19581.88167
2025-04-08 21:16:39,META,BUY,18.9,463.8895,464.8882,18.87543,19600.7571
2025-04-08 21:18:28,AAPL,SELL,54.3,188.4047,185.7368,-144.86697,19455.89013
2025-04-08 21:21:38,META,BUY,102.8,556.0103,552.7604,-334.08972,19121.80041
2025-04-08 21:23:31,GOOGL,BUY,202.7,154.6329,154.2505,-77.51248,19044.28793
2025-04-08 21:26:13,GOOGL,SELL,253.4,198.3886,198.2412,-37.35116,19006.93677
2025-04-08 21:29:00,MSFT,BUY,303.9,415.0782,414.4441,-192.70299,18814.23378
2025-04-08 21:31:11,AAPL,SELL,122.0,198.4348,200.8175,290.6894,19104.92318
2025-04-08 21:32:46,GOOGL,SELL,279.7,189.2839,189.6927,114.34136,19219.26454
2025-04-08 21:35:46,AMZN,BUY,334.5,204.568,202.0221,-851.60355,18367.66099
2025-04-08 21:38:25,TSLA,BUY,188.5,336.6692,338.2676,301.2984,18668.95939
2025-04-08 21:39:57,AMZN,BUY,311.2,188.4747,189.6373,361.80112,19030.76051
2025-04-08 21:42:23,AAPL,SELL,155.8,207.6817,204.7114,-462.77274,18567.98777
2025-04-08 21:44:46,TSLA,SELL,343.0,248.2779,245.2317,-1044.8466,17523.14117
2025-04-08 21:47:25,MSFT,SELL,145.5,391.4471,389.1782,-330.12495,17193.01622
2025-04-08 21:49:16,TSLA,SELL,107.8,197.53,198.794,136.2592,17329.27542
2025-04-08 21:50:58,NFLX,BUY,46.7,635.6137,641.8632,291.85165,17621.12707
2025-04-08 21:52:53,NVDA,BUY,137.8,700.8236,706.13,731.22192,18352.34899
2025-04-08 21:54:37,AMZN,BUY,223.6,190.7702,188.0741,-602.84796,17749.50103
2025-04-08 21:58:03,TSLA,SELL,40.0,287.9161,288.6604,29.772,17779.27303
2025-04-08 22:01:10,MSFT,SELL,275.1,416.3354,416.3408,1.48554,17780.75857
2025-04-08 22:02:58,NFLX,BUY,151.2,692.7048,693.4848,117.936,17898.69457
2025-04-08 22:06:24,GOOGL,BUY,340.4,145.8732,144.9509,-313.95092,17584.74365
2025-04-08 22:07:54,TSLA,SELL,239.6,220.397,218.7499,-394.64516,17190.09849
2025-04-08 22:10:08,NVDA,SELL,141.4,472.3054,469.4806,-399.42672,16790.67177
2025-04-08 22:11:53,MSFT,SELL,179.2,443.8429,439.9928,-689.93792,16100.73385
2025-04-08 22:15:05,NFLX,SELL,233.5,676.7024,672.0943,-1075.99135,15024.7425
2025-04-08 22:17:16,NFLX,BUY,10.5,643.3714,645.2921,20.16735,15044.90985
2025-04-08 22:20:14,MSFT,BUY,196.7,429.3964,425.1909,-827.22185,14217.688
2025-04-08 22:23:13,GOOGL,SELL,228.9,179.2346,180.7795,353.62761,14571.31561
2025-04-08 22:24:52,TSLA,SELL,128.5,312.5432,315.6136,394.5464,14965.86201
2025-04-08 22:26:44,TSLA,BUY,158.4,272.9754,276.5479,565.884,15531.74601
2025-04-08 22:28:42,TSLA,SELL,220.7,319.3119,322.3417,668.67686,16200.42287
2025-04-08 22:31:55,NVDA,BUY,17.7,936.9058,950.0402,232.47888,16432.90175
2025-04-08 22:33:06,NVDA,BUY,201.3,550.2135,556.3195,1229.1378,17662.03955
2025-04-08 22:34:17,MSFT,BUY,240.4,428.2586,429.1028,202.94568,17864.98523
2025-04-08 22:35:33,MSFT,BUY,300.1,426.9871,432.5409,1666.69538,19531.68061
2025-04-08 22:36:46,AMZN,BUY,339.6,219.0118,215.8785,-1064.06868,18467.61193
2025-04-08 22:38:00,AMZN,SELL,299.6,168.401,169.159,227.0968,18694.70873
2025-04-08 22:39:00,META,SELL,166.0,483.4496,486.0627,433.7746,19128.48333
2025-04-08 22:40:03,TSLA,BUY,140.2,167.1134,166.1921,-129.16626,18999.31707
2025-04-08 22:41:04,AAPL,BUY,242.9,236.294,234.349,-472.4405,18526.87657
2025-04-08 22:41:48,NVDA,BUY,170.6,529.6264,523.2189,-1093.1195,17433.75707
2025-04-08 22:42:29,NFLX,SELL,335.8,621.1083,620.6159,-165.34792,17268.40915
2025-04-08 22:43:12,NFLX,BUY,220.7,713.2164,718.8672,1247.13156,18515.54071
2025-04-08 22:44:29,AAPL,BUY,135.2,231.3562,234.2485,391.03896,18906.57967
2025-04-08 22:45:13,MSFT,BUY,27.7,449.5727,451.2746,47.14263,18953.7223
2025-04-08 22:45:56,TSLA,SELL,218.0,363.9939,362.9203,-234.0448,18719.6775
2025-04-08 22:47:02,NVDA,BUY,39.9,671.5529,673.9747,96.62982,18816.30732
2025-04-08 22:47:43,GOOGL,SELL,9.2,182.6303,180.4826,-19.75884,18796.54848
2025-04-08 22:48:27,NVDA,BUY,158.4,768.4755,773.654,820.2744,19616.82288
2025-04-08 22:49:22,MSFT,BUY,155.4,390.0624,387.8585,-342.48606,19274.33682
2025-04-08 22:50:24,AMZN,BUY,7.8,181.4562,180.7422,-5.5692,19268.76762
2025-04-08 22:51:41,MSFT,BUY,198.0,403.2653,407.1268,764.577,20033.34462
2025-04-08 22:52:24,META,SELL,122.8,474.8495,478.9132,499.02236,20532.36698
2025-04-08 22:53:34,GOOGL,SELL,120.8,203.7479,204.1519,48.8032,20581.17018
2025-04-08 22:54:33,META,SELL,80.7,459.3893,453.0799,-509.16858,20072.0016
2025-04-08 22:55:13,NVDA,BUY,170.9,685.767,679.8654,-1008.58344,19063.41816
2025-04-08 22:56:14,META,BUY,128.5,494.3016,487.0338,-933.9123,18129.50586
2025-04-08 22:57:29,AAPL,BUY,207.1,189.8246,188.0843,-360.41613,17769.08973
2025-04-08 22:58:32,TSLA,BUY,65.1,199.0333,197.6122,-92.51361,17676.57612
2025-04-08 22:59:47,NVDA,BUY,95.3,551.4284,546.0698,-510.67458,17165.90154
2025-04-08 23:00:33,TSLA,BUY,110.2,245.2955,248.5048,353.66486,17519.5664
2025-04-08 23:01:28,NFLX,SELL,342.1,670.1688,679.0384,3034.29016,20553.85656
2025-04-08 23:02:47,META,BUY,188.7,464.9949,460.6654,-816.97665,19736.87991
2025-04-08 23:03:50,NFLX,SELL,20.9,714.9984,709.519,-114.51946,19622.36045
2025-04-08 23:05:09,NVDA,SELL,306.1,844.0182,851.5033,2291.18911,21913.54956
2025-04-08 23:06:21,GOOGL,BUY,277.9,189.1895,190.8052,449.00303,22362.55259
2025-04-08 23:07:40,AAPL,BUY,177.0,205.6621,205.7186,10.0005,22372.55309
2025-04-08 23:08:49,MSFT,SELL,171.7,429.8025,430.131,56.40345,22428.95654
2025-04-08 23:10:00,GOOGL,SELL,76.5,175.4366,176.2247,60.28965,22489.24619
2025-04-08 23:10:52,GOOGL,BUY,311.6,166.0702,165.1037,-301.1614,22188.08479
2025-04-08 23:12:08,MSFT,SELL,184.0,407.5517,405.0458,-461.0856,21726.99919
2025-04-08 23:13:02,TSLA,SELL,160.6,282.3026,280.9168,-222.55948,21504.43971
2025-04-08 23:14:09,META,SELL,85.7,536.4891,531.3318,-441.98061,21062.4591
2025-04-08 23:14:53,NFLX,BUY,193.6,625.7122,625.7453,6.40816,21068.86726
2025-04-08 23:15:38,AMZN,BUY,72.8,181.6715,180.0381,-118.91152,20949.95574
2025-04-08 23:16:39,AMZN,SELL,296.7,216.5921,218.3366,517.59315,21467.54889
2025-04-08 23:17:31,MSFT,SELL,144.3,377.8398,381.0491,463.10199,21930.65088
2025-04-08 23:18:36,TSLA,SELL,333.3,322.3717,327.1035,1577.10894,23507.75982
2025-04-08 23:19:41,NVDA,BUY,195.7,812.578,814.6989,415.06013,23922.81995
2025-04-08 23:20:50,GOOGL,SELL,69.8,194.1692,193.0803,-76.00522,23846.81473
2025-04-08 23:21:56,NVDA,SELL,49.3,670.4638,672.0228,76.8587,23923.67343
2025-04-08 23:22:36,GOOGL,SELL,241.6,168.5524,168.1436,-98.76608,23824.90735
2025-04-08 23:23:41,AMZN,SELL,342.1,206.1167,203.8853,-763.36194,23061.54541
2025-04-08 23:24:42,META,SELL,189.4,471.9354,470.387,-293.26696,22768.27845
2025-04-08 23:25:34,GOOGL,BUY,64.1,176.7323,175.6965,-66.39478,22701.88367
2025-04-08 23:26:49,MSFT,BUY,14.3,444.4273,445.8054,19.70683,22721.5905
2025-04-08 23:27:41,AAPL,SELL,24.8,190.648,188.1885,-60.9956,22660.5949
2025-04-08 23:28:54,TSLA,BUY,139.9,238.9915,241.9298,411.06817,23071.66307
2025-04-08 23:29:41,MSFT,SELL,49.8,429.5719,434.2847,234.69744,23306.36051
2025-04-08 23:30:34,AMZN,SELL,59.8,225.2002,226.3135,66.57534,23372.93585
2025-04-08 23:31:50,AMZN,BUY,54.2,201.0383,198.0676,-161.01194,23211.92391
2025-04-08 23:32:34,META,BUY,308.3,504.1623,510.3681,1913.24814,25125.17205
2025-04-08 23:33:43,GOOGL,BUY,246.6,185.7438,185.5003,-60.0471,25065.12495
2025-04-08 23:34:42,META,BUY,218.1,505.6809,500.82,-1060.16229,24004.96266
2025-04-08 23:35:49,GOOGL,SELL,331.3,198.6205,197.9862,-210.14359,23794.81907
2025-04-08 23:36:44,MSFT,SELL,235.0,456.5294,457.0462,121.448,23916.26707
2025-04-08 23:37:28,NVDA,SELL,265.6,655.8283,653.2456,-685.96512,23230.30195
2025-04-08 23:38:40,NFLX,SELL,179.6,640.5961,635.8448,-853.33348,22376.96847
2025-04-08 23:39:49,TSLA,BUY,142.8,307.2089,305.768,-205.76052,22171.20795
2025-04-08 23:40:41,META,BUY,321.4,446.2115,441.0535,-1657.7812,20513.42675
2025-04-08 23:41:41,GOOGL,SELL,156.0,182.1137,183.2806,182.0364,20695.46315
2025-04-08 23:42:51,AMZN,BUY,39.7,188.0085,185.2903,-107.91254,20587.55061
2025-04-08 23:43:49,AAPL,SELL,157.0,181.4358,180.2016,-193.7694,20393.78121
2025-04-08 23:44:40,NVDA,BUY,157.5,895.6828,896.5507,136.69425,20530.47546
2025-04-08 23:45:23,AAPL,SELL,135.2,211.986,209.1157,-388.06456,20142.4109
2025-04-08 23:46:15,NVDA,SELL,10.5,906.7058,898.5451,-85.68735,20056.72355
2025-04-08 23:46:56,TSLA,SELL,38.3,354.3621,359.239,186.78527,20243.50882
2025-04-08 23:47:46,MSFT,BUY,117.9,411.6202,406.7756,-571.17834,19672.33048
2025-04-08 23:50:27,NVDA,BUY,41.5,912.9872,905.658,-304.1618,19368.16868
2025-04-08 23:52:38,MSFT,BUY,139.3,415.4081,413.118,-319.01093,19049.15775
2025-04-08 23:55:06,NVDA,BUY,310.5,777.7372,767.0963,-3303.99945,15745.1583
2025-04-08 23:57:28,AMZN,SELL,190.0,235.9517,233.1331,-535.534,15209.6243
2025-04-09 00:00:56,MSFT,SELL,238.9,445.2955,447.9181,626.53914,15836.16344
2025-04-09 00:04:04,MSFT,SELL,242.2,385.7386,388.7672,733.52692,16569.69036
2025-04-09 00:07:22,GOOGL,BUY,226.0,164.9313,164.3493,-131.532,16438.15836
2025-04-09 00:09:21,TSLA,BUY,47.8,151.1235,152.2975,56.1172,16494.27556
2025-04-09 00:11:21,META,BUY,57.3,522.6788,519.4896,-182.74116,16311.5344
2025-04-09 00:13:17,TSLA,BUY,331.3,382.6332,383.759,372.97754,16684.51194
2025-04-09 00:16:21,NFLX,BUY,342.3,613.6981,614.0824,131.54589,16816.05783
2025-04-09 00:19:13,AMZN,BUY,123.2,180.9619,182.2261,155.74944,16971.80727
2025-04-09 00:21:09,TSLA,BUY,184.9,349.1883,353.0926,721.90507,17693.71234
2025-04-09 00:23:02,GOOGL,BUY,334.0,154.5611,154.5223,-12.9592,17680.75314
2025-04-09 00:24:38,MSFT,BUY,75.5,392.9556,396.436,262.7702,17943.52334
2025-04-09 00:27:12,AAPL,SELL,254.0,226.3461,225.0659,-325.1708,17618.35254
2025-04-09 00:29:13,META,BUY,74.5,514.4974,521.7167,537.83785,18156.19039
2025-04-09 00:32:33,GOOGL,BUY,135.3,203.9879,203.1286,-116.26329,18039.9271
2025-04-09 00:35:03,GOOGL,SELL,278.8,176.939,178.6355,472.9842,18512.9113
2025-04-09 00:36:35,META,SELL,322.9,535.5313,539.6901,1342.87652,19855.78782
2025-04-09 00:39:21,MSFT,BUY,214.1,395.2288,393.7484,-316.95364,19538.83418
2025-04-09 00:41:00,NFLX,BUY,321.1,681.3255,675.106,-1997.08145,17541.75273
2025-04-09 00:42:30,TSLA,SELL,133.7,283.4634,287.4644,534.9337,18076.68643
2025-04-09 00:45:02,AMZN,BUY,323.0,192.1402,189.4819,-858.6309,17218.05553
2025-04-09 00:47:21,MSFT,BUY,125.3,449.3143,452.7054,424.90483,17642.96036
2025-04-09 00:50:21,GOOGL,SELL,324.6,184.0533,184.8865,270.45672,17913.41708
2025-04-09 00:53:25,NVDA,BUY,14.7,693.0334,697.328,63.13062,17976.5477
2025-04-09 00:56:20,MSFT,SELL,55.8,426.1919,431.8722,316.96074,18293.50844
2025-04-09 00:58:21,MSFT,BUY,248.6,395.934,394.5603,-341.50182,17952.00662
2025-04-09 01:01:46,AAPL,BUY,152.3,235.6414,233.279,-359.79352,17592.2131
2025-04-09 01:04:44,AMZN,SELL,304.9,206.3924,209.0197,801.06377,18393.27687
2025-04-09 01:06:27,NFLX,BUY,263.2,609.3503,604.0403,-1397.592,16995.68487
2025-04-09 01:09:26,AMZN,BUY,245.2,229.4003,226.4399,-725.89008,16269.79479
2025-04-09 01:12:03,META,SELL,134.3,530.3777,525.1371,-703.81258,15565.98221
2025-04-09 01:15:03,MSFT,BUY,78.3,416.5014,417.3397,65.63889,15631.6211
2025-04-09 01:16:58,TSLA,BUY,344.1,352.255,348.9989,-1120.42401,14511.19709
2025-04-09 01:20:19,META,SELL,106.1,511.8064,506.68,-543.91104,13967.28605
2025-04-09 01:22:37,AAPL,SELL,86.0,167.4044,165.0423,-203.1406,13764.14545
2025-04-09 01:25:09,AAPL,BUY,345.7,174.2808,174.7119,149.03127,13913.17672
2025-04-09 01:26:51,NVDA,BUY,336.9,637.2307,637.6145,129.30222,14042.47894
2025-04-09 01:28:55,GOOGL,SELL,123.4,185.4712,186.4831,124.86846,14167.3474
2025-04-09 01:31:05,NVDA,SELL,24.7,779.7772,776.9334,-70.24186,14097.10554
2025-04-09 01:33:20,NFLX,BUY,324.1,583.9142,589.7899,1904.31437,16001.41991
2025-04-09 01:34:53,AAPL,SELL,90.7,232.8912,234.6479,159.33269,16160.7526
2025-04-09 01:37:20,GOOGL,SELL,116.2,191.8374,194.3808,295.54308,16456.29568
2025-04-09 01:40:11,NFLX,BUY,238.9,715.8838,720.9482,1209.88516,17666.18084
2025-04-09 01:42:10,GOOGL,SELL,329.8,189.5261,192.0226,823.3457,18489.52654
2025-04-09 01:44:40,AAPL,SELL,54.4,186.1186,184.416,-92.62144,18396.9051
2025-04-09 01:47:16,TSLA,BUY,345.6,282.5511,286.758,1453.90464,19850.80974
2025-04-09 01:49:45,MSFT,SELL,191.5,461.3207,461.0739,-47.2622,19803.54754
2025-04-09 01:51:46,NVDA,BUY,251.9,825.4636,823.8513,-406.13837,19397.40917
2025-04-09 01:53:36,NFLX,SELL,93.9,685.4577,679.7076,-539.93439,18857.47478
2025-04-09 01:56:06,AAPL,BUY,119.8,230.7038,232.7493,245.0509,19102.52568
2025-04-09 01:58:04,AAPL,SELL,258.9,192.0612,193.3141,324.37581,19426.90149
2025-04-09 02:00:22,META,BUY,260.5,476.1912,470.3218,-1528.9787,17897.92279
2025-04-09 02:03:51,NVDA,BUY,113.1,737.843,729.5958,-932.75832,16965.16447
2025-04-09 02:06:09,TSLA,SELL,115.3,156.0222,158.2682,258.9638,17224.12827
2025-04-09 02:08:25,MSFT,BUY,299.1,386.3772,380.688,-1701.63972,15522.48855
2025-04-09 02:10:35,MSFT,SELL,55.3,441.4619,442.8057,74.31214,15596.80069
2025-04-09 02:13:30,TSLA,SELL,47.6,227.2287,230.5712,159.103,15755.90369
2025-04-09 02:16:48,GOOGL,BUY,119.9,175.8946,178.4335,304.41411,16060.3178
2025-04-09 02:20:03,NVDA,BUY,303.6,795.5423,784.8637,-3242.02296,12818.29484
2025-04-09 02:21:55,GOOGL,SELL,12.4,172.8422,171.075,-21.91328,12796.38156
2025-04-09 02:24:15,NFLX,SELL,266.4,664.7802,674.5587,2604.9924,15401.37396
2025-04-09 02:26:35,AAPL,SELL,38.6,196.6458,196.929,10.93152,15412.30548
2025-04-09 02:28:46,TSLA,SELL,52.5,260.7713,258.1403,-138.1275,15274.17798
2025-04-09 02:31:45,GOOGL,SELL,229.7,197.6338,195.8293,-414.49365,14859.68433
2025-04-09 02:34:01,AAPL,BUY,239.4,205.1037,208.0738,711.04194,15570.72627
2025-04-09 02:35:52,TSLA,BUY,182.8,227.013,224.407,-476.3768,15094.34947
2025-04-09 02:38:05,META,BUY,16.7,520.9352,519.4348,-25.05668,15069.29279
2025-04-09 02:40:05,META,SELL,272.7,480.7637,484.3002,964.40355,16033.69634
2025-04-09 02:43:16,AAPL,SELL,99.9,228.7949,229.8266,103.06683,16136.76317
2025-04-09 02:46:09,GOOGL,SELL,318.4,157.4184,158.0862,212.62752,16349.39069
2025-04-09 02:48:07,TSLA,SELL,279.0,220.1378,221.7582,452.0916,16801.48229
2025-04-09 02:50:00,META,SELL,117.2,558.7633,552.4812,-736.26212,16065.22017
2025-04-09 02:53:01,MSFT,SELL,196.8,441.0045,434.6507,-1250.42784,14814.79233
2025-04-09 02:55:39,GOOGL,BUY,47.8,171.5363,173.029,71.35106,14886.14339
2025-04-09 02:58:45,NVDA,BUY,67.1,536.3182,537.9127,106.99095,14993.13434
2025-04-09 03:01:26,GOOGL,SELL,199.1,162.8817,161.2262,-329.61005,14663.52429
2025-04-09 03:04:44,TSLA,BUY,130.4,397.4419,397.5152,9.55832,14673.08261
2025-04-09 03:07:23,MSFT,SELL,331.3,456.1071,449.8972,-2057.33987,12615.74274
2025-04-09 03:10:48,AMZN,SELL,113.0,179.5258,179.4743,-5.8195,12609.92324
2025-04-09 03:14:14,NFLX,BUY,53.9,675.5208,666.1324,-506.03476,12103.88848
2025-04-09 03:17:33,NVDA,BUY,128.9,749.7818,743.3946,-823.31008,11280.5784
2025-04-09 03:19:19,META,BUY,162.3,509.9979,504.8467,-836.03976,10444.53864
2025-04-09 03:22:49,AMZN,SELL,75.3,233.9375,231.4337,-188.53614,10256.0025
2025-04-09 03:25:39,AMZN,BUY,61.6,207.6412,207.7124,4.38592,10260.38842
2025-04-09 03:28:54,MSFT,SELL,13.9,456.5839,455.6748,-12.63649,10247.75193
2025-04-09 03:31:41,NVDA,BUY,118.6,577.6212,576.0058,-191.58644,10056.16549
2025-04-09 03:33:22,NFLX,SELL,280.3,687.439,680.1452,-2044.45214,8011.71335
2025-04-09 03:35:27,TSLA,BUY,324.3,249.0731,246.1216,-957.17145,7054.5419
2025-04-09 03:37:19,AMZN,SELL,202.4,179.3039,178.4911,-164.51072,6890.03118
2025-04-09 03:39:25,AMZN,BUY,124.1,230.0908,229.3285,-94.60143,6795.42975
2025-04-09 03:42:29,META,SELL,241.9,525.7848,521.9843,-919.34095,5876.0888
2025-04-09 03:45:30,MSFT,BUY,225.5,387.8196,392.688,1097.8242,6973.913
2025-04-09 03:47:47,NVDA,SELL,345.3,801.769,794.1467,-2631.98019,4341.93281
2025-04-09 03:50:59,GOOGL,SELL,285.8,156.6988,158.4917,512.41082,4854.34363
2025-04-09 03:53:08,AAPL,SELL,36.1,203.6823,202.538,-41.30923,4813.0344
2025-04-09 03:54:48,AAPL,BUY,196.2,237.0149,238.7457,339.58296,5152.61736
2025-04-09 03:57:21,TSLA,SELL,52.1,320.7388,324.8998,216.7881,5369.40546
2025-04-09 03:59:54,AAPL,SELL,151.6,174.436,171.8576,-390.88544,4978.52002
2025-04-09 04:02:32,NFLX,BUY,322.6,727.9671,731.487,1135.51974,6114.03976
2025-04-09 04:05:54,TSLA,SELL,82.6,386.442,386.7146,22.51676,6136.55652
2025-04-09 04:07:33,NFLX,BUY,150.8,642.7209,651.4455,1315.66968,7452.2262
2025-04-09 04:09:51,MSFT,SELL,298.5,453.621,458.1353,1347.51855,8799.74475
2025-04-09 04:13:10,AAPL,SELL,78.5,197.3585,196.1361,-95.9584,8703.78635
2025-04-09 04:16:14,META,BUY,313.2,562.9466,563.2089,82.15236,8785.93871
2025-04-09 04:19:43,GOOGL,SELL,163.8,152.1398,149.8846,-369.40176,8416.53695
2025-04-09 04:21:51,NFLX,BUY,40.0,583.1969,580.6518,-101.804,8314.73295
2025-04-09 04:24:23,NVDA,BUY,146.7,712.5057,721.0239,1249.61994,9564.35289
2025-04-09 04:27:49,GOOGL,BUY,108.3,160.0217,159.5194,-54.39909,9509.9538
2025-04-09 04:30:13,MSFT,SELL,294.6,385.7143,385.0035,-209.40168,9300.55212
2025-04-09 04:32:03,MSFT,SELL,43.2,450.1298,452.9551,122.05296,9422.60508
2025-04-09 04:34:09,TSLA,BUY,315.8,249.015,250.8372,575.45076,9998.05584
2025-04-09 04:35:59,NVDA,SELL,176.0,932.3496,932.0438,-53.8208,9944.23504
2025-04-09 04:38:56,MSFT,SELL,143.0,439.818,443.5169,528.9427,10473.17774
2025-04-09 04:41:58,META,BUY,177.5,462.876,458.0928,-849.018,9624.15974
2025-04-09 04:45:06,NVDA,BUY,341.9,789.8035,786.0632,-1278.80857,8345.35117
2025-04-09 04:48:10,TSLA,SELL,218.1,269.6307,269.056,-125.34207,8220.0091
2025-04-09 04:51:13,MSFT,BUY,95.9,404.5251,399.8531,-448.0448,7771.9643
2025-04-09 04:54:12,NVDA,SELL,178.3,546.7446,550.0438,588.24736,8360.21166
2025-04-09 04:56:05,NVDA,BUY,18.2,555.9192,549.7868,-111.60968,8248.60198
2025-04-09 04:57:59,MSFT,SELL,186.1,384.5226,383.1424,-256.85522,7991.74676
2025-04-09 05:00:58,NVDA,BUY,180.9,627.587,627.1953,-70.85853,7920.88823
2025-04-09 05:03:50,TSLA,SELL,90.2,169.6798,170.7569,97.15442,8018.04265
2025-04-09 05:07:14,TSLA,BUY,261.9,169.2701,166.9958,-595.63917,7422.40348
2025-04-09 05:09:11,AMZN,SELL,174.5,186.2451,184.8609,-241.5429,7180.86058
2025-04-09 05:11:23,AMZN,BUY,195.4,177.0349,174.4519,-504.7182,6676.14238
2025-04-09 05:14:43,MSFT,SELL,213.6,411.8811,412.9797,234.66096,6910.80334
2025-04-09 05:16:43,AMZN,BUY,41.7,199.476,197.0059,-103.00317,6807.80017
2025-04-09 05:19:33,AAPL,BUY,248.1,217.2657,215.248,-500.59137,6307.2088
2025-04-09 05:23:01,AAPL,BUY,109.0,232.1066,232.9353,90.3283,6397.5371
2025-04-09 05:25:31,NVDA,BUY,307.6,474.17,470.6497,-1082.84428,5314.69282
2025-04-09 05:28:50,NFLX,SELL,319.2,648.6911,652.9204,1349.99256,6664.68538
2025-04-09 05:30:28,GOOGL,SELL,99.6,187.0229,185.1542,-186.12252,6478.56286
2025-04-09 05:32:14,AMZN,BUY,340.5,224.9653,222.0011,-1009.3101,5469.25276
2025-04-09 05:34:08,META,SELL,264.0,534.464,529.1009,-1415.8584,4053.39436
2025-04-09 05:36:27,META,SELL,6.2,507.0841,502.6257,-27.64208,4025.75228
2025-04-09 05:39:10,NVDA,BUY,186.2,890.9701,896.5232,1033.98722,5059.7395
2025-04-09 05:41:18,NVDA,SELL,64.0,798.7935,800.0432,79.9808,5139.7203
2025-04-09 05:42:53,NVDA,SELL,98.3,475.7383,481.836,599.40391,5739.12421
2025-04-09 05:46:04,TSLA,BUY,45.1,405.7018,402.1719,-159.19849,5579.92572
2025-04-09 05:48:57,NFLX,SELL,51.1,635.2342,630.7375,-229.78137,5350.14435
2025-04-09 05:52:21,AMZN,SELL,8.6,225.7617,226.6148,7.33666,5357.48101
2025-04-09 05:54:36,NVDA,SELL,273.5,544.4774,552.2977,2138.85205,7496.33306
2025-04-09 05:57:45,AAPL,SELL,221.0,235.0942,233.3828,-378.2194,7118.11366
2025-04-09 06:00:32,NVDA,SELL,264.7,559.5419,564.7076,1367.36079,8485.47445
2025-04-09 06:02:21,GOOGL,BUY,56.2,194.3966,194.0111,-21.6651,8463.80935
2025-04-09 06:04:52,AAPL,SELL,174.2,186.659,184.9167,-303.50866,8160.30069
2025-04-09 06:07:55,MSFT,SELL,66.3,390.8231,386.8709,-262.03086,7898.26983
2025-04-09 06:10:15,NVDA,BUY,143.9,516.8308,519.0809,323.78939,8222.05922
2025-04-09 06:13:17,MSFT,BUY,12.1,430.7215,429.1434,-19.09501,8202.96421
2025-04-09 06:16:32,TSLA,BUY,211.9,183.5423,185.9573,511.7385,8714.70271
2025-04-09 06:19:43,TSLA,BUY,299.2,281.6775,284.3669,804.66848,9519.37119
2025-04-09 06:21:23,NVDA,BUY,119.5,685.2097,678.2852,-827.47775,8691.89344
2025-04-09 06:23:12,NVDA,BUY,192.5,719.6779,714.6572,-966.48475,7725.40869
2025-04-09 06:24:44,TSLA,BUY,5.4,294.4984,293.7499,-4.0419,7721.36679
2025-04-09 06:26:42,TSLA,BUY,231.1,263.0495,260.2668,-643.08197,7078.28482
2025-04-09 06:28:40,META,BUY,102.2,507.6599,514.6118,710.48418,7788.769
2025-04-09 06:30:19,NFLX,BUY,34.3,630.2624,638.2926,275.43586,8064.20486
2025-04-09 06:31:54,MSFT,BUY,313.1,412.6827,411.7572,-289.77405,7774.43081
2025-04-09 06:34:51,AMZN,SELL,321.1,196.8855,194.546,-751.21345,7023.21736
2025-04-09 06:37:45,NFLX,SELL,326.9,693.0209,682.6709,-3383.415,3639.80236
2025-04-09 06:39:34,MSFT,SELL,279.9,389.888,389.2645,-174.51765,3465.28471
2025-04-09 06:42:05,AAPL,BUY,348.2,214.3592,211.7255,-917.05434,2548.23037
2025-04-09 06:42:18,META,SELL,244.2,484.1099,483.0037,-270.13404,2278.09633
2025-04-09 06:42:39,NFLX,BUY,176.5,690.1678,688.4836,-297.2613,1980.83503
2025-04-09 06:43:04,GOOGL,BUY,150.5,169.2152,169.6262,61.8555,2042.69053
2025-04-09 06:43:30,NVDA,BUY,197.6,583.5632,575.1101,-1670.33256,372.35797
2025-04-09 06:43:42,AAPL,BUY,298.0,234.0829,233.1058,-291.1758,81.18217
2025-04-09 06:44:14,MSFT,SELL,150.3,420.0629,425.4986,816.98571,898.16788
2025-04-09 06:44:28,NVDA,BUY,245.0,818.0527,808.6591,-2301.432,-1403.26412
2025-04-09 06:44:40,META,BUY,205.7,525.0893,518.8829,-1276.65648,-2679.9206
2025-04-09 06:45:03,MSFT,BUY,89.5,392.5106,388.2865,-378.05695,-3057.97755
2025-04-09 06:45:11,META,BUY,332.3,531.4981,531.9358,145.44771,-2912.52984
2025-04-09 06:45:34,META,SELL,9.6,499.3559,501.5258,20.83104,-2891.6988
2025-04-09 06:45:45,MSFT,BUY,8.7,458.6625,458.7078,0.39411,-2891.30469
2025-04-09 06:46:19,META,SELL,322.1,512.6287,517.6963,1632.27396,-1259.03073
2025-04-09 06:46:43,AMZN,BUY,342.4,205.7339,205.8666,45.43648,-1213.59425
2025-04-09 06:46:55,NVDA,SELL,68.4,770.7285,764.2291,-444.55896,-1658.15321
2025-04-09 06:47:26,AAPL,SELL,23.9,200.4942,199.7752,-17.1841,-1675.33731
2025-04-09 06:47:45,META,BUY,130.1,475.5183,469.8748,-734.21935,-2409.55666
2025-04-09 06:48:17,NFLX,BUY,8.8,614.7705,609.4572,-46.75704,-2456.3137
2025-04-09 06:48:34,NVDA,BUY,97.9,771.2193,760.3999,-1059.21926,-3515.53296
2025-04-09 06:49:00,TSLA,SELL,128.0,156.6886,154.3781,-295.744,-3811.27696
2025-04-09 06:49:17,META,BUY,127.8,495.6054,493.9794,-207.8028,-4019.07976
2025-04-09 06:49:29,AAPL,SELL,56.8,198.3862,200.2163,103.94968,-3915.13008
2025-04-09 06:49:55,META,SELL,105.1,512.1954,517.6046,568.50692,-3346.62316
2025-04-09 06:50:07,GOOGL,BUY,283.6,201.4661,203.7894,658.88788,-2687.73528
2025-04-09 06:50:35,MSFT,BUY,347.3,463.877,463.8995,7.81425,-2679.92103
2025-04-09 06:51:02,NFLX,SELL,153.7,687.4413,694.7822,1128.29633,-1551.6247
2025-04-09 06:51:32,META,BUY,30.9,476.9764,478.556,48.80964,-1502.81506
2025-04-09 06:51:44,GOOGL,BUY,339.3,197.5271,197.8064,94.76649,-1408.04857
2025-04-09 06:52:17,AAPL,SELL,327.2,184.482,183.451,-337.3432,-1745.39177
2025-04-09 06:52:30,AAPL,SELL,164.0,209.1942,210.5162,216.808,-1528.58377
2025-04-09 06:52:53,AMZN,SELL,47.8,212.2958,210.0059,-109.45722,-1638.04099
2025-04-09 06:53:19,GOOGL,BUY,239.8,170.1865,170.7976,146.54178,-1491.49921
2025-04-09 06:53:41,NFLX,SELL,179.6,637.3088,640.7923,625.6366,-865.86261
2025-04-09 06:53:57,TSLA,BUY,299.3,335.5627,330.6092,-1482.58255,-2348.44516
2025-04-09 06:54:14,META,BUY,82.0,521.9879,527.5287,454.3456,-1894.09956
2025-04-09 06:54:49,GOOGL,BUY,42.6,164.6345,166.2065,66.9672,-1827.13236
2025-04-09 06:55:02,AAPL,SELL,118.4,224.9925,222.964,-240.1744,-2067.30676
2025-04-09 06:55:20,NFLX,SELL,193.1,609.6341,608.8034,-160.40817,-2227.71493
2025-04-09 06:57:50,MSFT,BUY,212.4,403.1548,397.4863,-1203.9894,-3431.70433
2025-04-09 07:00:08,TSLA,SELL,12.9,350.8229,347.7865,-39.16956,-3470.87389
2025-04-09 07:03:15,META,SELL,53.9,477.2626,472.6251,-249.96125,-3720.83514
2025-04-09 07:05:20,META,BUY,236.0,480.4353,480.7924,84.2756,-3636.55954
2025-04-09 07:07:23,MSFT,BUY,123.0,377.5547,382.104,559.5639,-3076.99564
2025-04-09 07:10:29,AMZN,BUY,275.4,191.2779,191.4816,56.09898,-3020.89666
2025-04-09 07:13:28,META,SELL,288.9,548.3409,549.4976,334.17063,-2686.72603
2025-04-09 07:16:09,NVDA,BUY,289.1,808.9002,812.8815,1150.99383,-1535.7322
2025-04-09 07:19:12,NFLX,BUY,55.9,599.7478,599.004,-41.57842,-1577.31062
2025-04-09 07:22:32,NFLX,BUY,345.9,689.0867,693.6819,1589.47968,12.16906
2025-04-09 07:26:02,MSFT,SELL,17.6,427.6462,428.6517,17.6968,29.86586
2025-04-09 07:29:07,NVDA,SELL,77.4,799.2574,792.451,-526.81536,-496.9495
2025-04-09 07:31:01,TSLA,SELL,314.3,346.7469,341.7141,-1581.80904,-2078.75854
2025-04-09 07:33:35,AAPL,SELL,192.2,210.4795,209.5463,-179.36104,-2258.11958
2025-04-09 07:36:11,NFLX,BUY,133.7,711.0918,710.2134,-117.44208,-2375.56166
2025-04-09 07:38:51,MSFT,SELL,102.7,414.8214,414.0435,-79.89033,-2455.45199
2025-04-09 07:41:40,AAPL,BUY,229.1,220.1017,217.4857,-599.3256,-3054.77759
2025-04-09 07:44:28,META,BUY,158.2,504.7287,498.6674,-958.89766,-4013.67525
2025-04-09 07:47:12,TSLA,SELL,273.0,351.4805,348.4423,-829.4286,-4843.10385
2025-04-09 07:49:52,META,BUY,320.3,468.9809,475.56,2107.28573,-2735.81812
2025-04-09 07:52:14,META,BUY,180.1,553.8476,558.5364,844.45288,-1891.36524
2025-04-09 07:54:18,AMZN,SELL,315.6,222.5648,220.8392,-544.59936,-2435.9646
2025-04-09 07:56:41,TSLA,BUY,295.1,151.5932,152.9144,389.88612,-2046.07848
2025-04-09 07:59:17,NFLX,SELL,140.0,599.0919,600.0937,140.252,-1905.82648
2025-04-09 08:02:05,META,BUY,49.5,535.8234,537.0749,61.94925,-1843.87723
2025-04-09 08:04:56,META,BUY,250.0,493.124,489.144,-995.0,-2838.87723
2025-04-09 08:06:42,AAPL,SELL,94.8,231.684,232.5689,83.88852,-2754.98871
2025-04-09 08:09:22,MSFT,SELL,209.7,400.7692,402.3189,324.97209,-2430.01662
2025-04-09 08:10:55,AAPL,SELL,344.3,174.7362,175.9637,422.62825,-2007.38837
2025-04-09 08:13:46,NFLX,BUY,89.6,616.9238,617.5793,58.7328,-1948.65557
2025-04-09 08:16:55,META,SELL,327.6,520.007,516.4964,-1150.07256,-3098.72813
2025-04-09 08:19:45,TSLA,BUY,95.4,180.0281,178.0937,-184.54176,-3283.26989
2025-04-09 08:21:38,AAPL,BUY,294.2,203.4674,202.6214,-248.8932,-3532.16309
2025-04-09 08:23:58,AAPL,SELL,77.6,220.7352,221.5675,64.58648,-3467.57661
2025-04-09 08:26:21,META,SELL,60.6,522.6685,521.8983,-46.67412,-3514.25073
2025-04-09 08:28:29,TSLA,BUY,123.3,308.2473,304.7075,-436.45734,-3950.70807
2025-04-09 08:30:43,GOOGL,BUY,324.7,154.916,156.0393,364.73551,-3585.97256
2025-04-09 08:32:37,TSLA,BUY,315.0,279.739,278.6051,-357.1785,-3943.15106
2025-04-09 08:34:10,NFLX,BUY,329.2,607.2839,611.4331,1365.91664,-2577.23442
2025-04-09 08:36:14,AMZN,SELL,166.1,192.5304,193.4079,145.75275,-2431.48167
2025-04-09 08:39:27,GOOGL,SELL,71.6,182.3555,181.8081,-39.19384,-2470.67551
2025-04-09 08:41:19,NVDA,SELL,62.2,938.0207,940.4852,153.2919,-2317.38361
2025-04-09 08:43:15,GOOGL,SELL,262.7,200.0757,199.618,-120.23779,-2437.6214
2025-04-09 08:46:29,NFLX,BUY,223.3,659.1787,656.6862,-556.57525,-2994.19665
2025-04-09 08:48:07,GOOGL,BUY,92.3,197.8055,200.5239,250.90832,-2743.28833
2025-04-09 08:50:29,AMZN,SELL,69.1,203.7451,203.3135,-29.82356,-2773.11189
2025-04-09 08:52:30,AAPL,BUY,273.9,221.9888,221.1361,-233.55453,-3006.66642
2025-04-09 08:54:15,TSLA,SELL,115.9,321.355,322.0054,75.38136,-2931.28506
2025-04-09 08:56:14,AAPL,SELL,80.0,186.4604,184.8504,-128.8,-3060.08506
2025-04-09 08:58:55,AMZN,BUY,285.6,201.9753,201.5827,-112.12656,-3172.21162
2025-04-09 09:00:50,NVDA,BUY,346.6,845.3442,845.31,-11.85372,-3184.06534
2025-04-09 09:03:13,AAPL,BUY,12.3,196.3202,194.7678,-19.09452,-3203.15986
2025-04-09 09:04:45,TSLA,SELL,144.0,217.1122,219.3374,320.4288,-2882.73106
2025-04-09 09:08:09,TSLA,SELL,254.5,313.2199,316.0625,723.4417,-2159.28936
2025-04-09 09:10:14,NFLX,SELL,113.0,636.9931,638.0719,121.9044,-2037.38496
2025-04-09 09:13:02,TSLA,SELL,319.1,230.412,231.3873,311.21823,-1726.16673
2025-04-09 09:16:19,NFLX,BUY,8.6,583.514,575.5986,-68.07244,-1794.23917
2025-04-09 09:18:02,NFLX,SELL,286.6,618.5159,624.3104,1660.7037,-133.53547
2025-04-09 09:20:40,TSLA,BUY,43.2,219.1367,221.01,80.92656,-52.60891
2025-04-09 09:22:48,AAPL,SELL,63.8,186.1058,184.8212,-81.95748,-134.56639
2025-04-09 09:24:35,GOOGL,BUY,264.8,154.7306,156.4105,444.83752,310.27113
2025-04-09 09:27:58,META,SELL,174.1,519.8316,519.4874,-59.92522,250.34591
2025-04-09 09:30:03,NFLX,SELL,107.2,611.1107,606.7806,-464.18672,-213.84081
2025-04-09 09:31:43,NFLX,BUY,340.3,672.0135,663.5061,-2895.06822,-3108.90903
2025-04-09 09:33:20,NVDA,BUY,137.8,781.8689,781.1218,-102.95038,-3211.85941
2025-04-09 09:35:52,AAPL,SELL,267.4,179.4466,181.3763,516.00178,-2695.85763
2025-04-09 09:38:01,GOOGL,BUY,49.9,189.853,187.607,-112.0754,-2807.93303
2025-04-09 09:41:28,NFLX,SELL,69.8,720.5584,726.6115,422.50638,-2385.42665
2025-04-09 09:43:33,META,BUY,204.1,521.0592,528.1169,1440.47657,-944.95008
2025-04-09 09:45:16,MSFT,SELL,69.5,449.9798,455.2999,369.74695,-575.20313
2025-04-09 09:46:49,GOOGL,SELL,194.9,167.1306,165.2169,-372.98013,-948.18326
2025-04-09 09:49:04,META,BUY,99.0,460.6142,454.4395,-611.2953,-1559.47856
2025-04-09 09:50:46,TSLA,SELL,106.4,332.9185,332.1453,-82.26848,-1641.74704
2025-04-09 09:53:07,MSFT,SELL,228.0,417.0383,419.3048,516.762,-1124.98504
2025-04-09 09:54:51,NVDA,BUY,96.8,476.7827,470.1414,-642.87784,-1767.86288
2025-04-09 09:56:29,AAPL,SELL,39.9,180.0783,179.4943,-23.3016,-1791.16448
2025-04-09 09:59:32,AMZN,SELL,124.9,180.8763,182.4267,193.64496,-1597.51952
2025-04-09 10:01:38,AMZN,BUY,110.3,172.4211,172.3009,-13.25806,-1610.77758
2025-04-09 10:05:04,NVDA,BUY,69.6,607.3982,599.5528,-546.03984,-2156.81742
2025-04-09 10:08:29,GOOGL,BUY,341.2,195.6405,192.8281,-959.59088,-3116.4083
2025-04-09 10:11:51,AAPL,BUY,209.9,212.9784,215.2344,473.5344,-2642.8739
2025-04-09 10:14:21,TSLA,SELL,239.6,366.8068,361.4961,-1272.44372,-3915.31762
2025-04-09 10:16:28,NVDA,BUY,39.5,827.757,834.5924,269.9983,-3645.31932
2025-04-09 10:19:40,NFLX,SELL,92.5,644.9759,648.1377,292.4665,-3352.85282
2025-04-09 10:22:08,TSLA,SELL,183.7,230.3468,229.1979,-211.05293,-3563.90575
2025-04-09 10:25:02,GOOGL,BUY,146.6,160.0544,158.3637,-247.85662,-3811.76237
2025-04-09 10:27:00,MSFT,SELL,260.6,418.9618,415.7488,-837.3078,-4649.07017
2025-04-09 10:29:25,NFLX,BUY,338.1,688.5114,691.377,968.85936,-3680.21081
2025-04-09 10:32:47,GOOGL,BUY,311.4,178.6161,179.5756,298.7883,-3381.42251
2025-04-09 10:35:07,META,SELL,216.3,489.8833,487.58,-498.20379,-3879.6263
2025-04-09 10:37:32,GOOGL,SELL,177.1,169.5256,171.9132,422.84396,-3456.78234
2025-04-09 10:40:29,MSFT,SELL,61.1,430.3813,431.132,45.86777,-3410.91457
2025-04-09 10:43:01,AMZN,BUY,19.1,218.3877,215.214,-60.61767,-3471.53224
2025-04-09 10:45:07,AAPL,BUY,22.2,208.843,210.9363,46.47126,-3425.06098
2025-04-09 10:46:54,NFLX,SELL,335.7,690.0859,690.1272,13.86441,-3411.19657
2025-04-09 10:49:35,MSFT,BUY,321.8,442.1309,441.2296,-290.03834,-3701.23491
2025-04-09 10:51:42,NVDA,BUY,285.0,692.9354,689.9135,-861.2415,-4562.47641
2025-04-09 10:54:33,META,SELL,211.0,502.6148,508.9507,1336.8749,-3225.60151
2025-04-09 10:56:25,META,SELL,269.8,532.4937,526.7296,-1555.15418,-4780.75569
2025-04-09 10:58:27,MSFT,SELL,221.8,423.6756,424.5229,187.93114,-4592.82455
2025-04-09 11:01:06,MSFT,SELL,38.1,444.5998,449.0527,169.65549,-4423.16906
2025-04-09 11:03:43,GOOGL,SELL,166.0,175.8081,175.0391,-127.654,-4550.82306
2025-04-09 11:06:05,GOOGL,BUY,269.5,191.7464,189.0222,-734.1719,-5284.99496
2025-04-09 11:07:46,MSFT,SELL,315.5,438.7009,440.2919,501.9605,-4783.03446
2025-04-09 11:11:08,AMZN,BUY,144.0,214.207,213.5172,-99.3312,-4882.36566
2025-04-09 11:12:38,GOOGL,SELL,41.9,196.1839,199.0453,119.89266,-4762.473
2025-04-09 11:15:24,AAPL,SELL,303.2,211.5938,212.8036,366.81136,-4395.66164
2025-04-09 11:17:09,TSLA,BUY,313.8,266.9711,264.059,-913.81698,-5309.47862
2025-04-09 11:20:00,MSFT,SELL,328.1,425.2894,428.0854,917.3676,-4392.11102
2025-04-09 11:23:13,GOOGL,BUY,38.4,166.9656,165.0674,-72.89088,-4465.0019
2025-04-09 11:25:09,AAPL,SELL,139.8,171.7275,171.7574,4.18002,-4460.82188
2025-04-09 11:28:37,AAPL,SELL,193.6,207.528,209.6555,411.884,-4048.93788
2025-04-09 11:31:52,GOOGL,BUY,68.8,173.4507,174.1594,48.75856,-4000.17932
2025-04-09 11:35:06,NVDA,BUY,104.9,704.7169,704.3039,-43.3237,-4043.50302
2025-04-09 11:36:48,GOOGL,SELL,245.7,181.869,181.2753,-145.87209,-4189.37511
2025-04-09 11:38:31,GOOGL,SELL,139.4,194.0445,191.8331,-308.26916,-4497.64427
2025-04-09 11:41:15,AMZN,BUY,218.9,213.7556,216.2772,551.97824,-3945.66603
2025-04-09 11:41:57,NFLX,BUY,128.4,644.8289,654.1484,1196.6238,-2749.04223
2025-04-09 11:43:09,NVDA,SELL,182.0,897.3065,897.981,122.759,-2626.28323
2025-04-09 11:44:00,MSFT,SELL,53.3,427.3592,431.9575,245.08939,-2381.19384
2025-04-09 11:44:59,META,BUY,134.9,548.6343,551.0231,322.24912,-2058.94472
2025-04-09 11:46:09,MSFT,SELL,218.0,384.7612,383.0078,-382.2412,-2441.18592
2025-04-09 11:47:14,AAPL,BUY,84.9,183.2018,184.4817,108.66351,-2332.52241
2025-04-09 11:48:00,GOOGL,SELL,279.5,170.5596,172.6947,596.76045,-1735.76196
2025-04-09 11:48:46,MSFT,SELL,27.2,449.0018,447.925,-29.28896,-1765.05092
2025-04-09 11:50:05,AMZN,BUY,222.8,177.0558,176.3882,-148.74128,-1913.7922
2025-04-09 11:50:46,MSFT,SELL,51.0,383.2159,382.6354,-29.6055,-1943.3977
2025-04-09 11:52:06,NVDA,BUY,60.9,572.4549,567.3233,-312.51444,-2255.91214
2025-04-09 11:53:19,NVDA,BUY,235.7,742.6245,745.501,677.99105,-1577.92109
2025-04-09 11:54:12,TSLA,BUY,29.8,370.07,370.5871,15.40958,-1562.51151
2025-04-09 11:55:03,GOOGL,BUY,168.4,196.4122,196.8268,69.81864,-1492.69287
2025-04-09 11:56:05,NFLX,BUY,201.4,685.7264,693.4198,1549.45076,56.75789
2025-04-09 11:56:53,AMZN,BUY,212.5,184.1115,182.6234,-316.22125,-259.46336
2025-04-09 11:57:54,TSLA,BUY,128.5,353.0042,351.8438,-149.1114,-408.57476
2025-04-09 11:58:44,AMZN,BUY,183.6,213.4838,211.8276,-304.07832,-712.65308
2025-04-09 12:00:03,AMZN,SELL,328.2,198.917,199.4109,162.09798,-550.5551
2025-04-09 12:00:59,TSLA,BUY,120.4,231.5096,229.8489,-199.94828,-750.50338
2025-04-09 12:01:42,MSFT,BUY,308.0,422.6182,424.6891,637.8372,-112.66618
2025-04-09 12:02:37,GOOGL,BUY,215.5,179.9567,180.3014,74.28285,-38.38333
2025-04-09 12:03:19,NFLX,BUY,195.2,707.3709,698.4706,-1737.33856,-1775.72189
2025-04-09 12:04:07,AMZN,BUY,82.7,176.742,176.724,-1.4886,-1777.21049
2025-04-09 12:05:09,META,SELL,24.1,491.2031,484.151,-169.95561,-1947.1661
2025-04-09 12:05:41,NVDA,SELL,195.6,780.1739,785.7426,1089.23772,-857.92838
2025-04-09 12:05:50,META,SELL,156.1,521.7292,516.0596,-885.02456,-1742.95294
2025-04-09 12:06:17,NFLX,SELL,25.0,609.3649,608.2045,-29.01,-1771.96294
2025-04-09 12:06:32,AAPL,BUY,201.0,185.7328,187.3664,328.3536,-1443.60934
2025-04-09 12:07:05,TSLA,BUY,48.7,342.6872,338.3345,-211.97649,-1655.58583
2025-04-09 12:07:18,AMZN,BUY,49.8,183.8652,186.6126,136.82052,-1518.76531
2025-04-09 12:07:38,GOOGL,BUY,328.7,178.2378,175.9726,-744.57124,-2263.33655
2025-04-09 12:07:52,GOOGL,SELL,131.6,198.812,197.6353,-154.85372,-2418.19027
2025-04-09 12:08:17,AMZN,BUY,245.7,199.7783,198.3851,-342.30924,-2760.49951
2025-04-09 12:08:41,AAPL,BUY,32.1,183.8772,183.8011,-2.44281,-2762.94232
2025-04-09 12:08:53,NVDA,SELL,133.5,827.4702,820.2903,-958.51665,-3721.45897
2025-04-09 12:09:27,MSFT,BUY,44.4,455.9226,455.2902,-28.07856,-3749.53753
2025-04-09 12:09:50,TSLA,SELL,290.4,212.6259,211.8871,-214.54752,-3964.08505
2025-04-09 12:10:00,TSLA,SELL,158.2,362.9162,361.6379,-202.22706,-4166.31211
2025-04-09 12:10:15,NVDA,SELL,23.0,542.8633,541.741,-25.8129,-4192.12501
2025-04-09 12:10:32,TSLA,SELL,290.7,391.3827,389.4597,-559.0161,-4751.14111
2025-04-09 12:10:48,NVDA,BUY,154.8,615.9846,622.0688,941.83416,-3809.30695
2025-04-09 12:11:09,TSLA,BUY,346.9,299.4185,297.509,-662.40555,-4471.7125
2025-04-09 12:11:34,GOOGL,SELL,184.0,177.3519,177.7153,66.8656,-4404.8469
2025-04-09 12:11:47,META,SELL,280.9,534.3864,526.614,-2183.26716,-6588.11406
2025-04-09 12:12:03,AAPL,BUY,202.0,222.7815,221.4169,-275.6492,-6863.76326
2025-04-09 12:13:37,AMZN,SELL,9.3,189.7576,191.3035,14.37687,-6849.38639
2025-04-09 12:15:46,NFLX,SELL,11.0,705.938,704.748,-13.09,-6862.47639
2025-04-09 12:17:17,GOOGL,BUY,25.2,188.8957,187.2967,-40.2948,-6902.77119
2025-04-09 12:20:47,AAPL,SELL,333.9,233.9893,234.3504,120.57129,-6782.1999
2025-04-09 12:23:13,MSFT,SELL,222.5,439.6294,434.7129,-1093.92125,-7876.12115
2025-04-09 12:25:01,TSLA,BUY,241.1,188.558,185.9474,-629.41566,-8505.53681
2025-04-09 12:28:21,GOOGL,SELL,94.4,156.5273,157.5348,95.108,-8410.42881
2025-04-09 12:30:23,TSLA,SELL,86.0,283.3763,279.5059,-332.8544,-8743.28321
2025-04-09 12:32:06,AAPL,SELL,291.1,180.9086,181.2905,111.17109,-8632.11212
2025-04-09 12:35:03,META,BUY,54.4,522.1873,528.0753,320.3072,-8311.80492
2025-04-09 12:37:14,NFLX,SELL,106.5,720.3866,729.9493,1018.42755,-7293.37737
2025-04-09 12:38:47,MSFT,SELL,319.6,380.657,385.571,1570.5144,-5722.86297
2025-04-09 12:40:20,AAPL,BUY,205.6,217.8701,217.9236,10.9996,-5711.86337
2025-04-09 12:42:34,NVDA,SELL,255.6,864.7728,852.6469,-3099.38004,-8811.24341
2025-04-09 12:44:52,AAPL,BUY,222.5,243.5512,247.1885,809.29925,-8001.94416
2025-04-09 12:47:55,META,BUY,22.7,542.9241,543.3762,10.26267,-7991.68149
2025-04-09 12:50:25,GOOGL,SELL,88.9,169.2557,167.956,-115.54333,-8107.22482
2025-04-09 12:53:33,NFLX,BUY,44.8,640.2441,645.0111,213.5616,-7893.66322
2025-04-09 12:55:33,GOOGL,SELL,230.4,167.7365,169.823,480.7296,-7412.93362
2025-04-09 12:58:20,NVDA,SELL,290.6,847.9098,841.0357,-1997.61346,-9410.54708
2025-04-09 13:00:06,NVDA,SELL,122.8,783.6142,790.5693,854.08628,-8556.4608
2025-04-09 13:01:51,AAPL,SELL,203.7,193.5817,196.3881,571.66368,-7984.79712
2025-04-09 13:04:41,NVDA,BUY,196.3,890.7278,884.4048,-1241.2049,-9226.00202
2025-04-09 13:08:10,GOOGL,BUY,153.8,160.9348,158.6853,-345.9731,-9571.97512
2025-04-09 13:11:08,MSFT,BUY,127.3,398.0954,402.9234,614.6044,-8957.37072
2025-04-09 13:13:29,NVDA,SELL,314.9,501.2019,507.1776,1881.74793,-7075.62279
2025-04-09 13:16:14,AAPL,BUY,222.6,185.9114,188.2019,509.8653,-6565.75749
2025-04-09 13:19:18,META,SELL,258.0,527.497,530.6638,817.0344,-5748.72309
2025-04-09 13:22:20,AAPL,BUY,135.9,228.6931,229.7181,139.2975,-5609.42559
2025-04-09 13:24:46,MSFT,SELL,107.6,452.9167,447.4396,-589.33596,-6198.76155
2025-04-09 13:26:59,TSLA,SELL,19.5,215.0355,217.9611,57.0492,-6141.71235
2025-04-09 13:30:29,NVDA,SELL,217.3,715.1687,716.7808,350.30933,-5791.40302
2025-04-09 13:32:11,NFLX,SELL,63.4,601.823,596.8333,-316.34698,-6107.75
2025-04-09 13:35:41,AMZN,BUY,53.6,231.4599,232.6156,61.94552,-6045.80448
2025-04-09 13:37:37,MSFT,BUY,72.3,438.0644,438.5627,36.02709,-6009.77739
2025-04-09 13:40:09,TSLA,SELL,202.1,203.385,206.0807,544.80097,-5464.97642
2025-04-09 13:43:12,GOOGL,BUY,296.4,191.7254,192.9121,351.73788,-5113.23854
2025-04-09 13:45:38,META,SELL,347.6,481.2502,486.5127,1829.245,-3283.99354
2025-04-09 13:48:41,AAPL,SELL,59.1,226.1274,223.2399,-170.65125,-3454.64479
2025-04-09 13:50:53,AMZN,SELL,273.1,206.1398,206.2192,21.68414,-3432.96065
2025-04-09 13:53:53,NFLX,BUY,295.3,648.7727,645.2212,-1048.75795,-4481.7186
2025-04-09 13:56:47,TSLA,BUY,305.9,207.8131,208.3514,164.66597,-4317.05263
2025-04-09 13:58:45,NVDA,SELL,50.5,681.8546,681.7876,-3.3835,-4320.43613
2025-04-09 14:01:36,AAPL,BUY,197.4,170.5366,168.3227,-437.02386,-4757.45999
2025-04-09 14:03:32,MSFT,BUY,225.0,413.0514,414.091,233.91,-4523.54999
2025-04-09 14:06:03,MSFT,SELL,235.5,452.1302,457.2172,1197.9885,-3325.56149
2025-04-09 14:08:35,META,SELL,314.4,508.786,515.8518,2221.48752,-1104.07397
2025-04-09 14:11:42,AMZN,SELL,233.5,231.6877,230.4741,-283.3756,-1387.44957
2025-04-09 14:13:26,MSFT,SELL,49.2,454.0443,452.6561,-68.29944,-1455.74901
2025-04-09 14:16:48,GOOGL,SELL,15.0,178.1365,179.137,15.0075,-1440.74151
2025-04-09 14:18:52,NVDA,SELL,140.0,480.9333,478.3019,-368.396,-1809.13751
2025-04-09 14:21:18,META,SELL,172.5,474.8193,468.4752,-1094.35725,-2903.49476
2025-04-09 14:23:16,NFLX,BUY,76.1,617.6919,611.5125,-470.25234,-3373.7471
2025-04-09 14:26:06,AAPL,SELL,332.8,182.5444,182.7622,72.48384,-3301.26326
2025-04-09 14:27:38,META,BUY,26.9,533.5171,537.7748,114.53213,-3186.73113
2025-04-09 14:29:14,NVDA,SELL,294.2,721.7756,732.2821,3091.0123,-95.71883
2025-04-09 14:31:34,NVDA,SELL,258.0,854.4413,847.1516,-1880.7426,-1976.46143
2025-04-09 14:35:04,TSLA,BUY,186.7,358.9816,361.7291,512.95825,-1463.50318
2025-04-09 14:37:38,META,SELL,242.4,454.4227,456.2162,434.7444,-1028.75878
2025-04-09 14:39:12,AMZN,BUY,143.3,220.7987,219.9896,-115.94403,-1144.70281
2025-04-09 14:42:26,AMZN,BUY,12.0,171.4157,172.612,14.3556,-1130.34721
2025-04-09 14:45:31,MSFT,BUY,72.0,438.649,442.4997,277.2504,-853.09681
2025-04-09 14:48:18,AMZN,SELL,39.4,198.2098,197.9654,-9.62936,-862.72617
2025-04-09 14:51:11,GOOGL,SELL,338.6,163.8681,161.8676,-677.3693,-1540.09547
2025-04-09 14:53:52,AMZN,SELL,347.6,188.9093,188.2429,-231.64064,-1771.73611
2025-04-09 14:56:55,META,SELL,161.0,528.2125,531.6128,547.4483,-1224.28781
2025-04-09 14:59:38,TSLA,SELL,112.2,337.4219,333.4634,-444.1437,-1668.43151
2025-04-09 15:01:26,AAPL,BUY,330.0,211.1195,209.2681,-610.962,-2279.39351
2025-04-09 15:04:11,NVDA,BUY,200.5,516.4522,519.9078,692.8478,-1586.54571
2025-04-09 15:06:10,TSLA,SELL,121.6,209.221,208.0376,-143.90144,-1730.44715
2025-04-09 15:07:59,TSLA,SELL,77.2,314.009,311.8249,-168.61252,-1899.05967
2025-04-09 15:10:40,GOOGL,SELL,116.0,163.1986,163.9428,86.3272,-1812.73247
2025-04-09 15:13:40,GOOGL,BUY,9.7,194.6619,192.4853,-21.11302,-1833.84549
2025-04-09 15:16:16,AAPL,BUY,44.2,184.7196,186.7686,90.5658,-1743.27969
2025-04-09 15:19:39,META,SELL,193.7,470.6737,474.1895,681.01046,-1062.26923
2025-04-09 15:22:00,TSLA,SELL,253.4,173.9365,176.5233,655.49512,-406.77411
2025-04-09 15:25:22,AMZN,SELL,185.5,203.8155,201.6236,-406.59745,-813.37156
2025-04-09 15:27:18,NFLX,SELL,118.9,651.3273,645.6728,-672.32005,-1485.69161
2025-04-09 15:30:23,MSFT,BUY,56.9,422.2864,421.2261,-60.33107,-1546.02268
2025-04-09 15:32:01,TSLA,SELL,37.4,324.7493,321.8194,-109.57826,-1655.60094
2025-04-09 15:34:29,NFLX,BUY,197.9,585.6947,583.067,-520.02183,-2175.62277
2025-04-09 15:36:27,NFLX,BUY,288.2,710.4731,705.6685,-1384.68572,-3560.30849
2025-04-09 15:39:48,META,SELL,226.4,491.6433,492.5447,204.07696,-3356.23153
2025-04-09 15:41:43,AAPL,BUY,66.5,165.6069,164.1981,-93.6852,-3449.91673
2025-04-09 15:44:25,AAPL,BUY,271.3,218.5102,217.3968,-302.06542,-3751.98215
2025-04-09 15:47:10,AMZN,SELL,85.0,182.0672,179.3508,-230.894,-3982.87615
2025-04-09 15:49:07,AAPL,BUY,339.6,179.9235,177.6445,-773.9484,-4756.82455
2025-04-09 15:50:54,GOOGL,SELL,177.6,184.935,183.9757,-170.37168,-4927.19623
2025-04-09 15:52:39,NVDA,SELL,185.1,634.3879,630.8054,-663.12075,-5590.31698
2025-04-09 15:55:16,AAPL,BUY,292.6,240.6118,243.8275,940.91382,-4649.40316
2025-04-09 15:58:17,MSFT,SELL,197.5,416.0363,418.3499,456.936,-4192.46716
2025-04-09 16:00:42,NFLX,BUY,165.8,584.09,581.7365,-390.2103,-4582.67746
2025-04-09 16:03:37,NFLX,SELL,136.9,593.5956,601.4205,1071.22881,-3511.44865
2025-04-09 16:05:29,TSLA,BUY,6.9,254.0776,254.2758,1.36758,-3510.08107
2025-04-09 16:07:38,NFLX,BUY,99.2,712.6486,702.2367,-1032.86048,-4542.94155
2025-04-09 16:10:30,AMZN,SELL,248.0,193.9232,196.8073,715.2568,-3827.68475
2025-04-09 16:12:35,TSLA,BUY,174.2,381.2102,382.7225,263.44266,-3564.24209
2025-04-09 16:15:05,AAPL,BUY,251.1,188.3252,188.9632,160.2018,-3404.04029
2025-04-09 16:15:56,MSFT,BUY,26.5,414.5274,416.2371,45.30705,-3358.73324
2025-04-09 16:16:42,AMZN,BUY,119.8,209.631,211.1243,178.89734,-3179.8359
2025-04-09 16:17:42,MSFT,SELL,236.0,426.0369,430.3533,1018.6704,-2161.1655
2025-04-09 16:18:26,NVDA,BUY,158.0,812.6247,802.4824,-1602.4834,-3763.6489
2025-04-09 16:19:23,NVDA,SELL,99.4,536.2941,528.3016,-794.4545,-4558.1034
2025-04-09 16:20:25,AAPL,SELL,34.7,193.102,195.0491,67.56437,-4490.53903
2025-04-09 16:21:34,AAPL,BUY,221.2,235.1356,233.8482,-284.77288,-4775.31191
2025-04-09 16:22:15,MSFT,BUY,33.0,399.3395,397.8363,-49.6056,-4824.91751
2025-04-09 16:23:10,AMZN,BUY,104.0,215.7857,215.0044,-81.2552,-4906.17271
2025-04-09 16:24:07,MSFT,SELL,99.1,408.8192,412.9312,407.4992,-4498.67351
2025-04-09 16:24:59,MSFT,SELL,130.4,398.7031,396.9706,-225.918,-4724.59151
2025-04-09 16:26:12,GOOGL,BUY,138.1,157.4686,159.0499,218.37753,-4506.21398
2025-04-09 16:27:26,NVDA,SELL,246.4,626.7913,621.2902,-1355.47104,-5861.68502
2025-04-09 16:28:38,AMZN,BUY,80.3,194.9562,193.2643,-135.85957,-5997.54459
2025-04-09 16:29:34,TSLA,BUY,116.4,275.3998,275.1292,-31.49784,-6029.04243
2025-04-09 16:30:50,META,BUY,128.8,481.2949,475.586,-735.30632,-6764.34875
2025-04-09 16:31:30,MSFT,SELL,128.5,412.4446,408.5731,-497.48775,-7261.8365
2025-04-09 16:32:20,GOOGL,BUY,217.7,198.0799,197.7175,-78.89448,-7340.73098
2025-04-09 16:33:37,META,SELL,171.5,502.4157,503.9371,260.9201,-7079.81088
2025-04-09 16:34:42,AMZN,BUY,268.3,236.4015,239.0783,718.18544,-6361.62544
2025-04-09 16:35:54,AAPL,SELL,61.6,199.0161,199.5718,34.23112,-6327.39432
2025-04-09 16:36:44,AMZN,BUY,53.1,233.847,234.324,25.3287,-6302.06562
2025-04-09 16:37:45,TSLA,BUY,62.0,228.2108,227.9281,-17.5274,-6319.59302
2025-04-09 16:38:25,MSFT,BUY,32.7,441.6894,439.0563,-86.10237,-6405.69539
2025-04-09 16:39:20,NVDA,SELL,134.1,495.3348,500.4714,688.81806,-5716.87733
2025-04-09 16:40:30,MSFT,SELL,140.9,395.5859,396.1773,83.32826,-5633.54907
2025-04-09 16:41:23,GOOGL,SELL,49.3,190.1061,187.801,-113.64143,-5747.1905
2025-04-09 16:42:11,META,SELL,257.0,540.6162,545.8027,1332.9305,-4414.26
2025-04-09 16:43:18,META,BUY,310.5,481.7606,474.9229,-2123.10585,-6537.36585
2025-04-09 16:44:09,NVDA,SELL,5.5,619.5294,619.5565,0.14905,-6537.2168
2025-04-09 16:45:27,META,BUY,155.2,523.1001,518.5685,-703.30432,-7240.52112
2025-04-09 16:46:28,META,BUY,138.5,499.2894,496.0684,-446.1085,-7686.62962
2025-04-09 16:47:38,TSLA,SELL,292.8,386.9941,389.111,619.82832,-7066.8013
2025-04-09 16:48:47,AAPL,SELL,302.6,219.4355,216.8115,-794.0224,-7860.8237
2025-04-09 16:49:27,MSFT,SELL,230.6,382.6929,377.0856,-1293.04338,-9153.86708
2025-04-09 16:50:32,META,BUY,223.8,482.9917,479.4946,-782.65098,-9936.51806
2025-04-09 16:51:50,GOOGL,SELL,43.5,187.8665,190.5254,115.66215,-9820.85591
2025-04-09 16:52:41,META,SELL,7.4,536.3667,529.6086,-50.00994,-9870.86585
2025-04-09 16:53:58,AMZN,BUY,165.3,195.6912,195.3089,-63.19419,-9934.06004
2025-04-09 16:54:40,AAPL,SELL,211.8,195.5333,192.894,-559.00374,-10493.06378
2025-04-09 16:55:43,AMZN,SELL,66.7,190.9167,191.1615,16.32816,-10476.73562
2025-04-09 16:56:45,META,BUY,17.3,508.0059,504.9226,-53.34109,-10530.07671
2025-04-09 16:57:32,NFLX,BUY,48.5,651.9108,652.595,33.1837,-10496.89301
2025-04-09 16:59:20,GOOGL,SELL,163.0,197.0557,196.1417,-148.982,-10645.87501
2025-04-09 17:02:09,NVDA,SELL,254.7,469.6738,471.2146,392.44176,-10253.43325
2025-04-09 17:05:22,AAPL,SELL,121.5,207.1227,208.5233,170.1729,-10083.26035
2025-04-09 17:08:13,AMZN,SELL,261.2,200.3828,201.7149,347.94452,-9735.31583
2025-04-09 17:09:53,META,BUY,348.2,544.884,546.0429,403.52898,-9331.78685
2025-04-09 17:12:41,NVDA,BUY,262.7,628.7842,627.5948,-312.45538,-9644.24223
2025-04-09 17:15:50,MSFT,SELL,142.5,421.557,415.8121,-818.64825,-10462.89048
2025-04-09 17:17:43,AMZN,SELL,99.8,177.6001,178.4377,83.59248,-10379.298
2025-04-09 17:20:12,NFLX,BUY,117.0,619.3985,610.4434,-1047.7467,-11427.0447
2025-04-09 17:21:50,AMZN,SELL,325.8,204.3781,203.6978,-221.64174,-11648.68644
2025-04-09 17:23:21,NFLX,SELL,57.4,621.4054,627.4199,345.2323,-11303.45414
2025-04-09 17:26:40,GOOGL,BUY,232.9,181.3457,180.8176,-122.99449,-11426.44863
2025-04-09 17:29:23,AAPL,SELL,76.6,213.6499,212.6583,-75.95656,-11502.40519
2025-04-09 17:32:00,NFLX,SELL,220.6,617.8655,609.1455,-1923.632,-13426.03719
2025-04-09 17:33:51,NFLX,SELL,264.2,645.0239,650.1507,1354.50056,-12071.53663
2025-04-09 17:35:57,GOOGL,BUY,47.6,167.1472,169.3978,107.12856,-11964.40807
2025-04-09 17:38:17,NVDA,BUY,66.6,944.9244,946.9299,133.5663,-11830.84177
2025-04-09 17:40:07,META,SELL,270.8,490.8841,487.6278,-881.80604,-12712.64781
2025-04-09 17:42:57,AAPL,SELL,82.7,215.6822,215.8925,17.39181,-12695.256
2025-04-09 17:45:18,GOOGL,SELL,143.0,170.4824,172.3918,273.0442,-12422.2118
2025-04-09 17:46:48,NFLX,SELL,38.9,670.5328,674.2211,143.47487,-12278.73693
2025-04-09 17:49:32,META,SELL,218.9,490.5861,485.2668,-1164.39477,-13443.1317
2025-04-09 17:51:12,META,BUY,201.4,480.5021,476.8975,-725.96644,-14169.09814
2025-04-09 17:53:42,AAPL,SELL,181.4,164.4892,163.9431,-99.06254,-14268.16068
2025-04-09 17:55:36,MSFT,SELL,65.4,404.2738,408.8176,297.16452,-13970.99616
2025-04-09 17:59:05,NVDA,SELL,163.4,517.4751,518.6798,196.84798,-13774.14818
2025-04-09 18:02:02,GOOGL,BUY,177.6,191.35,194.0641,482.02416,-13292.12402
2025-04-09 18:03:46,NFLX,BUY,240.3,613.9484,618.5274,1100.3337,-12191.79032
2025-04-09 18:06:08,GOOGL,SELL,94.7,156.2931,155.9044,-36.80989,-12228.60021
2025-04-09 18:09:09,AAPL,BUY,290.8,201.5205,203.4047,547.92536,-11680.67485
2025-04-09 18:12:11,TSLA,SELL,222.1,248.3071,251.4908,707.09977,-10973.57508
2025-04-09 18:14:37,META,BUY,278.1,466.2226,467.3389,310.44303,-10663.13205
2025-04-09 18:17:39,MSFT,SELL,320.0,406.128,404.1766,-624.448,-11287.58005
2025-04-09 18:20:50,GOOGL,BUY,249.6,163.1963,162.9919,-51.01824,-11338.59829
2025-04-09 18:23:56,NVDA,SELL,119.1,627.9611,631.5253,424.49622,-10914.10207
2025-04-09 18:26:23,AMZN,SELL,81.3,207.8947,206.5752,-107.27535,-11021.37742
2025-04-09 18:28:40,NFLX,SELL,200.8,620.1098,624.1251,806.27224,-10215.10518
2025-04-09 18:30:49,GOOGL,SELL,214.6,190.4071,188.2853,-455.33828,-10670.44346
2025-04-09 18:34:08,META,SELL,78.0,527.5058,520.0364,-582.6132,-11253.05666
2025-04-09 18:36:16,MSFT,BUY,145.0,399.262,405.2044,861.648,-10391.40866
2025-04-09 18:39:05,MSFT,SELL,177.9,423.3724,424.4791,196.88193,-10194.52673
2025-04-09 18:41:41,NFLX,SELL,65.5,698.1267,698.6553,34.6233,-10159.90343
2025-04-09 18:45:05,META,BUY,82.6,523.8437,517.0037,-564.984,-10724.88743
2025-04-09 18:47:01,NVDA,BUY,128.0,590.7029,593.361,340.2368,-10384.65063
2025-04-09 18:49:29,TSLA,BUY,16.3,326.657,325.3199,-21.79473,-10406.44536
2025-04-09 18:52:19,AAPL,SELL,190.5,203.8015,205.9207,403.7076,-10002.73776
2025-04-09 18:53:59,TSLA,SELL,93.3,304.3289,302.0279,-214.6833,-10217.42106
2025-04-09 18:57:03,MSFT,BUY,96.7,397.6312,403.3497,552.97895,-9664.44211
2025-04-09 18:59:08,AAPL,BUY,317.6,218.2739,221.0076,868.22312,-8796.21899
2025-04-09 19:00:54,AMZN,BUY,38.9,186.7476,186.6203,-4.95197,-8801.17096
2025-04-09 19:04:16,TSLA,SELL,170.0,355.9659,351.4066,-775.081,-9576.25196
2025-04-09 19:06:42,AAPL,SELL,201.4,180.4613,180.3922,-13.91674,-9590.1687
2025-04-09 19:09:26,META,BUY,226.7,528.2827,527.3737,-206.0703,-9796.239
2025-04-09 19:12:11,GOOGL,BUY,118.4,163.0124,163.6537,75.92992,-9720.30908
2025-04-09 19:14:42,AMZN,SELL,122.7,191.7193,191.9044,22.71177,-9697.59731
2025-04-09 19:17:38,AMZN,SELL,313.2,181.2626,178.5791,-840.4722,-10538.06951
2025-04-09 19:20:13,GOOGL,SELL,154.0,159.1726,157.0981,-319.473,-10857.54251
2025-04-09 19:22:21,AAPL,SELL,42.5,190.3828,188.6328,-74.375,-10931.91751
2025-04-09 19:24:20,NVDA,SELL,188.0,692.3116,688.5734,-702.7816,-11634.69911
2025-04-09 19:26:03,AMZN,BUY,276.1,208.0506,209.7133,459.07147,-11175.62764
2025-04-09 19:29:22,MSFT,BUY,168.5,408.4621,408.6639,34.0033,-11141.62434
2025-04-09 19:32:08,META,SELL,132.9,474.2181,478.976,632.32491,-10509.29943
2025-04-09 19:34:17,NFLX,SELL,111.3,707.7229,703.8024,-436.35165,-10945.65108
2025-04-09 19:36:59,META,SELL,227.8,452.1921,450.9547,-281.87972,-11227.5308
2025-04-09 19:38:46,GOOGL,SELL,77.0,155.2556,156.2073,73.2809,-11154.2499
2025-04-09 19:41:47,AMZN,SELL,197.5,226.0128,225.2155,-157.46675,-11311.71665
2025-04-09 19:44:51,NVDA,BUY,99.5,759.5607,758.1958,-135.80755,-11447.5242
2025-04-09 19:46:30,NVDA,BUY,340.0,604.8144,604.2677,-185.878,-11633.4022
2025-04-09 19:48:05,META,SELL,207.2,478.5006,485.4905,1448.30728,-10185.09492
2025-04-09 19:49:42,AAPL,BUY,43.3,213.9917,216.7111,117.75002,-10067.3449
2025-04-09 19:51:29,AAPL,SELL,289.4,243.1402,244.8357,490.6777,-9576.6672
2025-04-09 19:54:50,MSFT,SELL,193.6,420.9574,418.7833,-420.90576,-9997.57296
2025-04-09 19:57:44,AMZN,SELL,270.6,210.8921,208.6174,-615.53382,-10613.10678
2025-04-09 20:01:05,NFLX,SELL,166.6,696.9199,690.316,-1100.20974,-11713.31652
2025-04-09 20:03:33,NFLX,SELL,94.4,611.3259,619.972,816.19184,-10897.12468
2025-04-09 20:06:20,TSLA,BUY,21.6,175.5431,175.4713,-1.55088,-10898.67556
2025-04-09 20:08:57,TSLA,SELL,16.1,156.7212,156.426,-4.75272,-10903.42828
2025-04-09 20:11:31,NFLX,SELL,36.8,618.6344,610.7571,-289.88464,-11193.31292
2025-04-09 20:14:12,AAPL,BUY,35.3,227.5129,229.8765,83.43508,-11109.87784
2025-04-09 20:17:40,GOOGL,BUY,160.7,189.4057,188.1378,-203.75153,-11313.62937
2025-04-09 20:21:02,MSFT,SELL,122.2,380.5634,382.2513,206.26138,-11107.36799
2025-04-09 20:23:39,META,BUY,7.9,492.2611,490.6359,-12.83908,-11120.20707
2025-04-09 20:25:50,META,BUY,237.7,485.2011,481.1675,-958.78672,-12078.99379
2025-04-09 20:28:01,GOOGL,BUY,304.2,185.4698,187.5859,643.71762,-11435.27617
2025-04-09 20:29:50,NVDA,BUY,14.0,550.9624,545.6994,-73.682,-11508.95817
2025-04-09 20:32:37,TSLA,BUY,84.4,289.2932,287.6905,-135.26788,-11644.22605
2025-04-09 20:34:33,NVDA,SELL,85.4,530.3928,538.2055,667.20458,-10977.02147
2025-04-09 20:38:00,NVDA,SELL,332.1,472.2869,466.9469,-1773.414,-12750.43547
2025-04-09 20:39:33,GOOGL,BUY,142.7,163.7617,163.5004,-37.28751,-12787.72298
2025-04-09 20:41:29,META,BUY,47.0,465.2274,468.361,147.2792,-12640.44378
2025-04-09 20:44:35,NVDA,BUY,128.6,930.2027,936.9181,863.60044,-11776.84334
2025-04-09 20:46:45,META,BUY,180.5,478.1404,477.8245,-57.01995,-11833.86329
2025-04-09 20:50:15,GOOGL,BUY,143.1,158.5374,159.9805,206.50761,-11627.35568
2025-04-09 20:53:34,AAPL,SELL,229.9,194.5512,197.1539,598.36073,-11028.99495
2025-04-09 20:55:33,AAPL,SELL,337.7,233.0246,229.64,-1142.97942,-12171.97437
2025-04-09 20:58:36,NFLX,BUY,58.7,599.7436,593.0495,-392.94367,-12564.91804
2025-04-09 21:01:34,GOOGL,BUY,303.9,164.2007,165.6902,452.65905,-12112.25899
2025-04-09 21:04:28,AMZN,SELL,183.9,211.2808,209.2185,-379.25697,-12491.51596
2025-04-09 21:06:17,MSFT,SELL,61.0,445.656,440.4337,-318.5603,-12810.07626
2025-04-09 21:08:50,NVDA,SELL,14.8,645.1199,647.4794,34.9206,-12775.15566
2025-04-09 21:10:23,NFLX,BUY,305.8,711.297,701.3578,-3039.40736,-15814.56302
2025-04-09 21:13:49,META,BUY,39.5,509.9705,504.9178,-199.58165,-16014.14467
2025-04-09 21:16:03,NVDA,BUY,339.2,651.9598,643.4777,-2877.12832,-18891.27299
2025-04-09 21:18:32,META,SELL,167.0,459.1142,456.517,-433.7324,-19325.00539
2025-04-09 21:21:57,AMZN,BUY,335.1,188.4577,188.6838,75.76611,-19249.23928
2025-04-09 21:24:52,AAPL,SELL,182.6,207.6699,205.3388,-425.65886,-19674.89814
2025-04-09 21:28:05,MSFT,BUY,252.5,427.0561,430.1717,786.689,-18888.20914
2025-04-09 21:30:11,AAPL,BUY,341.0,188.7657,187.7952,-330.9405,-19219.14964
2025-04-09 21:33:06,AMZN,BUY,55.1,199.7647,199.0142,-41.35255,-19260.50219
2025-04-09 21:36:10,TSLA,SELL,223.9,311.7926,307.2497,-1017.15531,-20277.6575
2025-04-09 21:39:26,NVDA,BUY,170.9,634.9717,625.6702,-1589.62635,-21867.28385
2025-04-09 21:42:45,NFLX,BUY,79.1,670.7004,669.7367,-76.22867,-21943.51252
2025-04-09 21:45:34,AMZN,SELL,270.1,175.492,174.3301,-313.82919,-22257.34171
2025-04-09 21:49:02,NFLX,SELL,271.3,721.3147,729.3639,2183.74796,-20073.59375
2025-04-09 21:51:30,AAPL,SELL,274.8,227.6344,226.015,-445.01112,-20518.60487
2025-04-09 21:53:54,TSLA,BUY,250.9,182.9447,180.8607,-522.8756,-21041.48047
2025-04-09 21:55:40,NFLX,SELL,329.1,641.8916,642.918,337.78824,-20703.69223
2025-04-09 21:59:00,MSFT,SELL,239.8,450.1032,445.2652,-1160.1524,-21863.84463
2025-04-09 22:02:09,TSLA,BUY,212.3,329.4161,327.9726,-306.45505,-22170.29968
2025-04-09 22:03:58,TSLA,SELL,59.8,278.9295,276.1409,-166.75828,-22337.05796
2025-04-09 22:06:55,MSFT,BUY,57.5,431.3893,434.639,186.85775,-22150.20021
2025-04-09 22:10:25,META,BUY,315.8,492.4192,489.4129,-949.38954,-23099.58975
2025-04-09 22:12:48,GOOGL,SELL,108.5,166.3839,167.4898,119.99015,-22979.5996
2025-04-09 22:14:27,AMZN,SELL,265.5,185.7851,183.3707,-641.0232,-23620.6228
2025-04-09 22:16:14,MSFT,SELL,283.4,439.1182,442.6038,987.81904,-22632.80376
2025-04-09 22:18:15,META,BUY,29.3,518.5306,523.7314,152.38344,-22480.42032
2025-04-09 22:20:20,MSFT,SELL,330.8,391.9512,394.7692,932.1944,-21548.22592
2025-04-09 22:22:09,NVDA,SELL,184.6,520.4945,522.6299,394.19484,-21154.03108
2025-04-09 22:24:46,AAPL,SELL,288.7,190.6495,190.2964,-101.93997,-21255.97105
2025-04-09 22:27:25,GOOGL,BUY,98.9,169.058,168.2535,-79.56505,-21335.5361
2025-04-09 22:29:00,META,SELL,206.8,460.9664,460.5035,-95.72772,-21431.26382
2025-04-09 22:32:22,GOOGL,SELL,211.7,178.9631,179.5178,117.42999,-21313.83383
2025-04-09 22:34:38,NVDA,SELL,150.5,878.832,891.0454,1838.1167,-19475.71713
2025-04-09 22:37:29,AAPL,SELL,118.4,227.7691,228.7275,113.47456,-19362.24257
2025-04-09 22:40:24,AMZN,SELL,283.1,168.7939,166.7741,-571.80538,-19934.04795
2025-04-09 22:42:25,GOOGL,BUY,249.4,180.4142,181.9347,379.2127,-19554.83525
2025-04-09 22:45:06,META,SELL,294.2,452.6099,447.2845,-1566.73268,-21121.56793
2025-04-09 22:47:58,AAPL,BUY,316.8,178.6395,179.5645,293.04,-20828.52793
2025-04-09 22:50:21,META,BUY,299.0,483.4923,487.6717,1249.6406,-19578.88733
2025-04-09 22:53:04,TSLA,SELL,13.8,347.2808,349.0422,24.30732,-19554.58001
2025-04-09 22:55:46,MSFT,BUY,105.8,424.1921,422.0155,-230.28428,-19784.86429
2025-04-09 22:58:08,TSLA,SELL,340.9,362.1536,360.4593,-577.58687,-20362.45116
2025-04-09 23:00:09,AMZN,SELL,246.2,227.337,226.1402,-294.65216,-20657.10332
2025-04-09 23:03:00,AMZN,BUY,143.5,187.3366,186.3356,-143.6435,-20800.74682
2025-04-09 23:05:14,MSFT,SELL,217.7,442.2907,440.085,-480.18089,-21280.92771
2025-04-09 23:08:18,NVDA,SELL,113.0,870.7749,874.4178,411.6477,-20869.28001
2025-04-09 23:10:51,MSFT,SELL,172.5,400.9267,405.2083,738.576,-20130.70401
2025-04-09 23:13:04,GOOGL,SELL,205.7,193.2355,190.9832,-463.29811,-20594.00212
2025-04-09 23:16:30,AMZN,BUY,73.5,195.772,196.921,84.4515,-20509.55062
2025-04-09 23:18:11,META,SELL,137.9,463.5265,458.4235,-703.7037,-21213.25432
2025-04-09 23:21:29,AMZN,BUY,290.0,196.7535,195.1292,-471.047,-21684.30132
2025-04-09 23:23:30,MSFT,SELL,306.9,383.3397,380.1079,-991.83942,-22676.14074
2025-04-09 23:25:56,NVDA,BUY,12.2,463.8164,460.2498,-43.51252,-22719.65326
2025-04-09 23:28:44,GOOGL,SELL,297.5,167.5075,167.0669,-131.0785,-22850.73176
2025-04-09 23:31:28,META,SELL,343.8,530.0977,533.3856,1130.38002,-21720.35174
2025-04-09 23:34:40,AMZN,SELL,128.2,204.8745,203.7691,-141.71228,-21862.06402
2025-04-09 23:37:38,MSFT,SELL,90.2,441.8896,448.3357,581.43822,-21280.6258
2025-04-09 23:40:16,MSFT,BUY,113.2,459.7504,459.4158,-37.87672,-21318.50252
2025-04-09 23:43:29,NVDA,SELL,196.2,802.9688,806.4609,685.15002,-20633.3525
2025-04-09 23:44:23,GOOGL,SELL,155.5,187.4015,187.3854,-2.50355,-20635.85605
2025-04-09 23:45:13,TSLA,SELL,124.9,292.0273,288.151,-484.14987,-21120.00592
2025-04-09 23:46:02,AAPL,SELL,256.1,173.3168,175.6428,595.6886,-20524.31732
2025-04-09 23:47:20,GOOGL,SELL,345.2,180.3198,182.7149,826.78852,-19697.5288
2025-04-09 23:48:13,GOOGL,SELL,307.2,177.1859,177.5572,114.06336,-19583.46544
2025-04-09 23:49:19,MSFT,SELL,23.3,445.0319,451.3187,146.48244,-19436.983
2025-04-09 23:50:21,AAPL,BUY,90.8,205.0153,206.4456,129.87124,-19307.11176
2025-04-09 23:51:39,MSFT,BUY,256.4,380.8535,385.7531,1256.25744,-18050.85432
2025-04-09 23:52:40,AAPL,BUY,145.6,225.3261,224.5653,-110.77248,-18161.6268
2025-04-09 23:53:50,MSFT,SELL,66.2,389.169,386.9647,-145.92466,-18307.55146
2025-04-09 23:54:57,AMZN,SELL,228.3,179.7697,178.9672,-183.21075,-18490.76221
2025-04-09 23:55:42,NFLX,SELL,12.0,688.5928,689.0858,5.916,-18484.84621
2025-04-09 23:57:00,TSLA,BUY,9.3,320.9203,325.5909,43.43658,-18441.40963
2025-04-09 23:58:00,META,SELL,199.4,453.208,458.7164,1098.37496,-17343.03467
2025-04-09 23:58:44,MSFT,BUY,38.5,424.7295,430.7918,233.39855,-17109.63612
2025-04-09 23:59:33,NFLX,BUY,308.5,704.8711,709.235,1346.26315,-15763.37297
2025-04-10 00:00:24,MSFT,SELL,329.5,388.454,393.7917,1758.77215,-14004.60082
2025-04-10 00:01:23,AMZN,BUY,183.9,195.696,193.8198,-345.03318,-14349.634
2025-04-10 00:02:09,GOOGL,BUY,325.4,193.3938,195.9339,826.54854,-13523.08546
2025-04-10 00:03:24,META,SELL,27.6,553.6535,556.4556,77.33796,-13445.7475
2025-04-10 00:04:19,NFLX,BUY,128.6,614.854,613.0885,-227.0433,-13672.7908
2025-04-10 00:05:29,AAPL,BUY,186.9,213.5027,212.3533,-214.82286,-13887.61366
2025-04-10 00:06:45,META,BUY,221.1,486.6778,483.6549,-668.36319,-14555.97685
2025-04-10 00:07:50,META,SELL,41.0,465.4486,458.7997,-272.6049,-14828.58175
2025-04-10 00:09:05,GOOGL,SELL,246.1,177.337,178.7779,354.60549,-14473.97626
2025-04-10 00:10:18,TSLA,BUY,207.7,386.2793,384.0441,-464.25104,-14938.2273
2025-04-10 00:11:34,MSFT,SELL,69.9,437.6216,435.0345,-180.83829,-15119.06559
2025-04-10 00:12:48,TSLA,SELL,66.5,334.3026,334.5431,15.99325,-15103.07234
2025-04-10 00:13:51,TSLA,BUY,30.2,184.7021,185.8791,35.5454,-15067.52694
2025-04-10 00:14:44,GOOGL,BUY,20.6,177.4371,178.0387,12.39296,-15055.13398
2025-04-10 00:15:48,NVDA,BUY,291.8,915.8622,924.4797,2514.5865,-12540.54748
2025-04-10 00:16:39,META,BUY,20.4,491.0066,495.9823,101.50428,-12439.0432
2025-04-10 00:17:28,NVDA,SELL,221.0,885.2207,894.8805,2134.8158,-10304.2274
2025-04-10 00:18:21,AMZN,SELL,147.7,215.9951,215.4501,-80.4965,-10384.7239
2025-04-10 00:19:18,NVDA,SELL,269.7,584.3753,576.3425,-2166.44616,-12551.17006
2025-04-10 00:20:06,NVDA,BUY,316.3,769.3014,760.4224,-2808.4277,-15359.59776
2025-04-10 00:21:17,AAPL,BUY,251.7,211.6585,214.5497,727.71504,-14631.88272
2025-04-10 00:22:22,AMZN,SELL,42.4,197.7851,198.2011,17.6384,-14614.24432
2025-04-10 00:23:09,META,BUY,348.5,548.9971,542.8557,-2140.2779,-16754.52222
2025-04-10 00:24:19,GOOGL,BUY,138.9,158.0337,155.8435,-304.21878,-17058.741
2025-04-10 00:25:04,AAPL,BUY,270.3,194.8779,194.539,-91.60467,-17150.34567
2025-04-10 00:26:16,NVDA,BUY,9.9,818.3917,807.1902,-110.89485,-17261.24052
2025-04-10 00:27:05,NFLX,SELL,140.0,707.0887,710.1462,428.05,-16833.19052
2025-04-10 00:27:54,AMZN,BUY,120.9,190.0937,190.8192,87.71295,-16745.47757
2025-04-10 00:29:02,TSLA,SELL,54.5,167.5084,167.7941,15.57065,-16729.90692
2025-04-10 00:30:02,TSLA,BUY,189.3,327.3203,326.4358,-167.43585,-16897.34277
2025-04-10 00:31:21,MSFT,SELL,136.5,411.082,407.7974,-448.3479,-17345.69067
2025-04-10 00:32:37,TSLA,SELL,82.5,344.0097,340.0843,-323.8455,-17669.53617
2025-04-10 00:33:57,TSLA,BUY,138.2,157.4987,157.8365,46.68396,-17622.85221
2025-04-10 00:35:16,META,SELL,174.2,545.0423,540.7529,-747.21348,-18370.06569
2025-04-10 00:36:12,NFLX,SELL,82.2,651.5006,658.9168,609.61164,-17760.45405
2025-04-10 00:37:10,MSFT,SELL,132.0,456.6573,461.8897,690.6768,-17069.77725
2025-04-10 00:37:51,META,SELL,83.3,458.2117,458.7822,47.52265,-17022.2546
2025-04-10 00:38:56,MSFT,SELL,309.8,398.6097,397.4831,-349.02068,-17371.27528
2025-04-10 00:41:24,GOOGL,SELL,50.9,193.4358,194.3955,48.84873,-17322.42655
2025-04-10 00:44:01,NVDA,BUY,72.1,559.5112,554.3239,-374.00433,-17696.43088
2025-04-10 00:47:22,NFLX,SELL,78.7,657.198,660.0371,223.43717,-17472.99371
2025-04-10 00:49:10,GOOGL,BUY,317.1,174.3255,174.0761,-79.08474,-17552.07845
2025-04-10 00:52:19,META,BUY,328.3,466.4366,468.6706,733.4222,-16818.65625
2025-04-10 00:54:44,MSFT,SELL,200.8,390.8565,387.4145,-691.1536,-17509.80985
2025-04-10 00:56:36,AMZN,BUY,114.2,202.2666,200.1469,-242.06974,-17751.87959
2025-04-10 00:58:37,MSFT,SELL,216.3,401.2158,406.4278,1127.3556,-16624.52399
2025-04-10 01:01:41,TSLA,BUY,23.2,347.3069,351.0813,87.56608,-16536.95791
2025-04-10 01:05:00,AAPL,SELL,261.5,235.5479,234.5353,-264.7949,-16801.75281
2025-04-10 01:06:57,AMZN,BUY,168.9,200.5319,202.5067,333.54372,-16468.20909
2025-04-10 01:09:57,MSFT,SELL,60.1,400.6871,404.3214,218.42143,-16249.78766
2025-04-10 01:13:19,MSFT,BUY,195.6,406.418,402.2516,-814.94784,-17064.7355
2025-04-10 01:15:49,AMZN,BUY,55.6,227.288,228.4054,62.12744,-17002.60806
2025-04-10 01:18:15,AAPL,BUY,11.9,175.9119,174.1728,-20.69529,-17023.30335
2025-04-10 01:21:13,NFLX,SELL,313.4,665.2066,658.8572,-1989.90196,-19013.20531
2025-04-10 01:23:45,NFLX,SELL,108.5,719.7229,711.8407,-855.2187,-19868.42401
2025-04-10 01:26:05,MSFT,BUY,235.8,458.1958,462.1954,943.10568,-18925.31833
2025-04-10 01:28:56,NFLX,SELL,280.8,681.5726,683.6748,590.29776,-18335.02057
2025-04-10 01:30:28,META,BUY,182.1,489.5149,485.8834,-661.29615,-18996.31672
2025-04-10 01:33:04,TSLA,SELL,95.8,233.253,234.6561,134.41698,-18861.89974
2025-04-10 01:35:29,NFLX,BUY,231.6,624.4713,633.7465,2148.13632,-16713.76342
2025-04-10 01:38:23,AAPL,SELL,258.5,218.0186,218.8307,209.92785,-16503.83557
2025-04-10 01:39:55,AMZN,SELL,139.0,196.1041,195.9283,-24.4362,-16528.27177
2025-04-10 01:42:53,AMZN,SELL,145.5,196.6726,198.349,243.9162,-16284.35557
2025-04-10 01:45:06,MSFT,SELL,173.6,428.2688,428.9418,116.8328,-16167.52277
2025-04-10 01:47:10,AAPL,SELL,180.5,240.6947,239.3849,-236.4189,-16403.94167
2025-04-10 01:48:54,TSLA,BUY,30.7,355.3189,351.1302,-128.59309,-16532.53476
2025-04-10 01:51:11,AAPL,BUY,254.5,210.2088,207.5312,-681.4492,-17213.98396
2025-04-10 01:54:15,NFLX,BUY,305.6,604.0052,606.2906,698.41824,-16515.56572
2025-04-10 01:56:43,NFLX,BUY,324.7,668.3232,676.704,2721.24576,-13794.31996
2025-04-10 01:58:36,AAPL,BUY,85.4,171.2133,172.711,127.90358,-13666.41638
2025-04-10 02:00:12,AAPL,SELL,345.8,186.8398,185.1431,-586.71886,-14253.13524
2025-04-10 02:02:59,MSFT,SELL,303.4,402.0032,404.1277,644.5733,-13608.56194
2025-04-10 02:04:36,GOOGL,BUY,308.0,189.7089,188.3616,-414.9684,-14023.53034
2025-04-10 02:07:19,NVDA,BUY,69.5,807.9155,797.6335,-714.599,-14738.12934
2025-04-10 02:09:30,NVDA,BUY,226.0,649.4931,647.7839,-386.2792,-15124.40854
2025-04-10 02:11:27,META,SELL,188.0,537.0946,540.8883,713.2156,-14411.19294
2025-04-10 02:14:20,AMZN,SELL,257.9,218.1404,217.121,-262.90326,-14674.0962
2025-04-10 02:17:09,META,BUY,158.8,524.8553,531.1321,996.75584,-13677.34036
2025-04-10 02:20:14,AAPL,SELL,239.0,215.2663,216.4357,279.4866,-13397.85376
2025-04-10 02:21:52,AMZN,SELL,170.8,197.4167,198.8511,244.99552,-13152.85824
2025-04-10 02:24:25,AMZN,SELL,19.7,195.4897,196.0013,10.07852,-13142.77972
2025-04-10 02:26:40,META,SELL,279.7,546.7788,543.8978,-805.8157,-13948.59542
2025-04-10 02:30:10,META,SELL,138.0,542.7486,546.6215,534.4602,-13414.13522
2025-04-10 02:31:43,MSFT,SELL,56.5,411.1552,415.7221,258.02985,-13156.10537
2025-04-10 02:33:59,TSLA,SELL,68.4,346.2227,347.188,66.02652,-13090.07885
2025-04-10 02:35:41,TSLA,SELL,73.2,265.4536,263.6291,-133.5534,-13223.63225
2025-04-10 02:38:14,META,BUY,172.9,489.4517,485.4539,-691.21962,-13914.85187
2025-04-10 02:41:16,GOOGL,SELL,173.1,172.8261,174.6491,315.5613,-13599.29057
2025-04-10 02:44:11,TSLA,SELL,104.8,394.3938,394.1181,-28.89336,-13628.18393
2025-04-10 02:46:11,GOOGL,BUY,111.3,175.5389,172.9741,-285.46224,-13913.64617
2025-04-10 02:48:01,NFLX,SELL,102.3,673.4687,665.9816,-765.93033,-14679.5765
2025-04-10 02:51:03,NFLX,BUY,26.8,632.8392,641.7704,239.35616,-14440.22034
2025-04-10 02:53:30,NFLX,SELL,316.4,621.6315,629.2803,2420.08032,-12020.14002
2025-04-10 02:56:21,GOOGL,SELL,119.2,177.3697,177.7806,48.97928,-11971.16074
2025-04-10 02:58:15,MSFT,SELL,215.2,432.6355,435.3365,581.2552,-11389.90554
2025-04-10 03:01:29,NVDA,SELL,113.1,726.8203,735.3362,963.14829,-10426.75725
2025-04-10 03:04:51,AAPL,SELL,212.9,221.0447,220.9846,-12.79529,-10439.55254
2025-04-10 03:08:15,AMZN,BUY,278.0,198.2784,199.9287,458.7834,-9980.76914
2025-04-10 03:10:20,MSFT,SELL,117.9,451.3286,453.1303,212.42043,-9768.34871
2025-04-10 03:13:35,GOOGL,BUY,172.2,191.6293,194.2546,452.07666,-9316.27205
2025-04-10 03:15:45,NVDA,BUY,258.7,926.7919,933.2819,1678.963,-7637.30905
2025-04-10 03:17:39,AMZN,BUY,287.4,217.0318,216.5304,-144.10236,-7781.41141
2025-04-10 03:19:10,AMZN,SELL,150.4,185.8878,186.6908,120.7712,-7660.64021
2025-04-10 03:21:27,GOOGL,BUY,59.2,176.2597,175.6358,-36.93488,-7697.57509
2025-04-10 03:23:53,NFLX,BUY,103.2,707.9734,710.2363,233.53128,-7464.04381
2025-04-10 03:26:38,MSFT,SELL,304.4,457.3956,452.235,-1570.88664,-9034.93045
2025-04-10 03:29:18,GOOGL,SELL,154.8,163.7624,161.4311,-360.88524,-9395.81569
2025-04-10 03:31:29,META,BUY,16.9,481.7056,486.5623,82.07823,-9313.73746
2025-04-10 03:33:35,NFLX,BUY,27.0,711.1194,703.2658,-212.0472,-9525.78466
2025-04-10 03:35:13,MSFT,BUY,251.3,390.9127,386.965,-992.05701,-10517.84167
2025-04-10 03:36:54,NFLX,SELL,193.1,620.2308,620.0904,-27.11124,-10544.95291
2025-04-10 03:39:31,META,SELL,35.9,530.7536,531.5194,27.49222,-10517.46069
2025-04-10 03:41:27,GOOGL,BUY,227.4,163.4863,162.2075,-290.79912,-10808.25981
2025-04-10 03:44:08,TSLA,BUY,170.1,308.6725,310.4994,310.75569,-10497.50412
2025-04-10 03:45:43,NVDA,BUY,138.7,927.5936,922.5695,-696.84267,-11194.34679
2025-04-10 03:48:34,META,BUY,13.1,505.3584,502.1692,-41.77852,-11236.12531
2025-04-10 03:51:35,META,BUY,7.5,451.5209,452.6417,8.406,-11227.71931
2025-04-10 03:54:34,AAPL,SELL,142.0,203.8126,205.8245,285.6898,-10942.02951
2025-04-10 03:56:23,TSLA,SELL,265.2,212.921,215.0597,567.18324,-10374.84627
2025-04-10 03:58:25,NFLX,BUY,46.1,629.3096,624.785,-208.58406,-10583.43033
2025-04-10 04:00:31,GOOGL,BUY,75.6,182.3608,183.838,111.67632,-10471.75401
2025-04-10 04:02:15,TSLA,SELL,306.6,349.6561,352.2031,780.9102,-9690.84381
2025-04-10 04:04:10,AMZN,BUY,221.0,225.7227,222.705,-666.9117,-10357.75551
2025-04-10 04:06:52,AMZN,BUY,79.7,198.8025,197.6687,-90.36386,-10448.11937
2025-04-10 04:08:45,NFLX,BUY,139.8,648.4453,647.626,-114.53814,-10562.65751
2025-04-10 04:11:51,MSFT,SELL,279.3,410.5783,411.7699,332.81388,-10229.84363
2025-04-10 04:14:46,NVDA,BUY,300.7,765.5015,768.2407,823.67744,-9406.16619
2025-04-10 04:16:51,TSLA,SELL,336.6,254.7668,256.5151,588.47778,-8817.68841
2025-04-10 04:18:33,TSLA,SELL,31.3,205.7339,208.0573,72.72242,-8744.96599
2025-04-10 04:20:56,TSLA,SELL,109.2,347.4971,351.6517,453.68232,-8291.28367
2025-04-10 04:22:59,GOOGL,BUY,308.7,152.354,153.6921,413.07147,-7878.2122
2025-04-10 04:26:28,GOOGL,BUY,86.0,146.3021,144.4854,-156.2362,-8034.4484
2025-04-10 04:29:49,AMZN,SELL,79.3,174.5736,175.5781,79.65685,-7954.79155
2025-04-10 04:32:09,META,BUY,165.7,453.3882,452.4699,-152.16231,-8106.95386
2025-04-10 04:34:01,TSLA,BUY,253.0,324.0459,326.0864,516.2465,-7590.70736
2025-04-10 04:35:56,AMZN,BUY,69.9,209.3403,212.2492,203.33211,-7387.37525
2025-04-10 04:38:54,GOOGL,BUY,197.8,206.0024,208.2087,436.40614,-6950.96911
2025-04-10 04:41:53,GOOGL,BUY,103.8,188.962,190.3368,142.70424,-6808.26487
2025-04-10 04:43:34,NFLX,SELL,255.5,690.2551,698.5759,2125.9644,-4682.30047
2025-04-10 04:46:13,MSFT,SELL,65.0,437.4791,435.4683,-130.702,-4813.00247
2025-04-10 04:48:34,NFLX,SELL,311.9,717.9986,721.7176,1159.9561,-3653.04637
2025-04-10 04:51:30,META,SELL,92.4,552.9431,546.0829,-633.88248,-4286.92885
2025-04-10 04:53:17,NFLX,SELL,312.0,664.4362,668.0309,1121.5464,-3165.38245
2025-04-10 04:55:30,MSFT,SELL,60.0,425.1117,429.346,254.058,-2911.32445
2025-04-10 04:58:42,MSFT,BUY,346.7,438.5691,443.5783,1736.68964,-1174.63481
2025-04-10 05:01:21,TSLA,BUY,194.9,299.5107,297.3068,-429.54011,-1604.17492
2025-04-10 05:04:51,MSFT,BUY,293.6,436.0817,433.7986,-670.31816,-2274.49308
2025-04-10 05:07:08,META,SELL,145.8,468.4645,466.3724,-305.02818,-2579.52126
2025-04-10 05:10:14,AAPL,BUY,70.0,205.7508,208.1904,170.772,-2408.74926
2025-04-10 05:11:44,AAPL,SELL,332.8,182.827,180.4806,-780.88192,-3189.63118
2025-04-10 05:13:44,META,SELL,13.1,538.5998,543.6814,66.56896,-3123.06222
2025-04-10 05:15:17,AMZN,BUY,239.8,185.8024,187.6288,437.97072,-2685.0915
2025-04-10 05:16:55,AMZN,SELL,245.7,223.1572,222.5078,-159.55758,-2844.64908
2025-04-10 05:19:03,NFLX,SELL,218.6,634.7042,630.9681,-816.71146,-3661.36054
2025-04-10 05:22:30,GOOGL,BUY,93.2,191.386,190.5334,-79.46232,-3740.82286
2025-04-10 05:25:00,META,BUY,308.8,495.6499,496.9454,400.0504,-3340.77246
2025-04-10 05:27:57,GOOGL,BUY,92.0,180.3043,178.0694,-205.6108,-3546.38326
2025-04-10 05:29:38,AAPL,BUY,323.2,218.7441,220.159,457.29568,-3089.08758
2025-04-10 05:32:06,META,SELL,273.1,477.8668,475.1403,-744.60715,-3833.69473
2025-04-10 05:35:25,GOOGL,BUY,240.9,182.4846,180.2672,-534.17166,-4367.86639
2025-04-10 05:38:10,TSLA,SELL,281.5,168.9531,169.2828,92.81055,-4275.05584
2025-04-10 05:40:48,TSLA,SELL,174.4,300.0546,301.8389,311.18192,-3963.87392
2025-04-10 05:44:13,GOOGL,SELL,241.9,199.9779,199.5383,-106.33924,-4070.21316
2025-04-10 05:47:30,AAPL,BUY,138.6,205.4285,203.8819,-214.35876,-4284.57192
2025-04-10 05:50:35,MSFT,SELL,296.7,385.3813,387.4974,627.84687,-3656.72505
2025-04-10 05:52:34,GOOGL,BUY,260.4,163.726,161.9539,-461.45484,-4118.17989
2025-04-10 05:55:21,TSLA,SELL,314.7,275.4942,277.2167,542.07075,-3576.10914
2025-04-10 05:57:38,AAPL,SELL,197.3,198.0592,196.7455,-259.19301,-3835.30215
2025-04-10 06:00:02,AAPL,BUY,180.0,181.4242,181.2861,-24.858,-3860.16015
2025-04-10 06:02:03,MSFT,BUY,69.4,376.7942,372.1187,-324.4797,-4184.63985
2025-04-10 06:03:58,GOOGL,SELL,205.8,166.9135,167.696,161.0385,-4023.60135
2025-04-10 06:05:42,TSLA,BUY,262.6,202.4539,201.2413,-318.42876,-4342.03011
2025-04-10 06:08:02,TSLA,SELL,207.0,165.5782,166.4023,170.5887,-4171.44141
2025-04-10 06:09:33,AMZN,BUY,170.7,190.1981,188.7355,-249.66582,-4421.10723
2025-04-10 06:11:30,NVDA,SELL,221.3,689.8253,690.9228,242.87675,-4178.23048
2025-04-10 06:14:49,AAPL,BUY,55.2,219.694,222.0525,130.1892,-4048.04128
2025-04-10 06:17:56,AAPL,SELL,264.9,212.3783,210.7668,-426.88635,-4474.92763
2025-04-10 06:21:13,NFLX,BUY,264.6,695.404,693.4511,-516.73734,-4991.66497
2025-04-10 06:22:48,NFLX,SELL,214.2,578.412,576.5167,-405.97326,-5397.63823
2025-04-10 06:26:08,NVDA,BUY,180.8,679.4996,688.6604,1656.27264,-3741.36559
2025-04-10 06:28:30,MSFT,BUY,15.7,425.9012,425.0418,-13.49258,-3754.85817
2025-04-10 06:30:08,AAPL,BUY,100.7,232.4764,229.2679,-323.09595,-4077.95412
2025-04-10 06:32:13,GOOGL,SELL,332.2,164.3158,163.37,-314.19476,-4392.14888
2025-04-10 06:34:48,GOOGL,SELL,208.4,188.105,190.0209,399.27356,-3992.87532
2025-04-10 06:37:29,MSFT,SELL,217.6,402.0737,402.4686,85.93024,-3906.94508
2025-04-10 06:39:07,AMZN,SELL,210.1,213.6917,216.0941,504.74424,-3402.20084
2025-04-10 06:41:06,NFLX,SELL,289.9,702.7743,698.6915,-1183.60372,-4585.80456
2025-04-10 06:43:42,META,SELL,232.4,477.1648,476.0747,-253.33924,-4839.1438
2025-04-10 06:46:50,MSFT,SELL,75.5,392.106,392.7283,46.98365,-4792.16015
2025-04-10 06:49:19,MSFT,BUY,225.3,430.7016,435.5618,1095.00306,-3697.15709
2025-04-10 06:51:15,NFLX,BUY,252.4,705.9908,703.6956,-579.30848,-4276.46557
2025-04-10 06:54:44,GOOGL,SELL,92.1,157.0733,157.5727,45.99474,-4230.47083
2025-04-10 06:57:02,META,BUY,327.5,458.7763,458.7082,-22.30275,-4252.77358
2025-04-10 06:59:42,AMZN,SELL,152.6,182.4079,179.9508,-374.95346,-4627.72704
2025-04-10 07:02:14,AAPL,SELL,267.2,199.5421,197.2848,-603.15056,-5230.8776
2025-04-10 07:03:50,TSLA,BUY,97.6,221.8692,222.192,31.50528,-5199.37232
2025-04-10 07:07:00,AAPL,SELL,121.5,189.3579,186.5735,-338.3046,-5537.67692
2025-04-10 07:09:49,AMZN,SELL,218.3,194.5592,192.9861,-343.40773,-5881.08465
2025-04-10 07:12:32,AMZN,SELL,80.9,224.9203,223.6836,-100.04903,-5981.13368
2025-04-10 07:15:45,META,BUY,60.3,514.7662,507.314,-449.36766,-6430.50134
2025-04-10 07:18:28,AMZN,SELL,215.3,181.9731,180.5648,-303.20699,-6733.70833
2025-04-10 07:21:52,MSFT,BUY,236.6,407.4628,401.3896,-1436.91912,-8170.62745
2025-04-10 07:24:17,META,SELL,157.7,475.1431,478.1711,477.5156,-7693.11185
2025-04-10 07:27:21,META,SELL,75.8,453.7525,457.3606,273.49398,-7419.61787
2025-04-10 07:30:17,GOOGL,SELL,217.4,186.1725,186.1671,-1.17396,-7420.79183
2025-04-10 07:33:34,GOOGL,BUY,212.3,171.1227,172.1672,221.74735,-7199.04448
2025-04-10 07:36:33,META,BUY,90.8,537.8433,536.3121,-139.03296,-7338.07744
2025-04-10 07:38:40,NVDA,SELL,13.4,754.404,753.7185,-9.1857,-7347.26314
2025-04-10 07:42:09,NVDA,BUY,136.4,677.6593,674.5119,-429.30536,-7776.5685
2025-04-10 07:44:41,META,SELL,92.9,545.2924,538.5765,-623.90711,-8400.47561
2025-04-10 07:46:40,AMZN,SELL,207.0,224.9563,223.0608,-392.3685,-8792.84411
2025-04-10 07:49:16,NVDA,BUY,267.4,942.5085,938.6792,-1023.95482,-9816.79893
2025-04-10 07:50:57,MSFT,BUY,93.0,425.6471,425.9696,29.9925,-9786.80643
2025-04-10 07:52:46,AMZN,BUY,321.0,220.9806,219.5123,-471.3243,-10258.13073
2025-04-10 07:54:45,META,SELL,202.6,477.5848,479.3176,351.06528,-9907.06545
2025-04-10 07:57:55,MSFT,SELL,313.7,427.9638,433.6388,1780.2475,-8126.81795
2025-04-10 07:59:55,TSLA,BUY,275.2,308.2778,306.1418,-587.8272,-8714.64515
2025-04-10 08:02:33,AAPL,SELL,66.7,212.7472,211.9107,-55.79455,-8770.4397
2025-04-10 08:05:11,MSFT,BUY,285.6,441.5507,438.535,-861.28392,-9631.72362
2025-04-10 08:07:45,TSLA,SELL,58.8,186.4684,183.9418,-148.56408,-9780.2877
2025-04-10 08:09:31,NVDA,SELL,42.9,736.2453,729.0701,-307.81608,-10088.10378
2025-04-10 08:11:32,MSFT,BUY,5.2,389.0581,387.6274,-7.43964,-10095.54342
2025-04-10 08:14:00,GOOGL,SELL,228.3,178.2052,178.0267,-40.75155,-10136.29497
2025-04-10 08:16:36,NFLX,SELL,145.6,674.8656,675.3408,69.18912,-10067.10585
2025-04-10 08:19:10,GOOGL,BUY,108.0,193.0282,192.2609,-82.8684,-10149.97425
2025-04-10 08:21:57,META,SELL,113.5,497.874,495.9864,-214.2426,-10364.21685
2025-04-10 08:23:52,TSLA,BUY,277.7,257.065,259.8814,782.11428,-9582.10257
2025-04-10 08:26:57,MSFT,SELL,315.7,409.5526,405.1579,-1387.40679,-10969.50936
2025-04-10 08:30:22,GOOGL,SELL,164.8,171.4354,173.402,324.09568,-10645.41368
2025-04-10 08:32:45,TSLA,BUY,323.3,388.1053,392.7281,1494.55124,-9150.86244
2025-04-10 08:34:52,NFLX,BUY,32.0,637.8729,644.9937,227.8656,-8922.99684
2025-04-10 08:36:59,NFLX,SELL,297.3,580.0446,588.4209,2490.27399,-6432.72285
2025-04-10 08:38:37,NFLX,SELL,55.3,609.7445,618.7462,497.79401,-5934.92884
2025-04-10 08:41:38,AMZN,BUY,184.8,174.9395,173.4632,-272.82024,-6207.74908
2025-04-10 08:43:11,GOOGL,SELL,131.9,166.5302,165.6636,-114.30454,-6322.05362
2025-04-10 08:46:23,AAPL,SELL,182.3,220.0875,219.6478,-80.15731,-6402.21093
2025-04-10 08:49:18,AAPL,BUY,254.3,230.014,229.599,-105.5345,-6507.74543
2025-04-10 08:51:22,MSFT,BUY,217.8,446.07,442.0063,-885.07386,-7392.81929
2025-04-10 08:53:27,META,BUY,201.4,450.565,446.4355,-831.6813,-8224.50059
2025-04-10 08:55:50,MSFT,SELL,321.0,435.4748,432.276,-1026.8148,-9251.31539
2025-04-10 08:57:20,AAPL,BUY,166.6,229.5604,226.5721,-497.85078,-9749.16617
2025-04-10 08:59:11,GOOGL,BUY,315.3,164.3119,164.1128,-62.77623,-9811.9424
2025-04-10 09:01:59,NFLX,SELL,286.0,713.469,721.7988,2382.3228,-7429.6196
2025-04-10 09:04:11,NFLX,BUY,208.5,679.8713,686.7113,1426.14,-6003.4796
2025-04-10 09:07:08,AMZN,BUY,180.5,193.1316,192.1359,-179.72385,-6183.20345
2025-04-10 09:09:41,META,BUY,302.8,555.5309,552.2034,-1007.567,-7190.77045
2025-04-10 09:11:24,MSFT,BUY,57.9,449.9831,449.5018,-27.86727,-7218.63772
2025-04-10 09:13:06,NFLX,SELL,119.3,696.2213,694.5356,-201.10401,-7419.74173
2025-04-10 09:14:46,NVDA,BUY,324.5,768.5196,774.8591,2057.16775,-5362.57398
2025-04-10 09:16:23,META,SELL,168.2,537.3118,531.7352,-937.98412,-6300.5581
2025-04-10 09:17:56,NFLX,SELL,335.6,597.4751,597.3292,-48.96404,-6349.52214
2025-04-10 09:20:41,NVDA,SELL,88.9,675.2895,669.9232,-477.06407,-6826.58621
2025-04-10 09:23:53,MSFT,SELL,33.3,390.4695,385.5833,-162.71046,-6989.29667
2025-04-10 09:27:04,TSLA,BUY,36.8,289.3954,289.3316,-2.34784,-6991.64451
2025-04-10 09:30:15,MSFT,BUY,131.5,381.3434,386.8771,727.68155,-6263.96296
2025-04-10 09:33:12,NFLX,BUY,118.9,588.0643,594.9955,824.11968,-5439.84328
2025-04-10 09:34:46,AAPL,BUY,139.8,214.4231,212.2999,-296.82336,-5736.66664
2025-04-10 09:37:18,AAPL,SELL,186.5,208.5922,209.3146,134.7276,-5601.93904
2025-04-10 09:40:34,AMZN,BUY,246.5,175.5236,176.279,186.2061,-5415.73294
2025-04-10 09:42:16,GOOGL,BUY,299.0,183.606,181.0284,-770.7024,-6186.43534
2025-04-10 09:45:11,MSFT,SELL,248.5,441.0571,438.3268,-678.47955,-6864.91489
2025-04-10 09:47:32,META,BUY,234.9,541.9923,547.6364,1325.79909,-5539.1158
2025-04-10 09:49:28,NVDA,SELL,45.6,525.5017,526.884,63.03288,-5476.08292
2025-04-10 09:51:11,GOOGL,BUY,270.8,163.404,161.313,-566.2428,-6042.32572
2025-04-10 09:54:09,NFLX,BUY,330.2,678.2604,681.1968,969.59928,-5072.72644
2025-04-10 09:56:49,AMZN,BUY,130.7,225.2682,226.3237,137.95385,-4934.77259
2025-04-10 09:59:09,NVDA,SELL,69.4,492.6303,488.9678,-254.1775,-5188.95009
2025-04-10 10:01:42,GOOGL,SELL,160.1,192.1858,194.2762,334.67304,-4854.27705
2025-04-10 10:04:56,NFLX,SELL,68.5,680.2325,687.745,514.60625,-4339.6708
2025-04-10 10:08:17,MSFT,SELL,346.0,411.091,410.9294,-55.9136,-4395.5844
2025-04-10 10:10:05,TSLA,BUY,253.7,200.0407,202.485,620.11891,-3775.46549
2025-04-10 10:12:28,TSLA,BUY,281.1,300.2623,302.1663,535.2144,-3240.25109
2025-04-10 10:14:45,NFLX,BUY,56.0,596.4264,591.0892,-298.8832,-3539.13429
2025-04-10 10:17:42,AMZN,SELL,216.3,210.8523,213.9748,675.39675,-2863.73754
2025-04-10 10:20:30,NVDA,SELL,208.9,834.6894,846.3118,2427.91936,-435.81818
2025-04-10 10:22:37,GOOGL,BUY,208.3,166.3935,163.987,-501.27395,-937.09213
2025-04-10 10:25:48,AAPL,SELL,202.3,223.226,225.8,520.7202,-416.37193
2025-04-10 10:29:16,NFLX,BUY,230.0,645.6705,641.8019,-889.778,-1306.14993
2025-04-10 10:30:50,NVDA,SELL,288.4,651.013,645.5797,-1566.96372,-2873.11365
2025-04-10 10:32:50,META,BUY,281.8,497.3983,504.2421,1928.58284,-944.53081
2025-04-10 10:34:55,META,BUY,110.6,513.6975,515.8553,238.65268,-705.87813
2025-04-10 10:37:41,TSLA,SELL,233.1,394.6064,391.2137,-790.83837,-1496.7165
2025-04-10 10:39:47,AAPL,BUY,231.4,228.6287,226.4149,-512.27332,-2008.98982
2025-04-10 10:41:18,META,BUY,170.6,491.3295,487.5796,-639.73294,-2648.72276
2025-04-10 10:43:00,MSFT,SELL,152.1,392.5089,388.5272,-605.61657,-3254.33933
2025-04-10 10:46:03,MSFT,SELL,111.8,391.5277,396.5989,566.96016,-2687.37917
2025-04-10 10:48:42,AAPL,BUY,87.6,245.6429,241.9828,-320.62476,-3008.00393
2025-04-10 10:51:51,AMZN,BUY,46.9,174.2347,173.9801,-11.94074,-3019.94467
2025-04-10 10:54:59,GOOGL,BUY,36.8,170.0518,169.3185,-26.98544,-3046.93011
2025-04-10 10:56:51,META,BUY,11.3,504.2078,500.4304,-42.68462,-3089.61473
2025-04-10 11:00:17,AAPL,BUY,72.0,178.0374,179.0497,72.8856,-3016.72913
2025-04-10 11:03:45,NFLX,BUY,266.1,632.7119,630.6103,-559.23576,-3575.96489
2025-04-10 11:05:28,META,BUY,245.6,464.2649,465.4676,295.38312,-3280.58177
2025-04-10 11:08:33,NVDA,SELL,116.2,724.7667,723.8503,-106.48568,-3387.06745
2025-04-10 11:10:50,NVDA,BUY,234.3,470.6569,463.8388,-1597.48083,-4984.54828
2025-04-10 11:13:07,NFLX,SELL,113.7,690.9809,680.7704,-1160.93385,-6145.48213
2025-04-10 11:15:36,AAPL,BUY,51.8,223.6942,221.1206,-133.31248,-6278.79461
2025-04-10 11:18:09,NFLX,BUY,293.2,663.896,654.5845,-2730.1318,-9008.92641
2025-04-10 11:20:19,NVDA,SELL,329.0,717.2826,708.8167,-2785.2811,-11794.20751
2025-04-10 11:23:14,MSFT,SELL,101.8,445.8902,452.5689,679.89166,-11114.31585
2025-04-10 11:26:32,META,BUY,145.4,553.4144,557.3762,576.04572,-10538.27013
2025-04-10 11:28:05,AMZN,SELL,52.4,189.5972,187.2827,-121.2798,-10659.54993
2025-04-10 11:30:42,AAPL,SELL,47.7,186.3749,185.359,-48.45843,-10708.00836
2025-04-10 11:33:25,NVDA,BUY,295.3,564.4035,560.6194,-1117.44473,-11825.45309
2025-04-10 11:36:05,AAPL,SELL,326.1,232.1842,231.5131,-218.84571,-12044.2988
2025-04-10 11:38:14,META,BUY,23.0,520.4428,516.8369,-82.9357,-12127.2345
2025-04-10 11:39:52,AAPL,BUY,192.0,171.9091,171.1929,-137.5104,-12264.7449
2025-04-10 11:41:55,MSFT,BUY,228.7,387.372,383.5182,-881.36406,-13146.10896
2025-04-10 11:44:37,AAPL,BUY,288.7,202.5757,204.0212,417.31585,-12728.79311
2025-04-10 11:47:34,NVDA,SELL,99.3,450.0642,450.3744,30.80286,-12697.99025
2025-04-10 11:50:45,NVDA,SELL,71.4,726.9875,730.6271,259.86744,-12438.12281
2025-04-10 11:53:22,AMZN,SELL,147.0,183.7462,186.3575,383.8611,-12054.26171
2025-04-10 11:56:06,AMZN,SELL,228.7,190.2926,189.8372,-104.14998,-12158.41169
2025-04-10 11:58:39,TSLA,BUY,92.3,249.359,247.0487,-213.24069,-12371.65238
2025-04-10 12:00:25,MSFT,BUY,91.2,457.4343,453.7408,-336.8472,-12708.49958
2025-04-10 12:02:00,AAPL,SELL,336.0,187.1861,185.6033,-531.8208,-13240.32038
2025-04-10 12:04:43,TSLA,BUY,76.2,329.71,325.8223,-296.24274,-13536.56312
2025-04-10 12:06:31,MSFT,BUY,146.8,448.7746,446.42,-345.65528,-13882.2184
2025-04-10 12:09:25,AMZN,SELL,69.9,213.2309,212.5222,-49.53813,-13931.75653
2025-04-10 12:12:20,NVDA,SELL,21.9,692.2679,687.5722,-102.83583,-14034.59236
2025-04-10 12:13:50,META,SELL,185.9,469.3026,472.7988,649.94358,-13384.64878
2025-04-10 12:15:46,META,BUY,101.4,537.6566,531.8612,-587.65356,-13972.30234
2025-04-10 12:18:10,TSLA,SELL,227.3,339.8936,338.3421,-352.65595,-14324.95829
2025-04-10 12:20:37,NVDA,SELL,98.0,868.5056,880.5824,1183.5264,-13141.43189
2025-04-10 12:23:08,NVDA,SELL,80.5,906.0367,905.6535,-30.8476,-13172.27949
2025-04-10 12:25:48,MSFT,BUY,92.9,401.807,400.25,-144.6453,-13316.92479
2025-04-10 12:27:30,AMZN,SELL,88.2,222.4702,225.0385,226.52406,-13090.40073
2025-04-10 12:29:36,AMZN,BUY,196.8,217.4986,218.5977,216.30288,-12874.09785
2025-04-10 12:32:24,MSFT,SELL,242.9,470.8127,468.3745,-592.23878,-13466.33663
2025-04-10 12:35:04,META,SELL,42.4,450.4279,446.2851,-175.65472,-13641.99135
2025-04-10 12:37:13,META,SELL,295.5,526.1046,524.5571,-457.28625,-14099.2776
2025-04-10 12:40:00,NFLX,BUY,312.1,636.4926,638.8722,742.67316,-13356.60444
2025-04-10 12:42:11,TSLA,SELL,153.6,239.5658,239.5166,-7.55712,-13364.16156
2025-04-10 12:44:52,TSLA,BUY,84.8,169.6421,171.6571,170.872,-13193.28956
2025-04-10 12:48:12,TSLA,BUY,346.5,258.777,255.692,-1068.9525,-14262.24206
2025-04-10 12:50:52,GOOGL,BUY,133.0,163.1472,161.75,-185.8276,-14448.06966
2025-04-10 12:52:26,AMZN,BUY,312.0,212.5393,213.4512,284.5128,-14163.55686
2025-04-10 12:55:50,NVDA,BUY,46.0,628.7318,623.7656,-228.4452,-14392.00206
2025-04-10 12:59:03,AMZN,BUY,245.1,175.0956,175.9219,202.52613,-14189.47593
2025-04-10 13:00:33,GOOGL,BUY,39.5,185.0199,187.1706,84.95265,-14104.52328
2025-04-10 13:03:07,NVDA,SELL,196.9,446.1856,449.5765,667.66821,-13436.85507
2025-04-10 13:04:58,TSLA,BUY,235.2,384.1536,384.98,194.36928,-13242.48579
2025-04-10 13:06:52,MSFT,BUY,73.2,401.7557,405.7003,288.74472,-12953.74107
2025-04-10 13:08:59,GOOGL,BUY,51.4,185.6558,184.1276,-78.54948,-13032.29055
2025-04-10 13:10:44,NVDA,SELL,58.1,766.6442,770.9395,249.55693,-12782.73362
2025-04-10 13:12:22,MSFT,SELL,17.1,407.3616,403.3455,-68.67531,-12851.40893
2025-04-10 13:14:14,META,BUY,154.9,460.4011,459.2278,-181.74417,-13033.1531
2025-04-10 13:17:13,MSFT,SELL,309.9,438.7256,441.5386,871.7487,-12161.4044
2025-04-10 13:19:50,NFLX,SELL,334.0,608.2035,609.4313,410.0852,-11751.3192
2025-04-10 13:22:14,MSFT,SELL,78.9,402.2262,399.3329,-228.28137,-11979.60057
2025-04-10 13:25:17,TSLA,BUY,306.8,247.0616,250.2283,971.54356,-11008.05701
2025-04-10 13:27:01,MSFT,BUY,332.6,402.7425,405.1622,804.79222,-10203.26479
2025-04-10 13:28:45,GOOGL,SELL,183.7,188.7691,186.7033,-379.48746,-10582.75225
2025-04-10 13:31:23,NVDA,BUY,301.1,566.2714,558.6396,-2297.93498,-12880.68723
2025-04-10 13:34:02,AAPL,BUY,95.1,213.0099,210.4125,-247.01274,-13127.69997
2025-04-10 13:36:42,MSFT,BUY,294.1,386.5801,386.47,-32.38041,-13160.08038
2025-04-10 13:38:29,NVDA,BUY,193.6,707.615,712.3048,907.94528,-12252.1351
2025-04-10 13:41:33,NFLX,SELL,297.3,601.689,597.6513,-1200.40821,-13452.54331
2025-04-10 13:43:06,TSLA,BUY,254.5,346.2249,349.9941,959.2614,-12493.28191
2025-04-10 13:44:46,NFLX,BUY,207.1,678.4931,684.7618,1298.24777,-11195.03414
2025-04-10 13:46:26,NVDA,SELL,133.2,933.6781,934.7714,145.62756,-11049.40658
2025-04-10 13:49:36,TSLA,BUY,236.9,402.1655,399.9075,-534.9202,-11584.32678
2025-04-10 13:52:47,AMZN,SELL,203.9,197.2211,197.8148,121.05543,-11463.27135
2025-04-10 13:55:18,AMZN,SELL,56.9,208.3833,210.0586,95.32457,-11367.94678
2025-04-10 13:58:33,AMZN,BUY,20.2,186.4418,186.259,-3.69256,-11371.63934
2025-04-10 14:00:09,TSLA,SELL,224.7,372.604,371.2391,-306.69303,-11678.33237
2025-04-10 14:01:50,NFLX,SELL,56.5,648.8797,643.7367,-290.5795,-11968.91187
2025-04-10 14:03:54,NVDA,SELL,112.0,638.3932,629.7557,-967.4,-12936.31187
2025-04-10 14:05:45,META,BUY,87.9,516.2405,514.796,-126.97155,-13063.28342
2025-04-10 14:08:32,GOOGL,SELL,220.4,191.7728,188.994,-612.44752,-13675.73094
2025-04-10 14:11:23,MSFT,BUY,140.1,384.9879,380.6269,-610.9761,-14286.70704
2025-04-10 14:14:39,AAPL,BUY,336.9,189.8541,191.1828,447.63903,-13839.06801
2025-04-10 14:17:31,MSFT,SELL,268.5,425.3379,423.7823,-417.6786,-14256.74661
2025-04-10 14:20:08,AAPL,SELL,27.6,186.2133,184.2852,-53.21556,-14309.96217
2025-04-10 14:23:07,META,SELL,111.1,522.728,525.3465,290.91535,-14019.04682
2025-04-10 14:25:15,MSFT,BUY,252.4,398.4379,397.4793,-241.95064,-14260.99746
2025-04-10 14:27:32,META,BUY,19.1,465.144,464.6133,-10.13637,-14271.13383
2025-04-10 14:29:51,AMZN,SELL,133.9,182.6877,185.1328,327.39889,-13943.73494
2025-04-10 14:31:58,TSLA,BUY,240.7,251.8034,250.5942,-291.05444,-14234.78938
2025-04-10 14:34:05,NVDA,BUY,111.2,791.7716,791.055,-79.68592,-14314.4753
2025-04-10 14:37:16,AMZN,SELL,12.8,209.1678,211.7799,33.43488,-14281.04042
2025-04-10 14:39:14,AAPL,SELL,184.0,185.3712,186.469,201.9952,-14079.04522
2025-04-10 14:42:30,AMZN,SELL,237.4,219.4645,220.7628,308.21642,-13770.8288
2025-04-10 14:44:43,TSLA,SELL,299.3,326.8331,322.4946,-1298.51305,-15069.34185
2025-04-10 14:46:43,NVDA,BUY,93.9,554.9107,560.3798,513.54849,-14555.79336
2025-04-10 14:48:53,AAPL,SELL,283.1,216.3295,218.32,563.51055,-13992.28281
2025-04-10 14:50:34,AAPL,SELL,214.2,205.2542,205.5275,58.54086,-13933.74195
2025-04-10 14:52:29,NVDA,BUY,79.8,756.7816,749.9249,-547.16466,-14480.90661
2025-04-10 14:54:50,NFLX,BUY,33.9,584.3819,576.9633,-251.49054,-14732.39715
2025-04-10 14:55:22,GOOGL,SELL,336.5,200.3501,197.9177,-818.5026,-15550.89975
2025-04-10 14:55:57,META,BUY,15.1,454.8626,461.6482,102.46256,-15448.43719
2025-04-10 14:56:08,NFLX,SELL,211.0,604.1809,597.4366,-1423.0473,-16871.48449
2025-04-10 14:56:16,NVDA,SELL,288.9,613.0986,617.3154,1218.23352,-15653.25097
2025-04-10 14:56:43,AAPL,SELL,239.6,229.7236,232.3582,631.25016,-15022.00081
2025-04-10 14:57:03,NFLX,SELL,47.5,602.7843,595.0249,-368.5715,-15390.57231
2025-04-10 14:57:27,AMZN,BUY,142.0,206.1951,204.4992,-240.8178,-15631.39011
2025-04-10 14:57:50,NFLX,BUY,254.4,662.3275,655.7824,-1665.07344,-17296.46355
2025-04-10 14:58:04,MSFT,BUY,121.5,394.1018,391.4418,-323.19,-17619.65355
2025-04-10 14:58:14,AAPL,SELL,184.3,232.0467,230.6123,-264.35992,-17884.01347
2025-04-10 14:58:35,TSLA,SELL,121.4,298.3278,300.816,302.06748,-17581.94599
2025-04-10 14:58:58,META,SELL,45.2,498.2808,501.1761,130.86756,-17451.07843
2025-04-10 14:59:10,META,BUY,306.8,551.7826,559.1298,2254.12096,-15196.95747
2025-04-10 14:59:19,NVDA,SELL,14.4,646.9042,654.1088,103.74624,-15093.21123
2025-04-10 14:59:31,GOOGL,BUY,39.5,167.9899,169.2254,48.80225,-15044.40898
2025-04-10 14:59:44,NVDA,SELL,68.3,893.059,893.3022,16.61056,-15027.79842
2025-04-10 15:00:10,AAPL,SELL,268.3,221.104,221.0063,-26.21291,-15054.01133
2025-04-10 15:00:38,MSFT,BUY,45.0,460.7405,467.142,288.0675,-14765.94383
2025-04-10 15:02:46,TSLA,SELL,86.9,341.4491,339.8369,-140.10018,-14906.04401
2025-04-10 15:06:06,MSFT,SELL,23.4,384.1832,386.7633,60.37434,-14845.66967
2025-04-10 15:09:01,NFLX,SELL,288.7,681.5718,671.7174,-2844.96528,-17690.63495
2025-04-10 15:11:35,NFLX,BUY,348.4,691.7544,681.7054,-3501.0716,-21191.70655
2025-04-10 15:13:37,MSFT,SELL,220.2,443.5851,446.3286,604.1187,-20587.58785
2025-04-10 15:16:27,META,SELL,267.0,540.4476,542.7458,613.6194,-19973.96845
2025-04-10 15:19:32,GOOGL,BUY,189.7,187.1647,186.0167,-217.7756,-20191.74405
2025-04-10 15:21:48,META,BUY,311.1,462.3339,466.1107,1174.96248,-19016.78157
2025-04-10 15:24:30,NVDA,BUY,294.5,893.6033,883.104,-3092.04385,-22108.82542
2025-04-10 15:27:43,NVDA,SELL,336.4,841.1349,842.7477,542.54592,-21566.2795
2025-04-10 15:29:20,META,BUY,142.3,553.6741,553.2253,-63.86424,-21630.14374
2025-04-10 15:31:05,GOOGL,SELL,111.8,204.0572,205.5832,170.6068,-21459.53694
2025-04-10 15:34:35,NVDA,BUY,318.2,613.9184,616.9121,952.59534,-20506.9416
2025-04-10 15:37:28,NVDA,BUY,103.2,777.7586,785.1965,767.59128,-19739.35032
2025-04-10 15:38:58,NFLX,SELL,54.1,703.8674,695.797,-436.60864,-20175.95896
2025-04-10 15:41:56,META,SELL,268.3,456.2374,454.954,-344.33622,-20520.29518
2025-04-10 15:44:35,MSFT,SELL,195.0,424.6288,419.4504,-1009.788,-21530.08318
2025-04-10 15:47:18,META,SELL,171.3,503.1956,495.8731,-1254.34425,-22784.42743
2025-04-10 15:49:42,AAPL,BUY,113.2,227.8061,229.9058,237.68604,-22546.74139
2025-04-10 15:51:55,AAPL,SELL,207.7,229.8898,227.4687,-502.86247,-23049.60386
2025-04-10 15:55:03,AMZN,SELL,15.2,204.463,201.6449,-42.83512,-23092.43898
2025-04-10 15:56:54,GOOGL,BUY,318.0,152.0756,152.5336,145.644,-22946.79498
2025-04-10 15:59:13,AAPL,BUY,138.6,172.9542,175.4429,344.93382,-22601.86116
2025-04-10 16:01:08,AAPL,BUY,299.8,218.5573,221.6356,922.87434,-21678.98682
2025-04-10 16:02:44,AAPL,SELL,101.3,202.7954,203.4772,69.06634,-21609.92048
2025-04-10 16:04:51,AAPL,SELL,72.6,171.1895,171.8548,48.30078,-21561.6197
2025-04-10 16:07:35,GOOGL,SELL,132.1,184.9237,182.4289,-329.56308,-21891.18278
2025-04-10 16:10:26,AMZN,SELL,61.0,170.5207,169.4029,-68.1858,-21959.36858
2025-04-10 16:13:27,GOOGL,BUY,147.0,187.8317,189.3135,217.8246,-21741.54398
2025-04-10 16:15:13,MSFT,SELL,220.8,384.0484,383.9573,-20.11488,-21761.65886
2025-04-10 16:17:43,META,BUY,326.7,550.1259,551.2056,352.73799,-21408.92087
2025-04-10 16:19:21,AMZN,BUY,72.4,190.7455,188.2686,-179.32756,-21588.24843
2025-04-10 16:21:16,GOOGL,BUY,326.3,158.0865,156.3444,-568.44723,-22156.69566
2025-04-10 16:23:31,MSFT,BUY,32.3,409.9065,410.456,17.74885,-22138.94681
2025-04-10 16:25:02,NVDA,BUY,61.4,788.4346,778.4671,-612.0045,-22750.95131
2025-04-10 16:27:20,AAPL,BUY,50.7,222.9766,224.1113,57.52929,-22693.42202
2025-04-10 16:29:53,NFLX,SELL,30.6,602.9603,597.8638,-155.9529,-22849.37492
2025-04-10 16:32:48,AMZN,SELL,116.4,201.6972,203.9031,256.76676,-22592.60816
2025-04-10 16:34:36,META,SELL,37.6,510.0067,517.2449,272.15632,-22320.45184
2025-04-10 16:36:41,AMZN,BUY,167.3,189.0688,186.8091,-378.04781,-22698.49965
2025-04-10 16:38:24,MSFT,SELL,182.1,442.9157,442.9112,-0.81945,-22699.3191
2025-04-10 16:41:51,MSFT,BUY,288.1,382.2827,382.1861,-27.83046,-22727.14956
2025-04-10 16:44:29,MSFT,BUY,326.1,432.1297,429.0326,-1009.96431,-23737.11387
2025-04-10 16:46:52,MSFT,SELL,85.7,430.6707,432.0466,117.91463,-23619.19924
2025-04-10 16:47:13,NVDA,BUY,66.1,888.7641,898.0448,613.45427,-23005.74497
2025-04-10 16:47:42,NFLX,SELL,12.9,585.1825,593.2539,104.12106,-22901.62391
2025-04-10 16:48:15,META,SELL,161.5,533.1378,541.0464,1277.2389,-21624.38501
2025-04-10 16:48:45,TSLA,SELL,283.6,354.4915,354.6859,55.13184,-21569.25317
2025-04-10 16:49:20,TSLA,SELL,54.6,341.3725,340.1038,-69.27102,-21638.52419
2025-04-10 16:49:49,MSFT,BUY,140.7,393.5396,388.6541,-687.38985,-22325.91404
2025-04-10 16:50:24,NFLX,BUY,159.3,694.8948,695.7094,129.76578,-22196.14826
2025-04-10 16:50:35,AMZN,SELL,65.1,205.6509,207.3172,108.47613,-22087.67213
2025-04-10 16:51:01,MSFT,SELL,265.5,419.3838,425.2835,1566.37035,-20521.30178
2025-04-10 16:51:10,AMZN,BUY,10.6,195.4501,195.7241,2.9044,-20518.39738
2025-04-10 16:51:23,MSFT,BUY,333.2,445.4593,449.4469,1328.66832,-19189.72906
2025-04-10 16:51:53,NVDA,SELL,105.7,931.2518,931.4575,21.74249,-19167.98657
2025-04-10 16:52:05,AMZN,SELL,196.0,217.1003,217.815,140.0812,-19027.90537
2025-04-10 16:52:15,AAPL,SELL,264.2,190.0947,192.7319,696.74824,-18331.15713
2025-04-10 16:52:24,GOOGL,BUY,313.8,166.826,165.2197,-504.05694,-18835.21407
2025-04-10 16:52:44,GOOGL,SELL,327.2,163.5191,161.9825,-502.77552,-19337.98959
2025-04-10 16:53:06,AMZN,SELL,26.9,214.6461,217.6309,80.29112,-19257.69847
2025-04-10 16:53:34,GOOGL,SELL,203.2,176.2281,178.1156,383.54,-18874.15847
2025-04-10 16:53:55,GOOGL,BUY,183.1,192.9625,190.8176,-392.73119,-19266.88966
2025-04-10 16:54:09,GOOGL,BUY,227.0,183.1633,180.4194,-622.8653,-19889.75496
2025-04-10 16:54:38,NVDA,SELL,15.3,474.4188,471.1357,-50.23143,-19939.98639
2025-04-10 16:55:13,NFLX,SELL,15.6,627.7716,629.0747,20.32836,-19919.65803
2025-04-10 16:55:24,MSFT,SELL,262.5,446.7905,442.4465,-1140.3,-21059.95803
2025-04-10 16:55:59,NFLX,SELL,72.7,619.7457,621.4859,126.51254,-20933.44549
2025-04-10 16:56:18,AMZN,BUY,50.9,208.0997,208.9359,42.56258,-20890.88291
2025-04-10 16:56:43,AMZN,SELL,316.0,222.7321,223.0407,97.5176,-20793.36531
2025-04-10 16:57:09,AAPL,SELL,241.1,210.044,208.5363,-363.50647,-21156.87178
2025-04-10 16:57:27,MSFT,SELL,139.2,440.6433,446.5262,818.89968,-20337.9721
2025-04-10 16:57:53,MSFT,SELL,244.6,454.3912,450.5968,-928.11024,-21266.08234
2025-04-10 16:58:11,NFLX,BUY,140.0,617.2141,618.3239,155.372,-21110.71034
2025-04-10 16:58:30,TSLA,SELL,332.6,279.4148,283.2394,1272.06196,-19838.64838
2025-04-10 16:58:55,NFLX,BUY,95.3,665.7076,661.4598,-404.81534,-20243.46372
2025-04-10 16:59:03,NVDA,SELL,238.0,755.4595,746.8468,-2049.8226,-22293.28632
2025-04-10 16:59:27,AAPL,BUY,292.4,231.5329,229.4432,-611.02828,-22904.3146
2025-04-10 16:59:45,NVDA,SELL,130.7,844.9772,834.4828,-1371.61808,-24275.93268
2025-04-10 17:00:05,AMZN,BUY,42.0,188.6278,187.6532,-40.9332,-24316.86588
2025-04-10 17:00:36,MSFT,SELL,149.7,430.8267,427.1363,-552.45288,-24869.31876
2025-04-10 17:01:07,AAPL,BUY,219.2,221.7845,218.5646,-705.80208,-25575.12084
2025-04-10 17:01:42,MSFT,BUY,35.1,404.0979,407.3682,114.78753,-25460.33331
2025-04-10 17:02:14,NFLX,BUY,209.1,634.8456,627.6467,-1505.28999,-26965.6233
2025-04-10 17:04:44,TSLA,BUY,129.5,331.3603,326.4568,-635.00325,-27600.62655
2025-04-10 17:06:44,NFLX,SELL,284.2,605.7154,611.3322,1596.29456,-26004.33199
2025-04-10 17:09:08,META,BUY,206.3,558.5065,564.606,1258.32685,-24746.00514
2025-04-10 17:11:31,GOOGL,SELL,181.0,169.3516,170.3987,189.5251,-24556.48004
2025-04-10 17:14:35,AMZN,SELL,130.5,213.2361,212.7369,-65.1456,-24621.62564
2025-04-10 17:17:55,NFLX,SELL,338.8,613.5704,621.1263,2559.93892,-22061.68672
2025-04-10 17:21:08,META,SELL,7.2,461.9114,467.9057,43.15896,-22018.52776
2025-04-10 17:22:43,TSLA,BUY,85.1,347.8923,349.4301,130.86678,-21887.66098
2025-04-10 17:24:43,MSFT,BUY,28.9,446.5382,451.4745,142.65907,-21745.00191
2025-04-10 17:26:13,NFLX,SELL,259.7,640.2568,638.8293,-370.72175,-22115.72366
2025-04-10 17:29:10,AAPL,SELL,186.1,190.2617,192.2659,372.98162,-21742.74204
2025-04-10 17:31:29,META,SELL,151.0,473.2993,479.4993,936.2,-20806.54204
2025-04-10 17:34:54,GOOGL,SELL,7.2,182.1821,180.2676,-13.7844,-20820.32644
2025-04-10 17:37:10,MSFT,SELL,285.7,404.8381,401.4185,-976.97972,-21797.30616
2025-04-10 17:40:10,AAPL,BUY,74.1,182.7394,180.3432,-177.55842,-21974.86458
2025-04-10 17:41:58,TSLA,SELL,184.3,313.6481,317.2753,668.49296,-21306.37162
2025-04-10 17:44:21,AMZN,SELL,164.8,186.7735,187.9924,200.87472,-21105.4969
2025-04-10 17:45:54,MSFT,SELL,67.3,410.3107,406.3341,-267.62518,-21373.12208
2025-04-10 17:48:08,GOOGL,SELL,130.3,162.3207,163.5227,156.6206,-21216.50148
2025-04-10 17:50:58,AMZN,SELL,54.1,186.1274,183.518,-141.16854,-21357.67002
2025-04-10 17:52:39,GOOGL,SELL,256.7,200.8605,201.1847,83.22214,-21274.44788
2025-04-10 17:54:59,TSLA,BUY,162.7,336.5501,333.2743,-532.97266,-21807.42054
2025-04-10 17:56:56,NVDA,SELL,324.4,841.8306,847.5964,1870.42552,-19936.99502
2025-04-10 17:59:49,MSFT,BUY,217.1,409.1318,409.9526,178.19568,-19758.79934
2025-04-10 18:02:53,META,BUY,280.8,560.8822,564.7995,1099.97784,-18658.8215
2025-04-10 18:05:47,AAPL,SELL,230.4,183.0508,181.2197,-421.88544,-19080.70694
2025-04-10 18:08:46,NVDA,BUY,97.0,608.9525,616.9851,779.1622,-18301.54474
2025-04-10 18:10:31,GOOGL,SELL,105.0,190.7696,192.5337,185.2305,-18116.31424
2025-04-10 18:14:01,TSLA,SELL,284.7,212.8944,211.3226,-447.49146,-18563.8057
2025-04-10 18:17:10,GOOGL,BUY,156.4,154.3035,155.9728,261.07852,-18302.72718
2025-04-10 18:19:03,MSFT,SELL,90.0,388.6512,383.4678,-466.506,-18769.23318
2025-04-10 18:22:28,GOOGL,SELL,52.7,189.0923,190.8934,94.91797,-18674.31521
2025-04-10 18:25:09,NVDA,BUY,264.7,532.2671,537.2542,1320.08537,-17354.22984
2025-04-10 18:26:51,MSFT,SELL,64.8,414.2852,414.8815,38.64024,-17315.5896
2025-04-10 18:30:14,TSLA,SELL,284.7,330.6026,330.493,-31.20312,-17346.79272
2025-04-10 18:33:11,GOOGL,SELL,133.4,172.7307,173.7927,141.6708,-17205.12192
2025-04-10 18:35:46,NFLX,BUY,323.9,621.1078,621.7598,211.1828,-16993.93912
2025-04-10 18:38:58,TSLA,BUY,33.3,157.9705,157.439,-17.69895,-17011.63807
2025-04-10 18:41:41,NFLX,BUY,305.8,643.924,640.9662,-904.49524,-17916.13331
2025-04-10 18:43:37,AAPL,BUY,329.9,222.6394,225.4905,940.57789,-16975.55542
2025-04-10 18:46:42,NFLX,BUY,100.6,590.579,585.2432,-536.78148,-17512.3369
2025-04-10 18:50:03,NVDA,BUY,167.2,756.2043,754.2892,-320.20472,-17832.54162
2025-04-10 18:51:59,GOOGL,BUY,142.2,182.8596,180.7485,-300.19842,-18132.74004
2025-04-10 18:54:50,MSFT,BUY,336.2,394.7611,399.7823,1688.12744,-16444.6126
2025-04-10 18:57:12,GOOGL,BUY,262.4,165.7945,166.3209,138.12736,-16306.48524
2025-04-10 18:58:53,AAPL,BUY,218.0,205.5385,202.7135,-615.85,-16922.33524
2025-04-10 19:00:27,GOOGL,BUY,324.3,194.2847,195.2273,305.68518,-16616.65006
2025-04-10 19:03:34,GOOGL,BUY,202.3,158.1168,155.9207,-444.27103,-17060.92109
2025-04-10 19:05:59,META,SELL,66.7,467.2787,460.4575,-454.97404,-17515.89513
2025-04-10 19:08:52,AMZN,BUY,12.8,183.9087,181.6472,-28.9472,-17544.84233
2025-04-10 19:11:33,META,BUY,203.9,548.3747,554.2946,1207.06761,-16337.77472
2025-04-10 19:13:44,MSFT,BUY,71.8,427.0465,431.1876,297.33098,-16040.44374
2025-04-10 19:17:02,NFLX,SELL,27.8,681.6749,688.6207,193.09324,-15847.3505
2025-04-10 19:20:06,TSLA,BUY,206.3,324.7409,327.4611,561.17726,-15286.17324
2025-04-10 19:23:21,TSLA,BUY,53.9,205.2862,205.0013,-15.35611,-15301.52935
2025-04-10 19:25:15,META,SELL,50.0,505.6695,509.6527,199.16,-15102.36935
2025-04-10 19:28:33,TSLA,SELL,273.6,384.1581,388.6309,1223.75808,-13878.61127
2025-04-10 19:30:06,MSFT,SELL,84.6,450.2273,445.6614,-386.27514,-14264.88641
2025-04-10 19:32:39,AMZN,BUY,157.9,186.3679,187.0356,105.42983,-14159.45658
2025-04-10 19:35:41,AAPL,SELL,301.7,195.495,193.3249,-654.71917,-14814.17575
2025-04-10 19:38:18,AAPL,SELL,59.7,189.5758,192.1516,153.77526,-14660.40049
2025-04-10 19:41:40,TSLA,BUY,10.8,326.1574,321.8389,-46.6398,-14707.04029
2025-04-10 19:43:56,META,SELL,160.8,511.1326,515.2484,661.82064,-14045.21965
2025-04-10 19:46:20,AMZN,BUY,103.3,188.0738,187.2164,-88.56942,-14133.78907
2025-04-10 19:49:37,MSFT,BUY,52.2,395.4459,399.4982,211.53006,-13922.25901
2025-04-10 19:52:50,AMZN,SELL,280.1,203.768,205.4134,460.87654,-13461.38247
2025-04-10 19:55:25,AAPL,BUY,259.2,188.578,190.3097,448.85664,-13012.52583
2025-04-10 19:55:46,NVDA,BUY,151.2,672.7026,672.4803,-33.61176,-13046.13759
2025-04-10 19:55:55,TSLA,BUY,159.5,364.8983,366.7614,297.16445,-12748.97314
2025-04-10 19:56:07,TSLA,BUY,19.6,391.9703,388.3895,-70.18368,-12819.15682
2025-04-10 19:56:29,AAPL,BUY,119.6,168.4208,169.4951,128.48628,-12690.67054
2025-04-10 19:56:38,AMZN,SELL,143.2,233.9253,231.8164,-301.99448,-12992.66502
2025-04-10 19:56:49,NVDA,BUY,125.4,457.0522,456.1623,-111.59346,-13104.25848
2025-04-10 19:57:24,NFLX,SELL,46.6,636.1709,627.1949,-418.2816,-13522.54008
2025-04-10 19:57:32,NFLX,BUY,273.1,721.6063,728.1798,1795.22285,-11727.31723
2025-04-10 19:57:59,META,BUY,155.9,545.19,541.1701,-626.70241,-12354.01964
2025-04-10 19:58:19,META,BUY,186.0,456.0748,457.2398,216.69,-12137.32964
2025-04-10 19:58:53,MSFT,SELL,39.6,385.1961,384.2116,-38.9862,-12176.31584
2025-04-10 19:59:11,TSLA,BUY,208.0,350.1677,345.4465,-982.0096,-13158.32544
2025-04-10 19:59:40,GOOGL,BUY,86.4,204.2127,202.7589,-125.60832,-13283.93376
2025-04-10 20:00:12,AAPL,SELL,235.4,212.1251,210.9481,-277.0658,-13560.99956
2025-04-10 20:00:42,AAPL,SELL,283.7,231.5377,231.5505,3.63136,-13557.3682
2025-04-10 20:00:59,GOOGL,SELL,175.0,192.0532,192.2214,29.435,-13527.9332
2025-04-10 20:01:14,AAPL,BUY,213.0,200.0796,199.5669,-109.2051,-13637.1383
2025-04-10 20:01:45,AMZN,BUY,39.4,198.5451,197.8423,-27.69032,-13664.82862
2025-04-10 20:01:59,GOOGL,SELL,291.7,191.3882,189.9427,-421.65235,-14086.48097
2025-04-10 20:02:31,NFLX,SELL,338.6,606.2335,610.5432,1459.26442,-12627.21655
2025-04-10 20:03:00,AMZN,BUY,319.3,228.9514,230.404,463.81518,-12163.40137
2025-04-10 20:03:13,META,BUY,182.9,453.1794,452.7344,-81.3905,-12244.79187
2025-04-10 20:03:47,MSFT,BUY,14.5,389.8847,391.8188,28.04445,-12216.74742
2025-04-10 20:04:20,AMZN,BUY,193.3,222.7223,225.4079,519.12648,-11697.62094
2025-04-10 20:04:53,AAPL,BUY,179.0,193.7961,193.8714,13.4787,-11684.14224
2025-04-10 20:05:25,GOOGL,BUY,158.3,188.789,186.4301,-373.41387,-12057.55611
2025-04-10 20:05:33,AMZN,BUY,313.5,227.7386,230.6633,916.89345,-11140.66266
2025-04-10 20:05:50,MSFT,BUY,308.7,429.9573,429.329,-193.95621,-11334.61887
2025-04-10 20:06:09,NVDA,SELL,26.3,928.1124,929.2011,28.63281,-11305.98606
2025-04-10 20:06:17,AMZN,BUY,235.0,206.3044,205.1916,-261.508,-11567.49406
2025-04-10 20:06:51,MSFT,BUY,228.5,416.209,411.1084,-1165.4871,-12732.98116
2025-04-10 20:07:01,MSFT,SELL,278.1,437.3772,438.5638,329.99346,-12402.9877
2025-04-10 20:07:28,META,BUY,325.9,501.0586,508.5602,2444.77144,-9958.21626
2025-04-10 20:07:51,TSLA,SELL,251.1,154.211,153.5385,-168.86475,-10127.08101
2025-04-10 20:08:07,AAPL,SELL,90.6,172.6364,172.9049,24.3261,-10102.75491
2025-04-10 20:10:39,AMZN,BUY,41.9,195.9123,195.1917,-30.19314,-10132.94805
2025-04-10 20:14:08,GOOGL,SELL,247.2,156.552,158.5538,494.84496,-9638.10309
2025-04-10 20:16:14,META,SELL,327.8,502.139,505.4585,1088.1321,-8549.97099
2025-04-10 20:18:38,TSLA,SELL,198.5,262.5659,258.7189,-763.6295,-9313.60049
2025-04-10 20:20:21,META,BUY,205.1,469.2696,475.3713,1251.45867,-8062.14182
2025-04-10 20:22:22,META,SELL,277.3,513.8646,515.0034,315.78924,-7746.35258
2025-04-10 20:24:20,AMZN,SELL,216.9,208.4782,208.4895,2.45097,-7743.90161
2025-04-10 20:27:42,META,BUY,186.9,556.086,564.2191,1520.07639,-6223.82522
2025-04-10 20:30:29,AAPL,SELL,35.8,173.2968,175.0281,61.98054,-6161.84468
2025-04-10 20:32:08,NVDA,BUY,265.6,743.5864,740.4131,-842.82848,-7004.67316
2025-04-10 20:34:54,MSFT,BUY,78.6,429.1542,424.1068,-396.72564,-7401.3988
2025-04-10 20:37:56,META,BUY,196.9,489.0759,485.474,-709.21411,-8110.61291
2025-04-10 20:39:38,META,SELL,319.0,535.5954,538.8143,1026.8291,-7083.78381
2025-04-10 20:41:54,AMZN,SELL,229.3,201.7283,201.2981,-98.64486,-7182.42867
2025-04-10 20:45:15,NVDA,SELL,148.7,593.7002,598.8244,761.96854,-6420.46013
2025-04-10 20:48:33,AAPL,SELL,271.5,211.9342,213.508,427.2867,-5993.17343
2025-04-10 20:50:19,AMZN,BUY,256.7,206.1574,208.9803,724.63843,-5268.535
2025-04-10 20:53:39,META,SELL,147.7,544.0962,543.1634,-137.77456,-5406.30956
2025-04-10 20:56:57,AAPL,BUY,322.1,231.9331,232.7858,274.65467,-5131.65489
2025-04-10 20:59:47,META,SELL,90.9,505.4252,510.0463,420.05799,-4711.5969
2025-04-10 21:02:31,META,SELL,200.7,480.1234,480.2202,19.42776,-4692.16914
2025-04-10 21:05:29,AAPL,SELL,43.2,193.5145,194.4428,40.10256,-4652.06658
2025-04-10 21:08:17,MSFT,BUY,169.8,389.0135,391.2011,371.45448,-4280.6121
2025-04-10 21:10:33,NVDA,SELL,150.8,896.9347,896.248,-103.55436,-4384.16646
2025-04-10 21:13:36,TSLA,BUY,271.1,358.8078,359.2149,110.36481,-4273.80165
2025-04-10 21:16:49,META,BUY,39.5,496.4614,498.66,86.8447,-4186.95695
2025-04-10 21:19:33,AMZN,SELL,172.5,209.1264,206.3397,-480.70575,-4667.6627
2025-04-10 21:21:09,TSLA,SELL,21.2,347.734,345.1283,-55.24084,-4722.90354
2025-04-10 21:24:36,META,SELL,316.5,537.7686,534.1221,-1154.11725,-5877.02079
2025-04-10 21:27:56,META,SELL,10.0,513.1161,509.4545,-36.616,-5913.63679
2025-04-10 21:31:07,AMZN,SELL,265.9,201.0239,200.2049,-217.7721,-6131.40889
2025-04-10 21:33:20,TSLA,SELL,274.5,344.0539,341.1714,-791.24625,-6922.65514
2025-04-10 21:36:33,TSLA,SELL,132.5,186.8033,188.8042,265.11925,-6657.53589
2025-04-10 21:39:45,META,SELL,246.7,538.1056,536.7937,-323.64573,-6981.18162
2025-04-10 21:41:21,AAPL,SELL,124.7,211.753,212.4114,82.10248,-6899.07914
2025-04-10 21:44:49,TSLA,BUY,65.3,322.3609,319.3314,-197.82635,-7096.90549
2025-04-10 21:46:56,MSFT,SELL,244.4,411.6192,416.3284,1150.92848,-5945.97701
2025-04-10 21:49:26,AMZN,SELL,32.3,181.6363,179.063,-83.11759,-6029.0946
2025-04-10 21:51:31,AAPL,BUY,178.7,197.7843,200.5874,500.91397,-5528.18063
2025-04-10 21:53:33,META,BUY,208.1,455.7917,450.4363,-1114.45874,-6642.63937
2025-04-10 21:55:53,GOOGL,SELL,306.7,196.1186,193.929,-671.55032,-7314.18969
2025-04-10 21:57:45,NFLX,SELL,51.5,719.537,714.6412,-252.1337,-7566.32339
2025-04-10 22:00:46,META,SELL,151.6,536.8461,539.0782,338.38636,-7227.93703
2025-04-10 22:02:34,AAPL,BUY,170.2,170.1974,171.5235,225.70222,-7002.23481
2025-04-10 22:04:33,META,SELL,303.9,525.96,529.5812,1100.48268,-5901.75213
2025-04-10 22:07:11,TSLA,SELL,96.3,295.5343,294.3684,-112.27617,-6014.0283
2025-04-10 22:09:46,MSFT,SELL,244.7,389.0648,391.0694,490.52562,-5523.50268
2025-04-10 22:11:45,NFLX,SELL,238.2,630.8703,622.2996,-2041.54074,-7565.04342
2025-04-10 22:14:09,AMZN,SELL,166.2,198.6669,197.3867,-212.76924,-7777.81266
2025-04-10 22:17:13,MSFT,BUY,327.5,450.0736,445.9358,-1355.1295,-9132.94216
2025-04-10 22:19:40,AMZN,SELL,286.4,213.792,214.5667,221.87408,-8911.06808
2025-04-10 22:21:20,GOOGL,SELL,227.5,192.8265,193.7781,216.489,-8694.57908
2025-04-10 22:24:16,MSFT,SELL,292.2,395.6073,391.9475,-1069.39356,-9763.97264
2025-04-10 22:26:54,META,BUY,192.3,543.9009,535.9482,-1529.30421,-11293.27685
2025-04-10 22:30:06,AAPL,SELL,93.0,234.5631,236.8621,213.807,-11079.46985
2025-04-10 22:33:07,NVDA,BUY,193.1,657.1841,653.7339,-666.23362,-11745.70347
2025-04-10 22:36:23,MSFT,SELL,297.5,429.4357,425.95,-1036.99575,-12782.69922
2025-04-10 22:39:45,AMZN,BUY,40.8,183.7856,184.5265,30.22872,-12752.4705
2025-04-10 22:41:23,META,SELL,317.2,498.4565,495.2655,-1012.1852,-13764.6557
2025-04-10 22:44:40,META,SELL,129.0,558.0881,560.9348,367.2243,-13397.4314
2025-04-10 22:46:43,META,BUY,189.6,544.6121,539.8783,-897.52848,-14294.95988
2025-04-10 22:48:59,AAPL,SELL,10.4,213.7799,214.1164,3.4996,-14291.46028
2025-04-10 22:51:56,NFLX,BUY,190.1,677.7563,670.0976,-1455.91887,-15747.37915
2025-04-10 22:54:30,AMZN,SELL,182.5,214.4217,214.977,101.34225,-15646.0369
2025-04-10 22:56:19,TSLA,SELL,204.7,396.1233,393.9189,-451.24068,-16097.27758
2025-04-10 22:58:06,GOOGL,BUY,17.6,164.7572,164.1485,-10.71312,-16107.9907
2025-04-10 22:59:47,META,SELL,75.3,470.1033,464.9162,-390.58863,-16498.57933
2025-04-10 23:02:28,NVDA,SELL,341.6,531.9578,525.6254,-2163.14784,-18661.72717
2025-04-10 23:05:20,GOOGL,BUY,330.6,179.0867,180.7893,562.87956,-18098.84761
2025-04-10 23:08:02,NVDA,BUY,323.8,706.9561,708.6119,536.14804,-17562.69957
2025-04-10 23:09:53,MSFT,BUY,68.9,383.436,379.03,-303.5734,-17866.27297
2025-04-10 23:11:45,TSLA,BUY,20.6,160.2493,159.6695,-11.94388,-17878.21685
2025-04-10 23:13:18,GOOGL,SELL,287.2,159.7096,159.9383,65.68264,-17812.53421
2025-04-10 23:15:12,NFLX,SELL,195.8,688.8683,683.3966,-1071.35886,-18883.89307
2025-04-10 23:18:40,NFLX,BUY,181.1,680.5948,672.1225,-1534.33353,-20418.2266
2025-04-10 23:20:16,GOOGL,SELL,72.3,174.0178,174.7566,53.41524,-20364.81136
2025-04-10 23:22:25,META,SELL,17.0,531.6791,536.3064,78.6641,-20286.14726
2025-04-10 23:24:20,TSLA,SELL,286.4,356.2091,354.8205,-397.69504,-20683.8423
2025-04-10 23:27:50,NFLX,SELL,11.7,643.0503,634.8424,-96.03243,-20779.87473
2025-04-10 23:30:48,TSLA,SELL,30.5,262.1763,260.3568,-55.49475,-20835.36948
2025-04-10 23:34:13,META,SELL,36.2,479.9001,473.9475,-215.48412,-21050.8536
2025-04-10 23:37:30,NVDA,SELL,287.2,446.6115,445.2559,-389.32832,-21440.18192
2025-04-10 23:40:57,AMZN,SELL,131.7,178.7533,179.3709,81.33792,-21358.844
2025-04-10 23:43:38,NVDA,SELL,255.3,661.721,659.2975,-618.71955,-21977.56355
2025-04-10 23:46:20,META,BUY,10.3,498.7959,498.1841,-6.30154,-21983.86509
2025-04-10 23:48:19,META,BUY,217.0,509.3176,509.0929,-48.7599,-22032.62499
2025-04-10 23:50:35,TSLA,SELL,130.2,350.4822,349.7331,-97.53282,-22130.15781
2025-04-10 23:53:53,AAPL,SELL,330.4,239.423,236.7403,-886.36408,-23016.52189
2025-04-10 23:55:39,META,SELL,185.1,500.9841,507.9487,1289.14746,-21727.37443
2025-04-10 23:58:20,MSFT,SELL,330.5,387.4613,381.7173,-1898.392,-23625.76643
2025-04-11 00:01:44,NFLX,BUY,129.6,710.8209,716.8763,784.77984,-22840.98659
2025-04-11 00:04:19,NFLX,BUY,52.6,636.9405,640.2073,171.83368,-22669.15291
2025-04-11 00:06:26,META,BUY,237.2,538.3386,531.8232,-1545.45288,-24214.60579
2025-04-11 00:09:42,MSFT,SELL,96.9,386.1753,381.9788,-406.64085,-24621.24664
2025-04-11 00:11:32,MSFT,SELL,160.0,401.8026,402.859,169.024,-24452.22264
2025-04-11 00:14:45,AMZN,SELL,106.3,195.9438,195.0421,-95.85071,-24548.07335
2025-04-11 00:17:17,TSLA,SELL,6.0,265.641,265.6872,0.2772,-24547.79615
2025-04-11 00:20:00,MSFT,BUY,11.2,441.2395,444.0234,31.17968,-24516.61647
2025-04-11 00:23:03,TSLA,BUY,247.9,315.0105,312.3602,-657.00937,-25173.62584
2025-04-11 00:25:16,META,SELL,297.4,551.2372,545.2179,-1790.13982,-26963.76566
2025-04-11 00:27:46,MSFT,BUY,311.2,454.4335,455.9471,471.03232,-26492.73334
2025-04-11 00:31:09,AMZN,BUY,183.3,170.9785,173.0939,387.75282,-26104.98052
2025-04-11 00:32:59,AMZN,SELL,149.8,188.8824,186.8212,-308.76776,-26413.74828
2025-04-11 00:35:18,NFLX,BUY,245.8,651.7435,652.9647,300.17096,-26113.57732
2025-04-11 00:36:55,AAPL,BUY,215.6,211.8886,214.9063,650.61612,-25462.9612
2025-04-11 00:40:13,GOOGL,BUY,262.9,196.7468,196.3183,-112.65265,-25575.61385
2025-04-11 00:41:48,NFLX,BUY,157.0,708.954,716.6574,1209.4338,-24366.18005
2025-04-11 00:45:03,MSFT,BUY,239.8,374.6538,375.7064,252.41348,-24113.76657
2025-04-11 00:46:33,GOOGL,SELL,230.5,197.9053,199.8644,451.57255,-23662.19402
2025-04-11 00:49:55,AMZN,SELL,185.1,214.4893,216.4033,354.2814,-23307.91262
2025-04-11 00:52:17,NVDA,SELL,101.3,629.4362,631.2335,182.06649,-23125.84613
2025-04-11 00:54:47,AAPL,SELL,324.4,234.4958,236.0502,504.24736,-22621.59877
2025-04-11 00:57:17,NVDA,SELL,316.1,859.1466,848.3895,-3400.31931,-26021.91808
2025-04-11 01:00:19,AAPL,BUY,215.7,192.5149,192.87,76.59507,-25945.32301
2025-04-11 01:02:17,MSFT,BUY,339.9,418.7721,416.2189,-867.83268,-26813.15569
2025-04-11 01:05:27,NFLX,SELL,321.8,616.6598,613.6516,-968.03876,-27781.19445
2025-04-11 01:07:50,TSLA,SELL,155.2,356.2289,361.3481,794.49984,-26986.69461
2025-04-11 01:10:55,META,SELL,312.4,456.865,463.6694,2125.69456,-24861.00005
2025-04-11 01:14:24,NVDA,SELL,83.6,929.3465,924.27,-424.3954,-25285.39545
2025-04-11 01:17:51,AMZN,SELL,286.6,220.9855,218.0226,-849.16714,-26134.56259
2025-04-11 01:21:19,AMZN,BUY,120.8,195.5212,195.222,-36.14336,-26170.70595
2025-04-11 01:22:59,NFLX,SELL,16.7,594.898,586.1482,-146.12166,-26316.82761
2025-04-11 01:26:28,NFLX,SELL,246.4,591.8099,591.6924,-28.952,-26345.77961
2025-04-11 01:29:31,TSLA,BUY,273.7,374.0603,369.5729,-1228.20138,-27573.98099
2025-04-11 01:33:01,META,BUY,54.1,517.3361,520.2334,156.74393,-27417.23706
2025-04-11 01:36:14,AMZN,SELL,13.2,219.8529,217.6644,-28.8882,-27446.12526
2025-04-11 01:39:15,NFLX,BUY,97.5,626.709,634.604,769.7625,-26676.36276
2025-04-11 01:42:45,AAPL,BUY,315.9,245.6741,243.3321,-739.8378,-27416.20056
2025-04-11 01:45:55,NFLX,BUY,267.0,576.8624,583.0913,1663.1163,-25753.08426
2025-04-11 01:48:54,TSLA,BUY,317.7,224.6824,227.5842,921.90186,-24831.1824
2025-04-11 01:51:08,AMZN,SELL,16.0,218.3598,219.1304,12.3296,-24818.8528
2025-04-11 01:53:14,TSLA,SELL,210.3,171.9225,170.0097,-402.26184,-25221.11464
2025-04-11 01:54:50,NFLX,SELL,234.9,671.291,679.6175,1955.89485,-23265.21979
2025-04-11 01:58:06,AAPL,BUY,339.6,160.869,161.458,200.0244,-23065.19539
2025-04-11 02:01:14,TSLA,BUY,6.0,330.3507,331.1334,4.6962,-23060.49919
2025-04-11 02:03:28,MSFT,BUY,267.3,444.9119,447.5644,709.01325,-22351.48594
2025-04-11 02:05:06,AAPL,SELL,334.6,216.464,219.1256,890.57136,-21460.91458
2025-04-11 02:07:59,NFLX,BUY,134.0,709.0279,703.5747,-730.7288,-22191.64338
2025-04-11 02:10:41,NFLX,BUY,16.5,592.9349,590.9413,-32.8944,-22224.53778
2025-04-11 02:13:03,GOOGL,BUY,289.4,179.7506,181.9831,646.0855,-21578.45228
2025-04-11 02:14:40,AAPL,SELL,20.2,223.367,223.2162,-3.04616,-21581.49844
2025-04-11 02:17:39,NVDA,SELL,80.1,699.5912,707.7715,655.24203,-20926.25641
2025-04-11 02:19:33,AMZN,SELL,134.4,204.527,207.369,381.9648,-20544.29161
2025-04-11 02:21:31,TSLA,BUY,120.3,240.011,242.506,300.1485,-20244.14311
2025-04-11 02:23:02,NVDA,BUY,30.1,768.6166,776.19,227.95934,-20016.18377
2025-04-11 02:24:59,META,SELL,190.3,480.6246,474.9403,-1081.72229,-21097.90606
2025-04-11 02:26:52,TSLA,BUY,273.8,313.482,314.1655,187.1423,-20910.76376
2025-04-11 02:28:50,NVDA,SELL,202.1,616.2388,621.553,1073.99982,-19836.76394
2025-04-11 02:31:42,META,BUY,268.7,489.6722,482.4097,-1951.43375,-21788.19769
2025-04-11 02:34:21,META,SELL,140.4,482.9929,477.0287,-837.37368,-22625.57137
2025-04-11 02:36:19,MSFT,BUY,335.4,411.3203,413.5209,738.08124,-21887.49013
2025-04-11 02:39:47,GOOGL,SELL,160.6,195.3145,198.1389,453.59864,-21433.89149
2025-04-11 02:43:06,MSFT,BUY,271.0,393.52,396.3173,758.0683,-20675.82319
2025-04-11 02:45:15,MSFT,SELL,309.4,387.262,389.2491,614.80874,-20061.01445
2025-04-11 02:48:27,TSLA,BUY,69.4,263.3201,262.1646,-80.1917,-20141.20615
2025-04-11 02:50:29,GOOGL,SELL,44.5,194.166,196.5387,105.58515,-20035.621
2025-04-11 02:53:41,NFLX,BUY,7.1,609.1491,613.7531,32.6884,-20002.9326
2025-04-11 02:55:35,META,BUY,126.6,463.1432,458.5708,-578.86584,-20581.79844
2025-04-11 02:59:01,AAPL,SELL,200.1,212.8777,214.0681,238.19904,-20343.5994
2025-04-11 03:01:26,AAPL,BUY,33.1,206.3754,206.6864,10.2941,-20333.3053
2025-04-11 03:04:11,NFLX,SELL,247.9,681.3149,680.7108,-149.75639,-20483.06169
2025-04-11 03:05:53,META,BUY,170.2,527.9936,534.6015,1124.66458,-19358.39711
2025-04-11 03:09:00,NVDA,BUY,330.2,715.1324,712.46,-882.42648,-20240.82359
2025-04-11 03:11:35,GOOGL,BUY,23.4,189.083,188.0109,-25.08714,-20265.91073
2025-04-11 03:13:17,MSFT,BUY,5.4,450.3779,450.0641,-1.69452,-20267.60525
2025-04-11 03:15:09,NVDA,SELL,233.6,711.5854,705.7925,-1353.22144,-21620.82669
2025-04-11 03:16:58,TSLA,SELL,345.7,165.4051,164.3072,-379.54403,-22000.37072
2025-04-11 03:19:51,NVDA,BUY,341.0,917.5775,905.6317,-4073.5178,-26073.88852
2025-04-11 03:22:07,NVDA,BUY,258.5,780.1772,785.6943,1426.17035,-24647.71817
2025-04-11 03:23:53,TSLA,BUY,299.1,393.3325,389.1939,-1237.85526,-25885.57343
2025-04-11 03:25:39,GOOGL,SELL,244.9,178.9649,181.2755,565.86594,-25319.70749
2025-04-11 03:27:22,NVDA,SELL,37.3,817.2944,808.2382,-337.79626,-25657.50375
2025-04-11 03:29:34,TSLA,SELL,240.4,215.5953,213.6358,-471.0638,-26128.56755
2025-04-11 03:32:49,TSLA,SELL,163.6,319.1401,318.5654,-94.02092,-26222.58847
2025-04-11 03:35:09,AAPL,BUY,12.9,172.6799,170.4577,-28.66638,-26251.25485
2025-04-11 03:36:59,AAPL,SELL,108.0,223.1164,220.2652,-307.9296,-26559.18445
2025-04-11 03:40:19,TSLA,BUY,80.3,282.7411,286.6072,310.44783,-26248.73662
2025-04-11 03:43:49,TSLA,SELL,218.9,218.0798,216.6137,-320.92929,-26569.66591
2025-04-11 03:46:09,MSFT,BUY,75.0,424.0514,427.8864,287.625,-26282.04091
2025-04-11 03:47:54,META,SELL,339.2,456.3301,461.5979,1786.83776,-24495.20315
2025-04-11 03:50:17,META,SELL,19.0,556.6999,562.9964,119.6335,-24375.56965
2025-04-11 03:52:16,META,BUY,109.6,454.2649,452.3798,-206.60696,-24582.17661
2025-04-11 03:54:22,AMZN,SELL,153.9,210.7002,210.3271,-57.42009,-24639.5967
2025-04-11 03:56:17,AMZN,BUY,213.6,210.2681,209.021,-266.38056,-24905.97726
2025-04-11 03:58:08,GOOGL,BUY,51.5,158.9364,157.3579,-81.29275,-24987.27001
2025-04-11 04:01:30,AAPL,BUY,52.4,192.7943,192.2792,-26.99124,-25014.26125
2025-04-11 04:04:46,NFLX,SELL,239.3,620.1019,613.6151,-1552.29124,-26566.55249
2025-04-11 04:08:04,TSLA,SELL,219.9,380.9571,376.3637,-1010.08866,-27576.64115
2025-04-11 04:10:26,MSFT,BUY,250.4,433.6984,438.9996,1327.42048,-26249.22067
2025-04-11 04:13:20,META,SELL,253.5,465.8542,471.2678,1372.3476,-24876.87307
2025-04-11 04:15:26,GOOGL,BUY,130.8,191.6907,192.6494,125.39796,-24751.47511
2025-04-11 04:17:26,NVDA,BUY,88.1,583.0836,588.4873,476.06597,-24275.40914
2025-04-11 04:19:06,NFLX,SELL,253.0,645.5728,643.1299,-618.0537,-24893.46284
2025-04-11 04:21:23,GOOGL,SELL,161.5,192.5845,191.6071,-157.8501,-25051.31294
2025-04-11 04:24:08,AMZN,SELL,87.8,225.5433,224.5994,-82.87442,-25134.18736
2025-04-11 04:26:25,GOOGL,SELL,337.0,178.7874,178.8024,5.055,-25129.13236
2025-04-11 04:28:03,META,BUY,66.1,546.8386,540.7108,-405.04758,-25534.17994
2025-04-11 04:30:09,NFLX,BUY,328.2,660.4347,668.861,2765.51166,-22768.66828
2025-04-11 04:33:36,AMZN,BUY,142.7,216.2585,214.2172,-291.29351,-23059.96179
2025-04-11 04:35:24,NFLX,SELL,299.4,652.9051,646.671,-1866.48954,-24926.45133
2025-04-11 04:37:24,TSLA,SELL,87.7,373.3389,370.8321,-219.84636,-25146.29769
2025-04-11 04:40:33,AAPL,SELL,235.4,189.2917,186.7512,-598.0337,-25744.33139
2025-04-11 04:42:36,NVDA,BUY,148.3,852.6992,843.9355,-1299.65671,-27043.9881
2025-04-11 04:44:20,AMZN,SELL,147.4,225.8079,225.4882,-47.12378,-27091.11188
2025-04-11 04:47:14,GOOGL,BUY,316.8,168.5593,170.6197,652.73472,-26438.37716
2025-04-11 04:48:47,AAPL,SELL,46.5,240.7164,238.1317,-120.18855,-26558.56571
2025-04-11 04:51:04,GOOGL,BUY,114.8,186.1242,186.4424,36.52936,-26522.03635
2025-04-11 04:53:00,NFLX,SELL,163.9,688.1671,688.2804,18.56987,-26503.46648
2025-04-11 04:55:04,GOOGL,BUY,337.9,169.4401,167.8846,-525.60345,-27029.06993
2025-04-11 04:58:25,TSLA,SELL,158.4,355.7223,352.7616,-468.97488,-27498.04481
2025-04-11 05:00:52,MSFT,SELL,70.0,405.486,403.344,-149.94,-27647.98481
2025-04-11 05:03:21,TSLA,BUY,222.1,228.3358,231.2471,646.59973,-27001.38508
2025-04-11 05:05:36,MSFT,SELL,325.0,458.1508,452.1428,-1952.6,-28953.98508
2025-04-11 05:07:53,NFLX,BUY,256.7,590.1439,593.3735,829.03832,-28124.94676
2025-04-11 05:09:31,AMZN,BUY,331.2,189.8427,190.7686,306.65808,-27818.28868
2025-04-11 05:11:16,META,BUY,270.4,517.4157,521.9445,1224.58752,-26593.70116
2025-04-11 05:13:13,META,BUY,17.1,510.8406,505.6987,-87.92649,-26681.62765
2025-04-11 05:14:58,NVDA,SELL,65.7,759.5008,765.7796,412.51716,-26269.11049
2025-04-11 05:18:00,TSLA,BUY,172.2,296.2328,297.3985,200.73354,-26068.37695
2025-04-11 05:20:01,NFLX,BUY,232.4,685.2351,693.3192,1878.74484,-24189.63211
2025-04-11 05:21:58,NVDA,BUY,270.9,533.5104,535.7501,606.73473,-23582.89738
2025-04-11 05:24:24,NVDA,BUY,299.2,894.3465,888.6405,-1707.2352,-25290.13258
2025-04-11 05:27:22,NVDA,SELL,152.3,560.8791,556.2794,-700.53431,-25990.66689
2025-04-11 05:29:56,NFLX,BUY,20.7,647.0647,656.3072,191.31975,-25799.34714
2025-04-11 05:31:49,META,SELL,179.5,537.5329,531.4178,-1097.66045,-26897.00759
2025-04-11 05:33:39,NVDA,SELL,127.2,471.8574,470.3912,-186.50064,-27083.50823
2025-04-11 05:36:57,NVDA,BUY,175.1,803.2728,814.4461,1956.44483,-25127.0634
2025-04-11 05:40:08,META,SELL,157.7,508.491,503.9192,-720.97286,-25848.03626
2025-04-11 05:42:11,MSFT,BUY,79.8,401.8535,407.518,452.0271,-25396.00916
2025-04-11 05:45:09,MSFT,BUY,265.3,461.3975,463.2626,494.81103,-24901.19813
2025-04-11 05:47:16,AMZN,BUY,301.0,191.1537,193.9659,846.4722,-24054.72593
2025-04-11 05:49:58,MSFT,BUY,288.3,399.2129,397.7401,-424.60824,-24479.33417
2025-04-11 05:52:47,NFLX,BUY,139.4,630.7046,622.177,-1188.74744,-25668.08161
2025-04-11 05:56:03,GOOGL,BUY,240.9,154.3107,153.2532,-254.75175,-25922.83336
2025-04-11 05:58:35,AMZN,BUY,235.8,215.5918,212.3988,-752.9094,-26675.74276
2025-04-11 06:00:34,AMZN,BUY,80.8,210.5559,211.5665,81.65648,-26594.08628
2025-04-11 06:02:53,MSFT,SELL,104.0,433.6263,433.7397,11.7936,-26582.29268
2025-04-11 06:05:14,NVDA,SELL,169.3,775.1503,769.961,-878.54849,-27460.84117
2025-04-11 06:07:30,NFLX,SELL,328.2,662.4617,668.4096,1952.10078,-25508.74039
2025-04-11 06:10:24,AAPL,SELL,269.4,179.9602,177.6792,-614.5014,-26123.24179
2025-04-11 06:13:20,NFLX,SELL,327.0,639.3975,630.1308,-3030.2109,-29153.45269
2025-04-11 06:15:01,META,BUY,25.8,509.4212,514.0802,120.2022,-29033.25049
2025-04-11 06:18:13,TSLA,BUY,341.9,156.3203,154.7668,-531.14165,-29564.39214
2025-04-11 06:21:08,TSLA,BUY,36.0,304.3895,306.4803,75.2688,-29489.12334
2025-04-11 06:23:17,AAPL,BUY,153.3,208.1752,209.7484,241.17156,-29247.95178
2025-04-11 06:26:06,META,SELL,185.5,505.4478,506.4546,186.7614,-29061.19038
2025-04-11 06:28:03,AAPL,BUY,84.8,195.7689,198.0782,195.82864,-28865.36174
2025-04-11 06:31:15,MSFT,BUY,122.0,408.4952,408.0097,-59.231,-28924.59274
2025-04-11 06:33:58,GOOGL,SELL,327.9,176.3045,178.1063,590.81022,-28333.78252
2025-04-11 06:37:28,AMZN,BUY,70.0,188.5289,187.5607,-67.774,-28401.55652
2025-04-11 06:40:03,NFLX,BUY,59.7,617.3143,610.7349,-392.79018,-28794.3467
2025-04-11 06:42:48,AAPL,SELL,347.6,229.8399,228.9996,-292.08828,-29086.43498
2025-04-11 06:45:30,GOOGL,SELL,5.4,170.895,171.9766,5.84064,-29080.59434
2025-04-11 06:47:53,GOOGL,SELL,107.7,160.6323,160.615,-1.86321,-29082.45755
2025-04-11 06:50:20,GOOGL,SELL,286.6,192.4637,190.0908,-680.07314,-29762.53069
2025-04-11 06:52:39,NFLX,SELL,145.3,686.3434,676.7283,-1397.07403,-31159.60472
2025-04-11 06:54:54,NFLX,BUY,260.0,647.9168,638.9296,-2336.672,-33496.27672
2025-04-11 06:56:58,META,BUY,229.3,553.6665,555.9087,514.13646,-32982.14026
2025-04-11 06:58:45,META,BUY,133.0,486.1893,479.6191,-873.8366,-33855.97686
2025-04-11 07:01:14,TSLA,BUY,237.7,246.7263,246.45,-65.67651,-33921.65337
2025-04-11 07:03:38,AMZN,BUY,216.9,233.2243,235.6964,536.19849,-33385.45488
2025-04-11 07:07:05,NFLX,SELL,340.5,627.3675,622.6249,-1614.8553,-35000.31018
2025-04-11 07:10:11,AMZN,SELL,93.8,223.1675,221.878,-120.9551,-35121.26528
2025-04-11 07:11:50,AMZN,BUY,88.6,202.7514,204.2902,136.33768,-34984.9276
2025-04-11 07:14:50,AMZN,SELL,203.3,203.8928,202.5782,-267.25818,-35252.18578
2025-04-11 07:16:54,META,SELL,64.1,452.4316,455.1409,173.66613,-35078.51965
2025-04-11 07:18:52,TSLA,SELL,254.4,265.6215,262.6596,-753.50736,-35832.02701
2025-04-11 07:21:54,NVDA,SELL,267.3,507.0472,514.618,2023.67484,-33808.35217
2025-04-11 07:24:21,MSFT,BUY,170.2,446.2425,441.0903,-876.90444,-34685.25661
2025-04-11 07:25:56,GOOGL,SELL,249.9,171.3161,170.2217,-273.49056,-34958.74717
2025-04-11 07:28:18,NFLX,SELL,301.4,642.4548,644.1047,497.27986,-34461.46731
2025-04-11 07:30:04,TSLA,BUY,136.6,150.4736,152.0457,214.74886,-34246.71845
2025-04-11 07:31:42,MSFT,BUY,53.8,431.4532,435.6335,224.90014,-34021.81831
2025-04-11 07:34:46,NFLX,BUY,301.2,605.1996,604.5001,-210.6894,-34232.50771
2025-04-11 07:38:06,NFLX,SELL,221.7,612.0163,613.5283,335.2104,-33897.29731
2025-04-11 07:41:23,GOOGL,BUY,215.3,171.7907,173.9692,469.03105,-33428.26626
2025-04-11 07:44:53,AAPL,SELL,70.3,223.251,223.603,24.7456,-33403.52066
2025-04-11 07:47:52,NFLX,SELL,133.0,637.364,638.1678,106.9054,-33296.61526
2025-04-11 07:51:15,NVDA,SELL,145.6,896.9248,888.5967,-1212.57136,-34509.18662
2025-04-11 07:54:44,MSFT,BUY,145.3,450.5144,446.2315,-622.30537,-35131.49199
2025-04-11 07:57:37,AAPL,BUY,251.4,196.2899,197.2514,241.7211,-34889.77089
2025-04-11 08:00:00,META,BUY,250.2,457.446,459.5199,518.88978,-34370.88111
2025-04-11 08:03:24,MSFT,SELL,22.3,396.0657,397.0468,21.87853,-34349.00258
2025-04-11 08:06:47,AAPL,SELL,18.0,199.4135,197.5489,-33.5628,-34382.56538
2025-04-11 08:08:43,NFLX,BUY,278.0,607.1794,607.8454,185.148,-34197.41738
2025-04-11 08:10:59,TSLA,BUY,121.7,179.2984,178.8795,-50.98013,-34248.39751
2025-04-11 08:13:26,NFLX,BUY,347.9,603.4965,596.8606,-2308.62961,-36557.02712
2025-04-11 08:16:15,NVDA,BUY,79.4,521.5085,529.1982,610.56218,-35946.46494
2025-04-11 08:19:37,TSLA,BUY,145.9,159.2787,157.8321,-211.05894,-36157.52388
2025-04-11 08:22:03,AAPL,BUY,8.7,211.9619,214.7141,23.94414,-36133.57974
2025-04-11 08:25:22,META,BUY,124.8,537.7694,539.5388,220.82112,-35912.75862
2025-04-11 08:28:36,NFLX,BUY,24.3,709.5928,706.8295,-67.14819,-35979.90681
2025-04-11 08:32:06,MSFT,BUY,94.1,440.184,440.9252,69.74692,-35910.15989
2025-04-11 08:34:38,MSFT,BUY,21.1,380.8628,384.2038,70.4951,-35839.66479
2025-04-11 08:37:17,AMZN,SELL,205.6,189.8297,192.5189,552.89952,-35286.76527
2025-04-11 08:40:21,TSLA,BUY,106.0,265.1066,267.4692,250.4356,-35036.32967
2025-04-11 08:43:43,NFLX,BUY,147.7,644.0605,651.3772,1080.67659,-33955.65308
2025-04-11 08:46:59,AMZN,SELL,224.4,224.2499,224.0904,-35.7918,-33991.44488
2025-04-11 08:49:32,NFLX,SELL,292.2,635.5119,637.8436,681.32274,-33310.12214
2025-04-11 08:53:01,MSFT,SELL,322.6,380.0301,380.4499,135.42748,-33174.69466
2025-04-11 08:54:50,GOOGL,BUY,27.1,175.0946,177.0498,52.98592,-33121.70874
2025-04-11 08:56:39,NFLX,BUY,266.6,685.8019,683.4416,-629.25598,-33750.96472
2025-04-11 08:58:45,AMZN,BUY,221.4,223.2111,223.1138,-21.54222,-33772.50694
2025-04-11 09:01:12,AAPL,BUY,163.0,188.9887,186.8298,-351.9007,-34124.40764
2025-04-11 09:03:47,TSLA,BUY,195.7,331.2764,336.0718,938.45978,-33185.94786
2025-04-11 09:07:00,TSLA,BUY,17.4,272.4824,270.7768,-29.67744,-33215.6253
2025-04-11 09:09:50,NVDA,BUY,218.7,629.1139,630.7702,362.23281,-32853.39249
2025-04-11 09:11:52,NFLX,BUY,40.2,662.7553,654.989,-312.20526,-33165.59775
2025-04-11 09:13:44,MSFT,SELL,91.2,445.0038,448.3205,302.48304,-32863.11471
2025-04-11 09:16:25,GOOGL,BUY,134.6,159.7117,158.0076,-229.37186,-33092.48657
2025-04-11 09:18:43,NFLX,SELL,298.2,665.9262,668.8439,870.05814,-32222.42843
2025-04-11 09:20:37,NVDA,BUY,109.2,797.5415,792.5145,-548.9484,-32771.37683
2025-04-11 09:23:59,TSLA,SELL,180.5,272.4774,272.6292,27.3999,-32743.97693
2025-04-11 09:26:43,NFLX,BUY,216.8,620.9237,627.6331,1454.59792,-31289.37901
2025-04-11 09:29:01,NFLX,BUY,70.4,666.0839,673.5765,527.47904,-30761.89997
2025-04-11 09:31:58,GOOGL,SELL,232.0,165.6414,165.2793,-84.0072,-30845.90717
2025-04-11 09:33:48,NFLX,SELL,322.8,609.6209,603.8597,-1859.71536,-32705.62253
2025-04-11 09:36:18,NFLX,BUY,310.6,600.5802,599.1093,-456.86154,-33162.48407
2025-04-11 09:38:32,AAPL,BUY,230.7,228.9065,226.3919,-580.11822,-33742.60229
2025-04-11 09:41:15,MSFT,BUY,325.5,430.675,435.3868,1533.6909,-32208.91139
2025-04-11 09:43:37,NVDA,BUY,266.3,528.7775,525.8863,-769.92656,-32978.83795
2025-04-11 09:46:36,META,BUY,146.0,490.1794,485.0938,-742.4976,-33721.33555
2025-04-11 09:49:51,AMZN,BUY,120.7,179.1763,178.515,-79.81891,-33801.15446
2025-04-11 09:51:54,TSLA,SELL,267.3,174.941,175.7529,217.02087,-33584.13359
2025-04-11 09:53:29,TSLA,SELL,82.4,295.7571,298.8773,257.10448,-33327.02911
2025-04-11 09:56:48,MSFT,BUY,290.9,453.9443,448.4202,-1606.96069,-34933.9898
2025-04-11 09:59:58,AAPL,SELL,319.5,227.3367,227.4142,24.76125,-34909.22855
2025-04-11 10:01:42,NFLX,BUY,107.8,695.7971,706.0552,1105.82318,-33803.40537
2025-04-11 10:03:13,AAPL,BUY,190.3,205.4889,204.0226,-279.03689,-34082.44226
2025-04-11 10:05:32,AMZN,SELL,139.0,220.1511,217.1301,-419.919,-34502.36126
2025-04-11 10:08:14,GOOGL,SELL,292.0,177.334,177.2299,-30.3972,-34532.75846
2025-04-11 10:10:50,NFLX,SELL,272.4,667.2893,672.2726,1357.45092,-33175.30754
2025-04-11 10:12:35,META,BUY,43.6,483.8518,486.1526,100.31488,-33074.99266
2025-04-11 10:14:23,META,BUY,20.7,470.0189,472.7005,55.50912,-33019.48354
2025-04-11 10:16:13,AMZN,BUY,257.8,219.6416,217.09,-657.80248,-33677.28602
2025-04-11 10:19:43,AAPL,BUY,207.9,200.8095,202.3779,326.07036,-33351.21566
2025-04-11 10:22:29,AMZN,BUY,73.7,208.9345,209.0203,6.32346,-33344.8922
2025-04-11 10:25:33,TSLA,BUY,262.1,200.1619,201.5881,373.80702,-32971.08518
2025-04-11 10:28:33,TSLA,BUY,263.1,153.4737,155.4823,528.46266,-32442.62252
2025-04-11 10:31:12,NFLX,BUY,21.0,657.0036,653.4906,-73.773,-32516.39552
2025-04-11 10:34:25,MSFT,SELL,86.1,401.6269,401.9819,30.5655,-32485.83002
2025-04-11 10:37:25,TSLA,SELL,64.0,291.024,293.7333,173.3952,-32312.43482
2025-04-11 10:40:34,TSLA,BUY,154.1,267.1994,267.4718,41.97684,-32270.45798
2025-04-11 10:43:49,GOOGL,SELL,311.9,198.968,199.3011,103.89389,-32166.56409
2025-04-11 10:47:11,META,BUY,315.5,471.1595,470.9284,-72.91205,-32239.47614
2025-04-11 10:48:51,NFLX,BUY,269.9,714.4193,719.7784,1446.42109,-30793.05505
2025-04-11 10:50:43,META,SELL,110.1,459.0091,458.101,-99.98181,-30893.03686
2025-04-11 10:53:52,AAPL,BUY,74.4,240.8436,242.9469,156.48552,-30736.55134
2025-04-11 10:55:50,MSFT,BUY,257.2,440.7043,445.3204,1187.26092,-29549.29042
2025-04-11 10:57:48,NFLX,BUY,117.3,636.5896,637.1311,63.51795,-29485.77247
2025-04-11 11:01:18,TSLA,SELL,138.0,382.3752,382.1719,-28.0554,-29513.82787
2025-04-11 11:04:11,TSLA,SELL,224.0,337.3223,333.9529,-754.7456,-30268.57347
2025-04-11 11:07:40,AAPL,SELL,49.0,178.1027,175.8322,-111.2545,-30379.82797
2025-04-11 11:10:27,GOOGL,SELL,209.7,166.9635,166.2239,-155.09412,-30534.92209
2025-04-11 11:13:11,NVDA,SELL,258.4,621.1855,621.1385,-12.1448,-30547.06689
2025-04-11 11:14:43,MSFT,SELL,268.5,407.0542,407.4678,111.0516,-30436.01529
2025-04-11 11:17:31,NFLX,BUY,111.3,590.6128,589.6953,-102.11775,-30538.13304
2025-04-11 11:20:05,MSFT,SELL,8.1,400.1242,401.664,12.47238,-30525.66066
2025-04-11 11:22:31,AMZN,BUY,158.5,202.3916,203.0463,103.76995,-30421.89071
2025-04-11 11:25:21,GOOGL,BUY,26.7,183.7333,186.4729,73.14732,-30348.74339
2025-04-11 11:27:47,META,SELL,274.7,455.8829,449.0973,-1864.00432,-32212.74771
2025-04-11 11:30:15,AMZN,SELL,144.9,184.8757,185.2694,57.04713,-32155.70058
2025-04-11 11:31:54,NVDA,SELL,104.7,511.8325,511.2497,-61.01916,-32216.71974
2025-04-11 11:34:22,NFLX,BUY,136.4,627.8904,620.4841,-1010.21932,-33226.93906
2025-04-11 11:37:31,TSLA,SELL,213.7,218.0488,214.8427,-685.14357,-33912.08263
2025-04-11 11:40:25,META,BUY,61.6,490.4641,497.6237,441.03136,-33471.05127
2025-04-11 11:42:12,GOOGL,BUY,212.6,181.2049,180.0626,-242.85298,-33713.90425
2025-04-11 11:43:49,TSLA,BUY,81.4,220.0018,217.3907,-212.54354,-33926.44779
2025-04-11 11:46:30,NVDA,BUY,286.1,610.8627,607.2914,-1021.74893,-34948.19672
2025-04-11 11:49:10,NVDA,SELL,148.5,590.8711,591.8165,140.3919,-34807.80482
2025-04-11 11:52:30,NVDA,BUY,277.0,511.8411,518.9065,1957.1158,-32850.68902
2025-04-11 11:55:57,TSLA,BUY,239.2,154.5667,154.0584,-121.58536,-32972.27438
2025-04-11 11:57:40,NFLX,BUY,128.3,583.7289,591.9287,1052.03434,-31920.24004
2025-04-11 11:59:47,AAPL,SELL,296.4,225.6349,225.9149,82.992,-31837.24804
2025-04-11 12:01:54,META,SELL,170.5,517.6554,517.6966,7.0246,-31830.22344
2025-04-11 12:04:56,TSLA,BUY,15.8,288.0933,290.7177,41.46552,-31788.75792
2025-04-11 12:07:46,NVDA,SELL,21.4,644.9115,648.5475,77.8104,-31710.94752
2025-04-11 12:09:50,AMZN,SELL,140.7,227.1452,230.1309,420.08799,-31290.85953
2025-04-11 12:11:55,NFLX,SELL,287.4,664.9892,673.5501,2460.40266,-28830.45687
2025-04-11 12:14:12,MSFT,SELL,116.6,448.8687,443.833,-587.16262,-29417.61949
2025-04-11 12:16:26,META,SELL,270.0,471.172,477.2846,1650.402,-27767.21749
2025-04-11 12:18:19,MSFT,BUY,232.7,427.0069,428.7389,403.0364,-27364.18109
2025-04-11 12:20:45,TSLA,SELL,139.1,277.7593,277.596,-22.71503,-27386.89612
2025-04-11 12:23:24,AMZN,SELL,297.6,196.3905,194.4505,-577.344,-27964.24012
2025-04-11 12:26:38,NVDA,BUY,33.2,611.5521,611.3521,-6.64,-27970.88012
2025-04-11 12:28:25,AMZN,SELL,315.3,215.6751,217.8032,670.98993,-27299.89019
2025-04-11 12:30:02,TSLA,BUY,331.5,251.5514,252.7469,396.30825,-26903.58194
2025-04-11 12:33:31,AAPL,SELL,175.7,187.0783,189.7156,463.37361,-26440.20833
2025-04-11 12:35:55,AMZN,BUY,250.8,206.2274,206.5719,86.4006,-26353.80773
2025-04-11 12:38:06,NFLX,BUY,53.3,603.8367,610.0266,329.92167,-26023.88606
2025-04-11 12:41:25,NFLX,BUY,118.1,634.1869,643.2716,1072.90307,-24950.98299
2025-04-11 12:43:42,AAPL,SELL,21.3,173.8168,175.6506,39.05994,-24911.92305
2025-04-11 12:45:51,AAPL,SELL,167.7,202.781,201.6085,-196.62825,-25108.5513
2025-04-11 12:48:58,NFLX,BUY,261.5,633.3206,633.8702,143.7204,-24964.8309
2025-04-11 12:52:01,AMZN,BUY,46.1,224.9924,227.315,107.07186,-24857.75904
2025-04-11 12:54:45,AMZN,SELL,120.0,183.3334,181.7009,-195.9,-25053.65904
2025-04-11 12:57:17,TSLA,BUY,150.3,209.2415,209.4289,28.16622,-25025.49282
2025-04-11 13:00:38,AAPL,BUY,152.4,179.8755,182.4679,395.08176,-24630.41106
2025-04-11 13:02:12,GOOGL,BUY,126.7,182.728,183.0395,39.46705,-24590.94401
2025-04-11 13:04:04,GOOGL,SELL,241.1,162.4364,160.8963,-371.31811,-24962.26212
2025-04-11 13:06:14,MSFT,BUY,117.7,421.8197,419.3613,-289.35368,-25251.6158
2025-04-11 13:09:08,NVDA,SELL,40.0,805.4712,805.7577,11.46,-25240.1558
2025-04-11 13:11:50,AAPL,SELL,105.9,200.7258,200.5955,-13.79877,-25253.95457
2025-04-11 13:15:11,META,SELL,209.4,451.4747,457.3463,1229.51304,-24024.44153
2025-04-11 13:17:31,AAPL,SELL,52.1,186.7874,188.5449,91.56575,-23932.87578
2025-04-11 13:20:18,AMZN,SELL,215.3,197.522,196.5825,-202.27435,-24135.15013
2025-04-11 13:23:01,TSLA,BUY,196.2,183.7241,183.9019,34.88436,-24100.26577
2025-04-11 13:25:32,NVDA,BUY,61.5,716.8101,721.3017,276.2334,-23824.03237
2025-04-11 13:28:32,AAPL,SELL,104.2,227.9572,226.5246,-149.27692,-23973.30929
2025-04-11 13:31:25,AMZN,SELL,264.1,198.2358,197.0318,-317.9764,-24291.28569
2025-04-11 13:34:50,GOOGL,SELL,307.5,171.4189,171.7328,96.52425,-24194.76144
2025-04-11 13:38:05,GOOGL,SELL,183.8,176.0234,174.0506,-362.60064,-24557.36208
2025-04-11 13:39:49,TSLA,BUY,206.4,182.2499,181.9279,-66.4608,-24623.82288
2025-04-11 13:42:52,AAPL,BUY,160.9,184.0357,186.2845,361.83192,-24261.99096
2025-04-11 13:44:32,GOOGL,BUY,187.5,194.8852,196.3504,274.725,-23987.26596
2025-04-11 13:47:59,AMZN,SELL,176.2,221.8067,219.8511,-344.57672,-24331.84268
2025-04-11 13:51:20,MSFT,SELL,67.9,449.9428,444.6084,-362.20576,-24694.04844
2025-04-11 13:53:17,TSLA,BUY,272.5,279.132,279.4366,83.0035,-24611.04494
2025-04-11 13:56:00,NVDA,SELL,331.1,871.622,860.634,-3638.1268,-28249.17174
2025-04-11 13:58:13,TSLA,BUY,253.4,326.2084,330.7695,1155.78274,-27093.389
2025-04-11 14:01:03,MSFT,BUY,132.8,408.1331,409.077,125.34992,-26968.03908
2025-04-11 14:02:51,META,SELL,291.0,515.9706,509.6153,-1849.3923,-28817.43138
2025-04-11 14:05:01,TSLA,SELL,293.5,398.9746,393.1323,-1714.71505,-30532.14643
2025-04-11 14:07:11,NVDA,BUY,88.2,794.8612,785.8441,-795.30822,-31327.45465
2025-04-11 14:09:55,AAPL,BUY,48.3,188.4372,190.459,97.65294,-31229.80171
2025-04-11 14:12:38,GOOGL,SELL,152.2,164.1396,162.8758,-192.35036,-31422.15207
2025-04-11 14:15:21,TSLA,SELL,300.2,353.1314,356.2842,946.47056,-30475.68151
2025-04-11 14:18:22,AAPL,BUY,164.1,192.3422,190.6814,-272.53728,-30748.21879
2025-04-11 14:20:43,AAPL,SELL,188.2,236.2961,238.3879,393.67676,-30354.54203
2025-04-11 14:22:39,META,SELL,253.6,462.1338,460.0359,-532.02744,-30886.56947
2025-04-11 14:25:00,NVDA,BUY,25.8,627.9051,633.5276,145.0605,-30741.50897
2025-04-11 14:26:30,NFLX,SELL,131.5,726.0539,724.5336,-199.91945,-30941.42842
2025-04-11 14:28:37,GOOGL,BUY,138.1,157.46,156.6773,-108.09087,-31049.51929
2025-04-11 14:30:55,NVDA,SELL,136.0,728.5467,720.1471,-1142.3456,-32191.86489
2025-04-11 14:32:56,META,BUY,319.3,529.5101,534.8844,1716.01399,-30475.8509
2025-04-11 14:35:26,GOOGL,BUY,269.2,179.4145,178.9937,-113.27936,-30589.13026
2025-04-11 14:37:44,META,BUY,66.1,482.793,479.163,-239.943,-30829.07326
2025-04-11 14:39:24,META,SELL,313.2,481.3037,475.1894,-1914.99876,-32744.07202
2025-04-11 14:42:13,GOOGL,SELL,189.7,176.6403,175.0756,-296.82359,-33040.89561
2025-04-11 14:45:27,AMZN,SELL,70.2,225.2125,222.6751,-178.12548,-33219.02109
2025-04-11 14:48:08,TSLA,BUY,96.1,273.8896,271.5396,-225.835,-33444.85609
2025-04-11 14:50:40,META,BUY,223.6,501.8977,495.9118,-1338.44724,-34783.30333
2025-04-11 14:53:36,AMZN,SELL,84.3,178.9673,180.3363,115.4067,-34667.89663
2025-04-11 14:55:46,NVDA,BUY,94.7,736.3224,736.2185,-9.83933,-34677.73596
2025-04-11 14:58:52,TSLA,BUY,301.1,192.5941,192.8055,63.65254,-34614.08342
2025-04-11 15:02:22,GOOGL,SELL,86.8,194.331,196.4046,179.98848,-34434.09494
2025-04-11 15:05:38,NFLX,SELL,161.5,594.3656,594.2044,-26.0338,-34460.12874
2025-04-11 15:09:01,NVDA,BUY,46.3,765.2532,766.6295,63.72269,-34396.40605
2025-04-11 15:10:44,META,SELL,17.1,538.2088,542.4983,73.35045,-34323.0556
2025-04-11 15:12:53,NVDA,BUY,128.9,705.1816,708.3951,414.22015,-33908.83545
2025-04-11 15:15:28,NVDA,BUY,168.8,562.6395,558.993,-615.5292,-34524.36465
2025-04-11 15:16:59,AMZN,BUY,330.0,188.5807,190.918,771.309,-33753.05565
2025-04-11 15:19:13,NVDA,SELL,49.1,934.7042,925.9074,-431.92288,-34184.97853
2025-04-11 15:21:00,NFLX,SELL,297.3,701.3973,692.3034,-2703.61647,-36888.595
2025-04-11 15:24:20,NVDA,BUY,127.9,753.4726,758.5396,648.0693,-36240.5257
2025-04-11 15:26:49,MSFT,BUY,175.7,401.2988,403.7942,438.44178,-35802.08392
2025-04-11 15:29:34,AMZN,BUY,133.1,207.0563,204.9416,-281.46657,-36083.55049
2025-04-11 15:32:43,NVDA,BUY,223.8,472.8704,467.1788,-1273.78008,-37357.33057
2025-04-11 15:34:31,MSFT,SELL,207.6,424.2686,423.831,-90.84576,-37448.17633
2025-04-11 15:37:35,GOOGL,BUY,75.6,198.4575,198.9001,33.46056,-37414.71577
2025-04-11 15:39:27,NFLX,BUY,278.7,717.7897,725.1538,2052.37467,-35362.3411
2025-04-11 15:41:20,AMZN,BUY,149.6,195.1277,193.4534,-250.47528,-35612.81638
2025-04-11 15:43:03,TSLA,BUY,153.9,193.5161,192.8344,-104.91363,-35717.73001
2025-04-11 15:46:01,META,BUY,230.2,461.7957,461.0843,-163.76428,-35881.49429
2025-04-11 15:47:38,MSFT,BUY,278.4,383.0172,381.1238,-527.12256,-36408.61685
2025-04-11 15:49:58,META,BUY,15.8,454.4288,455.0246,9.41364,-36399.20321
2025-04-11 15:52:11,GOOGL,SELL,38.0,186.1661,183.5413,-99.7424,-36498.94561
2025-04-11 15:54:12,MSFT,SELL,79.6,455.6988,459.78,324.86352,-36174.08209
2025-04-11 15:56:41,AAPL,BUY,160.8,222.3805,219.2757,-499.25184,-36673.33393
2025-04-11 15:58:31,AAPL,BUY,168.1,186.7857,188.1487,229.1203,-36444.21363
2025-04-11 16:00:10,META,SELL,282.5,459.715,454.4736,-1480.6955,-37924.90913
2025-04-11 16:02:12,NFLX,SELL,62.7,688.9074,680.867,-504.13308,-38429.04221
2025-04-11 16:05:25,AAPL,SELL,110.7,210.711,210.4252,-31.63806,-38460.68027
2025-04-11 16:07:47,TSLA,BUY,316.3,356.5136,359.578,969.26972,-37491.41055
2025-04-11 16:09:40,NFLX,BUY,54.7,588.8407,587.0267,-99.2258,-37590.63635
2025-04-11 16:11:33,NVDA,SELL,257.0,832.765,843.6705,2802.7135,-34787.92285
2025-04-11 16:14:17,AMZN,SELL,295.7,222.1238,221.7645,-106.24501,-34894.16786
2025-04-11 16:17:40,MSFT,SELL,126.8,430.1855,432.0123,231.63824,-34662.52962
2025-04-11 16:19:22,NVDA,BUY,165.6,688.2291,679.5348,-1439.77608,-36102.3057
2025-04-11 16:22:36,AMZN,BUY,243.8,226.6233,225.5691,-257.01396,-36359.31966
2025-04-11 16:25:20,NFLX,BUY,41.7,629.9562,622.9904,-290.47386,-36649.79352
2025-04-11 16:28:15,AAPL,SELL,282.9,225.8609,223.089,-784.17051,-37433.96403
2025-04-11 16:30:54,META,SELL,310.3,527.9709,532.7596,1485.93361,-35948.03042
2025-04-11 16:32:56,GOOGL,SELL,78.8,195.6369,195.175,-36.39772,-35984.42814
2025-04-11 16:35:14,TSLA,BUY,162.4,271.779,269.8975,-305.5556,-36289.98374
2025-04-11 16:36:47,NVDA,SELL,202.3,858.4178,860.0803,336.32375,-35953.65999
2025-04-11 16:39:19,AMZN,BUY,22.4,178.9554,177.8858,-23.95904,-35977.61903
2025-04-11 16:42:02,NVDA,SELL,117.5,753.6428,746.8008,-803.935,-36781.55403
2025-04-11 16:44:01,AMZN,SELL,330.9,200.4469,199.0663,-456.84054,-37238.39457
2025-04-11 16:45:36,MSFT,BUY,69.7,402.9377,400.2097,-190.1416,-37428.53617
2025-04-11 16:48:37,TSLA,BUY,261.5,165.3733,163.7187,-432.6779,-37861.21407
2025-04-11 16:51:09,MSFT,BUY,5.7,403.8602,407.0268,18.04962,-37843.16445
2025-04-11 16:52:41,TSLA,SELL,251.4,221.201,219.8187,-347.51022,-38190.67467
2025-04-11 16:55:02,GOOGL,BUY,270.0,181.4061,181.5209,30.996,-38159.67867
2025-04-11 16:57:44,AAPL,BUY,5.9,187.3828,186.8555,-3.11107,-38162.78974
2025-04-11 17:00:28,AAPL,SELL,241.5,209.5847,207.9191,-402.2424,-38565.03214
2025-04-11 17:02:23,GOOGL,SELL,138.9,185.4308,186.086,91.00728,-38474.02486
2025-04-11 17:05:02,NFLX,SELL,318.9,657.2043,664.195,2229.33423,-36244.69063
2025-04-11 17:07:26,GOOGL,SELL,13.0,170.753,168.3998,-30.5916,-36275.28223
2025-04-11 17:10:12,AMZN,BUY,333.8,190.354,192.2672,638.62616,-35636.65607
2025-04-11 17:11:52,AAPL,BUY,196.6,193.8151,194.7579,185.35448,-35451.30159
2025-04-11 17:14:09,AMZN,SELL,340.6,203.3124,202.1477,-396.69682,-35847.99841
2025-04-11 17:16:03,AMZN,BUY,268.1,165.953,164.4766,-395.82284,-36243.82125
2025-04-11 17:18:08,META,SELL,91.4,448.0818,449.523,131.72568,-36112.09557
2025-04-11 17:20:52,AMZN,SELL,23.5,209.5473,207.3362,-51.96085,-36164.05642
2025-04-11 17:22:29,MSFT,SELL,191.0,448.8482,451.6267,530.6935,-35633.36292
2025-04-11 17:24:10,MSFT,BUY,210.8,423.2461,423.4155,35.70952,-35597.6534
2025-04-11 17:27:18,AMZN,BUY,177.8,185.3405,185.5122,30.52826,-35567.12514
2025-04-11 17:28:56,GOOGL,SELL,166.3,184.2509,186.4886,372.12951,-35194.99563
2025-04-11 17:32:07,NFLX,BUY,161.8,643.8239,640.8193,-486.14428,-35681.13991
2025-04-11 17:33:38,AMZN,BUY,271.2,193.5123,191.1594,-638.10648,-36319.24639
2025-04-11 17:35:25,NFLX,BUY,276.3,652.2772,654.7886,693.89982,-35625.34657
2025-04-11 17:37:36,NFLX,BUY,142.2,609.2842,615.9792,952.029,-34673.31757
2025-04-11 17:40:59,TSLA,BUY,13.1,266.9482,266.3593,-7.71459,-34681.03216
2025-04-11 17:42:39,MSFT,BUY,15.2,423.2833,422.7535,-8.05296,-34689.08512
2025-04-11 17:45:41,MSFT,BUY,152.4,464.3724,470.2964,902.8176,-33786.26752
2025-04-11 17:47:55,AAPL,BUY,331.5,177.895,180.0535,715.54275,-33070.72477
2025-04-11 17:50:56,NFLX,BUY,286.1,642.1513,636.8418,-1519.04795,-34589.77272
2025-04-11 17:54:20,AMZN,SELL,307.0,199.5824,196.8641,-834.5181,-35424.29082
2025-04-11 17:57:13,MSFT,BUY,137.1,455.2099,457.04,250.90671,-35173.38411
2025-04-11 17:58:46,AAPL,BUY,177.2,195.0154,192.1302,-511.25744,-35684.64155
2025-04-11 18:01:51,NVDA,SELL,150.5,698.08,699.3017,183.86585,-35500.7757
2025-04-11 18:04:23,META,BUY,40.0,470.895,468.3218,-102.928,-35603.7037
2025-04-11 18:07:19,MSFT,SELL,140.2,435.6903,429.2045,-909.30916,-36513.01286
2025-04-11 18:09:42,META,SELL,333.7,557.5241,562.2604,1580.50331,-34932.50955
2025-04-11 18:13:01,MSFT,SELL,349.2,465.394,464.5832,-283.13136,-35215.64091
2025-04-11 18:16:20,GOOGL,SELL,166.1,188.6692,187.5001,-194.18751,-35409.82842
2025-04-11 18:18:00,MSFT,BUY,42.6,430.2493,436.3799,261.16356,-35148.66486
2025-04-11 18:20:35,AMZN,SELL,48.3,230.68,233.9572,158.28876,-34990.3761
2025-04-11 18:22:45,AMZN,BUY,135.5,190.0834,191.4458,184.6052,-34805.7709
2025-04-11 18:24:34,AAPL,BUY,154.3,180.961,182.5388,243.45454,-34562.31636
2025-04-11 18:26:36,NFLX,BUY,232.7,627.2292,636.0712,2057.5334,-32504.78296
2025-04-11 18:28:41,AMZN,BUY,250.0,215.7608,213.1786,-645.55,-33150.33296
2025-04-11 18:31:14,NVDA,BUY,85.6,715.2522,718.8719,309.84632,-32840.48664
2025-04-11 18:33:12,NFLX,SELL,283.2,650.1425,657.2421,2010.60672,-30829.87992
2025-04-11 18:36:14,AAPL,SELL,94.6,210.1195,209.5216,-56.56134,-30886.44126
2025-04-11 18:39:23,TSLA,SELL,347.6,362.2088,365.6486,1195.67448,-29690.76678
2025-04-11 18:41:16,AAPL,BUY,33.4,224.785,226.4692,56.25228,-29634.5145
2025-04-11 18:44:18,MSFT,BUY,143.5,451.448,446.2807,-741.50755,-30376.02205
2025-04-11 18:46:27,META,BUY,226.4,540.7964,544.2607,784.31752,-29591.70453
2025-04-11 18:49:01,META,BUY,26.6,561.3843,556.3762,-133.21546,-29724.91999
2025-04-11 18:52:00,NVDA,BUY,335.5,740.9778,743.2983,778.52775,-28946.39224
2025-04-11 18:53:40,AAPL,SELL,107.7,170.1705,167.6854,-267.64527,-29214.03751
2025-04-11 18:57:09,GOOGL,BUY,288.8,165.8394,163.8439,-576.3004,-29790.33791
2025-04-11 19:00:16,META,BUY,222.5,530.0178,523.7365,-1397.58925,-31187.92716
2025-04-11 19:02:35,MSFT,SELL,180.0,428.5072,422.7343,-1039.122,-32227.04916
2025-04-11 19:04:17,AMZN,SELL,130.8,214.5935,213.4904,-144.28548,-32371.33464
2025-04-11 19:05:48,AAPL,BUY,248.6,181.1366,181.3002,40.67096,-32330.66368
2025-04-11 19:07:20,GOOGL,BUY,293.8,181.4748,182.433,281.51916,-32049.14452
2025-04-11 19:09:56,TSLA,SELL,166.4,176.1181,177.2544,189.08032,-31860.0642
2025-04-11 19:12:19,AAPL,SELL,43.3,173.6134,174.6043,42.90597,-31817.15823
2025-04-11 19:15:07,GOOGL,BUY,223.6,162.8065,164.0674,281.93724,-31535.22099
2025-04-11 19:17:26,AMZN,SELL,73.3,208.4081,206.0361,-173.8676,-31709.08859
2025-04-11 19:19:39,NVDA,BUY,7.4,664.9869,672.9602,59.00242,-31650.08617
2025-04-11 19:22:51,AMZN,BUY,131.4,216.9034,218.311,184.95864,-31465.12753
2025-04-11 19:25:06,GOOGL,BUY,280.4,151.3423,150.4032,-263.32364,-31728.45117
2025-04-11 19:26:53,NVDA,SELL,289.4,925.9518,916.5701,-2715.06398,-34443.51515
2025-04-11 19:29:13,TSLA,SELL,94.6,301.1494,304.2836,296.49532,-34147.01983
2025-04-11 19:32:08,GOOGL,BUY,240.5,166.1928,165.906,-68.9754,-34215.99523
2025-04-11 19:33:46,META,BUY,263.3,483.5493,481.5862,-516.88423,-34732.87946
2025-04-11 19:37:08,MSFT,BUY,294.4,396.7675,399.5742,826.29248,-33906.58698
2025-04-11 19:40:32,AMZN,BUY,130.6,207.8193,206.0586,-229.94742,-34136.5344
2025-04-11 19:44:02,AMZN,BUY,263.1,190.8315,189.182,-433.98345,-34570.51785
2025-04-11 19:45:46,NVDA,BUY,8.5,597.9133,592.8978,-42.63175,-34613.1496
2025-04-11 19:49:12,AAPL,SELL,285.8,207.38,209.3055,550.3079,-34062.8417
2025-04-11 19:51:22,NVDA,BUY,130.8,522.3789,522.007,-48.64452,-34111.48622
2025-04-11 19:54:35,META,SELL,84.7,495.8863,500.2628,370.68955,-33740.79667
2025-04-11 19:57:56,NFLX,BUY,45.9,623.714,614.6778,-414.76158,-34155.55825
2025-04-11 20:01:03,AMZN,SELL,58.6,198.3476,199.9465,93.69554,-34061.86271
2025-04-11 20:03:37,META,BUY,320.5,485.2979,488.857,1140.69155,-32921.17116
2025-04-11 20:05:21,MSFT,BUY,118.7,456.9985,462.5868,663.33121,-32257.83995
2025-04-11 20:07:03,MSFT,BUY,130.0,427.9371,422.7821,-670.15,-32927.98995
2025-04-11 20:08:52,META,BUY,164.3,528.0253,532.9692,812.28277,-32115.70718
2025-04-11 20:10:51,META,BUY,346.8,468.1095,471.4538,1159.80324,-30955.90394
2025-04-11 20:13:59,AMZN,SELL,17.7,212.322,212.1218,-3.54354,-30959.44748
2025-04-11 20:15:37,GOOGL,BUY,129.8,158.9224,158.75,-22.37752,-30981.825
2025-04-11 20:18:50,AMZN,SELL,84.3,213.2048,214.108,76.13976,-30905.68524
2025-04-11 20:21:45,TSLA,BUY,272.8,168.6732,168.8254,41.52016,-30864.16508
2025-04-11 20:25:08,GOOGL,SELL,178.6,204.5841,206.6742,373.29186,-30490.87322
2025-04-11 20:27:19,GOOGL,BUY,264.4,173.8668,172.6127,-331.58404,-30822.45726
2025-04-11 20:30:16,META,BUY,183.1,550.9059,545.7153,-950.39886,-31772.85612
2025-04-11 20:32:24,TSLA,SELL,135.2,254.1518,255.3161,157.41336,-31615.44276
2025-04-11 20:34:20,MSFT,SELL,248.7,456.3666,461.2908,1224.64854,-30390.79422
2025-04-11 20:37:50,NFLX,BUY,52.7,686.6801,684.982,-89.48987,-30480.28409
2025-04-11 20:40:37,MSFT,BUY,178.9,450.4042,449.4751,-166.21599,-30646.50008
2025-04-11 20:43:07,TSLA,SELL,328.0,370.9057,371.095,62.0904,-30584.40968
2025-04-11 20:45:27,NVDA,BUY,132.8,470.3793,468.0454,-309.94192,-30894.3516
2025-04-11 20:47:27,AMZN,BUY,271.3,200.0989,202.1054,544.36345,-30349.98815
2025-04-11 20:49:57,NVDA,SELL,117.9,822.0711,833.3415,1328.78016,-29021.20799
2025-04-11 20:53:16,GOOGL,SELL,259.6,198.5397,199.6226,281.12084,-28740.08715
2025-04-11 20:55:38,GOOGL,BUY,309.2,183.8704,183.8715,0.34012,-28739.74703
2025-04-11 20:58:11,NFLX,SELL,14.5,613.8135,617.5786,54.59395,-28685.15308
2025-04-11 21:01:27,AMZN,BUY,301.8,222.2587,222.1044,-46.56774,-28731.72082
2025-04-11 21:04:32,MSFT,SELL,227.0,441.6116,437.3117,-976.0773,-29707.79812
2025-04-11 21:07:03,AAPL,BUY,291.4,230.3965,232.7183,676.57252,-29031.2256
2025-04-11 21:09:56,GOOGL,SELL,273.9,184.632,182.773,-509.1801,-29540.4057
2025-04-11 21:11:46,NFLX,BUY,144.4,619.9893,626.2602,905.51796,-28634.88774
2025-04-11 21:14:26,NVDA,BUY,7.7,646.2316,655.0595,67.97483,-28566.91291
2025-04-11 21:17:10,MSFT,BUY,147.6,378.8696,375.2345,-536.54076,-29103.45367
2025-04-11 21:19:52,TSLA,BUY,175.9,401.6868,400.4519,-217.21891,-29320.67258
2025-04-11 21:21:31,TSLA,SELL,160.4,284.5644,287.709,504.39384,-28816.27874
2025-04-11 21:24:54,TSLA,BUY,273.6,361.486,360.8966,-161.25984,-28977.53858
2025-04-11 21:28:17,NFLX,BUY,73.4,717.2812,712.7883,-329.77886,-29307.31744
2025-04-11 21:30:10,META,SELL,44.0,474.4024,470.4726,-172.9112,-29480.22864
2025-04-11 21:33:23,GOOGL,BUY,154.5,177.9171,179.4251,232.986,-29247.24264
2025-04-11 21:35:23,TSLA,BUY,94.7,394.4059,399.4893,481.39798,-28765.84466
2025-04-11 21:37:13,NFLX,SELL,259.7,596.243,598.0965,481.35395,-28284.49071
2025-04-11 21:39:11,MSFT,SELL,35.0,441.8783,442.4207,18.984,-28265.50671
2025-04-11 21:42:35,AAPL,SELL,108.0,185.2363,186.0822,91.3572,-28174.14951
2025-04-11 21:45:43,META,BUY,119.2,459.0715,457.6273,-172.14864,-28346.29815
2025-04-11 21:47:34,GOOGL,BUY,342.1,182.0915,181.0193,-366.79962,-28713.09777
2025-04-11 21:50:19,GOOGL,SELL,5.2,179.669,179.4137,-1.32756,-28714.42533
2025-04-11 21:53:38,META,SELL,175.8,536.313,535.0049,-229.96398,-28944.38931
2025-04-11 21:55:54,META,BUY,199.9,461.5673,467.4158,1169.11515,-27775.27416
2025-04-11 21:59:11,MSFT,BUY,316.9,391.1804,394.3683,1010.24551,-26765.02865
2025-04-11 22:02:20,AMZN,BUY,206.7,207.9317,210.5134,533.63739,-26231.39126
2025-04-11 22:04:12,MSFT,SELL,64.8,462.7129,459.2046,-227.33784,-26458.7291
2025-04-11 22:06:03,NVDA,SELL,119.3,486.3651,488.5826,264.54775,-26194.18135
2025-04-11 22:09:22,TSLA,BUY,346.3,308.5344,310.6576,735.26416,-25458.91719
2025-04-11 22:11:28,NFLX,BUY,198.3,606.7496,607.7395,196.29717,-25262.62002
2025-04-11 22:14:26,NVDA,BUY,306.9,830.8616,824.5205,-1946.08359,-27208.70361
2025-04-11 22:16:33,NVDA,SELL,14.2,907.3385,915.827,120.5367,-27088.16691
2025-04-11 22:19:15,NVDA,BUY,98.0,511.7062,518.8586,700.9352,-26387.23171
2025-04-11 22:21:19,AAPL,BUY,140.5,239.7188,241.5264,253.9678,-26133.26391
2025-04-11 22:24:45,MSFT,BUY,176.3,392.5099,389.4804,-534.10085,-26667.36476
2025-04-11 22:26:40,AAPL,SELL,10.1,198.7517,196.1614,-26.16203,-26693.52679
2025-04-11 22:28:33,AMZN,BUY,123.0,204.0309,206.4896,302.4201,-26391.10669
2025-04-11 22:31:44,AAPL,BUY,133.5,175.3045,173.2002,-280.92405,-26672.03074
2025-04-11 22:34:46,META,BUY,99.6,556.4343,562.3598,590.1798,-26081.85094
2025-04-11 22:36:56,MSFT,SELL,312.2,408.8234,411.2913,770.47838,-25311.37256
2025-04-11 22:39:20,AAPL,SELL,6.6,233.1507,231.2522,-12.5301,-25323.90266
2025-04-11 22:42:05,MSFT,SELL,41.5,406.3859,402.3165,-168.8801,-25492.78276
2025-04-11 22:44:20,NVDA,SELL,98.5,628.6623,625.2259,-338.4854,-25831.26816
2025-04-11 22:47:22,MSFT,BUY,183.5,429.4612,433.8587,806.94125,-25024.32691
2025-04-11 22:49:48,GOOGL,SELL,213.9,185.9564,184.6227,-285.27843,-25309.60534
2025-04-11 22:51:34,NFLX,SELL,249.3,701.6597,702.6123,237.48318,-25072.12216
2025-04-11 22:53:36,NFLX,BUY,339.3,664.5165,669.2204,1596.03327,-23476.08889
2025-04-11 22:55:44,GOOGL,SELL,336.8,151.9632,152.3032,114.512,-23361.57689
2025-04-11 22:59:06,NVDA,BUY,153.3,744.6806,755.542,1665.05262,-21696.52427
2025-04-11 23:00:48,NFLX,BUY,154.5,597.1055,593.3408,-581.64615,-22278.17042
2025-04-11 23:02:25,NFLX,SELL,291.2,684.2113,684.8354,181.73792,-22096.4325
2025-04-11 23:05:04,MSFT,SELL,64.3,434.5611,433.3165,-80.02778,-22176.46028
2025-04-11 23:08:08,AMZN,SELL,273.7,195.998,196.9297,255.00629,-21921.45399
2025-04-11 23:10:24,AMZN,BUY,276.1,219.5818,218.7467,-230.57111,-22152.0251
2025-04-11 23:12:44,MSFT,BUY,8.0,390.4744,394.8037,34.6344,-22117.3907
2025-04-11 23:14:27,MSFT,SELL,309.6,434.6799,430.3505,-1340.38224,-23457.77294
2025-04-11 23:16:35,GOOGL,BUY,267.4,173.7757,172.1528,-433.96346,-23891.7364
2025-04-11 23:19:57,MSFT,BUY,99.4,395.6141,392.5958,-300.01902,-24191.75542
2025-04-11 23:22:03,MSFT,BUY,231.0,440.0793,441.4719,321.6906,-23870.06482
2025-04-11 23:24:23,MSFT,SELL,312.7,383.0868,387.8972,1504.21208,-22365.85274
2025-04-11 23:27:38,TSLA,SELL,169.6,257.6367,255.2029,-412.77248,-22778.62522
2025-04-11 23:29:44,TSLA,BUY,203.3,328.0909,330.6526,520.79361,-22257.83161
2025-04-11 23:31:45,NFLX,BUY,60.3,654.3697,648.0414,-381.59649,-22639.4281
2025-04-11 23:35:02,GOOGL,BUY,21.1,154.7954,152.5004,-48.4245,-22687.8526
2025-04-11 23:36:34,MSFT,SELL,143.0,416.1895,410.412,-826.1825,-23514.0351
2025-04-11 23:38:55,AAPL,SELL,139.9,240.9911,243.6683,374.54028,-23139.49482
2025-04-11 23:40:52,NFLX,BUY,164.7,586.6689,583.5988,-505.64547,-23645.14029
2025-04-11 23:42:47,AMZN,SELL,237.3,183.3348,185.3005,466.46061,-23178.67968
2025-04-11 23:44:43,NVDA,SELL,278.4,500.8223,502.9695,597.78048,-22580.8992
2025-04-11 23:46:46,AMZN,BUY,139.2,224.4472,225.8977,201.9096,-22378.9896
2025-04-11 23:48:51,AMZN,BUY,66.6,236.5908,234.4375,-143.40978,-22522.39938
2025-04-11 23:51:21,META,SELL,301.2,492.6059,485.6845,-2084.72568,-24607.12506
2025-04-11 23:53:17,AMZN,SELL,287.5,190.2846,192.9943,779.03875,-23828.08631
2025-04-11 23:56:39,META,BUY,11.8,503.5172,504.2797,8.9975,-23819.08881
2025-04-11 23:58:20,GOOGL,BUY,19.2,160.9752,161.9282,18.2976,-23800.79121
2025-04-11 23:58:33,AMZN,BUY,63.0,199.0805,200.6846,101.0583,-23699.73291
2025-04-11 23:58:49,NFLX,SELL,177.8,693.2489,699.4077,1095.03464,-22604.69827
2025-04-11 23:59:09,AMZN,SELL,271.6,209.3724,211.7225,638.28716,-21966.41111
2025-04-11 23:59:28,NVDA,SELL,198.0,870.9848,861.495,-1878.9804,-23845.39151
2025-04-11 23:59:37,AMZN,SELL,230.2,176.4158,175.1785,-284.82646,-24130.21797
2025-04-11 23:59:45,NFLX,BUY,310.5,649.3181,646.1471,-984.5955,-25114.81347
2025-04-12 00:00:08,AMZN,BUY,213.2,179.4789,180.9878,321.69748,-24793.11599
2025-04-12 00:00:42,TSLA,BUY,236.8,265.6251,262.2595,-796.97408,-25590.09007
2025-04-12 00:00:51,AMZN,SELL,162.2,216.1527,214.8143,-217.08848,-25807.17855
2025-04-12 00:01:15,AMZN,SELL,256.1,180.5421,178.1114,-622.50227,-26429.68082
2025-04-12 00:01:25,GOOGL,SELL,239.4,194.3231,194.1328,-45.55782,-26475.23864
2025-04-12 00:01:45,NVDA,SELL,337.8,731.8922,738.6798,2292.85128,-24182.38736
2025-04-12 00:01:55,NFLX,SELL,215.1,707.641,708.0131,80.03871,-24102.34865
2025-04-12 00:02:04,TSLA,BUY,62.6,265.7165,269.1004,211.83214,-23890.51651
2025-04-12 00:02:38,AAPL,BUY,295.2,223.8787,223.5726,-90.36072,-23980.87723
2025-04-12 00:03:03,META,BUY,147.1,483.2579,479.4332,-562.61337,-24543.4906
2025-04-12 00:03:24,TSLA,SELL,151.6,375.379,372.7552,-397.76808,-24941.25868
2025-04-12 00:03:48,NVDA,BUY,156.8,467.2634,467.0258,-37.25568,-24978.51436
2025-04-12 00:04:02,TSLA,SELL,51.8,270.5435,270.933,20.1761,-24958.33826
2025-04-12 00:04:33,MSFT,SELL,319.4,402.3479,406.6645,1378.72204,-23579.61622
2025-04-12 00:05:01,AMZN,BUY,153.7,209.5119,210.4361,142.04954,-23437.56668
2025-04-12 00:05:15,NFLX,BUY,202.6,628.7726,633.5154,960.89128,-22476.6754
2025-04-12 00:05:29,AMZN,BUY,171.1,209.806,209.8294,4.00374,-22472.67166
2025-04-12 00:07:50,TSLA,SELL,297.6,340.2599,341.6653,418.24704,-22054.42462
2025-04-12 00:11:08,AMZN,BUY,300.5,186.7116,185.3805,-399.99555,-22454.42017
2025-04-12 00:13:32,AAPL,SELL,145.5,221.5169,221.1367,-55.3191,-22509.73927
2025-04-12 00:15:28,MSFT,BUY,238.3,438.5668,444.2366,1351.11334,-21158.62593
2025-04-12 00:18:50,TSLA,SELL,205.6,199.633,201.4871,381.20296,-20777.42297
2025-04-12 00:21:58,AAPL,BUY,309.8,199.5181,198.4578,-328.48094,-21105.90391
2025-04-12 00:23:54,NVDA,SELL,323.1,493.2451,496.76,1135.66419,-19970.23972
2025-04-12 00:26:32,META,SELL,76.2,520.3275,514.9848,-407.11374,-20377.35346
2025-04-12 00:29:31,NVDA,BUY,117.8,793.1476,786.8993,-736.04974,-21113.4032
2025-04-12 00:32:28,TSLA,BUY,14.2,221.6471,221.1055,-7.69072,-21121.09392
2025-04-12 00:34:46,MSFT,BUY,156.5,422.5734,426.6241,633.93455,-20487.15937
2025-04-12 00:36:16,NFLX,SELL,198.7,707.0859,702.24,-962.88033,-21450.0397
2025-04-12 00:38:51,AMZN,BUY,275.1,217.2413,218.5276,353.86113,-21096.17857
2025-04-12 00:41:49,AAPL,SELL,6.9,225.0408,227.4715,16.77183,-21079.40674
2025-04-12 00:44:40,META,SELL,123.6,526.6096,529.4185,347.18004,-20732.2267
2025-04-12 00:47:32,TSLA,BUY,254.3,251.0332,251.6426,154.97042,-20577.25628
2025-04-12 00:49:20,AAPL,SELL,272.3,161.7673,163.9001,580.76144,-19996.49484
2025-04-12 00:51:04,GOOGL,BUY,159.0,202.264,201.0404,-194.5524,-20191.04724
2025-04-12 00:52:40,NVDA,BUY,183.6,705.8568,706.6916,153.26928,-20037.77796
2025-04-12 00:56:04,AAPL,SELL,194.8,182.9185,185.3652,476.61716,-19561.1608
2025-04-12 00:58:57,AMZN,SELL,331.6,223.7712,222.6048,-386.77824,-19947.93904
2025-04-12 01:01:51,TSLA,SELL,199.9,180.2528,179.3815,-174.17287,-20122.11191
2025-04-12 01:04:43,GOOGL,SELL,5.8,158.6809,158.2951,-2.23764,-20124.34955
2025-04-12 01:08:12,AAPL,SELL,10.4,232.7774,232.0226,-7.84992,-20132.19947
2025-04-12 01:09:46,MSFT,BUY,24.6,404.1877,399.5805,-113.33712,-20245.53659
2025-04-12 01:12:52,MSFT,SELL,117.5,398.7601,396.0006,-324.24125,-20569.77784
2025-04-12 01:15:38,META,BUY,185.1,518.3349,515.7537,-477.78012,-21047.55796
2025-04-12 01:18:53,GOOGL,BUY,326.0,166.9177,168.4726,506.8974,-20540.66056
2025-04-12 01:20:41,AMZN,BUY,145.7,211.7391,210.9383,-116.67656,-20657.33712
2025-04-12 01:22:13,AAPL,BUY,318.8,233.3246,231.1032,-708.18232,-21365.51944
2025-04-12 01:24:55,GOOGL,SELL,25.3,193.0053,195.4768,62.52895,-21302.99049
2025-04-12 01:27:43,META,SELL,50.9,453.7163,452.0208,-86.30095,-21389.29144
2025-04-12 01:30:50,AMZN,BUY,268.6,192.3086,190.7065,-430.32406,-21819.6155
2025-04-12 01:32:52,AAPL,SELL,88.9,226.0131,222.7332,-291.58311,-22111.19861
2025-04-12 01:35:13,AMZN,BUY,201.6,177.5645,179.5583,401.95008,-21709.24853
2025-04-12 01:37:46,NVDA,SELL,336.5,587.0151,595.8038,2957.39755,-18751.85098
2025-04-12 01:39:45,META,BUY,213.5,486.9257,491.4073,956.8216,-17795.02938
2025-04-12 01:42:34,META,SELL,172.2,518.921,519.9632,179.46684,-17615.56254
2025-04-12 01:46:00,MSFT,BUY,69.2,444.6717,450.6923,416.62552,-17198.93702
2025-04-12 01:48:37,META,BUY,148.8,462.3476,455.5661,-1009.0872,-18208.02422
2025-04-12 01:50:16,GOOGL,SELL,135.0,166.6609,168.6235,264.951,-17943.07322
2025-04-12 01:53:01,MSFT,BUY,142.9,397.3035,401.6559,621.95796,-17321.11526
2025-04-12 01:55:36,GOOGL,SELL,321.1,167.1462,165.5782,-503.4848,-17824.60006
2025-04-12 01:58:01,TSLA,SELL,304.1,180.2615,180.3873,38.25578,-17786.34428
2025-04-12 02:00:03,NVDA,BUY,262.4,616.7624,618.6705,500.68544,-17285.65884
2025-04-12 02:03:10,AAPL,BUY,104.9,238.375,241.2127,297.67473,-16987.98411
2025-04-12 02:04:46,GOOGL,SELL,262.7,162.3076,162.877,149.58138,-16838.40273
2025-04-12 02:06:24,AMZN,BUY,80.1,227.4837,227.9206,34.99569,-16803.40704
2025-04-12 02:08:09,TSLA,BUY,115.9,273.2642,273.8783,71.17419,-16732.23285
2025-04-12 02:11:34,GOOGL,BUY,236.6,152.44,151.6499,-186.93766,-16919.17051
2025-04-12 02:13:42,MSFT,BUY,219.3,400.2692,394.4015,-1286.78661,-18205.95712
2025-04-12 02:14:31,TSLA,BUY,347.7,208.9987,211.7104,942.85809,-17263.09903
2025-04-12 02:15:38,AAPL,SELL,48.2,208.016,208.7676,36.22712,-17226.87191
2025-04-12 02:16:54,TSLA,SELL,130.8,250.8892,250.6924,-25.74144,-17252.61335
2025-04-12 02:18:14,TSLA,SELL,328.1,304.2641,303.4338,-272.42143,-17525.03478
2025-04-12 02:19:21,NFLX,SELL,271.1,602.4205,604.986,695.50705,-16829.52773
2025-04-12 02:20:01,AMZN,BUY,93.9,207.6817,206.4814,-112.70817,-16942.2359
2025-04-12 02:20:51,NFLX,BUY,298.4,711.8362,714.3705,756.23512,-16186.00078
2025-04-12 02:21:37,TSLA,BUY,226.6,269.2727,269.2393,-7.56844,-16193.56922
2025-04-12 02:22:21,GOOGL,SELL,66.9,150.4433,151.6249,79.04904,-16114.52018
2025-04-12 02:23:03,MSFT,SELL,206.4,450.7654,454.0679,681.636,-15432.88418
2025-04-12 02:23:47,NVDA,SELL,284.6,543.5472,547.3264,1075.56032,-14357.32386
2025-04-12 02:24:46,AMZN,SELL,274.0,191.578,192.2041,171.5514,-14185.77246
2025-04-12 02:25:57,META,BUY,82.8,503.8451,498.2323,-464.73984,-14650.5123
2025-04-12 02:26:41,TSLA,SELL,266.2,252.0563,248.8518,-853.0379,-15503.5502
2025-04-12 02:27:25,GOOGL,BUY,36.0,195.2684,198.0509,100.17,-15403.3802
2025-04-12 02:28:20,MSFT,SELL,71.4,377.2122,375.5337,-119.8449,-15523.2251
2025-04-12 02:29:16,TSLA,BUY,261.0,289.422,288.0876,-348.2784,-15871.5035
2025-04-12 02:30:02,NFLX,SELL,218.6,616.6943,620.7333,882.9254,-14988.5781
2025-04-12 02:31:05,NVDA,BUY,22.4,916.4804,915.7324,-16.7552,-15005.3333
2025-04-12 02:31:45,NVDA,BUY,112.6,810.1018,805.7013,-495.4963,-15500.8296
2025-04-12 02:32:59,AMZN,BUY,56.6,229.7918,231.2522,82.65864,-15418.17096
2025-04-12 02:33:44,TSLA,BUY,60.3,308.467,307.4829,-59.34123,-15477.51219
2025-04-12 02:34:26,NVDA,SELL,221.8,902.8125,914.9604,2694.40422,-12783.10797
2025-04-12 02:35:07,GOOGL,BUY,214.8,160.4422,159.584,-184.34136,-12967.44933
2025-04-12 02:36:08,AAPL,SELL,254.2,183.5206,185.5409,513.56026,-12453.88907
2025-04-12 02:37:09,META,BUY,213.7,474.6077,480.7663,1316.09282,-11137.79625
2025-04-12 02:38:18,AMZN,SELL,270.2,215.8028,212.9116,-781.20224,-11918.99849
2025-04-12 02:40:43,GOOGL,BUY,197.6,177.6342,180.112,489.61328,-11429.38521
2025-04-12 02:42:18,MSFT,BUY,191.6,456.8748,458.4528,302.3448,-11127.04041
2025-04-12 02:45:20,AMZN,BUY,300.4,172.7305,171.1743,-467.48248,-11594.52289
2025-04-12 02:47:08,META,SELL,21.2,458.9782,456.7545,-47.14244,-11641.66533
2025-04-12 02:48:58,META,BUY,209.9,473.9646,468.5515,-1136.20969,-12777.87502
2025-04-12 02:51:19,TSLA,SELL,11.2,400.7994,396.6984,-45.9312,-12823.80622
2025-04-12 02:53:17,GOOGL,BUY,130.4,169.3013,171.5969,299.34624,-12524.45998
2025-04-12 02:55:22,AMZN,SELL,312.6,216.6034,216.8102,64.64568,-12459.8143
2025-04-12 02:58:30,MSFT,BUY,104.8,385.9546,388.8575,304.22392,-12155.59038
2025-04-12 03:01:35,AAPL,SELL,282.3,216.4084,218.3085,536.39823,-11619.19215
2025-04-12 03:03:57,MSFT,SELL,266.8,391.9642,389.9266,-543.63168,-12162.82383
2025-04-12 03:06:15,TSLA,SELL,189.4,216.3059,213.5394,-523.9751,-12686.79893
2025-04-12 03:07:47,MSFT,SELL,159.7,419.603,420.3019,111.61433,-12575.1846
2025-04-12 03:09:44,META,SELL,141.7,456.7939,453.183,-511.66453,-13086.84913
2025-04-12 03:11:44,META,BUY,188.2,490.0942,484.6434,-1025.84056,-14112.68969
2025-04-12 03:14:36,AAPL,SELL,301.6,194.8857,192.668,-668.85832,-14781.54801
2025-04-12 03:17:21,TSLA,BUY,260.6,397.425,392.1635,-1371.1469,-16152.69491
2025-04-12 03:20:12,TSLA,BUY,74.0,245.0674,242.5536,-186.0212,-16338.71611
2025-04-12 03:23:42,GOOGL,SELL,131.5,181.1481,182.2139,140.1527,-16198.56341
2025-04-12 03:27:01,AAPL,BUY,19.8,244.5909,244.8363,4.85892,-16193.70449
2025-04-12 03:30:21,GOOGL,SELL,327.4,198.0834,200.7428,870.68756,-15323.01693
2025-04-12 03:33:15,NFLX,SELL,115.1,700.2214,692.5973,-877.53391,-16200.55084
2025-04-12 03:36:20,AMZN,SELL,36.2,225.1394,223.2829,-67.2053,-16267.75614
2025-04-12 03:39:01,TSLA,BUY,77.9,325.7717,324.3095,-113.90538,-16381.66152
2025-04-12 03:42:24,AMZN,SELL,304.1,194.293,193.7459,-166.37311,-16548.03463
2025-04-12 03:45:10,NFLX,BUY,136.1,596.0495,599.6153,485.30538,-16062.72925
2025-04-12 03:47:10,META,BUY,111.8,538.0987,543.5931,614.27392,-15448.45533
2025-04-12 03:49:34,TSLA,SELL,316.1,145.8359,146.9637,356.49758,-15091.95775
2025-04-12 03:51:55,TSLA,BUY,26.7,201.4413,203.2529,48.36972,-15043.58803
2025-04-12 03:54:29,NFLX,BUY,84.5,597.1966,589.4543,-654.22435,-15697.81238
2025-04-12 03:57:31,AAPL,SELL,151.0,202.6802,200.2109,-372.8643,-16070.67668
2025-04-12 03:59:45,GOOGL,BUY,208.8,173.6282,172.1134,-316.29024,-16386.96692
2025-04-12 04:01:54,GOOGL,SELL,96.2,161.3771,160.7738,-58.03746,-16445.00438
2025-04-12 04:04:59,NFLX,BUY,166.3,596.4986,605.2226,1450.8012,-14994.20318
2025-04-12 04:06:35,NFLX,SELL,32.6,590.1067,597.7824,250.22782,-14743.97536
2025-04-12 04:09:27,META,SELL,79.1,565.0291,563.4123,-127.88888,-14871.86424
2025-04-12 04:11:39,META,BUY,116.2,507.1553,502.5119,-539.56308,-15411.42732
2025-04-12 04:14:26,GOOGL,SELL,134.1,178.5508,180.9872,326.72124,-15084.70608
2025-04-12 04:16:55,TSLA,BUY,244.5,390.8068,396.5965,1415.58165,-13669.12443
2025-04-12 04:20:13,GOOGL,BUY,199.5,179.4121,180.1785,152.8968,-13516.22763
2025-04-12 04:22:03,TSLA,SELL,70.4,258.6689,256.666,-141.00416,-13657.23179
2025-04-12 04:25:17,MSFT,SELL,144.7,395.6043,401.5181,855.72686,-12801.50493
2025-04-12 04:27:20,TSLA,BUY,116.1,364.0116,368.6152,534.47796,-12267.02697
2025-04-12 04:30:27,MSFT,SELL,209.8,459.1852,460.8012,339.0368,-11927.99017
2025-04-12 04:32:20,AMZN,BUY,219.6,195.7796,198.2373,539.71092,-11388.27925
2025-04-12 04:35:20,MSFT,BUY,87.2,442.5606,436.5427,-524.76088,-11913.04013
2025-04-12 04:37:13,TSLA,BUY,27.5,207.4684,210.528,84.139,-11828.90113
2025-04-12 04:40:01,NVDA,BUY,336.7,832.4041,823.3717,-3041.20908,-14870.11021
2025-04-12 04:42:34,AAPL,BUY,237.1,235.8669,232.3932,-823.61427,-15693.72448
2025-04-12 04:44:46,NFLX,BUY,24.9,625.4186,632.8617,185.33319,-15508.39129
2025-04-12 04:48:14,GOOGL,SELL,219.7,179.1826,180.2025,224.07203,-15284.31926
2025-04-12 04:50:09,NVDA,BUY,89.8,463.6865,460.6866,-269.39102,-15553.71028
2025-04-12 04:53:05,MSFT,BUY,220.8,436.9871,436.1021,-195.408,-15749.11828
2025-04-12 04:56:14,MSFT,BUY,147.9,415.9847,421.4661,810.69906,-14938.41922
2025-04-12 04:59:16,TSLA,SELL,170.0,251.1653,249.6488,-257.805,-15196.22422
2025-04-12 05:02:44,GOOGL,BUY,120.6,161.9532,163.399,174.36348,-15021.86074
2025-04-12 05:04:54,MSFT,SELL,256.1,393.6402,391.1327,-642.17075,-15664.03149
2025-04-12 05:06:28,GOOGL,SELL,228.6,191.7022,188.9331,-633.01626,-16297.04775
2025-04-12 05:08:53,GOOGL,SELL,150.0,182.1093,181.7161,-58.98,-16356.02775
2025-04-12 05:11:10,TSLA,SELL,70.9,359.0251,361.2502,157.75959,-16198.26816
2025-04-12 05:12:22,NFLX,SELL,331.3,703.749,709.987,2066.6494,-14131.61876
2025-04-12 05:13:06,AMZN,SELL,185.3,183.7427,182.1379,-297.36944,-14428.9882
2025-04-12 05:13:59,GOOGL,SELL,31.7,188.8461,189.4022,17.62837,-14411.35983
2025-04-12 05:15:17,META,BUY,304.0,511.6541,508.7927,-869.8656,-15281.22543
2025-04-12 05:16:35,NVDA,BUY,155.6,858.7913,865.8783,1102.7372,-14178.48823
2025-04-12 05:17:28,MSFT,BUY,50.1,443.4342,441.8512,-79.3083,-14257.79653
2025-04-12 05:18:18,AAPL,BUY,326.8,192.4735,191.2512,-399.44764,-14657.24417
2025-04-12 05:19:12,AMZN,BUY,246.2,182.0346,181.6902,-84.79128,-14742.03545
2025-04-12 05:20:02,MSFT,BUY,247.6,448.7049,455.0608,1573.72084,-13168.31461
2025-04-12 05:21:01,GOOGL,SELL,251.7,168.2384,167.4359,-201.98925,-13370.30386
2025-04-12 05:22:13,GOOGL,BUY,186.6,188.5718,190.1238,289.6032,-13080.70066
2025-04-12 05:23:01,NVDA,SELL,193.6,707.4244,703.8129,-699.1864,-13779.88706
2025-04-12 05:23:59,AAPL,SELL,31.6,204.9126,204.2021,-22.4518,-13802.33886
2025-04-12 05:24:51,AMZN,SELL,340.5,183.3886,183.9358,186.3216,-13616.01726
2025-04-12 05:25:48,META,BUY,152.8,535.6588,532.8396,-430.77376,-14046.79102
2025-04-12 05:26:56,AMZN,SELL,219.2,183.9848,181.2455,-600.45456,-14647.24558
2025-04-12 05:28:04,MSFT,BUY,294.6,408.2518,403.5895,-1373.51358,-16020.75916
2025-04-12 05:28:47,MSFT,SELL,127.9,386.1989,385.2569,-120.4818,-16141.24096
2025-04-12 05:29:47,GOOGL,SELL,234.6,198.1548,197.1474,-236.33604,-16377.577
2025-04-12 05:31:00,META,SELL,347.0,486.6244,484.4647,-749.4159,-17126.9929
2025-04-12 05:31:51,AMZN,SELL,23.0,188.2455,185.4541,-64.2022,-17191.1951
2025-04-12 05:33:04,GOOGL,SELL,105.5,181.7542,183.6944,204.6911,-16986.504
2025-04-12 05:33:47,NFLX,BUY,117.2,629.596,626.8176,-325.62848,-17312.13248
2025-04-12 05:34:36,MSFT,SELL,167.9,448.3872,449.5807,200.38865,-17111.74383
2025-04-12 05:35:34,TSLA,BUY,74.5,358.9722,362.5604,267.3209,-16844.42293
2025-04-12 05:36:40,META,BUY,19.5,506.8376,506.3807,-8.90955,-16853.33248
2025-04-12 05:37:24,GOOGL,BUY,20.7,202.4779,201.9203,-11.54232,-16864.8748
2025-04-12 05:38:43,AMZN,SELL,20.6,185.1537,182.7139,-50.25988,-16915.13468
2025-04-12 05:39:44,TSLA,BUY,306.1,164.5736,165.1103,164.28387,-16750.85081
2025-04-12 05:40:28,NVDA,SELL,289.2,792.5362,795.8166,948.69168,-15802.15913
2025-04-12 05:41:38,GOOGL,SELL,346.6,161.7239,160.6213,-382.16116,-16184.32029
2025-04-12 05:42:53,AMZN,BUY,114.6,183.4896,180.8098,-307.10508,-16491.42537
2025-04-12 05:43:35,GOOGL,BUY,264.4,173.4719,174.8774,371.6142,-16119.81117
2025-04-12 05:44:46,AMZN,BUY,91.7,199.3784,197.7202,-152.05694,-16271.86811
2025-04-12 05:45:27,NFLX,BUY,5.4,599.7276,608.4103,46.88658,-16224.98153
2025-04-12 05:46:46,AMZN,SELL,339.5,189.9243,191.6418,583.09125,-15641.89028
2025-04-12 05:47:48,MSFT,SELL,305.5,414.5448,415.9193,419.90975,-15221.98053
2025-04-12 05:48:57,NVDA,SELL,163.6,527.6953,526.7457,-155.35456,-15377.33509
2025-04-12 05:49:55,META,SELL,332.3,496.2563,494.2509,-666.39442,-16043.72951
2025-04-12 05:50:54,AAPL,SELL,74.5,229.2586,230.7829,113.56035,-15930.16916
2025-04-12 05:52:06,MSFT,SELL,141.8,442.6222,442.8878,37.66208,-15892.50708
2025-04-12 05:53:18,AMZN,BUY,340.0,210.2766,208.5089,-601.018,-16493.52508
2025-04-12 05:54:25,TSLA,SELL,219.8,336.7126,335.4675,-273.67298,-16767.19806
2025-04-12 05:55:22,MSFT,SELL,298.0,402.2121,398.7103,-1043.5364,-17810.73446
2025-04-12 05:56:30,NVDA,BUY,208.7,643.372,637.2302,-1281.79366,-19092.52812
2025-04-12 05:57:15,NFLX,BUY,166.7,707.0419,712.6492,934.73691,-18157.79121
2025-04-12 05:58:27,MSFT,SELL,289.0,440.3563,445.4603,1475.056,-16682.73521
2025-04-12 06:01:42,NFLX,SELL,325.1,628.9402,637.1208,2659.51306,-14023.22215
2025-04-12 06:03:42,MSFT,SELL,168.4,435.1273,431.4731,-615.36728,-14638.58943
2025-04-12 06:06:09,TSLA,BUY,17.4,372.015,372.832,14.2158,-14624.37363
2025-04-12 06:09:23,META,SELL,251.5,548.1003,554.2322,1542.17285,-13082.20078
2025-04-12 06:12:13,GOOGL,BUY,205.4,176.5736,179.1397,527.07694,-12555.12384
2025-04-12 06:15:13,AMZN,BUY,176.3,206.5571,206.2173,-59.90674,-12615.03058
2025-04-12 06:17:23,NVDA,BUY,18.7,948.9484,952.4875,66.18117,-12548.84941
2025-04-12 06:19:50,NVDA,SELL,27.4,702.7588,699.6542,-85.06604,-12633.91545
2025-04-12 06:22:23,TSLA,SELL,62.8,250.8459,251.803,60.10588,-12573.80957
2025-04-12 06:25:38,NVDA,SELL,75.9,724.5857,723.353,-93.56193,-12667.3715
2025-04-12 06:27:10,MSFT,BUY,240.0,432.5208,433.7363,291.72,-12375.6515
2025-04-12 06:29:03,AAPL,BUY,35.4,215.944,214.8669,-38.12934,-12413.78084
2025-04-12 06:32:25,AAPL,BUY,297.3,231.2321,232.2281,296.1108,-12117.67004
2025-04-12 06:35:35,AAPL,BUY,290.5,222.1113,218.9566,-916.44035,-13034.11039
2025-04-12 06:37:05,META,SELL,21.2,532.6298,538.5911,126.37956,-12907.73083
2025-04-12 06:39:50,MSFT,BUY,196.4,413.033,408.6557,-859.70172,-13767.43255
2025-04-12 06:42:09,NVDA,BUY,233.2,585.4579,591.5971,1431.66144,-12335.77111
2025-04-12 06:44:56,GOOGL,BUY,150.1,158.8198,157.944,-131.45758,-12467.22869
2025-04-12 06:47:07,GOOGL,SELL,70.9,195.8577,198.7753,206.85784,-12260.37085
2025-04-12 06:49:22,GOOGL,BUY,260.2,181.2233,180.9094,-81.67678,-12342.04763
2025-04-12 06:52:30,MSFT,BUY,269.8,384.6339,386.7264,564.5565,-11777.49113
2025-04-12 06:54:56,TSLA,SELL,170.1,187.9566,185.6651,-389.78415,-12167.27528
2025-04-12 06:57:43,NVDA,SELL,180.6,805.1693,801.9722,-577.39626,-12744.67154
2025-04-12 06:59:39,AAPL,BUY,171.8,193.2807,192.1707,-190.698,-12935.36954
2025-04-12 07:01:15,AAPL,BUY,73.5,244.3262,246.8977,189.00525,-12746.36429
2025-04-12 07:03:53,GOOGL,BUY,287.6,168.3578,169.6207,363.21004,-12383.15425
2025-04-12 07:07:02,AAPL,BUY,190.5,201.4053,202.1177,135.7122,-12247.44205
2025-04-12 07:10:23,MSFT,BUY,273.4,434.9656,432.3891,-704.4151,-12951.85715
2025-04-12 07:12:27,NFLX,SELL,106.2,650.582,652.0361,154.42542,-12797.43173
2025-04-12 07:15:54,NVDA,SELL,107.9,826.4471,824.6439,-194.56528,-12991.99701
2025-04-12 07:17:26,AAPL,SELL,177.0,188.1611,186.5728,-281.1291,-13273.12611
2025-04-12 07:20:20,NVDA,BUY,131.3,630.8179,639.2375,1105.49348,-12167.63263
2025-04-12 07:23:20,MSFT,BUY,272.0,433.6201,439.6266,1633.768,-10533.86463
2025-04-12 07:25:16,TSLA,BUY,197.9,297.1658,293.4993,-725.60035,-11259.46498
2025-04-12 07:28:43,AMZN,BUY,299.8,230.2273,227.3988,-847.9843,-12107.44928
2025-04-12 07:31:47,NFLX,BUY,92.7,660.0675,662.579,232.81605,-11874.63323
2025-04-12 07:33:48,META,SELL,137.6,449.303,446.4945,-386.4496,-12261.08283
2025-04-12 07:36:18,AMZN,SELL,261.3,185.4285,183.3276,-548.96517,-12810.048
2025-04-12 07:39:01,NFLX,SELL,323.6,676.1324,681.0152,1580.07408,-11229.97392
2025-04-12 07:41:49,AAPL,SELL,9.5,171.7219,169.1612,-24.32665,-11254.30057
2025-04-12 07:43:39,MSFT,BUY,292.8,426.4438,420.9658,-1603.9584,-12858.25897
2025-04-12 07:45:45,AAPL,BUY,99.3,228.7333,227.3599,-136.37862,-12994.63759
2025-04-12 07:48:16,META,BUY,284.7,527.3679,530.4371,873.80124,-12120.83635
2025-04-12 07:50:22,TSLA,BUY,48.3,304.2982,306.2971,96.54687,-12024.28948
2025-04-12 07:52:43,AMZN,BUY,336.8,228.5662,226.177,-804.68256,-12828.97204
2025-04-12 07:55:34,NFLX,BUY,137.6,659.3234,662.2075,396.85216,-12432.11988
2025-04-12 07:58:48,MSFT,BUY,211.9,426.4569,425.9411,-109.29802,-12541.4179
2025-04-12 08:01:06,META,SELL,53.1,502.4134,496.0522,-337.77972,-12879.19762
2025-04-12 08:03:16,META,BUY,297.9,484.808,479.491,-1583.9343,-14463.13192
2025-04-12 08:05:02,MSFT,BUY,18.7,391.0343,392.0711,19.38816,-14443.74376
2025-04-12 08:08:27,NVDA,SELL,217.9,926.0395,925.7123,-71.29688,-14515.04064
2025-04-12 08:09:59,AAPL,SELL,118.0,227.0098,227.788,91.8276,-14423.21304
2025-04-12 08:12:50,AMZN,SELL,77.9,222.8185,223.5991,60.80874,-14362.4043
2025-04-12 08:15:59,NFLX,BUY,318.2,646.9693,653.7909,2170.63312,-12191.77118
2025-04-12 08:18:24,AMZN,BUY,90.0,221.5951,221.9247,29.664,-12162.10718
2025-04-12 08:21:30,MSFT,SELL,274.9,398.6026,399.4111,222.25665,-11939.85053
2025-04-12 08:23:45,META,SELL,156.3,489.5175,489.3114,-32.21343,-11972.06396
2025-04-12 08:27:03,AMZN,BUY,79.6,184.2926,181.7769,-200.24972,-12172.31368
2025-04-12 08:30:22,NFLX,BUY,254.1,715.9926,706.6177,-2382.16209,-14554.47577
2025-04-12 08:32:18,AMZN,SELL,194.5,221.3867,219.7649,-315.4401,-14869.91587
2025-04-12 08:34:49,MSFT,BUY,265.5,416.3213,413.832,-660.90915,-15530.82502
2025-04-12 08:36:48,AAPL,SELL,257.3,233.3006,231.7328,-403.39494,-15934.21996
2025-04-12 08:39:47,AAPL,SELL,37.0,215.5882,213.3169,-84.0381,-16018.25806
2025-04-12 08:41:50,GOOGL,SELL,26.9,190.6063,189.5588,-28.17775,-16046.43581
2025-04-12 08:45:11,TSLA,SELL,155.2,151.852,151.8317,-3.15056,-16049.58637
2025-04-12 08:46:53,NVDA,BUY,178.2,802.5426,809.8712,1305.95652,-14743.62985
2025-04-12 08:48:30,AAPL,SELL,36.8,240.4678,237.469,-110.35584,-14853.98569
2025-04-12 08:50:08,AMZN,BUY,63.9,200.566,200.7758,13.40622,-14840.57947
2025-04-12 08:51:51,TSLA,SELL,236.6,354.4828,349.6477,-1143.98466,-15984.56413
2025-04-12 08:54:41,NFLX,SELL,161.7,624.7526,621.5789,-513.18729,-16497.75142
2025-04-12 08:56:17,META,BUY,324.0,459.8013,455.6344,-1350.0756,-17847.82702
2025-04-12 08:59:19,AAPL,SELL,261.4,238.8232,236.5248,-600.80176,-18448.62878
2025-04-12 09:00:50,META,BUY,306.6,456.8862,456.9164,9.25932,-18439.36946
2025-04-12 09:03:42,NFLX,BUY,52.6,677.5501,685.996,444.25434,-17995.11512
2025-04-12 09:05:48,AAPL,BUY,40.6,193.1493,193.0357,-4.61216,-17999.72728
2025-04-12 09:07:27,AMZN,SELL,11.6,219.7958,220.2336,5.07848,-17994.6488
2025-04-12 09:10:47,META,SELL,51.8,550.4623,544.528,-307.39674,-18302.04554
2025-04-12 09:12:34,AMZN,BUY,304.8,184.6276,183.6279,-304.70856,-18606.7541
2025-04-12 09:15:19,MSFT,BUY,38.0,437.8452,439.8814,77.3756,-18529.3785
2025-04-12 09:18:13,TSLA,BUY,189.3,179.8911,178.3138,-298.58289,-18827.96139
2025-04-12 09:20:09,NVDA,BUY,334.6,543.2317,543.5091,92.81804,-18735.14335
2025-04-12 09:21:53,NVDA,BUY,120.8,567.9327,569.5974,201.09576,-18534.04759
2025-04-12 09:25:13,META,SELL,271.5,487.3262,485.8602,-398.019,-18932.06659
2025-04-12 09:27:21,GOOGL,SELL,206.4,193.8215,191.9216,-392.13936,-19324.20595
2025-04-12 09:29:46,META,BUY,128.0,479.206,480.4042,153.3696,-19170.83635
2025-04-12 09:32:11,GOOGL,SELL,88.7,175.0454,176.9725,170.93377,-18999.90258
2025-04-12 09:35:05,NFLX,BUY,36.8,669.3266,676.0501,247.4248,-18752.47778
2025-04-12 09:38:03,MSFT,SELL,285.9,454.4403,453.1354,-373.07091,-19125.54869
2025-04-12 09:40:45,AAPL,SELL,90.0,214.3041,213.4666,-75.375,-19200.92369
2025-04-12 09:43:36,TSLA,SELL,168.1,246.4745,243.5555,-490.6839,-19691.60759
2025-04-12 09:45:53,NVDA,BUY,157.3,647.9653,643.8548,-646.58165,-20338.18924
2025-04-12 09:47:57,META,SELL,121.6,526.8033,529.4414,320.79296,-20017.39628
2025-04-12 09:50:38,META,BUY,263.0,538.6059,544.8789,1649.799,-18367.59728
2025-04-12 09:52:27,AMZN,BUY,346.5,218.7923,220.1515,470.9628,-17896.63448
2025-04-12 09:55:00,MSFT,SELL,227.5,385.3784,384.889,-111.3385,-18007.97298
2025-04-12 09:58:29,META,BUY,82.5,532.404,533.1555,61.99875,-17945.97423
2025-04-12 10:00:33,NVDA,SELL,204.3,651.4743,646.5169,-1012.79682,-18958.77105
2025-04-12 10:02:55,AAPL,SELL,200.1,228.474,226.0552,-484.00188,-19442.77293
2025-04-12 10:05:40,NVDA,BUY,33.7,655.4636,664.2404,295.77816,-19146.99477
2025-04-12 10:08:00,NVDA,SELL,176.5,497.0173,493.2128,-671.49425,-19818.48902
2025-04-12 10:09:56,GOOGL,BUY,6.4,169.1142,170.7889,10.71808,-19807.77094
2025-04-12 10:11:38,AMZN,SELL,316.8,220.3346,223.3681,961.0128,-18846.75814
2025-04-12 10:13:10,MSFT,SELL,342.8,436.3143,442.5869,2150.24728,-16696.51086
2025-04-12 10:15:30,NVDA,SELL,68.5,840.3783,838.9166,-100.12645,-16796.63731
2025-04-12 10:18:22,AMZN,BUY,247.4,223.2444,222.4983,-184.58514,-16981.22245
2025-04-12 10:20:36,META,BUY,42.6,550.5097,545.4107,-217.2174,-17198.43985
2025-04-12 10:22:23,AMZN,BUY,32.6,188.5128,190.4723,63.8797,-17134.56015
2025-04-12 10:25:18,AAPL,BUY,137.2,211.4204,212.7049,176.2334,-16958.32675
2025-04-12 10:27:25,GOOGL,BUY,311.7,175.795,175.3293,-145.15869,-17103.48544
2025-04-12 10:29:23,NVDA,SELL,41.2,562.5777,556.0114,-270.53156,-17374.017
2025-04-12 10:31:42,AAPL,BUY,252.9,194.6661,194.09,-145.69569,-17519.71269
2025-04-12 10:34:24,AMZN,BUY,83.1,215.7091,212.9996,-225.15945,-17744.87214
2025-04-12 10:36:28,AMZN,BUY,75.8,196.4211,197.345,70.03162,-17674.84052
2025-04-12 10:39:25,AMZN,BUY,193.2,182.3074,184.0878,343.97328,-17330.86724
2025-04-12 10:42:23,AMZN,BUY,79.7,224.6691,224.6261,-3.4271,-17334.29434
2025-04-12 10:44:02,AMZN,BUY,102.6,177.9144,175.3013,-268.10406,-17602.3984
2025-04-12 10:46:55,AAPL,BUY,319.6,169.2914,167.5725,-549.36044,-18151.75884
2025-04-12 10:48:44,META,SELL,192.8,561.7563,560.1418,-311.2756,-18463.03444
2025-04-12 10:50:18,AAPL,BUY,93.9,194.9154,196.4925,148.08969,-18314.94475
2025-04-12 10:53:42,NFLX,SELL,348.8,667.2937,675.0641,2710.31552,-15604.62923
2025-04-12 10:55:38,NFLX,BUY,38.2,595.7391,604.3958,330.68594,-15273.94329
2025-04-12 10:58:55,AAPL,BUY,32.5,236.5996,235.7632,-27.183,-15301.12629
2025-04-12 11:02:05,GOOGL,BUY,307.5,200.0722,197.7674,-708.726,-16009.85229
2025-04-12 11:05:15,AAPL,SELL,348.7,228.9359,231.1125,758.98042,-15250.87187
2025-04-12 11:07:23,GOOGL,BUY,104.8,168.0807,168.8633,82.01648,-15168.85539
2025-04-12 11:09:08,MSFT,SELL,52.2,445.4789,442.7937,-140.16744,-15309.02283
2025-04-12 11:11:40,AAPL,BUY,106.6,231.9752,231.9116,-6.77976,-15315.80259
2025-04-12 11:14:04,NVDA,BUY,32.5,570.3021,575.2401,160.485,-15155.31759
2025-04-12 11:17:31,GOOGL,SELL,204.3,193.8345,191.6371,-448.92882,-15604.24641
2025-04-12 11:19:37,MSFT,BUY,103.0,440.7002,435.6626,-518.8728,-16123.11921
2025-04-12 11:21:13,AAPL,BUY,233.9,173.4714,173.008,-108.38926,-16231.50847
2025-04-12 11:24:07,MSFT,SELL,285.9,389.1693,389.7282,159.78951,-16071.71896
2025-04-12 11:26:20,MSFT,SELL,5.7,389.4719,394.0687,26.20176,-16045.5172
2025-04-12 11:29:11,NFLX,SELL,327.3,641.3059,647.2455,1944.03108,-14101.48612
2025-04-12 11:31:40,AMZN,SELL,211.3,193.7177,196.5187,591.8513,-13509.63482
2025-04-12 11:33:17,TSLA,SELL,246.8,172.8632,175.4064,627.66176,-12881.97306
2025-04-12 11:35:30,META,SELL,273.5,485.6414,483.6836,-535.4583,-13417.43136
2025-04-12 11:37:37,MSFT,BUY,162.2,411.523,414.2935,449.3751,-12968.05626
2025-04-12 11:39:56,META,BUY,306.5,530.5612,526.7251,-1175.76465,-14143.82091
2025-04-12 11:42:26,TSLA,BUY,230.6,174.4035,176.2819,433.15904,-13710.66187
2025-04-12 11:44:31,AAPL,BUY,150.2,172.8427,175.2057,354.9226,-13355.73927
2025-04-12 11:46:24,AMZN,BUY,273.4,212.8869,212.9632,20.86042,-13334.87885
2025-04-12 11:48:07,TSLA,BUY,25.4,397.2165,397.711,12.5603,-13322.31855
2025-04-12 11:50:11,AAPL,SELL,167.7,178.8596,176.9318,-323.29206,-13645.61061
2025-04-12 11:52:02,NVDA,BUY,54.3,515.8883,510.3168,-302.53245,-13948.14306
2025-04-12 11:53:50,MSFT,BUY,189.9,419.1401,416.4229,-515.99628,-14464.13934
2025-04-12 11:56:20,NFLX,BUY,16.0,649.3606,651.2209,29.7648,-14434.37454
2025-04-12 11:58:24,AAPL,BUY,161.1,226.1549,226.5229,59.2848,-14375.08974
2025-04-12 12:01:36,AAPL,BUY,124.7,197.6593,200.2448,322.41185,-14052.67789
2025-04-12 12:03:09,NFLX,BUY,157.8,616.9631,622.1413,817.11996,-13235.55793
2025-04-12 12:04:57,MSFT,BUY,225.6,465.3845,462.4424,-663.73776,-13899.29569
2025-04-12 12:08:26,NFLX,SELL,266.9,658.4671,649.3987,-2420.35596,-16319.65165
2025-04-12 12:11:03,NVDA,BUY,108.5,504.3616,497.1552,-781.8944,-17101.54605
2025-04-12 12:13:52,AMZN,SELL,119.9,185.887,183.5292,-282.70022,-17384.24627
2025-04-12 12:16:59,MSFT,BUY,161.7,453.9402,452.7144,-198.21186,-17582.45813
2025-04-12 12:20:02,MSFT,BUY,237.6,399.6354,401.3326,403.25472,-17179.20341
2025-04-12 12:23:30,NVDA,BUY,226.7,642.9844,650.9457,1804.82671,-15374.3767
2025-04-12 12:25:03,NVDA,SELL,235.3,723.292,729.2181,1394.41133,-13979.96537
2025-04-12 12:26:45,NVDA,SELL,210.7,578.5072,582.334,806.30676,-13173.65861
2025-04-12 12:28:16,NFLX,SELL,320.7,655.5279,664.5313,2887.39038,-10286.26823
2025-04-12 12:31:26,NFLX,SELL,313.7,686.0716,679.6206,-2023.6787,-12309.94693
2025-04-12 12:32:56,META,SELL,107.8,513.4113,506.4624,-749.09142,-13059.03835
2025-04-12 12:36:20,MSFT,SELL,163.6,382.6217,380.6882,-316.3206,-13375.35895
2025-04-12 12:38:19,GOOGL,SELL,33.6,172.3476,174.3831,68.3928,-13306.96615
2025-04-12 12:40:29,MSFT,SELL,108.1,417.8084,418.5622,81.48578,-13225.48037
2025-04-12 12:43:54,TSLA,BUY,181.6,237.108,238.0684,174.40864,-13051.07173
2025-04-12 12:45:48,GOOGL,SELL,97.9,186.3827,185.8111,-55.95964,-13107.03137
2025-04-12 12:48:16,GOOGL,BUY,8.2,175.3728,177.3533,16.2401,-13090.79127
2025-04-12 12:50:22,MSFT,BUY,6.6,442.0286,439.3961,-17.3745,-13108.16577
2025-04-12 12:51:56,AMZN,BUY,43.2,198.1875,195.9639,-96.05952,-13204.22529
2025-04-12 12:54:08,NFLX,BUY,113.8,710.0024,710.7389,83.8137,-13120.41159
2025-04-12 12:56:14,TSLA,SELL,284.1,194.9548,194.9489,-1.67619,-13122.08778
2025-04-12 12:57:45,MSFT,SELL,81.5,389.6322,392.7051,250.44135,-12871.64643
2025-04-12 12:59:33,NFLX,SELL,297.7,631.3312,639.4927,2429.67855,-10441.96788
2025-04-12 13:01:44,MSFT,SELL,155.1,396.0765,391.7968,-663.78147,-11105.74935
2025-04-12 13:03:37,AAPL,SELL,333.2,191.8807,191.7965,-28.05544,-11133.80479
2025-04-12 13:06:23,MSFT,BUY,66.0,386.8856,391.8487,327.5646,-10806.24019
2025-04-12 13:08:08,NFLX,BUY,136.9,665.5507,673.5343,1092.95484,-9713.28535
2025-04-12 13:10:04,GOOGL,BUY,340.1,182.0456,183.4193,467.19537,-9246.08998
2025-04-12 13:11:49,NVDA,BUY,274.2,699.2549,695.1028,-1138.50582,-10384.5958
2025-04-12 13:15:04,NFLX,BUY,41.7,608.0401,609.5913,64.68504,-10319.91076
2025-04-12 13:17:04,NVDA,BUY,213.4,637.4611,632.2153,-1119.45372,-11439.36448
2025-04-12 13:18:44,TSLA,BUY,153.4,172.3144,173.0796,117.38168,-11321.9828
2025-04-12 13:21:02,MSFT,BUY,252.7,448.4013,446.741,-419.55781,-11741.54061
2025-04-12 13:23:07,GOOGL,BUY,255.8,169.1721,168.2033,-247.81904,-11989.35965
2025-04-12 13:25:51,MSFT,BUY,123.7,389.769,393.2058,425.13216,-11564.22749
2025-04-12 13:29:03,NVDA,BUY,165.6,825.7276,828.8866,523.1304,-11041.09709
2025-04-12 13:32:13,AAPL,SELL,258.2,195.6571,194.4223,-318.82536,-11359.92245
2025-04-12 13:35:30,NVDA,SELL,126.7,455.9944,462.0817,771.26091,-10588.66154
2025-04-12 13:38:26,AAPL,BUY,152.6,210.0112,212.9978,455.75516,-10132.90638
2025-04-12 13:40:49,META,SELL,149.2,458.93,464.3866,814.12472,-9318.78166
2025-04-12 13:42:35,TSLA,BUY,228.6,293.4992,296.3288,646.84656,-8671.9351
2025-04-12 13:45:06,TSLA,SELL,89.8,317.5896,314.3109,-294.42726,-8966.36236
2025-04-12 13:48:02,AAPL,SELL,324.9,196.7949,197.0729,90.3222,-8876.04016
2025-04-12 13:49:35,META,SELL,241.0,520.6471,515.1986,-1313.0885,-10189.12866
2025-04-12 13:51:20,NFLX,BUY,287.5,593.6312,587.1854,-1853.1675,-12042.29616
2025-04-12 13:53:56,AMZN,SELL,57.5,199.5521,198.2714,-73.64025,-12115.93641
2025-04-12 13:56:05,NVDA,BUY,89.5,468.9184,475.0935,552.67145,-11563.26496
2025-04-12 13:59:21,NFLX,BUY,88.9,649.1604,642.3151,-608.54717,-12171.81213
2025-04-12 14:02:20,AAPL,BUY,211.8,177.4502,177.1167,-70.6353,-12242.44743
2025-04-12 14:05:10,META,SELL,251.2,521.3763,528.6408,1824.8424,-10417.60503
2025-04-12 14:06:53,GOOGL,BUY,123.2,195.1466,195.1286,-2.2176,-10419.82263
2025-04-12 14:08:32,NFLX,BUY,235.2,710.1329,716.0755,1397.69952,-9022.12311
2025-04-12 14:10:05,META,SELL,106.0,469.7128,468.6978,-107.59,-9129.71311
2025-04-12 14:12:30,GOOGL,BUY,347.7,188.074,188.0055,-23.81745,-9153.53056
2025-04-12 14:14:40,NFLX,BUY,173.7,721.3551,730.2188,1539.62469,-7613.90587
2025-04-12 14:17:56,NFLX,SELL,94.8,624.0215,632.9593,847.30344,-6766.60243
2025-04-12 14:20:22,AMZN,SELL,281.7,176.8909,175.7164,-330.85665,-7097.45908
2025-04-12 14:22:28,NFLX,BUY,147.6,580.7636,572.1534,-1270.86552,-8368.3246
2025-04-12 14:24:14,META,SELL,301.3,493.6451,499.9955,1913.37552,-6454.94908
2025-04-12 14:26:02,TSLA,SELL,66.9,341.5234,343.6849,144.60435,-6310.34473
2025-04-12 14:29:32,NVDA,SELL,206.6,790.8641,793.5662,558.25386,-5752.09087
2025-04-12 14:31:29,AMZN,SELL,304.7,228.526,227.1628,-415.36704,-6167.45791
2025-04-12 14:34:23,NFLX,BUY,106.0,608.9428,614.1935,556.5742,-5610.88371
2025-04-12 14:36:56,GOOGL,BUY,301.0,164.6383,164.9704,99.9621,-5510.92161
2025-04-12 14:38:43,NFLX,BUY,231.1,705.7831,701.3643,-1021.18468,-6532.10629
2025-04-12 14:41:11,TSLA,BUY,196.6,205.4888,204.2103,-251.3531,-6783.45939
2025-04-12 14:44:28,MSFT,BUY,308.9,393.7236,395.4376,529.4546,-6254.00479
2025-04-12 14:47:26,TSLA,SELL,256.8,228.1563,227.4732,-175.42008,-6429.42487
2025-04-12 14:48:57,META,BUY,53.5,489.8618,485.7427,-220.37185,-6649.79672
2025-04-12 14:52:17,META,BUY,57.3,452.9654,456.9575,228.74733,-6421.04939
2025-04-12 14:55:32,TSLA,SELL,138.8,276.9655,275.0413,-267.07896,-6688.12835
2025-04-12 14:57:34,NVDA,BUY,136.5,948.6948,953.6952,682.5546,-6005.57375
2025-04-12 15:00:45,MSFT,SELL,34.6,429.3571,432.4493,106.99012,-5898.58363
2025-04-12 15:02:41,META,BUY,312.3,541.2671,548.0441,2116.4571,-3782.12653
2025-04-12 15:06:03,MSFT,BUY,149.7,422.0377,420.3977,-245.508,-4027.63453
2025-04-12 15:08:45,TSLA,BUY,37.3,371.0245,373.9585,109.4382,-3918.19633
2025-04-12 15:11:27,NVDA,SELL,312.0,480.4827,482.6893,688.4592,-3229.73713
2025-04-12 15:12:57,AAPL,BUY,315.4,232.2991,231.2188,-340.72662,-3570.46375
2025-04-12 15:15:58,TSLA,BUY,180.8,206.5124,206.6606,26.79456,-3543.66919
2025-04-12 15:18:49,TSLA,SELL,27.0,217.5216,216.0334,-40.1814,-3583.85059
2025-04-12 15:21:10,META,SELL,118.9,460.0324,456.0795,-469.99981,-4053.8504
2025-04-12 15:23:46,AAPL,SELL,179.5,206.9344,205.8152,-200.8964,-4254.7468
2025-04-12 15:25:41,TSLA,BUY,326.3,179.9962,179.4741,-170.36123,-4425.10803
2025-04-12 15:27:59,AMZN,SELL,36.5,184.0056,182.6933,-47.89895,-4473.00698
2025-04-12 15:31:27,TSLA,BUY,231.7,367.5372,370.7382,741.6717,-3731.33528
2025-04-12 15:33:48,NVDA,SELL,139.3,798.678,799.0603,53.25439,-3678.08089
2025-04-12 15:37:00,META,BUY,290.2,460.3012,461.2856,285.67288,-3392.40801
2025-04-12 15:39:19,GOOGL,SELL,147.8,180.2837,178.6569,-240.44104,-3632.84905
2025-04-12 15:41:49,TSLA,SELL,342.8,362.9421,361.122,-623.93028,-4256.77933
2025-04-12 15:43:45,NFLX,BUY,117.9,614.6279,611.8211,-330.92172,-4587.70105
2025-04-12 15:46:45,MSFT,SELL,345.6,398.292,403.6911,1865.92896,-2721.77209
2025-04-12 15:49:29,MSFT,SELL,273.0,390.497,390.1236,-101.9382,-2823.71029
2025-04-12 15:52:00,NFLX,BUY,286.0,590.9392,587.9299,-860.6598,-3684.37009
2025-04-12 15:55:28,META,SELL,272.8,507.5844,512.3778,1307.63952,-2376.73057
2025-04-12 15:56:58,MSFT,SELL,164.4,394.2719,399.0144,779.667,-1597.06357
2025-04-12 15:59:29,META,SELL,225.1,516.5052,513.6643,-639.48659,-2236.55016
2025-04-12 16:02:42,TSLA,BUY,132.9,226.6992,229.2481,338.74881,-1897.80135
2025-04-12 16:04:50,META,BUY,329.8,562.7777,568.1497,1771.6856,-126.11575
2025-04-12 16:06:20,GOOGL,BUY,225.4,195.0441,197.0474,451.54382,325.42807
2025-04-12 16:09:27,NVDA,BUY,332.8,926.5796,938.2504,3884.04224,4209.47031
2025-04-12 16:11:11,AAPL,SELL,257.7,174.3951,172.4503,-501.17496,3708.29535
2025-04-12 16:14:04,META,BUY,55.5,449.5946,455.0895,304.96695,4013.2623
2025-04-12 16:15:40,MSFT,SELL,105.1,390.8698,388.4683,-252.39765,3760.86465
2025-04-12 16:17:37,TSLA,SELL,345.0,325.4807,327.0646,546.4455,4307.31015
2025-04-12 16:19:19,META,BUY,168.8,525.5291,526.8308,219.72696,4527.03711
2025-04-12 16:21:37,NFLX,SELL,19.0,622.0891,620.3482,-33.0771,4493.96001
2025-04-12 16:24:25,META,BUY,10.5,476.5148,480.5029,41.87505,4535.83506
2025-04-12 16:27:13,NFLX,BUY,237.7,604.4327,597.876,-1558.52759,2977.30747
2025-04-12 16:30:10,NFLX,BUY,335.2,685.6133,688.1667,855.89968,3833.20715
2025-04-12 16:32:03,MSFT,BUY,9.6,426.5968,428.1808,15.2064,3848.41355
2025-04-12 16:33:35,NFLX,SELL,22.3,643.2228,638.2683,-110.48535,3737.9282
2025-04-12 16:35:19,NFLX,SELL,17.8,688.6272,697.8138,163.52148,3901.44968
2025-04-12 16:38:18,AAPL,BUY,318.8,173.7705,174.8592,347.07756,4248.52724
2025-04-12 16:40:41,TSLA,BUY,77.1,279.0514,279.6526,46.35252,4294.87976
2025-04-12 16:42:44,GOOGL,SELL,321.9,185.3685,187.39,650.72085,4945.60061
2025-04-12 16:44:40,NVDA,SELL,35.8,591.1057,590.9638,-5.08002,4940.52059
2025-04-12 16:46:33,AAPL,SELL,36.5,209.9234,209.747,-6.4386,4934.08199
2025-04-12 16:48:35,META,BUY,138.6,553.9699,562.0294,1117.0467,6051.12869
2025-04-12 16:50:41,NVDA,BUY,330.1,450.4592,446.5087,-1304.06005,4747.06864
2025-04-12 16:53:14,MSFT,SELL,190.9,417.5297,415.1545,-453.42568,4293.64296
2025-04-12 16:55:17,MSFT,SELL,18.6,438.39,435.6294,-51.34716,4242.2958
2025-04-12 16:56:51,MSFT,BUY,135.1,422.5959,424.7073,285.25014,4527.54594
2025-04-12 16:58:23,NFLX,BUY,121.6,660.6692,661.8481,143.35424,4670.90018
2025-04-12 17:00:19,MSFT,SELL,308.3,444.3007,447.3615,943.64464,5614.54482
2025-04-12 17:03:18,NVDA,BUY,231.1,614.3787,612.9191,-337.31356,5277.23126
2025-04-12 17:05:15,META,BUY,208.3,540.7661,544.3738,751.48391,6028.71517
2025-04-12 17:07:52,NVDA,BUY,255.9,727.4446,727.9038,117.50928,6146.22445
2025-04-12 17:11:05,AMZN,BUY,333.4,177.0029,176.1316,-290.49142,5855.73303
2025-04-12 17:12:43,NFLX,BUY,260.2,657.9423,649.0714,-2308.20818,3547.52485
2025-04-12 17:14:19,AMZN,BUY,140.9,207.967,209.6535,237.62785,3785.1527
2025-04-12 17:16:57,TSLA,BUY,224.1,186.1532,184.1266,-454.16106,3330.99164
2025-04-12 17:19:33,AAPL,SELL,313.5,234.0283,235.9928,615.87075,3946.86239
2025-04-12 17:21:35,GOOGL,BUY,81.0,189.3508,191.6875,189.2727,4136.13509
2025-04-12 17:24:51,AAPL,BUY,260.9,233.4662,234.6873,318.58499,4454.72008
2025-04-12 17:26:22,META,SELL,218.5,541.2958,542.9954,371.3626,4826.08268
2025-04-12 17:28:29,MSFT,BUY,150.7,432.8797,428.2037,-704.6732,4121.40948
2025-04-12 17:30:28,GOOGL,SELL,14.9,187.3513,186.5418,-12.06155,4109.34793
2025-04-12 17:33:31,AAPL,SELL,175.9,219.9954,217.3442,-466.34608,3643.00185
2025-04-12 17:35:51,MSFT,BUY,192.9,416.1158,412.8225,-635.27757,3007.72428
2025-04-12 17:39:16,NFLX,BUY,60.7,586.4984,591.4658,301.52118,3309.24546
2025-04-12 17:42:44,META,BUY,154.1,506.6423,501.8405,-739.95738,2569.28808
2025-04-12 17:45:10,TSLA,BUY,117.1,252.1317,255.8343,433.57446,3002.86254
2025-04-12 17:47:03,TSLA,SELL,283.9,230.2228,230.8011,164.17937,3167.04191
2025-04-12 17:49:45,AAPL,BUY,116.3,188.5339,186.5673,-228.71558,2938.32633
2025-04-12 17:52:32,GOOGL,SELL,69.8,164.3568,164.5986,16.87764,2955.20397
2025-04-12 17:55:13,NFLX,BUY,105.4,634.344,642.74,884.9384,3840.14237
2025-04-12 17:58:21,GOOGL,BUY,118.7,190.0097,191.6098,189.93187,4030.07424
2025-04-12 17:58:46,NVDA,BUY,304.3,934.7579,944.9366,3097.37841,7127.45265
2025-04-12 17:59:05,AAPL,SELL,342.1,185.247,183.1027,-733.56503,6393.88762
2025-04-12 17:59:29,META,BUY,213.2,451.1669,444.4584,-1430.2522,4963.63542
2025-04-12 17:59:45,AMZN,BUY,293.2,196.7348,196.4232,-91.36112,4872.2743
2025-04-12 18:00:08,NFLX,SELL,208.4,713.9138,719.7809,1222.70364,6094.97794
2025-04-12 18:00:16,AAPL,BUY,223.6,216.0583,213.7892,-507.37076,5587.60718
2025-04-12 18:00:26,META,BUY,233.2,508.2681,500.9941,-1696.2968,3891.31038
2025-04-12 18:00:53,NFLX,BUY,298.6,726.7285,719.3606,-2200.05494,1691.25544
2025-04-12 18:01:14,NVDA,BUY,274.9,770.0132,759.4297,-2909.40415,-1218.14871
2025-04-12 18:01:37,NVDA,BUY,276.0,920.5085,929.1351,2380.9416,1162.79289
2025-04-12 18:01:57,META,BUY,331.1,480.4051,476.6467,-1244.40624,-81.61335
2025-04-12 18:02:28,AMZN,BUY,310.0,208.1962,207.1134,-335.668,-417.28135
2025-04-12 18:02:58,AAPL,SELL,145.8,203.3678,202.5593,-117.8793,-535.16065
2025-04-12 18:03:30,GOOGL,SELL,316.6,152.9999,152.4511,-173.75008,-708.91073
2025-04-12 18:04:03,NVDA,SELL,255.0,772.875,767.1801,-1452.1995,-2161.11023
2025-04-12 18:05:00,META,SELL,233.6,553.4232,561.3125,1842.94048,-318.16975
2025-04-12 18:06:06,NFLX,BUY,198.7,677.4146,683.238,1157.10958,838.93983
2025-04-12 18:07:00,NFLX,SELL,292.1,663.931,670.9954,2063.51124,2902.45107
2025-04-12 18:07:53,META,SELL,233.7,537.6011,530.0096,-1774.13355,1128.31752
2025-04-12 18:09:02,GOOGL,SELL,180.2,178.1948,175.5463,-477.2597,651.05782
2025-04-12 18:10:20,AMZN,BUY,198.5,187.5672,189.2788,339.7526,990.81042
2025-04-12 18:11:16,AMZN,BUY,348.9,219.5028,221.0095,525.68763,1516.49805
2025-04-12 18:12:17,TSLA,SELL,129.6,155.2519,156.6478,180.90864,1697.40669
2025-04-12 18:12:59,MSFT,SELL,288.8,407.8577,403.761,-1183.12696,514.27973
2025-04-12 18:13:42,GOOGL,BUY,200.7,174.9412,176.2978,272.26962,786.54935
2025-04-12 18:14:51,GOOGL,BUY,53.9,191.9987,191.9412,-3.09925,783.4501
2025-04-12 18:16:08,NFLX,SELL,6.7,675.4346,684.948,63.73978,847.18988
2025-04-12 18:17:23,TSLA,BUY,347.5,251.9411,250.6946,-433.15875,414.03113
2025-04-12 18:18:10,NFLX,BUY,123.5,672.0687,668.0342,-498.26075,-84.22962
2025-04-12 18:19:01,AAPL,SELL,27.3,178.0852,176.6266,-39.81978,-124.0494
2025-04-12 18:20:10,AMZN,BUY,119.1,220.3661,222.5638,261.74607,137.69667
2025-04-12 18:20:55,AAPL,BUY,203.8,172.9969,173.8108,165.87282,303.56949
2025-04-12 18:21:52,MSFT,SELL,154.8,415.5479,411.172,-677.38932,-373.81983
2025-04-12 18:22:56,MSFT,SELL,130.4,382.7822,377.6274,-672.18592,-1046.00575
2025-04-12 18:23:50,NVDA,SELL,153.8,623.161,625.6272,379.30156,-666.70419
2025-04-12 18:24:32,AAPL,BUY,234.6,194.4038,191.9449,-576.85794,-1243.56213
2025-04-12 18:25:31,NFLX,SELL,323.7,620.7072,624.4042,1196.7189,-46.84323
2025-04-12 18:26:37,MSFT,SELL,148.4,387.9224,391.9397,596.16732,549.32409
2025-04-12 18:27:29,NVDA,SELL,235.4,583.0378,589.0872,1424.02876,1973.35285
2025-04-12 18:28:39,NFLX,SELL,262.8,686.1155,691.5186,1419.93468,3393.28753
2025-04-12 18:29:46,AMZN,BUY,181.4,179.2213,179.3596,25.08762,3418.37515
2025-04-12 18:30:54,META,BUY,25.4,454.3014,455.9565,42.03954,3460.41469
2025-04-12 18:32:10,NVDA,BUY,323.4,750.8362,758.5867,2506.5117,5966.92639
2025-04-12 18:33:28,NFLX,BUY,25.5,641.437,641.3229,-2.90955,5964.01684
2025-04-12 18:34:29,TSLA,SELL,48.1,332.9816,337.154,200.69244,6164.70928
2025-04-12 18:35:35,GOOGL,BUY,64.8,179.8399,177.6816,-139.85784,6024.85144
2025-04-12 18:36:28,AMZN,BUY,111.5,214.2768,217.2163,327.75425,6352.60569
2025-04-12 18:37:30,AAPL,SELL,132.4,214.281,211.4344,-376.88984,5975.71585
2025-04-12 18:38:25,META,SELL,254.2,492.0585,487.2713,-1216.90624,4758.80961
2025-04-12 18:39:11,NVDA,SELL,133.0,514.0919,511.9607,-283.4496,4475.36001
2025-04-12 18:40:15,GOOGL,BUY,13.4,189.613,188.4344,-15.79324,4459.56677
2025-04-12 18:41:13,AMZN,BUY,249.0,227.3531,227.4986,36.2295,4495.79627
2025-04-12 18:42:12,NVDA,SELL,18.2,883.7331,872.7189,-200.45844,4295.33783
2025-04-12 18:43:02,GOOGL,SELL,115.6,168.3204,169.0401,83.19732,4378.53515
2025-04-12 18:44:08,MSFT,BUY,274.9,462.171,460.6434,-419.93724,3958.59791
2025-04-12 18:45:09,AAPL,SELL,43.5,182.2921,180.4421,-80.475,3878.12291
2025-04-12 18:46:16,MSFT,BUY,58.7,438.8065,443.0203,247.35006,4125.47297
2025-04-12 18:47:02,NVDA,SELL,116.2,727.8453,718.5765,-1077.03456,3048.43841
2025-04-12 18:47:55,GOOGL,SELL,182.3,190.8919,188.8126,-379.05639,2669.38202
2025-04-12 18:49:03,GOOGL,BUY,298.4,175.6594,174.5634,-327.0464,2342.33562
2025-04-12 18:50:22,AAPL,SELL,284.1,234.1905,231.0368,-895.96617,1446.36945
2025-04-12 18:51:13,TSLA,BUY,283.4,345.4193,344.1476,-360.39978,1085.96967
2025-04-12 18:52:08,GOOGL,BUY,24.1,194.7762,193.8776,-21.65626,1064.31341
2025-04-12 18:53:26,NFLX,SELL,87.0,639.0602,637.0779,-172.4601,891.85331
2025-04-12 18:54:09,AMZN,BUY,243.0,207.5919,207.0195,-139.0932,752.76011
2025-04-12 18:55:11,AMZN,BUY,87.8,201.1772,202.5267,118.4861,871.24621
2025-04-12 18:56:18,AAPL,BUY,64.5,175.5405,173.6034,-124.94295,746.30326
2025-04-12 18:57:01,NFLX,BUY,25.7,620.4246,616.345,-104.84572,641.45754
2025-04-12 18:58:15,AMZN,BUY,129.8,188.2313,188.4962,34.38402,675.84156
2025-04-12 18:59:10,MSFT,BUY,241.4,445.2688,448.4778,774.6526,1450.49416
2025-04-12 18:59:54,META,BUY,87.0,527.2952,532.691,469.4346,1919.92876
2025-04-12 19:01:10,AAPL,SELL,212.1,236.6339,238.3254,358.76715,2278.69591
2025-04-12 19:02:19,AMZN,SELL,32.9,199.1564,198.2816,-28.78092,2249.91499
2025-04-12 19:03:05,TSLA,SELL,154.6,379.6845,379.1919,-76.15596,2173.75903
2025-04-12 19:04:02,NFLX,BUY,67.2,686.6964,683.0014,-248.304,1925.45503
2025-04-12 19:05:11,TSLA,SELL,274.5,161.8356,159.9428,-519.5736,1405.88143
2025-04-12 19:05:56,AMZN,SELL,217.8,199.688,199.5239,-35.74098,1370.14045
2025-04-12 19:06:58,NFLX,SELL,161.5,693.0969,695.177,335.93615,1706.0766
2025-04-12 19:08:09,AAPL,BUY,238.1,199.8482,200.9759,268.50537,1974.58197
2025-04-12 19:09:21,META,BUY,127.3,534.0291,529.872,-529.19883,1445.38314
2025-04-12 19:10:07,MSFT,SELL,329.3,434.8225,435.3952,188.59011,1633.97325
2025-04-12 19:11:10,NFLX,SELL,192.8,614.9031,607.4956,-1428.166,205.80725
2025-04-12 19:12:23,GOOGL,SELL,231.1,199.7839,198.0902,-391.41407,-185.60682
2025-04-12 19:13:21,META,BUY,310.6,485.5423,489.7295,1300.54432,1114.9375
2025-04-12 19:14:12,GOOGL,SELL,29.7,165.0431,165.9342,26.46567,1141.40317
2025-04-12 19:15:21,META,BUY,236.5,529.3758,524.2003,-1224.00575,-82.60258
2025-04-12 19:16:24,MSFT,SELL,150.4,424.7275,425.1335,61.0624,-21.54018
2025-04-12 19:17:30,AMZN,SELL,113.1,179.7664,178.4195,-152.33439,-173.87457
2025-04-12 19:18:44,META,SELL,84.8,553.2913,557.9291,393.28544,219.41087
2025-04-12 19:19:25,AMZN,BUY,226.0,207.9423,208.587,145.7022,365.11307
2025-04-12 19:20:30,NVDA,BUY,273.9,829.9526,841.209,3083.12796,3448.24103
2025-04-12 19:21:48,AAPL,BUY,118.8,202.3146,199.6298,-318.95424,3129.28679
2025-04-12 19:22:42,AMZN,BUY,55.1,176.9683,179.2865,127.73282,3257.01961
2025-04-12 19:23:28,AAPL,SELL,101.9,186.7695,186.8455,7.7444,3264.76401
2025-04-12 19:24:15,NVDA,BUY,331.4,499.5698,503.6564,1354.29924,4619.06325
2025-04-12 19:24:58,GOOGL,SELL,256.5,190.5492,190.6968,37.8594,4656.92265
2025-04-12 19:26:11,AMZN,SELL,113.9,219.4364,220.0965,75.18539,4732.10804
2025-04-12 19:26:59,AAPL,SELL,299.5,176.0186,174.8524,-349.2769,4382.83114
2025-04-12 19:28:00,META,SELL,348.2,512.5994,515.1046,872.31064,5255.14178
2025-04-12 19:28:40,META,BUY,241.2,508.0825,510.0921,484.71552,5739.8573
2025-04-12 19:29:40,META,BUY,164.0,452.5491,448.0439,-738.8528,5001.0045
2025-04-12 19:30:43,NFLX,SELL,264.9,699.6552,704.7944,1361.37408,6362.37858
2025-04-12 19:31:29,META,SELL,35.6,519.185,519.2958,3.94448,6366.32306
2025-04-12 19:32:22,TSLA,SELL,245.7,293.448,297.3898,968.50026,7334.82332
2025-04-12 19:33:09,NVDA,BUY,240.7,694.5805,688.0902,-1562.21521,5772.60811
2025-04-12 19:33:59,AAPL,SELL,72.1,188.1415,190.8714,196.82579,5969.4339
2025-04-12 19:34:46,NVDA,BUY,265.2,687.9737,689.5917,429.0936,6398.5275
2025-04-12 19:35:28,AMZN,BUY,212.5,184.9205,185.8778,203.42625,6601.95375
2025-04-12 19:36:26,NFLX,SELL,304.3,647.6436,656.7304,2765.11324,9367.06699
2025-04-12 19:37:44,AAPL,BUY,257.7,208.1111,206.7279,-356.45064,9010.61635
2025-04-12 19:39:02,MSFT,BUY,284.0,454.6558,449.2796,-1526.8408,7483.77555
2025-04-12 19:39:46,MSFT,SELL,222.1,414.2173,418.9166,1043.71453,8527.49008
2025-04-12 19:40:42,GOOGL,SELL,67.9,197.3686,198.5718,81.69728,8609.18736
2025-04-12 19:41:34,META,BUY,85.5,462.0293,462.6115,49.7781,8658.96546
2025-04-12 19:42:52,AMZN,SELL,114.8,192.832,193.1494,36.43752,8695.40298
2025-04-12 19:43:38,NFLX,SELL,88.6,603.3219,595.2263,-717.27016,7978.13282
2025-04-12 19:44:48,META,SELL,233.3,530.0382,528.9036,-264.70218,7713.43064
2025-04-12 19:45:51,GOOGL,BUY,16.1,178.3117,180.5299,35.71302,7749.14366
2025-04-12 19:47:10,MSFT,BUY,331.3,409.9479,407.8402,-698.28101,7050.86265
2025-04-12 19:47:55,META,SELL,76.1,497.945,491.4699,-492.75511,6558.10754
2025-04-12 19:49:14,GOOGL,BUY,170.2,191.5894,189.4977,-356.00734,6202.1002
2025-04-12 19:50:08,AMZN,BUY,50.7,215.515,213.4477,-104.81211,6097.28809
2025-04-12 19:50:58,MSFT,SELL,84.2,379.8823,383.7512,325.76138,6423.04947
2025-04-12 19:51:41,META,BUY,112.9,463.4444,459.7557,-416.45423,6006.59524
2025-04-12 19:52:21,AAPL,BUY,340.3,213.9615,212.6555,-444.4318,5562.16344
2025-04-12 19:53:18,MSFT,BUY,283.9,396.2632,393.642,-744.15868,4818.00476
2025-04-12 19:54:21,TSLA,SELL,235.6,253.5164,250.4047,-733.11652,4084.88824
2025-04-12 19:55:33,META,BUY,99.5,566.3235,564.9053,-141.1109,3943.77734
2025-04-12 19:56:52,AMZN,BUY,27.4,187.8424,188.5189,18.5361,3962.31344
2025-04-12 19:57:44,GOOGL,BUY,51.3,174.9909,176.7276,89.09271,4051.40615
2025-04-12 19:58:44,AAPL,BUY,316.1,207.8306,205.1876,-835.4523,3215.95385
2025-04-12 19:59:28,TSLA,BUY,97.2,225.1748,223.9556,-118.50624,3097.44761
2025-04-12 20:00:44,MSFT,BUY,154.3,433.3469,436.0916,423.50721,3520.95482
2025-04-12 20:01:51,MSFT,BUY,190.4,430.6766,427.2363,-655.03312,2865.9217
2025-04-12 20:02:36,AMZN,BUY,215.0,216.4982,218.1511,355.3735,3221.2952
2025-04-12 20:03:17,NVDA,SELL,301.2,508.9882,511.3352,706.9164,3928.2116
2025-04-12 20:04:15,TSLA,SELL,71.0,259.7866,257.9953,-127.1823,3801.0293
2025-04-12 20:07:28,AMZN,BUY,168.1,234.7985,233.0893,-287.31652,3513.71278
2025-04-12 20:09:11,META,SELL,283.9,549.2402,548.1635,-305.67513,3208.03765
2025-04-12 20:12:24,AMZN,BUY,65.9,192.0131,193.3233,86.34218,3294.37983
2025-04-12 20:15:54,MSFT,SELL,12.5,404.2695,408.1649,48.6925,3343.07233
2025-04-12 20:19:14,NFLX,BUY,223.6,717.4204,725.0085,1696.69916,5039.77149
2025-04-12 20:22:43,NFLX,SELL,90.8,711.5521,719.357,708.68492,5748.45641
2025-04-12 20:25:07,META,SELL,38.2,481.3658,478.8056,-97.79964,5650.65677
2025-04-12 20:28:27,GOOGL,SELL,74.5,169.6266,169.8782,18.7442,5669.40097
2025-04-12 20:30:01,NFLX,SELL,162.1,601.6681,601.8244,25.33623,5694.7372
2025-04-12 20:33:30,AMZN,SELL,337.2,211.7805,211.0009,-262.88112,5431.85608
2025-04-12 20:35:55,GOOGL,SELL,41.7,172.3198,171.8472,-19.70742,5412.14866
2025-04-12 20:38:54,TSLA,SELL,33.3,299.4067,298.8706,-17.85213,5394.29653
2025-04-12 20:40:27,NVDA,SELL,326.7,850.0379,861.5412,3758.12811,9152.42464
2025-04-12 20:42:54,AAPL,SELL,5.0,199.9418,201.3088,6.835,9159.25964
2025-04-12 20:45:07,AAPL,SELL,137.6,231.4815,232.7747,177.94432,9337.20396
2025-04-12 20:48:01,AMZN,SELL,76.6,205.4347,204.104,-101.93162,9235.27234
2025-04-12 20:50:18,META,SELL,324.6,448.939,455.3553,2082.73098,11318.00332
2025-04-12 20:52:29,TSLA,SELL,84.1,338.8054,341.763,248.73416,11566.73748
2025-04-12 20:54:42,AMZN,BUY,315.9,186.7256,187.9128,375.03648,11941.77396
2025-04-12 20:58:07,MSFT,SELL,119.2,388.8066,384.932,-461.85232,11479.92164
2025-04-12 21:00:34,AAPL,SELL,119.0,231.717,234.1117,284.9693,11764.89094
2025-04-12 21:03:54,NVDA,SELL,134.9,890.9301,882.1748,-1181.08997,10583.80097
2025-04-12 21:07:10,AMZN,BUY,91.0,209.5717,211.2101,149.0944,10732.89537
2025-04-12 21:10:02,AMZN,BUY,138.0,211.3876,208.5451,-392.265,10340.63037
2025-04-12 21:12:13,NFLX,BUY,12.5,586.1764,592.1536,74.715,10415.34537
2025-04-12 21:13:53,MSFT,SELL,215.6,420.71,426.6021,1270.33676,11685.68213
2025-04-12 21:15:49,TSLA,SELL,132.3,313.8119,313.8469,4.6305,11690.31263
2025-04-12 21:19:15,GOOGL,SELL,138.6,166.7235,168.6818,271.42038,11961.73301
2025-04-12 21:21:38,MSFT,BUY,79.4,459.6145,463.0252,270.80958,12232.54259
2025-04-12 21:23:46,AMZN,BUY,262.8,209.2821,209.8958,161.28036,12393.82295
2025-04-12 21:26:47,NVDA,BUY,337.2,508.4288,501.8996,-2201.64624,10192.17671
2025-04-12 21:28:42,NVDA,SELL,316.3,664.8565,671.6822,2158.96891,12351.14562
2025-04-12 21:31:09,NVDA,BUY,303.9,895.6433,890.3085,-1621.24572,10729.8999
2025-04-12 21:33:38,GOOGL,SELL,140.4,160.4748,159.2472,-172.35504,10557.54486
2025-04-12 21:36:16,NFLX,BUY,196.2,652.7195,660.586,1543.4073,12100.95216
2025-04-12 21:39:39,GOOGL,SELL,99.1,158.3111,157.7143,-59.14288,12041.80928
2025-04-12 21:41:45,NVDA,SELL,52.7,869.883,875.438,292.7485,12334.55778
2025-04-12 21:44:00,NVDA,SELL,337.0,827.3293,836.4931,3088.2006,15422.75838
2025-04-12 21:47:10,NVDA,SELL,169.0,634.6662,633.1409,-257.7757,15164.98268
2025-04-12 21:48:43,AMZN,BUY,111.3,179.7358,178.9523,-87.20355,15077.77913
2025-04-12 21:51:09,NFLX,BUY,265.3,617.8386,609.9803,-2084.80699,12992.97214
2025-04-12 21:54:17,NVDA,BUY,21.0,472.2048,474.2355,42.6447,13035.61684
2025-04-12 21:57:35,AMZN,BUY,128.2,214.1495,213.331,-104.9317,12930.68514
2025-04-12 22:00:09,MSFT,BUY,335.7,438.7965,439.13,111.95595,13042.64109
2025-04-12 22:02:21,META,SELL,320.3,472.5429,478.9765,2060.68208,15103.32317
2025-04-12 22:05:41,MSFT,SELL,268.1,421.8199,427.0773,1409.50894,16512.83211
2025-04-12 22:09:01,TSLA,SELL,201.9,268.1134,270.9726,577.27248,17090.10459
2025-04-12 22:10:41,AAPL,BUY,129.8,224.1236,225.8278,221.20516,17311.30975
2025-04-12 22:13:04,AAPL,BUY,178.1,205.9142,207.5536,291.97714,17603.28689
2025-04-12 22:15:49,META,SELL,178.3,561.2791,567.791,1161.07177,18764.35866
2025-04-12 22:18:54,GOOGL,SELL,256.9,174.2821,172.0679,-568.82798,18195.53068
2025-04-12 22:21:24,GOOGL,SELL,173.0,188.0703,187.5533,-89.441,18106.08968
2025-04-12 22:22:54,AMZN,SELL,236.6,214.7469,214.1774,-134.7437,17971.34598
2025-04-12 22:26:13,META,BUY,144.4,532.7049,526.8425,-846.53056,17124.81542
2025-04-12 22:28:59,NFLX,BUY,100.3,654.225,656.5571,233.90963,17358.72505
2025-04-12 22:30:50,NVDA,BUY,318.4,455.1067,455.0573,-15.72896,17342.99609
2025-04-12 22:34:09,TSLA,SELL,88.5,226.6329,226.5049,-11.328,17331.66809
2025-04-12 22:36:47,META,BUY,307.1,552.1405,544.972,-2201.44635,15130.22174
2025-04-12 22:39:25,META,SELL,160.6,454.2322,454.0217,-33.8063,15096.41544
2025-04-12 22:41:26,NVDA,BUY,162.0,576.0458,570.3025,-930.4146,14166.00084
2025-04-12 22:44:46,AMZN,BUY,95.5,169.2891,168.4121,-83.7535,14082.24734
2025-04-12 22:46:29,TSLA,BUY,294.2,379.9737,381.6282,486.7539,14569.00124
2025-04-12 22:48:09,META,SELL,176.4,489.9684,495.3639,951.7662,15520.76744
2025-04-12 22:50:17,AAPL,BUY,69.8,177.6865,177.7157,2.03816,15522.8056
2025-04-12 22:52:05,NFLX,SELL,339.8,611.9587,619.3151,2499.70472,18022.51032
2025-04-12 22:55:13,NFLX,BUY,130.8,640.0554,645.3516,692.74296,18715.25328
2025-04-12 22:57:04,AAPL,SELL,307.5,204.9677,203.9093,-325.458,18389.79528
2025-04-12 23:00:17,TSLA,SELL,340.0,320.5377,324.5445,1362.312,19752.10728
2025-04-12 23:02:57,META,SELL,311.0,477.6165,477.8863,83.9078,19836.01508
2025-04-12 23:06:17,AAPL,SELL,330.2,202.4053,202.6363,76.2762,19912.29128
2025-04-12 23:07:59,NVDA,SELL,36.6,713.1218,722.8472,355.94964,20268.24092
2025-04-12 23:11:23,TSLA,BUY,137.9,399.9656,397.0643,-400.08927,19868.15165
2025-04-12 23:13:26,MSFT,BUY,242.8,404.4903,400.3279,-1010.63072,18857.52093
2025-04-12 23:16:48,NFLX,SELL,207.7,684.6565,675.4552,-1911.11001,16946.41092
2025-04-12 23:20:16,AAPL,BUY,167.9,182.9077,181.8892,-171.00615,16775.40477
2025-04-12 23:22:10,AMZN,BUY,33.9,228.0224,225.9472,-70.34928,16705.05549
2025-04-12 23:25:32,NFLX,SELL,26.7,612.268,604.0754,-218.74242,16486.31307
2025-04-12 23:27:30,TSLA,BUY,35.3,164.4684,164.177,-10.28642,16476.02665
2025-04-12 23:30:31,AAPL,BUY,145.5,213.8368,216.3259,362.16405,16838.1907
2025-04-12 23:33:19,AMZN,SELL,263.5,184.6185,184.2428,-98.99695,16739.19375
2025-04-12 23:35:28,NFLX,SELL,340.9,602.0415,603.0956,359.34269,17098.53644
2025-04-12 23:38:14,AAPL,BUY,57.7,190.2774,188.9468,-76.77562,17021.76082
2025-04-12 23:40:37,AMZN,BUY,282.3,219.3074,222.0533,775.16757,17796.92839
2025-04-12 23:42:09,META,BUY,217.5,550.7896,548.8156,-429.345,17367.58339
2025-04-12 23:43:41,TSLA,BUY,281.0,175.8175,174.4992,-370.4423,16997.14109
2025-04-12 23:45:26,META,BUY,223.3,493.3206,496.0883,618.02741,17615.1685
2025-04-12 23:47:59,NFLX,SELL,293.3,603.8135,608.9247,1499.11496,19114.28346
2025-04-12 23:50:41,META,BUY,326.7,454.733,455.728,325.0665,19439.34996
2025-04-12 23:52:22,TSLA,BUY,233.4,240.0436,238.1021,-453.1461,18986.20386
2025-04-12 23:55:13,NFLX,SELL,74.4,602.8532,594.6994,-606.64272,18379.56114
2025-04-12 23:57:01,TSLA,BUY,319.9,395.2416,397.1507,610.72109,18990.28223
2025-04-12 23:59:05,NFLX,SELL,47.1,682.8185,682.0622,-35.62173,18954.6605
2025-04-13 00:01:53,NFLX,BUY,252.4,624.5917,618.713,-1483.78388,17470.87662
2025-04-13 00:03:28,NFLX,BUY,10.5,683.1559,683.484,3.44505,17474.32167
2025-04-13 00:05:46,TSLA,SELL,327.7,293.7542,290.8769,-942.89121,16531.43046
2025-04-13 00:07:39,AMZN,BUY,160.6,195.3523,195.2181,-21.55252,16509.87794
2025-04-13 00:10:51,META,SELL,93.7,457.8625,458.9555,102.4141,16612.29204
2025-04-13 00:12:31,NFLX,SELL,139.2,633.6127,625.8909,-1074.87456,15537.41748
2025-04-13 00:15:21,NFLX,SELL,197.8,689.6113,683.8301,-1143.52136,14393.89612
2025-04-13 00:17:58,GOOGL,SELL,291.2,167.0608,167.6289,165.43072,14559.32684
2025-04-13 00:19:37,NVDA,SELL,228.3,769.0936,758.7678,-2357.38014,12201.9467
2025-04-13 00:23:00,MSFT,BUY,196.8,459.7289,464.8062,999.21264,13201.15934
2025-04-13 00:24:31,AMZN,SELL,264.9,220.255,218.7821,-390.17121,12810.98813
2025-04-13 00:27:56,AAPL,BUY,256.9,189.4466,190.9239,379.51837,13190.5065
2025-04-13 00:31:15,NFLX,BUY,201.5,658.8841,667.7936,1795.26425,14985.77075
2025-04-13 00:33:24,AAPL,BUY,85.5,191.103,193.7232,224.0271,15209.79785
2025-04-13 00:35:50,MSFT,BUY,335.3,419.5267,424.3433,1615.00598,16824.80383
2025-04-13 00:38:12,GOOGL,BUY,231.8,185.6943,184.1404,-360.19402,16464.60981
2025-04-13 00:40:32,GOOGL,BUY,181.1,187.2938,185.922,-248.43298,16216.17683
2025-04-13 00:43:08,META,SELL,312.4,538.0656,532.4038,-1768.74632,14447.43051
2025-04-13 00:45:25,MSFT,BUY,190.1,428.6971,424.3855,-819.63516,13627.79535
2025-04-13 00:46:55,AAPL,BUY,182.4,179.7757,181.9237,391.7952,14019.59055
2025-04-13 00:49:19,AMZN,SELL,175.8,202.7146,202.1643,-96.74274,13922.84781
2025-04-13 00:50:51,META,SELL,101.9,480.2178,476.887,-339.40852,13583.43929
2025-04-13 00:53:02,GOOGL,SELL,224.5,159.7724,158.4833,-289.40295,13294.03634
2025-04-13 00:54:42,GOOGL,SELL,59.7,192.1947,192.7696,34.32153,13328.35787
2025-04-13 00:57:16,GOOGL,SELL,100.4,172.0,171.7799,-22.09804,13306.25983
2025-04-13 01:00:13,AAPL,SELL,152.8,230.0807,233.0387,451.9824,13758.24223
2025-04-13 01:02:24,AAPL,BUY,151.4,232.1649,232.9925,125.29864,13883.54087
2025-04-13 01:04:36,NVDA,SELL,273.6,753.8687,759.9186,1655.25264,15538.79351
2025-04-13 01:07:01,AMZN,BUY,211.6,212.0742,211.6963,-79.96364,15458.82987
2025-04-13 01:09:01,TSLA,BUY,26.1,293.6329,296.4357,73.15308,15531.98295
2025-04-13 01:10:45,META,BUY,259.1,549.946,543.1134,-1770.32666,13761.65629
2025-04-13 01:13:28,GOOGL,BUY,191.8,162.2655,161.1983,-204.68896,13556.96733
2025-04-13 01:16:33,NVDA,SELL,170.5,838.696,841.2172,429.8646,13986.83193
2025-04-13 01:18:55,TSLA,SELL,306.6,254.6948,257.0212,713.27424,14700.10617
2025-04-13 01:20:29,AMZN,BUY,108.5,206.9599,205.0757,-204.4357,14495.67047
2025-04-13 01:21:59,AAPL,SELL,186.8,227.4838,229.494,375.50536,14871.17583
2025-04-13 01:24:20,GOOGL,BUY,99.0,198.1843,197.1515,-102.2472,14768.92863
2025-04-13 01:27:42,TSLA,SELL,155.9,214.0898,214.8288,115.2101,14884.13873
2025-04-13 01:31:01,AMZN,SELL,51.9,213.933,211.6083,-120.65193,14763.4868
2025-04-13 01:33:51,NFLX,BUY,26.7,632.3976,634.7511,62.83845,14826.32525
2025-04-13 01:36:37,MSFT,SELL,324.3,404.3151,407.2127,939.69168,15766.01693
2025-04-13 01:38:26,NFLX,BUY,115.7,612.7676,610.1465,-303.26127,15462.75566
2025-04-13 01:41:49,NVDA,BUY,161.6,885.7291,890.3414,745.34768,16208.10334
2025-04-13 01:42:24,NFLX,BUY,330.1,594.2295,589.9479,-1413.35616,14794.74718
2025-04-13 01:42:43,META,SELL,263.2,523.2136,519.5563,-962.60136,13832.14582
2025-04-13 01:42:51,GOOGL,BUY,199.1,193.4027,195.0347,324.9312,14157.07702
2025-04-13 01:43:17,AAPL,BUY,28.6,200.1122,199.3596,-21.52436,14135.55266
2025-04-13 01:43:43,AMZN,SELL,236.9,177.2346,176.3788,-202.73902,13932.81364
2025-04-13 01:44:04,AMZN,BUY,89.4,211.7623,212.8611,98.23272,14031.04636
2025-04-13 01:44:36,NFLX,SELL,205.9,613.7259,618.8836,1061.97043,15093.01679
2025-04-13 01:44:45,GOOGL,BUY,216.4,172.8491,171.8275,-221.07424,14871.94255
2025-04-13 01:45:13,NVDA,SELL,40.1,561.9439,564.5947,106.29708,14978.23963
2025-04-13 01:45:48,META,BUY,291.4,548.4078,552.1248,1083.1338,16061.37343
2025-04-13 01:46:04,TSLA,SELL,124.3,254.7563,257.5469,346.87158,16408.24501
2025-04-13 01:46:23,GOOGL,SELL,21.5,159.4652,157.317,-46.1863,16362.05871
2025-04-13 01:46:34,NFLX,SELL,95.7,650.1148,652.3491,213.82251,16575.88122
2025-04-13 01:47:03,AAPL,SELL,64.7,211.9849,211.8816,-6.68351,16569.19771
2025-04-13 01:47:22,GOOGL,SELL,257.3,176.6967,177.4821,202.08342,16771.28113
2025-04-13 01:47:45,AMZN,BUY,228.8,199.4239,198.3997,-234.33696,16536.94417
2025-04-13 01:48:07,NVDA,SELL,125.6,529.7973,537.2156,931.73848,17468.68265
2025-04-13 01:48:15,NFLX,SELL,173.3,679.7977,675.7477,-701.865,16766.81765
2025-04-13 01:48:39,AAPL,SELL,318.6,204.1544,204.3437,60.31098,16827.12863
2025-04-13 01:49:07,AAPL,BUY,260.9,207.5874,205.9579,-425.13655,16401.99208
2025-04-13 01:49:35,AMZN,SELL,209.6,177.4047,176.8749,-111.04608,16290.946
2025-04-13 01:49:57,AAPL,SELL,208.5,221.3323,221.2838,-10.11225,16280.83375
2025-04-13 01:50:28,NVDA,SELL,19.4,509.6805,507.2347,-47.44852,16233.38523
2025-04-13 01:50:58,NVDA,SELL,269.5,922.9745,919.4542,-948.72085,15284.66438
2025-04-13 01:51:07,AAPL,SELL,163.7,167.9282,165.5065,-396.43229,14888.23209
2025-04-13 01:51:34,TSLA,BUY,17.2,336.3712,335.7489,-10.70356,14877.52853
2025-04-13 01:51:54,GOOGL,SELL,330.7,175.5491,176.062,169.61603,15047.14456
2025-04-13 01:52:12,NFLX,BUY,42.9,636.0731,639.9589,166.70082,15213.84538
2025-04-13 01:52:45,NFLX,BUY,143.6,674.5078,672.9744,-220.19624,14993.64914
2025-04-13 01:53:00,NFLX,BUY,87.9,679.445,679.1761,-23.63631,14970.01283
2025-04-13 01:53:29,NFLX,SELL,79.0,588.8137,589.4139,47.4158,15017.42863
2025-04-13 01:54:01,AAPL,BUY,41.7,187.0637,186.1961,-36.17892,14981.24971
2025-04-13 01:54:15,TSLA,BUY,61.9,223.4,225.7944,148.21336,15129.46307
2025-04-13 01:54:43,AMZN,BUY,323.4,200.4112,202.5219,682.60038,15812.06345
2025-04-13 01:55:01,GOOGL,SELL,184.5,175.6404,176.6653,189.09405,16001.1575
2025-04-13 01:55:09,NVDA,BUY,237.4,780.4713,790.1688,2302.1865,18303.344
2025-04-13 01:55:24,NFLX,SELL,182.2,695.4096,702.1765,1232.92918,19536.27318
2025-04-13 01:55:59,NFLX,BUY,86.9,711.7275,715.3443,314.29992,19850.5731
2025-04-13 01:56:30,GOOGL,SELL,268.4,187.6915,187.7285,9.9308,19860.5039
2025-04-13 01:56:50,META,BUY,49.3,457.1036,451.9784,-252.67236,19607.83154
2025-04-13 01:57:04,MSFT,BUY,135.3,398.691,394.6132,-551.72634,19056.1052
2025-04-13 01:57:15,GOOGL,BUY,303.5,189.2418,191.0018,534.16,19590.2652
2025-04-13 01:57:35,NFLX,SELL,246.5,712.1793,721.0398,2184.11325,21774.37845
2025-04-13 01:57:48,NFLX,SELL,42.7,616.3276,624.1772,335.17792,22109.55637
2025-04-13 01:57:59,NFLX,BUY,242.1,612.7735,621.3469,2075.62014,24185.17651
2025-04-13 01:58:11,TSLA,BUY,191.3,286.6259,287.8991,243.56316,24428.73967
2025-04-13 01:58:41,NVDA,SELL,190.3,867.7112,875.0084,1388.65716,25817.39683
2025-04-13 01:58:57,GOOGL,BUY,62.2,160.8006,161.6244,51.24036,25868.63719
2025-04-13 01:59:07,AMZN,BUY,43.4,179.853,182.008,93.527,25962.16419
2025-04-13 01:59:29,MSFT,BUY,5.6,465.0518,458.2353,-38.1724,25923.99179
2025-04-13 01:59:52,META,SELL,150.5,493.4875,486.2416,-1090.50795,24833.48384
2025-04-13 02:00:21,GOOGL,SELL,272.5,160.7486,160.9582,57.116,24890.59984
2025-04-13 02:00:41,MSFT,SELL,224.6,375.157,378.9649,855.25434,25745.85418
2025-04-13 02:00:54,AAPL,SELL,185.6,183.0419,181.8445,-222.23744,25523.61674
2025-04-13 02:01:18,META,BUY,20.4,526.2109,527.3839,23.9292,25547.54594
2025-04-13 02:01:52,MSFT,SELL,279.6,450.5926,452.679,583.35744,26130.90338
2025-04-13 02:02:08,META,SELL,252.7,481.0671,474.3851,-1688.5414,24442.36198
2025-04-13 02:05:05,NVDA,BUY,279.6,642.3474,650.2815,2218.37436,26660.73634
2025-04-13 02:07:47,TSLA,SELL,349.3,311.6337,314.5726,1026.55777,27687.29411
2025-04-13 02:10:47,GOOGL,BUY,302.9,163.1765,161.0674,-638.84639,27048.44772
2025-04-13 02:13:28,AAPL,BUY,8.7,191.4747,191.271,-1.77219,27046.67553
2025-04-13 02:15:33,MSFT,BUY,28.1,455.0285,460.7929,161.97964,27208.65517
2025-04-13 02:17:34,META,BUY,53.5,534.245,538.9873,253.71305,27462.36822
2025-04-13 02:19:18,META,BUY,131.6,513.1274,513.282,20.34536,27482.71358
2025-04-13 02:21:23,TSLA,BUY,132.0,369.4772,372.4999,398.9964,27881.70998
2025-04-13 02:23:22,AMZN,BUY,33.5,210.9479,211.7172,25.77155,27907.48153
2025-04-13 02:25:44,NFLX,SELL,121.6,616.7201,616.3504,-44.95552,27862.52601
2025-04-13 02:27:46,META,BUY,47.1,525.6473,528.8961,153.01848,28015.54449
2025-04-13 02:31:08,MSFT,BUY,192.4,411.4499,407.1364,-829.9174,27185.62709
2025-04-13 02:33:02,AAPL,SELL,206.1,191.0553,193.6432,533.36619,27718.99328
2025-04-13 02:35:33,TSLA,BUY,325.5,235.0758,232.2547,-918.26805,26800.72523
2025-04-13 02:37:13,GOOGL,BUY,177.6,156.865,156.1375,-129.204,26671.52123
2025-04-13 02:40:39,TSLA,SELL,118.8,168.162,167.5666,-70.73352,26600.78771
2025-04-13 02:42:59,AMZN,BUY,208.8,228.4601,229.3593,187.75296,26788.54067
2025-04-13 02:44:55,NVDA,SELL,292.3,642.1247,641.2298,-261.57927,26526.9614
2025-04-13 02:47:23,GOOGL,SELL,101.5,201.9827,199.0099,-301.7392,26225.2222
2025-04-13 02:49:32,NFLX,SELL,268.1,672.8958,664.4179,-2272.92499,23952.29721
2025-04-13 02:52:39,NVDA,BUY,205.1,560.6495,555.2176,-1114.08269,22838.21452
2025-04-13 02:55:02,GOOGL,SELL,304.6,206.6433,205.1804,-445.59934,22392.61518
2025-04-13 02:56:46,TSLA,SELL,301.3,284.6189,288.0079,1021.1057,23413.72088
2025-04-13 02:59:31,AMZN,SELL,123.8,215.4052,212.7734,-325.81684,23087.90404
2025-04-13 03:01:03,NFLX,SELL,210.1,605.15,597.0071,-1710.82329,21377.08075
2025-04-13 03:04:21,NFLX,SELL,172.0,690.2456,682.118,-1397.9472,19979.13355
2025-04-13 03:07:04,GOOGL,SELL,105.0,170.0916,169.8343,-27.0165,19952.11705
2025-04-13 03:10:09,NFLX,SELL,62.4,631.597,630.7617,-52.12272,19899.99433
2025-04-13 03:13:06,NVDA,SELL,346.2,708.6728,703.7482,-1704.89652,18195.09781
2025-04-13 03:14:39,NVDA,BUY,125.4,754.0541,754.6971,80.6322,18275.73001
2025-04-13 03:17:02,TSLA,SELL,211.1,252.3327,253.015,144.03353,18419.76354
2025-04-13 03:20:30,META,BUY,16.7,477.4955,478.1811,11.44952,18431.21306
2025-04-13 03:23:38,GOOGL,SELL,134.2,198.8581,198.4944,-48.80854,18382.40452
2025-04-13 03:25:13,NVDA,SELL,262.2,523.1128,518.1496,-1301.35104,17081.05348
2025-04-13 03:28:20,GOOGL,BUY,331.5,190.6929,188.3211,-786.2517,16294.80178
2025-04-13 03:31:27,NVDA,SELL,278.6,506.6833,501.9321,-1323.68432,14971.11746
2025-04-13 03:33:49,MSFT,SELL,241.1,394.405,391.232,-765.0103,14206.10716
2025-04-13 03:36:58,NVDA,BUY,101.6,845.3244,838.4718,-696.22416,13509.883
2025-04-13 03:38:30,META,BUY,135.4,548.3137,555.7477,1006.5636,14516.4466
2025-04-13 03:40:33,NVDA,BUY,190.5,647.9436,644.8534,-588.6831,13927.7635
2025-04-13 03:42:53,NFLX,BUY,179.5,666.0283,657.843,-1469.26135,12458.50215
2025-04-13 03:44:54,GOOGL,BUY,310.6,147.7055,146.6146,-338.83354,12119.66861
2025-04-13 03:47:35,NFLX,SELL,122.5,662.424,667.9858,681.3205,12800.98911
2025-04-13 03:49:18,AAPL,BUY,187.6,179.5975,181.777,408.8742,13209.86331
2025-04-13 03:50:48,NFLX,BUY,347.7,726.2065,724.25,-680.27505,12529.58826
2025-04-13 03:52:34,NFLX,SELL,195.0,682.2723,691.5075,1800.864,14330.45226
2025-04-13 03:55:25,GOOGL,SELL,83.9,157.4957,155.9858,-126.68061,14203.77165
2025-04-13 03:58:10,MSFT,BUY,315.3,398.281,392.7152,-1754.89674,12448.87491
2025-04-13 04:00:59,NFLX,SELL,333.2,707.7897,716.761,2989.23716,15438.11207
2025-04-13 04:04:08,MSFT,SELL,176.5,425.7616,430.6861,869.17425,16307.28632
2025-04-13 04:07:23,AAPL,SELL,200.7,223.1949,225.2409,410.6322,16717.91852
2025-04-13 04:10:35,META,BUY,111.8,521.8197,523.032,135.53514,16853.45366
2025-04-13 04:12:19,META,BUY,192.0,483.0444,486.8156,724.0704,17577.52406
2025-04-13 04:12:43,TSLA,SELL,173.2,147.6278,146.2052,-246.39432,17331.12974
2025-04-13 04:13:01,AAPL,BUY,59.9,242.6761,240.1072,-153.87711,17177.25263
2025-04-13 04:13:31,TSLA,BUY,28.1,326.5971,330.9779,123.10048,17300.35311
2025-04-13 04:13:47,GOOGL,BUY,24.2,184.9223,186.0106,26.33686,17326.68997
2025-04-13 04:14:03,META,SELL,38.7,457.3898,450.7747,-256.00437,17070.6856
2025-04-13 04:14:16,META,SELL,22.5,479.3305,474.5968,-106.50825,16964.17735
2025-04-13 04:14:51,META,BUY,326.5,506.7785,510.3504,1166.22535,18130.4027
2025-04-13 04:15:24,NVDA,BUY,180.2,454.2136,460.5852,1148.16232,19278.56502
2025-04-13 04:15:47,MSFT,BUY,152.1,436.4088,438.2975,287.27127,19565.83629
2025-04-13 04:16:20,AAPL,SELL,58.0,199.5376,202.3979,165.8974,19731.73369
2025-04-13 04:16:32,META,SELL,39.4,457.9748,457.9771,0.09062,19731.82431
2025-04-13 04:17:00,GOOGL,BUY,41.9,153.1557,151.0618,-87.73441,19644.0899
2025-04-13 04:17:21,GOOGL,SELL,50.1,187.7084,185.3073,-120.29511,19523.79479
2025-04-13 04:17:32,MSFT,SELL,56.5,390.5617,387.3612,-180.82825,19342.96654
2025-04-13 04:17:58,GOOGL,BUY,207.0,183.727,185.1267,289.7379,19632.70444
2025-04-13 04:18:22,MSFT,BUY,222.9,403.0453,408.6637,1252.34136,20885.0458
2025-04-13 04:18:41,NFLX,BUY,33.7,595.7579,598.366,87.89297,20972.93877
2025-04-13 04:19:08,MSFT,BUY,291.5,444.7954,444.3503,-129.74665,20843.19212
2025-04-13 04:19:30,AMZN,BUY,284.7,240.52,239.0699,-412.84347,20430.34865
2025-04-13 04:20:04,NVDA,SELL,212.4,526.6811,520.8395,-1240.75584,19189.59281
2025-04-13 04:20:28,NVDA,BUY,320.7,531.8524,539.3172,2393.96136,21583.55417
2025-04-13 04:20:59,GOOGL,BUY,249.4,179.062,179.845,195.2802,21778.83437
2025-04-13 04:21:21,GOOGL,BUY,222.2,194.5228,193.389,-251.93036,21526.90401
2025-04-13 04:21:39,AMZN,SELL,341.2,206.7931,204.7135,-709.55952,20817.34449
2025-04-13 04:21:59,NFLX,SELL,81.9,602.3276,608.6775,520.05681,21337.4013
2025-04-13 04:22:23,TSLA,BUY,268.2,298.6048,299.244,171.43344,21508.83474
2025-04-13 04:22:38,AMZN,BUY,336.5,214.2191,216.5593,787.4773,22296.31204
2025-04-13 04:23:06,TSLA,BUY,27.7,295.9044,291.55,-120.61688,22175.69516
2025-04-13 04:23:36,NFLX,SELL,136.8,608.3779,602.3147,-829.44576,21346.2494
2025-04-13 04:24:08,MSFT,BUY,323.4,411.3707,412.5295,374.75592,21721.00532
2025-04-13 04:24:23,META,BUY,291.4,456.3587,453.1883,-923.85456,20797.15076
2025-04-13 04:24:32,AAPL,SELL,330.8,172.445,171.1089,-441.98188,20355.16888
2025-04-13 04:24:43,GOOGL,BUY,336.2,183.1403,181.8141,-445.86844,19909.30044
2025-04-13 04:25:01,META,BUY,185.0,553.361,555.5877,411.9395,20321.23994
2025-04-13 04:25:13,NVDA,BUY,281.4,928.3234,921.9987,-1779.77058,18541.46936
2025-04-13 04:25:26,MSFT,BUY,228.3,437.4271,443.5007,1386.60288,19928.07224
2025-04-13 04:25:44,META,SELL,344.1,544.6245,551.7194,2441.35509,22369.42733
2025-04-13 04:25:59,TSLA,BUY,61.4,192.2081,193.7601,95.2928,22464.72013
2025-04-13 04:26:16,GOOGL,BUY,199.2,181.0778,179.1398,-386.0496,22078.67053
2025-04-13 04:26:42,TSLA,BUY,145.3,258.6116,261.2683,386.01851,22464.68904
2025-04-13 04:27:17,AMZN,SELL,117.1,179.2239,180.5011,149.56012,22614.24916
2025-04-13 04:27:33,TSLA,SELL,143.2,193.932,192.4693,-209.45864,22404.79052
2025-04-13 04:27:56,MSFT,BUY,331.4,434.3253,439.0562,1567.82026,23972.61078
2025-04-13 04:28:11,NVDA,SELL,143.1,929.6489,934.778,733.97421,24706.58499
2025-04-13 04:28:19,AMZN,SELL,278.0,221.4524,223.8781,674.3446,25380.92959
2025-04-13 04:28:49,NFLX,BUY,81.7,644.4261,645.5462,91.51217,25472.44176
2025-04-13 04:29:11,NVDA,BUY,11.8,864.6648,857.4357,-85.30338,25387.13838
2025-04-13 04:29:34,NVDA,SELL,294.2,618.17,620.5636,704.19712,26091.3355
2025-04-13 04:29:48,TSLA,BUY,106.1,394.3919,390.5905,-403.32854,25688.00696
2025-04-13 04:30:11,AMZN,BUY,70.9,210.9193,211.1644,17.37759,25705.38455
2025-04-13 04:30:45,GOOGL,BUY,142.9,157.6618,159.6287,281.07001,25986.45456
2025-04-13 04:30:57,NVDA,BUY,173.2,614.8293,620.7105,1018.62384,27005.0784
2025-04-13 04:31:07,NFLX,SELL,338.4,626.4542,628.1035,558.12312,27563.20152
2025-04-13 04:31:35,TSLA,SELL,287.1,186.6806,188.8948,635.69682,28198.89834
2025-04-13 04:32:04,AMZN,SELL,285.5,202.6803,200.5903,-596.695,27602.20334
2025-04-13 04:32:39,AAPL,BUY,285.4,195.3553,195.418,17.89458,27620.09792
2025-04-13 04:33:02,AAPL,BUY,316.7,232.6778,235.3717,853.15813,28473.25605
2025-04-13 04:33:21,NVDA,SELL,267.9,748.3211,742.7969,-1479.93318,26993.32287
2025-04-13 04:33:31,GOOGL,BUY,332.5,161.5908,160.9021,-228.99275,26764.33012
2025-04-13 04:33:51,META,BUY,229.1,469.2517,469.4619,48.15682,26812.48694
2025-04-13 04:34:07,META,BUY,296.7,452.4536,451.239,-360.37182,26452.11512
2025-04-13 04:34:17,NFLX,SELL,306.5,610.7677,604.0143,-2069.9171,24382.19802
2025-04-13 04:34:25,GOOGL,SELL,214.5,195.6949,193.0808,-560.72445,23821.47357
2025-04-13 04:34:54,META,SELL,158.7,527.2559,525.9909,-200.7555,23620.71807
2025-04-13 04:35:04,AMZN,BUY,179.3,210.8763,213.4884,468.34953,24089.0676
2025-04-13 04:35:35,TSLA,BUY,269.0,156.1292,158.0799,524.7383,24613.8059
2025-04-13 04:35:56,AAPL,BUY,177.8,216.6212,216.7086,15.53972,24629.34562
2025-04-13 04:36:07,NVDA,BUY,139.8,587.1382,595.484,1166.74284,25796.08846
2025-04-13 04:36:18,META,BUY,189.8,520.8867,520.4668,-79.69702,25716.39144
2025-04-13 04:36:37,AAPL,SELL,20.8,243.8451,246.9978,65.57616,25781.9676
2025-04-13 04:36:56,TSLA,SELL,136.2,228.3513,230.1233,241.3464,26023.314
2025-04-13 04:37:09,TSLA,BUY,173.5,273.5327,270.7105,-489.6517,25533.6623
2025-04-13 04:37:43,TSLA,BUY,71.6,322.1919,318.8508,-239.22276,25294.43954
2025-04-13 04:37:57,NFLX,SELL,82.0,618.1444,617.5159,-51.537,25242.90254
2025-04-13 04:38:28,TSLA,BUY,267.3,158.0433,159.8654,487.04733,25729.94987
2025-04-13 04:38:54,NFLX,BUY,103.0,672.9882,669.8927,-318.8365,25411.11337
2025-04-13 04:39:19,NVDA,SELL,17.2,685.0724,680.2105,-83.62468,25327.48869
2025-04-13 04:39:40,META,SELL,198.6,501.8081,495.3104,-1290.44322,24037.04547
2025-04-13 04:40:12,GOOGL,BUY,214.6,157.0024,156.301,-150.52044,23886.52503
2025-04-13 04:40:31,META,BUY,263.9,564.6647,560.4118,-1122.34031,22764.18472
2025-04-13 04:40:55,TSLA,SELL,125.6,203.2012,200.3505,-358.04792,22406.1368
2025-04-13 04:41:57,META,SELL,270.8,533.0512,528.4765,-1238.82876,21167.30804
2025-04-13 04:43:07,GOOGL,BUY,171.0,157.3345,158.2196,151.3521,21318.66014
2025-04-13 04:44:24,MSFT,SELL,170.8,393.2572,390.6991,-436.92348,20881.73666
2025-04-13 04:45:13,TSLA,BUY,287.2,184.5014,183.8092,-198.79984,20682.93682
2025-04-13 04:46:14,NFLX,BUY,107.0,669.7977,679.7801,1068.1168,21751.05362
2025-04-13 04:46:56,TSLA,BUY,181.0,284.9481,282.699,-407.0871,21343.96652
2025-04-13 04:47:44,AMZN,SELL,74.8,180.5354,178.9894,-115.6408,21228.32572
2025-04-13 04:48:42,NVDA,BUY,82.1,837.3707,826.8065,-867.32082,20361.0049
2025-04-13 04:49:32,AMZN,BUY,340.9,229.6749,229.6178,-19.46539,20341.53951
2025-04-13 04:50:29,AAPL,SELL,98.7,232.843,231.5444,-128.17182,20213.36769
2025-04-13 04:51:33,MSFT,SELL,185.0,432.5441,430.7174,-337.9395,19875.42819
2025-04-13 04:52:37,MSFT,BUY,6.4,402.6917,401.5346,-7.40544,19868.02275
2025-04-13 04:53:25,NVDA,BUY,104.0,516.133,522.2746,638.7264,20506.74915
2025-04-13 04:54:28,META,SELL,32.2,506.83,502.0321,-154.49238,20352.25677
2025-04-13 04:55:31,TSLA,SELL,222.0,165.4629,165.5452,18.2706,20370.52737
2025-04-13 04:56:43,TSLA,SELL,44.6,166.1429,166.3536,9.39722,20379.92459
2025-04-13 04:57:34,NVDA,BUY,271.1,694.7549,695.8663,301.30054,20681.22513
2025-04-13 04:58:45,TSLA,SELL,216.0,346.0705,345.7968,-59.1192,20622.10593
2025-04-13 05:00:00,AMZN,SELL,60.2,193.8928,191.0706,-169.89644,20452.20949
2025-04-13 05:00:56,MSFT,SELL,304.6,424.6188,419.1475,-1666.55798,18785.65151
2025-04-13 05:01:51,GOOGL,BUY,330.3,165.7185,163.4393,-752.81976,18032.83175
2025-04-13 05:02:38,TSLA,BUY,95.9,240.1979,237.4725,-261.36586,17771.46589
2025-04-13 05:03:25,NVDA,SELL,96.0,457.7336,452.0385,-546.7296,17224.73629
2025-04-13 05:04:10,AAPL,BUY,297.2,229.3318,230.9392,477.71928,17702.45557
2025-04-13 05:05:14,MSFT,SELL,195.5,431.5857,430.4102,-229.81025,17472.64532
2025-04-13 05:06:07,AMZN,BUY,265.7,228.6585,225.8682,-741.38271,16731.26261
2025-04-13 05:07:20,AAPL,BUY,199.0,238.0577,241.6244,709.7733,17441.03591
2025-04-13 05:08:06,AMZN,BUY,59.0,226.0269,227.4093,81.5616,17522.59751
2025-04-13 05:09:26,AAPL,SELL,111.9,232.9477,234.1254,131.78463,17654.38214
2025-04-13 05:11:53,TSLA,SELL,349.8,249.9178,246.5272,-1186.03188,16468.35026
2025-04-13 05:14:12,GOOGL,BUY,163.3,166.5518,168.1383,259.07545,16727.42571
2025-04-13 05:16:09,AAPL,BUY,139.5,183.1334,184.5779,201.50775,16928.93346
2025-04-13 05:18:19,GOOGL,BUY,118.2,206.6305,204.4762,-254.63826,16674.2952
2025-04-13 05:20:49,AMZN,BUY,328.4,199.6303,201.7734,703.79404,17378.08924
2025-04-13 05:22:52,AMZN,SELL,90.2,178.7293,181.1023,214.0446,17592.13384
2025-04-13 05:24:35,NVDA,SELL,222.4,828.026,820.2216,-1735.69856,15856.43528
2025-04-13 05:26:43,AAPL,BUY,62.9,228.3128,225.004,-208.12352,15648.31176
2025-04-13 05:29:50,GOOGL,SELL,173.7,172.124,169.777,-407.6739,15240.63786
2025-04-13 05:32:10,NVDA,BUY,14.2,795.5992,784.5294,-157.19116,15083.4467
2025-04-13 05:34:48,META,SELL,17.9,483.1754,479.2017,-71.12923,15012.31747
2025-04-13 05:38:17,AMZN,BUY,333.0,175.4488,175.1373,-103.7295,14908.58797
2025-04-13 05:40:38,GOOGL,SELL,184.0,189.3216,189.798,87.6576,14996.24557
2025-04-13 05:42:42,AMZN,BUY,90.0,205.6109,208.067,221.049,15217.29457
2025-04-13 05:45:55,AAPL,BUY,265.0,244.0332,243.8028,-61.056,15156.23857
2025-04-13 05:48:21,GOOGL,BUY,318.1,181.8062,180.7874,-324.08028,14832.15829
2025-04-13 05:51:07,NVDA,BUY,326.4,862.8993,852.629,-3352.22592,11479.93237
2025-04-13 05:52:46,GOOGL,BUY,292.1,178.642,180.0295,405.28875,11885.22112
2025-04-13 05:54:20,AMZN,BUY,340.2,187.7922,185.4606,-793.21032,11092.0108
2025-04-13 05:56:35,NFLX,SELL,85.5,644.9466,639.6732,-450.8757,10641.1351
2025-04-13 05:59:29,AMZN,SELL,200.8,233.4916,231.1223,-475.75544,10165.37966
2025-04-13 06:01:12,GOOGL,BUY,129.3,189.6541,190.945,166.91337,10332.29303
2025-04-13 06:04:38,TSLA,BUY,221.1,225.5203,223.3561,-478.50462,9853.78841
2025-04-13 06:06:52,NVDA,SELL,216.6,802.5754,813.5846,2384.59272,12238.38113
2025-04-13 06:09:44,GOOGL,BUY,268.4,147.4261,149.0583,438.08248,12676.46361
2025-04-13 06:12:42,MSFT,SELL,57.5,424.13,426.8994,159.2405,12835.70411
2025-04-13 06:16:09,NVDA,SELL,293.3,869.715,873.9224,1234.03042,14069.73453
2025-04-13 06:17:58,GOOGL,SELL,95.0,183.0427,183.9421,85.443,14155.17753
2025-04-13 06:19:38,NVDA,SELL,215.1,740.9574,740.5485,-87.95439,14067.22314
2025-04-13 06:22:04,TSLA,SELL,226.2,141.211,140.6342,-130.47216,13936.75098
2025-04-13 06:24:35,NVDA,SELL,52.0,688.5328,680.7132,-406.6192,13530.13178
2025-04-13 06:26:08,META,BUY,95.7,560.097,557.9293,-207.44889,13322.68289
2025-04-13 06:28:16,META,BUY,328.8,533.5888,525.8343,-2549.6796,10773.00329
2025-04-13 06:31:10,NFLX,SELL,84.6,646.5665,653.2964,569.34954,11342.35283
2025-04-13 06:34:11,NVDA,SELL,191.6,771.2486,761.9718,-1777.43488,9564.91795
2025-04-13 06:36:31,META,BUY,292.6,491.3041,485.7938,-1612.31378,7952.60417
2025-04-13 06:39:24,TSLA,SELL,21.5,160.3733,158.2256,-46.17555,7906.42862
2025-04-13 06:41:04,AAPL,BUY,30.5,173.5366,172.6344,-27.5171,7878.91152
2025-04-13 06:42:43,GOOGL,BUY,221.2,183.3674,184.7261,300.54444,8179.45596
2025-04-13 06:44:23,MSFT,BUY,237.0,435.6857,429.1662,-1545.1215,6634.33446
2025-04-13 06:47:04,MSFT,BUY,220.5,418.1118,422.2788,918.8235,7553.15796
2025-04-13 06:50:11,META,SELL,80.2,476.6712,479.1573,199.38522,7752.54318
2025-04-13 06:51:48,AMZN,SELL,332.3,193.6322,196.4148,924.65798,8677.20116
2025-04-13 06:53:49,META,SELL,29.2,557.0459,560.7999,109.6168,8786.81796
2025-04-13 06:55:36,MSFT,BUY,146.7,439.1111,434.3649,-696.26754,8090.55042
2025-04-13 06:58:42,AAPL,SELL,137.6,227.0242,224.4468,-354.65024,7735.90018
2025-04-13 07:01:33,NVDA,BUY,155.5,520.4928,523.4639,462.00605,8197.90623
2025-04-13 07:03:33,META,BUY,208.9,489.2546,491.0992,385.33694,8583.24317
2025-04-13 07:05:55,GOOGL,SELL,234.9,168.7876,170.2133,334.89693,8918.1401
2025-04-13 07:08:56,NVDA,BUY,315.4,936.34,926.2251,-3190.23946,5727.90064
2025-04-13 07:10:45,META,SELL,206.2,555.0279,550.7053,-891.32012,4836.58052
2025-04-13 07:13:32,NFLX,BUY,317.9,720.397,716.356,-1284.6339,3551.94662
2025-04-13 07:15:55,AMZN,SELL,323.0,183.1901,181.8069,-446.7736,3105.17302
2025-04-13 07:18:45,META,SELL,309.9,504.7312,510.3656,1746.10056,4851.27358
2025-04-13 07:20:24,AMZN,BUY,13.5,186.1515,187.3105,15.6465,4866.92008
2025-04-13 07:23:05,GOOGL,SELL,247.4,159.3296,158.5359,-196.36138,4670.5587
2025-04-13 07:25:51,TSLA,SELL,215.4,327.5081,327.3009,-44.63088,4625.92782
2025-04-13 07:27:42,NFLX,BUY,256.8,681.3003,671.404,-2541.36984,2084.55798
2025-04-13 07:30:01,NVDA,SELL,141.4,525.2605,532.6135,1039.7142,3124.27218
2025-04-13 07:31:33,NVDA,BUY,30.0,550.5814,550.7254,4.32,3128.59218
2025-04-13 07:34:44,TSLA,BUY,173.9,301.7275,302.341,106.68765,3235.27983
2025-04-13 07:37:52,NVDA,SELL,72.5,940.8397,949.2129,607.057,3842.33683
2025-04-13 07:41:08,NFLX,SELL,227.0,697.5267,698.8728,305.5647,4147.90153
2025-04-13 07:42:56,AMZN,SELL,27.2,194.0398,191.626,-65.65536,4082.24617
2025-04-13 07:45:52,NVDA,SELL,56.2,928.2104,928.9819,43.3583,4125.60447
2025-04-13 07:48:07,META,SELL,60.3,545.87,539.3863,-390.96711,3734.63736
2025-04-13 07:50:48,AMZN,BUY,142.3,187.127,184.5613,-365.09911,3369.53825
2025-04-13 07:52:49,TSLA,BUY,92.2,294.6721,291.7206,-272.1283,3097.40995
2025-04-13 07:55:40,MSFT,SELL,18.6,406.2644,409.9131,67.86582,3165.27577
2025-04-13 07:58:10,NVDA,BUY,252.1,530.4789,529.5459,-235.2093,2930.06647
2025-04-13 08:00:25,AMZN,SELL,160.0,185.8929,183.4617,-388.992,2541.07447
2025-04-13 08:01:57,AMZN,BUY,237.3,205.0073,203.4906,-359.91291,2181.16156
2025-04-13 08:04:22,MSFT,SELL,117.6,419.5819,421.2086,191.29992,2372.46148
2025-04-13 08:06:12,NFLX,SELL,11.7,630.9443,634.4353,40.8447,2413.30618
2025-04-13 08:08:28,AAPL,BUY,250.0,200.31,201.924,403.5,2816.80618
2025-04-13 08:10:14,META,BUY,77.4,467.7051,461.3582,-491.25006,2325.55612
2025-04-13 08:11:45,GOOGL,BUY,84.7,159.5392,160.2772,62.5086,2388.06472
2025-04-13 08:14:45,NVDA,SELL,225.7,793.9961,802.9799,2027.64366,4415.70838
2025-04-13 08:16:40,GOOGL,SELL,53.8,178.7715,180.2062,77.18686,4492.89524
2025-04-13 08:19:21,TSLA,BUY,81.3,361.4794,363.7509,184.67295,4677.56819
2025-04-13 08:21:45,META,SELL,76.2,534.5912,526.7207,-599.7321,4077.83609
2025-04-13 08:23:15,AMZN,SELL,330.3,191.6636,190.2418,-469.62054,3608.21555
2025-04-13 08:25:34,AAPL,SELL,104.2,196.9618,198.0595,114.38034,3722.59589
2025-04-13 08:28:44,NFLX,BUY,37.8,593.7554,597.8322,154.10304,3876.69893
2025-04-13 08:31:06,AMZN,BUY,207.3,200.342,200.4365,19.58985,3896.28878
2025-04-13 08:33:13,AAPL,BUY,11.3,199.1077,198.0197,-12.2944,3883.99438
2025-04-13 08:36:01,META,SELL,61.0,460.2177,457.8692,-143.2585,3740.73588
2025-04-13 08:38:13,NFLX,BUY,50.9,674.5067,678.4792,202.20025,3942.93613
2025-04-13 08:41:24,TSLA,SELL,224.4,262.0691,263.2321,260.9772,4203.91333
2025-04-13 08:43:24,NFLX,SELL,298.5,679.3278,688.5934,2765.7816,6969.69493
2025-04-13 08:45:33,GOOGL,SELL,130.6,157.4378,156.0137,-185.98746,6783.70747
2025-04-13 08:48:41,AAPL,BUY,59.9,186.6451,185.691,-57.15059,6726.55688
2025-04-13 08:50:52,NFLX,SELL,66.1,689.2819,690.3606,71.30207,6797.85895
2025-04-13 08:52:27,NVDA,BUY,207.7,943.3845,937.0552,-1314.59561,5483.26334
2025-04-13 08:54:27,TSLA,SELL,180.1,370.3092,374.6517,782.08425,6265.34759
2025-04-13 08:57:27,GOOGL,BUY,280.7,201.0198,200.6083,-115.50805,6149.83954
2025-04-13 09:00:45,AMZN,BUY,118.3,188.3165,190.8999,305.61622,6455.45576
2025-04-13 09:03:43,AMZN,SELL,117.5,207.6093,205.6228,-233.41375,6222.04201
2025-04-13 09:06:54,NFLX,SELL,35.5,635.65,644.8521,326.67455,6548.71656
2025-04-13 09:09:51,NVDA,SELL,82.1,947.0143,955.4659,693.87636,7242.59292
2025-04-13 09:12:51,AMZN,SELL,269.6,206.0417,204.4971,-416.42416,6826.16876
2025-04-13 09:15:48,AAPL,BUY,201.6,238.8524,235.2736,-721.48608,6104.68268
2025-04-13 09:19:12,NFLX,SELL,232.5,715.7726,723.8936,1888.1325,7992.81518
2025-04-13 09:21:03,MSFT,BUY,249.7,444.1647,440.1861,-993.45642,6999.35876
2025-04-13 09:23:49,META,BUY,263.2,446.8827,445.9794,-237.74856,6761.6102
2025-04-13 09:25:35,NVDA,BUY,101.9,793.0789,803.0879,1019.9171,7781.5273
2025-04-13 09:29:00,AAPL,BUY,170.3,221.5436,223.2391,288.74365,8070.27095
2025-04-13 09:32:23,MSFT,SELL,118.3,381.9432,386.5994,550.82846,8621.09941
2025-04-13 09:34:43,TSLA,BUY,238.4,199.1232,201.4047,543.9096,9165.00901
2025-04-13 09:38:05,MSFT,SELL,198.5,431.2707,437.2641,1189.6899,10354.69891
2025-04-13 09:40:53,META,BUY,166.3,510.9922,518.1842,1196.0296,11550.72851
2025-04-13 09:43:52,NVDA,BUY,8.0,797.2831,806.7679,75.8784,11626.60691
2025-04-13 09:45:22,GOOGL,BUY,275.1,175.916,176.5056,162.19896,11788.80587
2025-04-13 09:48:25,AMZN,SELL,226.7,198.6472,199.7437,248.57655,12037.38242
2025-04-13 09:50:27,AMZN,SELL,290.8,186.4033,186.8592,132.57572,12169.95814
2025-04-13 09:53:32,META,BUY,123.5,491.1533,495.1491,493.4813,12663.43944
2025-04-13 09:56:25,NVDA,SELL,139.9,841.9724,832.0992,-1381.26068,11282.17876
2025-04-13 09:59:54,AMZN,BUY,182.8,179.8567,180.6782,150.1702,11432.34896
2025-04-13 10:03:21,NFLX,BUY,130.5,637.8171,646.7362,1163.94255,12596.29151
2025-04-13 10:06:40,NFLX,SELL,236.8,645.6361,640.2703,-1270.62144,11325.67007
2025-04-13 10:08:52,META,BUY,110.8,475.2368,471.2174,-445.34952,10880.32055
2025-04-13 10:10:26,GOOGL,BUY,236.1,154.8279,154.5625,-62.66094,10817.65961
2025-04-13 10:13:39,GOOGL,SELL,71.7,207.4438,208.2953,61.05255,10878.71216
2025-04-13 10:16:33,TSLA,BUY,138.8,279.2544,279.5443,40.23812,10918.95028
2025-04-13 10:18:23,MSFT,BUY,316.9,394.7373,388.9779,-1825.15386,9093.79642
2025-04-13 10:20:45,NFLX,BUY,269.2,709.2743,705.7215,-956.41376,8137.38266
2025-04-13 10:23:48,MSFT,BUY,281.4,389.6874,393.4443,1057.19166,9194.57432
2025-04-13 10:25:58,NVDA,BUY,236.5,679.2949,675.4955,-898.5581,8296.01622
2025-04-13 10:28:10,AAPL,SELL,53.2,217.3589,214.4482,-154.84924,8141.16698
2025-04-13 10:29:56,NVDA,SELL,151.2,696.6107,687.7255,-1343.44224,6797.72474
2025-04-13 10:32:44,NFLX,BUY,160.8,660.8525,657.7731,-495.16752,6302.55722
2025-04-13 10:34:19,MSFT,BUY,91.8,379.0696,374.6748,-403.44264,5899.11458
2025-04-13 10:36:13,META,SELL,167.2,483.5206,480.2437,-547.89768,5351.2169
2025-04-13 10:38:33,AAPL,BUY,324.9,175.6217,175.9574,109.06893,5460.28583
2025-04-13 10:41:19,AAPL,BUY,117.1,202.4652,204.547,243.77878,5704.06461
2025-04-13 10:43:45,META,BUY,56.6,540.9514,535.5775,-304.16274,5399.90187
2025-04-13 10:46:24,NVDA,BUY,90.7,630.8519,634.5419,334.683,5734.58487
2025-04-13 10:47:54,AMZN,SELL,122.3,200.3305,202.2013,228.79884,5963.38371
2025-04-13 10:50:06,TSLA,BUY,177.0,393.4384,387.6149,-1030.7595,4932.62421
2025-04-13 10:53:14,AMZN,BUY,146.4,192.1372,190.0442,-306.4152,4626.20901
2025-04-13 10:55:08,TSLA,SELL,260.9,318.5609,315.4831,-802.99802,3823.21099
2025-04-13 10:57:09,META,SELL,293.1,529.9417,537.6214,2250.92007,6074.13106
2025-04-13 10:59:33,TSLA,BUY,332.4,387.4601,386.8106,-215.8938,5858.23726
2025-04-13 11:02:29,TSLA,SELL,17.8,177.683,179.1396,25.92748,5884.16474
2025-04-13 11:05:21,GOOGL,BUY,18.3,200.4602,198.1017,-43.16055,5841.00419
2025-04-13 11:07:17,NVDA,SELL,155.6,606.5381,598.0435,-1321.75976,4519.24443
2025-04-13 11:09:47,MSFT,BUY,87.0,409.7238,405.9581,-327.6159,4191.62853
2025-04-13 11:12:44,NVDA,BUY,322.4,814.0465,805.6834,-2696.26344,1495.36509
2025-04-13 11:15:54,MSFT,BUY,64.8,379.6109,374.8852,-306.22536,1189.13973
2025-04-13 11:18:17,TSLA,BUY,55.1,375.3873,371.1746,-232.11977,957.01996
2025-04-13 11:20:16,GOOGL,SELL,219.1,192.2975,191.2335,-233.1224,723.89756
2025-04-13 11:22:27,GOOGL,SELL,327.1,198.4257,200.7512,760.67105,1484.56861
2025-04-13 11:24:04,META,BUY,261.2,464.4596,467.1586,704.9788,2189.54741
2025-04-13 11:25:44,MSFT,SELL,316.0,452.4217,453.1466,229.0684,2418.61581
2025-04-13 11:27:47,META,SELL,174.4,487.8391,493.4157,972.55904,3391.17485
2025-04-13 11:29:18,META,BUY,333.0,519.8373,525.8588,2005.1595,5396.33435
2025-04-13 11:31:44,MSFT,SELL,161.3,456.465,455.9314,-86.06968,5310.26467
2025-04-13 11:34:13,AMZN,SELL,95.0,202.2017,204.6654,234.0515,5544.31617
2025-04-13 11:36:39,TSLA,SELL,347.9,248.6586,251.4003,953.83743,6498.1536
2025-04-13 11:38:20,MSFT,SELL,110.7,457.0234,452.2679,-526.43385,5971.71975
2025-04-13 11:40:41,TSLA,BUY,29.6,288.7205,290.3404,47.94904,6019.66879
2025-04-13 11:43:33,META,SELL,122.9,462.4106,455.8469,-806.67873,5212.99006
2025-04-13 11:46:53,GOOGL,BUY,252.4,185.2603,184.6333,-158.2548,5054.73526
2025-04-13 11:49:32,TSLA,BUY,226.2,168.1003,169.8115,387.07344,5441.8087
2025-04-13 11:51:50,AMZN,SELL,165.8,224.0831,221.1528,-485.84374,4955.96496
2025-04-13 11:54:27,NVDA,BUY,348.9,887.8257,894.7766,2425.16901,7381.13397
2025-04-13 11:56:14,NFLX,BUY,278.2,715.7555,723.023,2021.8185,9402.95247
2025-04-13 11:56:24,AAPL,SELL,6.0,205.4283,205.5657,0.8244,9403.77687
2025-04-13 11:56:54,AAPL,SELL,305.9,162.093,161.6086,-148.17796,9255.59891
2025-04-13 11:57:05,NFLX,BUY,40.7,584.7907,584.2177,-23.3211,9232.27781
2025-04-13 11:57:14,GOOGL,SELL,133.7,158.4066,158.6346,30.4836,9262.76141
2025-04-13 11:57:36,META,SELL,106.3,532.1307,534.4952,251.34635,9514.10776
2025-04-13 11:57:46,TSLA,SELL,5.2,403.1927,404.0473,4.44392,9518.55168
2025-04-13 11:58:15,GOOGL,BUY,259.2,197.9016,197.88,-5.59872,9512.95296
2025-04-13 11:58:23,MSFT,BUY,61.4,414.1777,414.9896,49.85066,9562.80362
2025-04-13 11:58:55,NVDA,BUY,237.7,472.3309,465.4153,-1643.83812,7918.9655
2025-04-13 11:59:22,GOOGL,SELL,237.7,197.1284,198.0061,208.62929,8127.59479
2025-04-13 11:59:50,NFLX,BUY,210.3,696.0623,694.439,-341.37999,7786.2148
2025-04-13 12:00:21,GOOGL,SELL,239.0,166.7403,166.1579,-139.1936,7647.0212
2025-04-13 12:00:48,AMZN,BUY,103.1,173.4854,171.3171,-223.55173,7423.46947
2025-04-13 12:01:07,NVDA,SELL,37.1,604.0584,610.4153,235.84099,7659.31046
2025-04-13 12:01:21,NVDA,SELL,269.7,915.5389,928.8133,3580.10568,11239.41614
2025-04-13 12:01:56,GOOGL,SELL,214.7,185.661,187.2393,338.86101,11578.27715
2025-04-13 12:02:16,AAPL,SELL,187.9,227.6836,224.3011,-635.57175,10942.7054
2025-04-13 12:02:34,GOOGL,BUY,130.3,184.8544,182.339,-327.75662,10614.94878
2025-04-13 12:02:51,META,BUY,17.0,482.024,483.2999,21.6903,10636.63908
2025-04-13 12:03:00,NVDA,SELL,158.3,705.5395,709.219,582.46485,11219.10393
2025-04-13 12:03:16,NFLX,BUY,155.7,666.2491,667.7993,241.36614,11460.47007
2025-04-13 12:03:29,AMZN,SELL,42.7,211.52,213.0216,64.11832,11524.58839
2025-04-13 12:03:40,AAPL,BUY,281.2,246.0915,246.225,37.5402,11562.12859
2025-04-13 12:04:15,AAPL,SELL,348.4,193.4032,193.716,108.97952,11671.10811
2025-04-13 12:04:33,NVDA,BUY,204.0,490.9287,488.8221,-429.7464,11241.36171
2025-04-13 12:04:44,NVDA,BUY,244.1,851.9876,855.8429,941.07873,12182.44044
2025-04-13 12:05:19,TSLA,BUY,301.2,373.3838,369.4386,-1188.29424,10994.1462
2025-04-13 12:05:35,MSFT,SELL,120.6,436.2815,431.4945,-577.3122,10416.834
2025-04-13 12:05:53,AMZN,BUY,310.1,217.891,218.0024,34.54514,10451.37914
2025-04-13 12:06:16,AAPL,BUY,240.7,243.2717,243.0563,-51.84678,10399.53236
2025-04-13 12:06:43,AMZN,SELL,65.2,184.6017,181.8599,-178.76536,10220.767
2025-04-13 12:06:58,GOOGL,BUY,279.1,173.0387,172.906,-37.03657,10183.73043
2025-04-13 12:07:11,AAPL,SELL,177.2,198.9608,198.7102,-44.40632,10139.32411
2025-04-13 12:07:36,TSLA,SELL,158.9,241.8685,239.5533,-367.88528,9771.43883
2025-04-13 12:08:10,META,SELL,164.1,522.2949,522.9492,107.37063,9878.80946
2025-04-13 12:10:40,NFLX,SELL,338.4,608.695,613.4153,1597.34952,11476.15898
2025-04-13 12:12:40,AMZN,BUY,348.3,180.5273,181.1251,208.21374,11684.37272
2025-04-13 12:15:42,NVDA,SELL,155.1,954.0057,967.2443,2053.30686,13737.67958
2025-04-13 12:18:41,GOOGL,SELL,245.9,181.0355,178.6676,-582.26661,13155.41297
2025-04-13 12:20:37,AMZN,SELL,101.2,223.101,220.7798,-234.90544,12920.50753
2025-04-13 12:23:14,AMZN,SELL,253.0,201.201,199.6461,-393.3897,12527.11783
2025-04-13 12:26:09,NFLX,SELL,282.1,607.33,605.6827,-464.70333,12062.4145
2025-04-13 12:27:56,MSFT,BUY,330.0,440.2433,434.4599,-1908.522,10153.8925
2025-04-13 12:30:25,TSLA,SELL,85.1,233.8039,232.5138,-109.78751,10044.10499
2025-04-13 12:32:43,TSLA,BUY,323.7,327.8775,327.3809,-160.74942,9883.35557
2025-04-13 12:34:43,NVDA,BUY,320.2,549.6182,554.7037,1628.3771,11511.73267
2025-04-13 12:37:44,GOOGL,BUY,60.9,181.921,182.6618,45.11472,11556.84739
2025-04-13 12:39:52,GOOGL,SELL,220.8,179.6112,177.4836,-469.77408,11087.07331
2025-04-13 12:41:48,TSLA,SELL,316.9,279.2799,276.6492,-833.66883,10253.40448
2025-04-13 12:44:27,TSLA,SELL,302.3,249.7096,248.5613,-347.13109,9906.27339
2025-04-13 12:46:39,META,SELL,249.5,484.8633,483.8888,-243.13775,9663.13564
2025-04-13 12:48:46,AAPL,BUY,53.1,186.1795,184.37,-96.08445,9567.05119
2025-04-13 12:52:16,MSFT,SELL,324.2,408.6397,403.0189,-1822.26336,7744.78783
2025-04-13 12:55:32,AMZN,SELL,190.2,206.0712,204.8976,-223.21872,7521.56911
2025-04-13 12:58:55,MSFT,SELL,58.2,409.9605,404.2539,-332.12412,7189.44499
2025-04-13 13:00:56,AAPL,BUY,317.1,232.2108,232.5973,122.55915,7312.00414
2025-04-13 13:02:37,MSFT,BUY,76.8,445.681,451.2694,429.18912,7741.19326
2025-04-13 13:05:02,META,SELL,170.8,561.5971,567.8763,1072.48736,8813.68062
2025-04-13 13:07:21,MSFT,SELL,273.3,459.4437,462.2338,762.53433,9576.21495
2025-04-13 13:09:14,GOOGL,BUY,56.6,177.8181,179.0044,67.14458,9643.35953
2025-04-13 13:11:48,GOOGL,SELL,156.0,166.1519,167.8026,257.5092,9900.86873
2025-04-13 13:13:28,TSLA,SELL,223.5,186.4309,185.1219,-292.5615,9608.30723
2025-04-13 13:16:42,NFLX,SELL,64.9,611.8369,619.0084,465.43035,10073.73758
2025-04-13 13:19:35,MSFT,SELL,78.5,419.6691,416.5806,-242.44725,9831.29033
2025-04-13 13:22:12,NFLX,SELL,272.7,609.236,617.3057,2200.60719,12031.89752
2025-04-13 13:24:10,MSFT,BUY,12.8,427.7224,433.1474,69.44,12101.33752
2025-04-13 13:27:10,MSFT,SELL,57.6,374.9949,377.5466,146.97792,12248.31544
2025-04-13 13:29:23,NFLX,SELL,81.9,699.1746,703.3772,344.19294,12592.50838
2025-04-13 13:32:07,GOOGL,SELL,40.9,183.1462,182.0098,-46.47876,12546.02962
2025-04-13 13:34:38,AAPL,SELL,305.0,217.5004,216.1007,-426.9085,12119.12112
2025-04-13 13:37:06,NVDA,SELL,123.4,874.8596,887.628,1575.62056,13694.74168
2025-04-13 13:39:53,TSLA,SELL,262.4,389.6474,394.2972,1220.10752,14914.8492
2025-04-13 13:42:18,GOOGL,BUY,220.1,171.6633,172.7534,239.93101,15154.78021
2025-04-13 13:43:57,MSFT,SELL,156.0,420.5596,425.8337,822.7596,15977.53981
2025-04-13 13:45:28,META,BUY,329.3,481.7208,483.3822,547.09902,16524.63883
2025-04-13 13:48:12,AMZN,BUY,210.2,203.2512,204.0816,174.55008,16699.18891
2025-04-13 13:50:08,TSLA,BUY,82.8,183.2162,184.4167,99.4014,16798.59031
2025-04-13 13:52:09,TSLA,BUY,134.7,215.8644,218.242,320.26272,17118.85303
2025-04-13 13:54:48,NVDA,BUY,23.4,625.9473,626.881,21.84858,17140.70161
2025-04-13 13:58:12,AAPL,BUY,76.3,210.3385,212.349,153.40115,17294.10276
2025-04-13 14:00:17,NVDA,SELL,224.4,652.1145,642.7471,-2102.04456,15192.0582
2025-04-13 14:02:44,GOOGL,BUY,131.2,160.9321,162.9888,269.83904,15461.89724
2025-04-13 14:05:09,NFLX,SELL,314.8,681.8517,683.5161,523.95312,15985.85036
2025-04-13 14:07:24,GOOGL,SELL,312.4,176.8979,176.1966,-219.08612,15766.76424
2025-04-13 14:09:35,NVDA,SELL,33.6,513.8964,517.1351,108.82032,15875.58456
2025-04-13 14:11:19,AMZN,SELL,82.4,227.1008,224.2005,-238.98472,15636.59984
2025-04-13 14:13:33,MSFT,SELL,314.4,389.3843,393.5107,1297.34016,16933.94
2025-04-13 14:15:21,TSLA,SELL,272.3,374.6203,374.6273,1.9061,16935.8461
2025-04-13 14:17:00,META,SELL,222.1,453.4718,447.5826,-1307.99132,15627.85478
2025-04-13 14:17:13,AAPL,SELL,56.4,225.3114,223.9315,-77.82636,15550.02842
2025-04-13 14:17:46,NVDA,BUY,168.4,847.7182,851.9096,705.83176,16255.86018
2025-04-13 14:18:06,AMZN,SELL,333.1,177.5336,175.6242,-636.02114,15619.83904
2025-04-13 14:18:20,NFLX,BUY,276.1,603.4241,611.3385,2185.16584,17805.00488
2025-04-13 14:18:51,AMZN,SELL,155.6,173.5738,176.1705,404.04652,18209.0514
2025-04-13 14:19:08,TSLA,SELL,35.5,166.2482,167.7306,52.6252,18261.6766
2025-04-13 14:19:33,TSLA,SELL,206.1,327.1057,327.8091,144.97074,18406.64734
2025-04-13 14:19:42,TSLA,SELL,320.0,377.3241,377.0802,-78.048,18328.59934
2025-04-13 14:19:52,MSFT,BUY,315.5,450.0221,444.4375,-1761.9413,16566.65804
2025-04-13 14:20:02,AAPL,BUY,256.8,230.5471,232.2141,428.0856,16994.74364
2025-04-13 14:20:17,AMZN,SELL,154.2,203.0221,204.1526,174.3231,17169.06674
2025-04-13 14:20:30,GOOGL,SELL,175.3,186.081,183.7765,-403.97885,16765.08789
2025-04-13 14:20:47,MSFT,BUY,309.6,446.4711,448.0683,494.49312,17259.58101
2025-04-13 14:21:17,NVDA,BUY,105.0,953.9582,940.7774,-1383.984,15875.59701
2025-04-13 14:21:52,AMZN,BUY,227.4,177.2495,177.5476,67.78794,15943.38495
2025-04-13 14:22:22,AAPL,SELL,129.4,216.3306,215.0457,-166.26606,15777.11889
2025-04-13 14:22:36,AAPL,BUY,236.4,218.2481,215.9832,-535.42236,15241.69653
2025-04-13 14:22:50,NFLX,SELL,245.2,713.9966,718.8602,1192.55472,16434.25125
2025-04-13 14:23:01,GOOGL,BUY,23.6,156.4666,155.9911,-11.2218,16423.02945
2025-04-13 14:23:18,AAPL,SELL,80.1,180.1379,182.074,155.08161,16578.11106
2025-04-13 14:23:43,AAPL,BUY,285.5,233.6805,230.426,-929.15975,15648.95131
2025-04-13 14:23:51,AAPL,BUY,12.9,215.0505,216.868,23.44575,15672.39706
2025-04-13 14:24:06,AMZN,SELL,313.6,196.1906,193.6987,-781.45984,14890.93722
2025-04-13 14:24:29,META,SELL,161.6,461.7572,464.7433,482.55376,15373.49098
2025-04-13 14:25:01,MSFT,SELL,135.2,434.9555,429.413,-749.346,14624.14498
2025-04-13 14:25:32,NVDA,BUY,233.4,644.8323,651.3177,1513.69236,16137.83734
2025-04-13 14:26:00,AAPL,BUY,113.8,220.6325,222.4141,202.74608,16340.58342
2025-04-13 14:26:30,GOOGL,BUY,202.8,191.3394,192.8301,302.31396,16642.89738
2025-04-13 14:26:50,NVDA,BUY,214.6,662.9947,659.9191,-660.02376,15982.87362
2025-04-13 14:27:10,META,SELL,251.9,524.7232,520.718,-1008.90988,14973.96374
2025-04-13 14:27:42,NVDA,BUY,114.8,800.4404,806.2561,667.64236,15641.6061
2025-04-13 14:28:16,TSLA,BUY,27.7,297.1202,300.3884,90.52914,15732.13524
2025-04-13 14:28:44,TSLA,SELL,280.7,201.2043,203.283,583.49109,16315.62633
2025-04-13 14:29:04,NFLX,SELL,191.9,624.8778,632.033,1373.08288,17688.70921
2025-04-13 14:31:41,NVDA,BUY,175.0,567.5689,573.3705,1015.28,18703.98921
2025-04-13 14:33:29,NFLX,BUY,121.5,683.0103,684.0432,125.49735,18829.48656
2025-04-13 14:35:34,NFLX,SELL,203.8,725.1396,716.7496,-1709.882,17119.60456
2025-04-13 14:37:57,TSLA,BUY,62.0,384.3553,384.5788,13.857,17133.46156
2025-04-13 14:41:03,NVDA,SELL,72.4,694.6515,699.0369,317.50296,17450.96452
2025-04-13 14:44:25,NVDA,BUY,16.2,925.1572,926.0423,14.33862,17465.30314
2025-04-13 14:47:23,NVDA,SELL,280.8,574.8314,573.4706,-382.11264,17083.1905
2025-04-13 14:49:59,META,SELL,140.5,557.0651,553.1503,-550.0294,16533.1611
2025-04-13 14:52:31,AAPL,BUY,63.2,173.4637,172.6582,-50.9076,16482.2535
2025-04-13 14:54:57,GOOGL,SELL,182.1,162.1551,160.9883,-212.47428,16269.77922
2025-04-13 14:56:27,AAPL,BUY,66.5,221.3638,220.4996,-57.4693,16212.30992
2025-04-13 14:58:11,AMZN,BUY,30.1,222.5617,225.1766,78.70849,16291.01841
2025-04-13 15:00:49,META,BUY,134.4,460.2667,456.1,-560.00448,15731.01393
2025-04-13 15:02:30,MSFT,SELL,119.8,440.7016,434.3837,-756.88442,14974.12951
2025-04-13 15:04:43,AMZN,SELL,339.6,231.044,230.3386,-239.55384,14734.57567
2025-04-13 15:07:01,AMZN,BUY,97.1,200.8228,198.3497,-240.13801,14494.43766
2025-04-13 15:08:34,NVDA,SELL,347.2,885.4991,880.5782,-1708.53648,12785.90118
2025-04-13 15:11:52,NFLX,SELL,84.6,683.9787,674.3071,-818.21736,11967.68382
2025-04-13 15:13:22,AAPL,BUY,272.5,200.1343,198.046,-569.06175,11398.62207
2025-04-13 15:15:20,META,SELL,243.2,556.9744,560.0988,759.85408,12158.47615
2025-04-13 15:18:13,GOOGL,BUY,306.8,166.5002,167.29,242.31064,12400.78679
2025-04-13 15:21:43,NFLX,SELL,71.8,581.8327,586.8945,363.43724,12764.22403
2025-04-13 15:23:16,AAPL,SELL,70.2,218.8901,216.3521,-178.1676,12586.05643
2025-04-13 15:26:28,AMZN,BUY,221.8,187.5132,189.2922,394.5822,12980.63863
2025-04-13 15:29:09,AMZN,BUY,243.4,231.823,228.5816,-788.95676,12191.68187
2025-04-13 15:31:01,GOOGL,SELL,307.3,184.8543,185.278,130.20301,12321.88488
2025-04-13 15:32:46,AMZN,BUY,152.6,205.1467,206.6782,233.7069,12555.59178
2025-04-13 15:34:58,AMZN,BUY,264.3,224.1723,227.4069,854.90478,13410.49656
2025-04-13 15:37:28,NFLX,SELL,43.7,595.0168,603.3571,364.47111,13774.96767
2025-04-13 15:40:57,AAPL,SELL,205.1,189.2465,188.1453,-225.85612,13549.11155
2025-04-13 15:44:07,AMZN,SELL,250.5,207.9197,209.8915,493.9359,14043.04745
2025-04-13 15:46:47,NVDA,BUY,182.5,668.7324,676.9467,1499.10975,15542.1572
2025-04-13 15:49:19,AAPL,BUY,40.7,168.4493,170.804,95.83629,15637.99349
2025-04-13 15:52:16,AMZN,SELL,259.5,201.5621,204.2955,709.3173,16347.31079
2025-04-13 15:54:16,TSLA,SELL,102.2,370.5781,368.3739,-225.26924,16122.04155
2025-04-13 15:57:15,AMZN,BUY,297.5,197.7314,200.0509,690.05125,16812.0928
2025-04-13 16:00:27,NVDA,SELL,312.7,808.1307,817.5131,2933.87648,19745.96928
2025-04-13 16:02:22,NVDA,SELL,167.8,525.794,526.3441,92.30678,19838.27606
2025-04-13 16:04:37,META,SELL,52.8,506.2065,499.3466,-362.20272,19476.07334
2025-04-13 16:08:00,NFLX,SELL,250.3,615.8712,615.0646,-201.89198,19274.18136
2025-04-13 16:09:42,AAPL,SELL,293.3,211.7686,214.8473,902.98271,20177.16407
2025-04-13 16:13:02,GOOGL,BUY,210.1,191.2653,191.39,26.19947,20203.36354
2025-04-13 16:14:41,TSLA,SELL,108.7,342.8068,338.8912,-425.62572,19777.73782
2025-04-13 16:17:02,AMZN,SELL,338.9,206.3202,207.2464,313.88918,20091.627
2025-04-13 16:19:46,NVDA,BUY,269.8,820.4686,812.4066,-2175.1276,17916.4994
2025-04-13 16:23:07,GOOGL,BUY,236.3,200.5521,202.4373,445.47276,18361.97216
2025-04-13 16:26:34,NFLX,BUY,198.1,621.2008,629.9688,1736.9408,20098.91296
2025-04-13 16:29:51,GOOGL,SELL,198.4,155.2124,155.0669,-28.8672,20070.04576
2025-04-13 16:31:36,MSFT,SELL,229.2,398.2521,393.3123,-1132.20216,18937.8436
2025-04-13 16:34:44,TSLA,BUY,202.3,340.6635,339.7047,-193.96524,18743.87836
2025-04-13 16:37:28,TSLA,SELL,129.4,315.6162,316.0058,50.41424,18794.2926
2025-04-13 16:40:30,NVDA,BUY,129.5,864.9942,868.7981,492.60505,19286.89765
2025-04-13 16:42:08,META,SELL,270.1,497.0735,504.1582,1913.57747,21200.47512
2025-04-13 16:43:38,TSLA,BUY,8.3,315.2497,317.567,19.23359,21219.70871
2025-04-13 16:46:44,TSLA,SELL,222.9,161.8143,159.6821,-475.26738,20744.44133
2025-04-13 16:49:50,META,SELL,82.6,538.7182,545.8167,586.3361,21330.77743
2025-04-13 16:51:24,GOOGL,BUY,98.6,185.2955,184.0334,-124.44306,21206.33437
2025-04-13 16:53:13,META,SELL,303.5,525.6254,526.2692,195.3933,21401.72767
2025-04-13 16:56:42,MSFT,SELL,97.8,413.1787,415.3255,209.95704,21611.68471
2025-04-13 16:58:55,META,SELL,141.3,491.4216,490.3464,-151.92576,21459.75895
2025-04-13 17:01:51,AMZN,BUY,207.2,211.6438,211.3057,-70.05432,21389.70463
2025-04-13 17:04:24,GOOGL,SELL,18.9,154.7926,156.7404,36.81342,21426.51805
2025-04-13 17:06:33,NFLX,BUY,216.0,690.6455,684.006,-1434.132,19992.38605
2025-04-13 17:08:31,TSLA,BUY,233.8,183.2578,184.5948,312.5906,20304.97665
2025-04-13 17:11:56,AMZN,SELL,8.5,195.4954,193.869,-13.8244,20291.15225
2025-04-13 17:15:22,TSLA,SELL,272.6,332.8661,336.0618,871.14782,21162.30007
2025-04-13 17:16:57,META,BUY,98.8,482.6735,484.8064,210.73052,21373.03059
2025-04-13 17:19:18,GOOGL,SELL,197.5,162.3784,161.6116,-151.443,21221.58759
2025-04-13 17:21:49,TSLA,BUY,254.5,324.032,321.2124,-717.5882,20503.99939
2025-04-13 17:24:57,META,BUY,84.5,478.7774,478.6706,-9.0246,20494.97479
2025-04-13 17:25:13,MSFT,BUY,270.9,419.5256,422.9657,931.92309,21426.89788
2025-04-13 17:25:28,GOOGL,BUY,285.7,199.2803,201.2705,568.60014,21995.49802
2025-04-13 17:25:51,MSFT,BUY,84.2,404.9271,401.6846,-273.0185,21722.47952
2025-04-13 17:26:14,TSLA,BUY,54.2,284.6906,285.4086,38.9156,21761.39512
2025-04-13 17:26:28,AMZN,BUY,311.0,182.5277,180.8361,-526.0876,21235.30752
2025-04-13 17:26:42,AAPL,BUY,223.9,208.6535,207.8218,-186.21763,21049.08989
2025-04-13 17:26:52,MSFT,SELL,165.3,437.0802,430.6898,-1056.33312,19992.75677
2025-04-13 17:27:14,AAPL,SELL,44.2,218.2513,219.4762,54.14058,20046.89735
2025-04-13 17:27:35,META,BUY,248.6,545.4618,543.3268,-530.761,19516.13635
2025-04-13 17:27:52,AMZN,BUY,245.4,176.2299,176.1742,-13.66878,19502.46757
2025-04-13 17:28:25,NVDA,SELL,251.1,762.6344,758.5896,-1015.64928,18486.81829
2025-04-13 17:28:53,GOOGL,BUY,212.9,187.5981,190.3604,588.09367,19074.91196
2025-04-13 17:29:17,NFLX,BUY,224.3,622.764,623.812,235.0664,19309.97836
2025-04-13 17:29:43,TSLA,BUY,214.5,299.3456,300.3659,218.85435,19528.83271
2025-04-13 17:30:12,NVDA,BUY,180.9,487.5891,481.6591,-1072.737,18456.09571
2025-04-13 17:30:44,META,SELL,239.9,540.4163,544.9457,1086.60306,19542.69877
2025-04-13 17:31:15,TSLA,BUY,229.0,228.6647,231.4876,646.4441,20189.14287
2025-04-13 17:31:35,TSLA,SELL,107.7,314.7999,312.1854,-281.58165,19907.56122
2025-04-13 17:31:56,GOOGL,BUY,90.1,197.3052,197.494,17.01088,19924.5721
2025-04-13 17:32:21,NFLX,BUY,187.1,698.9103,688.447,-1957.68343,17966.88867
2025-04-13 17:34:14,AMZN,BUY,200.3,219.9961,218.8428,-231.00599,17735.88268
2025-04-13 17:36:35,NVDA,SELL,345.1,599.4336,600.7421,451.56335,18187.44603
2025-04-13 17:38:34,AMZN,SELL,115.5,224.6191,225.0428,48.93735,18236.38338
2025-04-13 17:41:39,AMZN,SELL,230.3,198.1761,199.833,381.58407,18617.96745
2025-04-13 17:43:34,AAPL,SELL,299.0,172.8156,170.9991,-543.1335,18074.83395
2025-04-13 17:45:06,MSFT,SELL,134.7,455.2756,453.6389,-220.46349,17854.37046
2025-04-13 17:48:03,MSFT,SELL,290.3,435.7934,438.6672,834.26414,18688.6346
2025-04-13 17:49:54,NVDA,SELL,199.7,904.4277,903.1258,-259.98943,18428.64517
2025-04-13 17:52:40,AAPL,SELL,213.1,218.9729,216.5019,-526.5701,17902.07507
2025-04-13 17:54:48,META,SELL,263.0,529.2715,532.8799,949.0092,18851.08427
2025-04-13 17:56:44,MSFT,SELL,310.9,409.5986,412.9015,1026.87161,19877.95588
2025-04-13 17:59:34,NVDA,SELL,222.4,704.546,706.9563,536.05072,20414.0066
2025-04-13 18:01:39,AAPL,SELL,13.0,241.8711,242.7154,10.9759,20424.9825
2025-04-13 18:03:34,GOOGL,BUY,328.5,187.8871,186.7183,-383.9508,20041.0317
2025-04-13 18:06:34,NFLX,BUY,98.8,578.6103,574.2173,-434.0284,19607.0033
2025-04-13 18:08:59,AMZN,SELL,242.6,229.9776,231.9976,490.052,20097.0553
2025-04-13 18:10:58,GOOGL,BUY,177.9,191.2157,190.2152,-177.98895,19919.06635
2025-04-13 18:13:41,TSLA,SELL,345.6,235.5274,234.4306,-379.05408,19540.01227
2025-04-13 18:16:21,NVDA,SELL,209.7,727.6123,726.3581,-263.00574,19277.00653
2025-04-13 18:19:49,NVDA,SELL,127.4,581.6448,587.1464,700.90384,19977.91037
2025-04-13 18:22:36,META,SELL,24.9,513.0746,516.875,94.62996,20072.54033
2025-04-13 18:24:36,TSLA,SELL,333.5,219.9987,221.9933,665.1991,20737.73943
2025-04-13 18:26:27,AMZN,BUY,210.2,194.727,194.8928,34.85116,20772.59059
2025-04-13 18:28:19,AAPL,BUY,139.2,224.0841,225.3347,174.08352,20946.67411
2025-04-13 18:31:34,NVDA,SELL,112.1,480.2448,477.7972,-274.37596,20672.29815
2025-04-13 18:34:23,AMZN,SELL,207.7,198.2935,200.701,500.03775,21172.3359
2025-04-13 18:36:00,NVDA,SELL,206.1,646.0068,650.5545,937.28097,22109.61687
2025-04-13 18:38:54,AAPL,SELL,285.3,177.6744,175.955,-490.54482,21619.07205
2025-04-13 18:40:29,NVDA,SELL,178.4,805.6511,803.4462,-393.35416,21225.71789
2025-04-13 18:43:57,AAPL,BUY,47.3,172.137,173.8337,80.25391,21305.9718
2025-04-13 18:46:33,NVDA,BUY,233.2,562.5963,566.2191,844.83696,22150.80876
2025-04-13 18:48:03,AAPL,BUY,5.1,210.6877,209.5225,-5.94252,22144.86624
2025-04-13 18:51:23,TSLA,BUY,9.0,297.7953,300.3845,23.3028,22168.16904
2025-04-13 18:54:45,TSLA,BUY,127.1,190.4969,189.3214,-149.40605,22018.76299
2025-04-13 18:57:14,AAPL,BUY,283.9,229.1912,232.04,808.77432,22827.53731
2025-04-13 19:00:00,AMZN,BUY,275.6,183.6495,183.105,-150.0642,22677.47311
2025-04-13 19:02:17,TSLA,SELL,209.6,227.3727,229.0077,342.696,23020.16911
2025-04-13 19:05:33,META,SELL,232.8,455.5501,454.6358,-212.84904,22807.32007
2025-04-13 19:07:12,GOOGL,BUY,298.5,174.8236,172.9754,-551.6877,22255.63237
2025-04-13 19:10:12,MSFT,SELL,247.2,376.0378,380.7579,1166.80872,23422.44109
2025-04-13 19:12:58,META,BUY,268.0,464.0388,459.0341,-1341.2596,22081.18149
2025-04-13 19:15:03,NFLX,BUY,305.7,712.7956,703.0037,-2993.38383,19087.79766
2025-04-13 19:18:23,AMZN,BUY,238.3,220.3981,220.2526,-34.67265,19053.12501
2025-04-13 19:21:52,GOOGL,SELL,137.9,168.0993,168.38,38.70853,19091.83354
2025-04-13 19:24:53,GOOGL,SELL,314.2,177.5276,178.5422,318.78732,19410.62086
2025-04-13 19:26:46,META,BUY,321.3,530.8153,533.1987,765.78642,20176.40728
2025-04-13 19:29:05,NFLX,BUY,196.3,637.8967,630.4365,-1464.43726,18711.97002
2025-04-13 19:30:41,AAPL,BUY,50.5,233.0788,234.2481,59.04965,18771.01967
2025-04-13 19:33:36,NVDA,BUY,180.2,549.7783,555.9603,1113.9964,19885.01607
2025-04-13 19:36:09,MSFT,BUY,44.7,418.6145,414.2271,-196.11678,19688.89929
2025-04-13 19:38:15,NFLX,SELL,286.3,654.7234,664.4744,2791.7113,22480.61059
2025-04-13 19:41:33,TSLA,SELL,144.6,301.1368,301.7757,92.38494,22572.99553
2025-04-13 19:44:13,TSLA,SELL,21.9,238.6274,236.0573,-56.28519,22516.71034
2025-04-13 19:46:10,META,BUY,99.6,508.8707,507.4196,-144.52956,22372.18078
2025-04-13 19:47:53,TSLA,SELL,191.7,215.2418,212.2876,-566.32014,21805.86064
2025-04-13 19:49:32,GOOGL,BUY,195.4,161.6516,163.128,288.48856,22094.3492
2025-04-13 19:51:32,AMZN,SELL,288.0,205.4639,204.5541,-262.0224,21832.3268
2025-04-13 19:53:03,NFLX,BUY,330.9,644.393,637.2732,-2355.94182,19476.38498
2025-04-13 19:55:06,NFLX,SELL,320.5,633.4057,636.0219,838.4921,20314.87708
2025-04-13 19:57:20,TSLA,SELL,99.6,211.7892,212.4779,68.59452,20383.4716
2025-04-13 19:59:29,MSFT,BUY,157.9,395.9312,401.8323,931.78369,21315.25529
2025-04-13 20:01:54,MSFT,SELL,221.3,456.7625,459.1534,529.10617,21844.36146
2025-04-13 20:04:00,GOOGL,SELL,72.4,180.7606,182.4223,120.30708,21964.66854
2025-04-13 20:05:42,META,SELL,222.4,498.2121,498.5773,81.22048,22045.88902
2025-04-13 20:07:27,GOOGL,SELL,9.9,180.9686,181.4162,4.43124,22050.32026
2025-04-13 20:10:37,META,BUY,138.9,521.2298,520.3853,-117.30105,21933.01921
2025-04-13 20:12:22,META,SELL,70.4,464.11,457.258,-482.3808,21450.63841
2025-04-13 20:15:08,MSFT,SELL,194.2,439.6818,438.363,-256.11096,21194.52745
2025-04-13 20:18:35,META,SELL,176.7,524.9489,519.5535,-953.36718,20241.16027
2025-04-13 20:21:07,AMZN,BUY,288.5,187.0924,189.3198,642.6049,20883.76517
2025-04-13 20:23:40,MSFT,BUY,336.6,391.0169,388.3601,-894.27888,19989.48629
2025-04-13 20:25:53,MSFT,SELL,16.7,444.5445,443.0812,-24.43711,19965.04918
2025-04-13 20:28:29,NFLX,SELL,334.7,667.9959,660.1403,-2629.26932,17335.77986
2025-04-13 20:30:06,NFLX,BUY,257.6,577.3623,574.937,-624.75728,16711.02258
2025-04-13 20:32:05,NFLX,BUY,321.9,688.4058,683.7011,-1514.44293,15196.57965
2025-04-13 20:33:37,NFLX,BUY,56.6,622.6728,616.1238,-370.6734,14825.90625
2025-04-13 20:36:39,AAPL,BUY,321.2,220.69,221.2107,167.24884,14993.15509
2025-04-13 20:40:02,NVDA,BUY,245.9,838.8628,833.2549,-1378.98261,13614.17248
2025-04-13 20:43:14,AAPL,SELL,181.6,232.5435,234.5668,367.43128,13981.60376
2025-04-13 20:45:17,NVDA,SELL,267.9,882.1601,881.6761,-129.6636,13851.94016
2025-04-13 20:47:06,AMZN,BUY,55.8,218.6251,221.449,157.57362,14009.51378
2025-04-13 20:48:47,NVDA,SELL,240.1,762.7634,764.2702,361.78268,14371.29646
2025-04-13 20:51:52,AAPL,BUY,57.0,224.4651,224.9153,25.6614,14396.95786
2025-04-13 20:54:01,MSFT,SELL,271.5,405.2656,404.8178,-121.5777,14275.38016
2025-04-13 20:57:07,META,BUY,272.8,521.0669,528.4515,2014.51888,16289.89904
2025-04-13 21:00:28,NFLX,BUY,108.7,642.7082,647.861,560.10936,16850.0084
2025-04-13 21:03:04,MSFT,BUY,112.2,449.227,444.4979,-530.60502,16319.40338
2025-04-13 21:06:09,MSFT,BUY,45.3,430.6915,426.8489,-174.06978,16145.3336
2025-04-13 21:09:34,GOOGL,BUY,131.1,172.8444,171.5572,-168.75192,15976.58168
2025-04-13 21:12:14,MSFT,SELL,157.3,405.3466,411.2689,931.57779,16908.15947
2025-04-13 21:14:44,META,SELL,339.6,549.0733,549.7377,225.63024,17133.78971
2025-04-13 21:16:52,NFLX,SELL,24.2,585.1078,588.0063,70.1437,17203.93341
2025-04-13 21:19:22,NFLX,BUY,196.6,592.0175,599.3225,1436.163,18640.09641
2025-04-13 21:22:09,NVDA,BUY,52.0,632.794,637.5412,246.8544,18886.95081
2025-04-13 21:23:55,AAPL,BUY,277.7,200.6354,198.1206,-698.35996,18188.59085
2025-04-13 21:25:58,NVDA,BUY,282.8,778.045,769.2169,-2496.58668,15692.00417
2025-04-13 21:27:38,AMZN,SELL,110.5,186.0968,185.4377,-72.83055,15619.17362
2025-04-13 21:30:38,GOOGL,SELL,28.8,161.7739,160.3409,-41.2704,15577.90322
2025-04-13 21:33:49,GOOGL,BUY,88.8,189.5606,188.0086,-137.8176,15440.08562
2025-04-13 21:35:54,GOOGL,BUY,166.3,178.6639,180.497,304.84453,15744.93015
2025-04-13 21:37:35,TSLA,BUY,211.9,337.6805,335.5986,-441.15461,15303.77554
2025-04-13 21:40:08,NFLX,SELL,221.3,689.8224,694.3119,993.52635,16297.30189
2025-04-13 21:40:39,AAPL,SELL,309.5,213.2511,216.0045,852.1773,17149.47919
2025-04-13 21:40:50,NFLX,BUY,162.4,652.4856,647.6923,-778.43192,16371.04727
2025-04-13 21:41:05,MSFT,SELL,79.0,450.9274,456.6067,448.6647,16819.71197
2025-04-13 21:41:18,MSFT,BUY,96.1,397.5697,398.7872,117.00175,16936.71372
2025-04-13 21:41:27,GOOGL,BUY,329.9,168.7144,167.7638,-313.60294,16623.11078
2025-04-13 21:41:58,NVDA,SELL,167.7,730.1977,726.028,-699.25869,15923.85209
2025-04-13 21:42:33,GOOGL,SELL,349.3,160.3306,159.9031,-149.32575,15774.52634
2025-04-13 21:43:05,NFLX,SELL,160.0,582.3259,585.3344,481.36,16255.88634
2025-04-13 21:43:35,MSFT,BUY,67.4,445.626,450.5117,329.29618,16585.18252
2025-04-13 21:44:04,MSFT,BUY,301.3,425.5931,431.0568,1646.21281,18231.39533
2025-04-13 21:44:28,META,BUY,95.2,504.9994,499.4494,-528.36,17703.03533
2025-04-13 21:45:01,NVDA,BUY,108.3,540.57,532.6414,-858.66738,16844.36795
2025-04-13 21:45:33,NFLX,SELL,232.7,659.0728,657.141,-449.52986,16394.83809
2025-04-13 21:45:53,TSLA,SELL,37.6,284.6057,288.7769,156.83712,16551.67521
2025-04-13 21:46:07,AMZN,SELL,308.0,181.4113,180.1983,-373.604,16178.07121
2025-04-13 21:46:32,AAPL,BUY,343.6,245.3701,246.5319,399.19448,16577.26569
2025-04-13 21:47:05,META,SELL,139.1,463.883,457.3296,-911.57794,15665.68775
2025-04-13 21:47:20,GOOGL,BUY,110.9,175.6692,176.7628,121.28024,15786.96799
2025-04-13 21:47:50,NVDA,SELL,255.7,578.3317,581.616,839.79551,16626.7635
2025-04-13 21:48:16,NFLX,SELL,283.2,682.6419,689.2007,1857.45216,18484.21566
2025-04-13 21:48:46,NFLX,SELL,322.9,599.1476,603.7258,1478.30078,19962.51644
2025-04-13 21:49:00,META,BUY,203.8,545.9558,544.2176,-354.24516,19608.27128
2025-04-13 21:49:13,GOOGL,SELL,77.3,170.1116,169.4283,-52.81909,19555.45219
2025-04-13 21:49:46,META,BUY,35.8,472.2472,476.1511,139.75962,19695.21181
2025-04-13 21:50:02,AAPL,SELL,230.1,187.8966,190.4892,596.55726,20291.76907
2025-04-13 21:50:35,AMZN,BUY,49.9,192.9214,192.8716,-2.48502,20289.28405
2025-04-13 21:50:49,TSLA,SELL,30.9,369.9001,364.7196,-160.07745,20129.2066
2025-04-13 21:51:04,AAPL,SELL,111.2,198.1836,200.9603,308.76904,20437.97564
2025-04-13 21:51:17,NVDA,SELL,347.5,932.9951,921.0878,-4137.78675,16300.18889
2025-04-13 21:51:44,TSLA,BUY,333.0,150.6451,151.667,340.2927,16640.48159
2025-04-13 21:51:55,META,SELL,343.4,540.5315,546.0327,1889.11208,18529.59367
2025-04-13 21:52:24,AAPL,SELL,188.0,237.7594,237.6254,-25.192,18504.40167
2025-04-13 21:52:32,META,SELL,161.0,512.4395,508.3067,-665.3808,17839.02087
2025-04-13 21:52:41,META,BUY,71.8,452.5139,448.1864,-310.7145,17528.30637
2025-04-13 21:52:54,META,SELL,200.8,476.8094,481.0784,857.2152,18385.52157
2025-04-13 21:53:16,MSFT,SELL,166.8,457.1097,458.7615,275.52024,18661.04181
2025-04-13 21:53:45,NFLX,SELL,173.7,705.0056,710.6785,985.38273,19646.42454
2025-04-13 21:53:53,AAPL,BUY,218.4,218.8282,217.5694,-274.92192,19371.50262
2025-04-13 21:54:27,GOOGL,SELL,6.6,167.1543,168.9097,11.58564,19383.08826
2025-04-13 21:54:53,META,SELL,189.9,487.1384,487.8958,143.83026,19526.91852
2025-04-13 21:55:21,META,BUY,74.2,454.0208,455.4503,106.0689,19632.98742
2025-04-13 21:55:40,META,SELL,291.6,540.2395,545.3911,1502.20656,21135.19398
2025-04-13 21:55:57,NVDA,BUY,63.0,943.0595,942.9515,-6.804,21128.38998
2025-04-13 21:56:11,MSFT,SELL,151.4,413.7664,413.677,-13.53516,21114.85482
2025-04-13 21:56:44,NFLX,SELL,231.3,695.6325,696.0132,88.05591,21202.91073
2025-04-13 21:57:04,META,SELL,340.5,532.3419,534.4662,723.32415,21926.23488
2025-04-13 21:57:35,AAPL,SELL,158.0,189.0853,187.8094,-201.5922,21724.64268
2025-04-13 21:57:51,NFLX,BUY,13.1,674.4564,666.964,-98.15044,21626.49224
2025-04-13 21:58:10,NVDA,SELL,239.3,697.1513,701.8565,1125.95436,22752.4466
2025-04-13 21:59:23,META,SELL,94.3,546.3227,548.6448,218.97403,22971.42063
2025-04-13 22:00:04,NVDA,SELL,271.6,848.6497,859.899,3055.30988,26026.73051
2025-04-13 22:01:14,TSLA,SELL,256.6,212.5473,210.7358,-464.8309,25561.89961
2025-04-13 22:02:17,META,BUY,109.5,467.5694,468.9838,154.8768,25716.77641
2025-04-13 22:03:30,TSLA,SELL,81.4,350.5033,345.5525,-402.99512,25313.78129
2025-04-13 22:04:23,TSLA,SELL,284.7,182.1344,180.5959,-438.01095,24875.77034
2025-04-13 22:05:19,TSLA,SELL,308.4,175.9245,177.5192,491.80548,25367.57582
2025-04-13 22:06:25,NFLX,BUY,312.3,695.4084,689.2744,-1915.6482,23451.92762
2025-04-13 22:07:30,GOOGL,SELL,344.3,186.1092,184.8054,-448.89834,23003.02928
2025-04-13 22:08:35,META,BUY,72.8,484.5219,490.386,426.90648,23429.93576
2025-04-13 22:09:51,GOOGL,SELL,275.0,150.0941,150.5202,117.1775,23547.11326
2025-04-13 22:11:07,AMZN,BUY,20.5,180.6,180.5417,-1.19515,23545.91811
2025-04-13 22:12:21,AAPL,SELL,183.6,179.7116,178.6281,-198.9306,23346.98751
2025-04-13 22:13:38,GOOGL,SELL,302.7,174.5281,177.1243,785.86974,24132.85725
2025-04-13 22:14:19,META,BUY,115.9,480.1518,476.046,-475.86222,23656.99503
2025-04-13 22:15:22,AMZN,SELL,319.4,205.1718,207.916,876.49748,24533.49251
2025-04-13 22:16:13,META,BUY,255.5,474.859,474.3938,-118.8586,24414.63391
2025-04-13 22:17:26,GOOGL,SELL,320.4,168.845,169.5365,221.5566,24636.19051
2025-04-13 22:18:40,AAPL,BUY,253.0,213.0371,211.37,-421.7763,24214.41421
2025-04-13 22:19:26,NVDA,BUY,207.9,509.869,511.3714,312.34896,24526.76317
2025-04-13 22:20:25,AAPL,BUY,146.9,233.8384,232.0738,-259.21974,24267.54343
2025-04-13 22:21:37,GOOGL,BUY,204.7,167.0295,164.5827,-500.85996,23766.68347
2025-04-13 22:22:19,META,SELL,152.4,454.963,448.5475,-977.7222,22788.96127
2025-04-13 22:23:01,GOOGL,BUY,109.0,190.1168,191.1476,112.3572,22901.31847
2025-04-13 22:24:14,AMZN,BUY,183.6,217.838,216.0604,-326.36736,22574.95111
2025-04-13 22:25:16,GOOGL,BUY,7.5,179.3721,180.3951,7.6725,22582.62361
2025-04-13 22:26:14,AMZN,BUY,216.9,195.8806,195.9633,17.93763,22600.56124
2025-04-13 22:27:06,AAPL,SELL,139.5,210.3635,211.3936,143.69895,22744.26019
2025-04-13 22:28:02,NVDA,BUY,117.3,660.6123,665.4521,567.70854,23311.96873
2025-04-13 22:29:21,AMZN,SELL,315.8,234.5042,235.6227,353.2223,23665.19103
2025-04-13 22:30:38,NVDA,BUY,220.8,545.8813,540.7422,-1134.71328,22530.47775
2025-04-13 22:31:47,NFLX,SELL,220.6,579.6634,578.33,-294.14804,22236.32971
2025-04-13 22:32:30,AAPL,SELL,228.9,176.6713,178.4384,404.48919,22640.8189
2025-04-13 22:33:18,META,SELL,319.0,478.2533,483.8709,1792.0144,24432.8333
2025-04-13 22:34:20,META,SELL,89.5,480.026,472.8719,-640.29195,23792.54135
2025-04-13 22:35:28,AAPL,SELL,164.7,189.7521,187.9305,-300.01752,23492.52383
2025-04-13 22:36:18,TSLA,BUY,215.2,184.8011,187.4328,566.34184,24058.86567
2025-04-13 22:37:11,AAPL,SELL,188.4,169.4299,170.265,157.33284,24216.19851
2025-04-13 22:37:53,META,BUY,187.3,542.08,534.8508,-1354.02916,22862.16935
2025-04-13 22:38:40,TSLA,BUY,104.3,389.4577,387.0897,-246.9824,22615.18695
2025-04-13 22:39:48,NVDA,SELL,212.0,676.111,682.694,1395.596,24010.78295
2025-04-13 22:40:41,MSFT,SELL,291.3,442.8669,439.3687,-1019.02566,22991.75729
2025-04-13 22:41:44,AAPL,BUY,69.8,210.6461,212.9183,158.59956,23150.35685
2025-04-13 22:42:56,MSFT,SELL,39.0,458.5173,463.5803,197.457,23347.81385
2025-04-13 22:43:57,MSFT,SELL,149.5,403.88,403.4806,-59.7103,23288.10355
2025-04-13 22:45:10,AAPL,SELL,47.8,230.2355,233.2529,144.23172,23432.33527
2025-04-13 22:46:17,NFLX,SELL,138.7,614.6154,614.6487,4.61871,23436.95398
2025-04-13 22:47:18,TSLA,SELL,296.6,276.5009,279.6926,946.65822,24383.6122
2025-04-13 22:47:59,MSFT,SELL,19.2,411.0867,413.6993,50.16192,24433.77412
2025-04-13 22:49:00,TSLA,SELL,126.5,373.3371,371.6198,-217.23845,24216.53567
2025-04-13 22:49:53,NFLX,SELL,26.4,657.1627,648.8391,-219.74304,23996.79263
2025-04-13 22:50:41,MSFT,SELL,221.5,412.4771,416.6394,921.94945,24918.74208
2025-04-13 22:51:52,AMZN,SELL,102.9,211.3671,209.3375,-208.84584,24709.89624
2025-04-13 22:52:39,MSFT,BUY,284.9,423.6035,424.7065,314.2447,25024.14094
2025-04-13 22:53:49,GOOGL,BUY,103.3,159.0787,156.989,-215.86601,24808.27493
2025-04-13 22:54:50,NFLX,SELL,314.3,653.8054,652.1589,-517.49495,24290.77998
2025-04-13 22:55:36,META,SELL,122.6,471.6687,474.1838,308.35126,24599.13124
2025-04-13 22:56:42,GOOGL,BUY,325.9,159.6113,161.5345,626.77088,25225.90212
2025-04-13 22:57:50,META,SELL,12.2,481.6509,485.0355,41.29212,25267.19424
2025-04-13 22:58:49,AAPL,BUY,142.1,239.5746,240.865,183.36584,25450.56008
2025-04-13 22:59:41,AAPL,SELL,244.2,226.6723,229.7217,744.66348,26195.22356
2025-04-13 23:00:33,AMZN,BUY,102.6,210.6428,207.8363,-287.9469,25907.27666
2025-04-13 23:01:36,NFLX,BUY,219.8,686.6475,683.6233,-664.71916,25242.5575
2025-04-13 23:02:37,NFLX,SELL,339.6,697.2705,698.4888,413.73468,25656.29218
2025-04-13 23:03:30,NVDA,SELL,171.9,845.8031,856.6579,1865.94012,27522.2323
2025-04-13 23:04:36,META,BUY,346.0,512.6002,505.0308,-2619.0124,24903.2199
2025-04-13 23:05:53,AAPL,BUY,22.5,200.5966,202.156,35.0865,24938.3064
2025-04-13 23:06:45,AAPL,SELL,269.3,182.6111,182.9352,87.28013,25025.58653
2025-04-13 23:07:30,GOOGL,BUY,311.1,161.0197,161.2902,84.15255,25109.73908
2025-04-13 23:08:49,NVDA,BUY,309.8,778.7754,789.4212,3298.06884,28407.80792
2025-04-13 23:10:01,NFLX,BUY,133.3,720.0578,709.9787,-1343.54403,27064.26389
2025-04-13 23:11:16,NVDA,BUY,145.0,494.1103,487.3466,-980.7365,26083.52739
2025-04-13 23:11:59,TSLA,BUY,249.1,323.9677,326.2378,565.48191,26649.0093
2025-04-13 23:13:15,META,BUY,311.9,515.5491,518.1117,799.27494,27448.28424
2025-04-13 23:14:29,GOOGL,BUY,26.7,200.361,203.3321,79.32837,27527.61261
2025-04-13 23:15:43,NVDA,SELL,147.2,597.2814,601.8092,666.49216,28194.10477
2025-04-13 23:16:51,META,SELL,308.8,475.0712,480.5151,1681.07632,29875.18109
2025-04-13 23:17:39,TSLA,BUY,269.2,223.7421,221.6368,-566.74676,29308.43433
2025-04-13 23:18:46,AMZN,SELL,147.5,187.2521,188.5325,188.859,29497.29333
2025-04-13 23:19:43,TSLA,SELL,267.8,257.8225,259.8721,548.88288,30046.17621
2025-04-13 23:21:01,META,SELL,229.7,473.2782,474.6112,306.1901,30352.36631
2025-04-13 23:22:14,AAPL,SELL,112.3,203.4938,203.8996,45.57134,30397.93765
2025-04-13 23:23:27,GOOGL,BUY,137.5,165.6117,167.8468,307.32625,30705.2639
2025-04-13 23:26:15,NVDA,SELL,112.3,576.3186,575.2322,-122.00272,30583.26118
2025-04-13 23:28:03,NVDA,SELL,135.7,450.9596,446.2596,-637.79,29945.47118
2025-04-13 23:31:14,TSLA,SELL,348.6,221.8315,221.2878,-189.53382,29755.93736
2025-04-13 23:33:50,AAPL,BUY,294.7,214.9109,215.1544,71.75945,29827.69681
2025-04-13 23:36:33,MSFT,BUY,96.9,425.2211,427.0785,179.98206,30007.67887
2025-04-13 23:39:14,GOOGL,BUY,166.4,152.3881,150.3421,-340.4544,29667.22447
2025-04-13 23:41:13,GOOGL,SELL,147.7,151.4164,150.0707,-198.75989,29468.46458
2025-04-13 23:44:40,AMZN,SELL,325.2,207.4194,205.8302,-516.80784,28951.65674
2025-04-13 23:47:50,NFLX,SELL,272.6,657.4799,654.039,-937.98934,28013.6674
2025-04-13 23:50:44,META,SELL,138.0,530.6342,530.0034,-87.0504,27926.617
2025-04-13 23:53:40,TSLA,BUY,141.5,366.5959,362.5461,-573.0467,27353.5703
2025-04-13 23:56:45,GOOGL,SELL,212.6,175.0571,173.7728,-273.04218,27080.52812
2025-04-13 23:58:42,META,BUY,154.9,473.2281,469.755,-537.98319,26542.54493
2025-04-14 00:00:36,AMZN,SELL,57.1,185.9336,183.4874,-139.67802,26402.86691
2025-04-14 00:03:33,META,SELL,91.1,475.344,470.1716,-471.20564,25931.66127
2025-04-14 00:05:13,AAPL,SELL,282.5,207.1685,208.1467,276.3415,26208.00277
2025-04-14 00:07:35,NFLX,BUY,192.5,608.9875,605.6899,-634.788,25573.21477
2025-04-14 00:10:25,AMZN,BUY,249.8,234.1182,236.4567,584.1573,26157.37207
2025-04-14 00:12:59,GOOGL,SELL,208.9,176.6919,176.6387,-11.11348,26146.25859
2025-04-14 00:16:00,TSLA,SELL,38.0,182.1155,180.5008,-61.3586,26084.89999
2025-04-14 00:18:21,TSLA,BUY,213.1,332.7771,329.2939,-742.26992,25342.63007
2025-04-14 00:20:58,AMZN,SELL,273.6,200.3303,202.3652,556.74864,25899.37871
2025-04-14 00:24:25,AMZN,SELL,11.5,191.233,189.1258,-24.2328,25875.14591
2025-04-14 00:26:18,NFLX,SELL,105.0,590.7792,583.9214,-720.069,25155.07691
2025-04-14 00:28:28,NVDA,BUY,314.4,610.7798,610.3975,-120.19512,25034.88179
2025-04-14 00:31:30,NFLX,BUY,8.7,605.7137,604.4073,-11.36568,25023.51611
2025-04-14 00:34:36,MSFT,BUY,327.9,383.4508,381.6005,-606.71337,24416.80274
2025-04-14 00:37:51,GOOGL,BUY,338.4,166.0168,165.7529,-89.30376,24327.49898
2025-04-14 00:39:40,TSLA,SELL,35.0,207.2775,205.7161,-54.649,24272.84998
2025-04-14 00:42:02,META,SELL,65.6,485.2132,490.3937,339.8408,24612.69078
2025-04-14 00:43:57,META,BUY,268.2,553.9404,545.9997,-2129.69574,22482.99504
2025-04-14 00:45:59,GOOGL,SELL,162.6,169.0198,167.244,-288.74508,22194.24996
2025-04-14 00:47:46,TSLA,BUY,254.8,257.7409,254.988,-701.43892,21492.81104
2025-04-14 00:49:30,TSLA,BUY,263.2,367.0943,365.5112,-416.67192,21076.13912
2025-04-14 00:52:47,META,SELL,271.5,450.7288,456.9074,1677.4899,22753.62902
2025-04-14 00:54:39,AAPL,BUY,242.4,227.3682,227.052,-76.64688,22676.98214
2025-04-14 00:56:34,MSFT,BUY,245.2,411.0504,407.7164,-817.4968,21859.48534
2025-04-14 00:58:33,TSLA,SELL,206.1,211.8938,210.5072,-285.77826,21573.70708
2025-04-14 01:00:43,AAPL,SELL,70.0,197.5527,198.0368,33.887,21607.59408
2025-04-14 01:04:03,AAPL,BUY,141.6,162.5467,161.432,-157.84152,21449.75256
2025-04-14 01:06:06,META,SELL,54.2,515.791,516.9289,61.67418,21511.42674
2025-04-14 01:07:40,AMZN,BUY,27.4,214.5855,215.5669,26.89036,21538.3171
2025-04-14 01:10:40,AMZN,BUY,140.0,223.412,221.3367,-290.542,21247.7751
2025-04-14 01:12:56,NVDA,BUY,87.2,944.2248,935.8141,-733.41304,20514.36206
2025-04-14 01:15:06,GOOGL,SELL,204.3,189.1942,186.6567,-518.41125,19995.95081
2025-04-14 01:17:45,AMZN,BUY,85.5,204.5899,207.6026,257.58585,20253.53666
2025-04-14 01:21:13,GOOGL,BUY,338.5,189.0987,186.3231,-939.5406,19313.99606
2025-04-14 01:23:17,GOOGL,BUY,247.8,167.0079,165.4243,-392.41608,18921.57998
2025-04-14 01:26:38,MSFT,BUY,167.4,455.1761,456.0691,149.4882,19071.06818
2025-04-14 01:29:05,NFLX,SELL,213.8,650.717,649.8193,-191.92826,18879.13992
2025-04-14 01:31:22,TSLA,SELL,272.1,292.8822,296.9931,1118.57589,19997.71581
2025-04-14 01:33:22,TSLA,BUY,253.8,395.5886,397.7916,559.1214,20556.83721
2025-04-14 01:36:46,AAPL,SELL,173.4,208.8625,209.8053,163.48152,20720.31873
2025-04-14 01:38:43,META,SELL,212.7,519.6701,512.3105,-1565.38692,19154.93181
2025-04-14 01:41:57,AMZN,SELL,325.2,172.6861,173.3569,218.14416,19373.07597
2025-04-14 01:45:18,NFLX,BUY,74.9,723.4957,719.8938,-269.78231,19103.29366
2025-04-14 01:48:35,NFLX,SELL,132.2,571.1271,569.1087,-266.83248,18836.46118
2025-04-14 01:51:18,AMZN,SELL,190.6,185.0853,182.3776,-516.08762,18320.37356
2025-04-14 01:54:10,NFLX,SELL,233.3,603.571,596.5212,-1644.71834,16675.65522
2025-04-14 01:56:00,META,BUY,291.4,532.4751,540.1139,2225.94632,18901.60154
2025-04-14 01:58:54,META,BUY,45.6,454.2019,447.6609,-298.2696,18603.33194
2025-04-14 02:01:41,NVDA,SELL,28.5,873.098,875.3934,65.4189,18668.75084
2025-04-14 02:03:46,TSLA,BUY,177.4,323.0891,327.8837,850.56204,19519.31288
2025-04-14 02:06:07,MSFT,BUY,235.6,410.6499,414.8879,998.4728,20517.78568
2025-04-14 02:09:05,GOOGL,SELL,236.5,197.2503,194.7923,-581.317,19936.46868
2025-04-14 02:11:34,MSFT,SELL,39.7,413.4673,418.1925,187.59044,20124.05912
2025-04-14 02:14:16,NFLX,SELL,154.7,671.6179,669.6279,-307.853,19816.20612
2025-04-14 02:16:48,GOOGL,BUY,129.9,176.9106,179.3613,318.34593,20134.55205
2025-04-14 02:19:47,AAPL,BUY,340.0,174.8535,176.6596,614.074,20748.62605
2025-04-14 02:22:04,META,BUY,201.3,551.4038,555.1975,763.67181,21512.29786
2025-04-14 02:25:08,GOOGL,SELL,21.8,189.2657,188.4237,-18.3556,21493.94226
2025-04-14 02:27:23,AAPL,SELL,284.6,195.9705,194.5929,-392.06496,21101.8773
2025-04-14 02:30:00,META,SELL,174.1,464.6899,467.9077,560.21898,21662.09628
2025-04-14 02:32:33,AMZN,SELL,160.6,225.2879,223.8156,-236.45138,21425.6449
2025-04-14 02:34:33,NFLX,SELL,213.5,669.4734,666.9196,-545.2363,20880.4086
2025-04-14 02:37:18,GOOGL,BUY,17.5,168.798,166.9983,-31.49475,20848.91385
2025-04-14 02:38:58,NVDA,BUY,56.3,802.6153,804.4917,105.64132,20954.55517
2025-04-14 02:42:11,GOOGL,BUY,336.9,177.6756,178.0412,123.17064,21077.72581
2025-04-14 02:44:54,NVDA,BUY,268.8,633.273,625.2235,-2163.7056,18914.02021
2025-04-14 02:47:25,NVDA,BUY,50.7,607.3544,605.4105,-98.55573,18815.46448
2025-04-14 02:50:37,GOOGL,SELL,64.2,163.299,162.9244,-24.04932,18791.41516
2025-04-14 02:52:24,AMZN,SELL,44.2,192.8869,192.9111,1.06964,18792.4848
2025-04-14 02:55:05,MSFT,SELL,47.2,425.5756,428.7165,148.25048,18940.73528
2025-04-14 02:57:04,MSFT,BUY,157.0,388.1508,384.9023,-510.0145,18430.72078
2025-04-14 02:59:32,META,SELL,241.6,553.3607,555.8678,605.71536,19036.43614
2025-04-14 03:02:45,GOOGL,SELL,24.1,192.8322,193.6662,20.0994,19056.53554
2025-04-14 03:04:56,GOOGL,SELL,75.3,188.8581,188.624,-17.62773,19038.90781
2025-04-14 03:08:23,MSFT,SELL,76.2,390.6265,392.2758,125.67666,19164.58447
2025-04-14 03:10:24,AAPL,BUY,315.5,217.0278,217.5982,179.9612,19344.54567
2025-04-14 03:12:52,MSFT,BUY,257.9,429.5523,429.7529,51.73474,19396.28041
2025-04-14 03:14:46,META,SELL,93.5,496.4599,502.1502,532.04305,19928.32346
2025-04-14 03:16:41,AAPL,SELL,277.9,211.6703,214.1463,688.0804,20616.40386
2025-04-14 03:18:11,NFLX,SELL,204.8,578.7417,583.4991,974.31552,21590.71938
2025-04-14 03:21:38,AMZN,SELL,252.3,217.3459,214.4798,-723.11703,20867.60235
2025-04-14 03:23:10,AMZN,BUY,71.6,223.4324,221.8267,-114.96812,20752.63423
2025-04-14 03:25:15,MSFT,BUY,298.5,447.0765,440.3891,-1996.1889,18756.44533
2025-04-14 03:28:27,AAPL,SELL,58.7,219.417,217.5352,-110.46166,18645.98367
2025-04-14 03:31:45,NVDA,SELL,77.5,671.4319,680.5616,707.55175,19353.53542
2025-04-14 03:33:54,AAPL,BUY,163.0,175.9527,174.3092,-267.8905,19085.64492
2025-04-14 03:36:14,TSLA,BUY,103.8,366.3087,370.0134,384.54786,19470.19278
2025-04-14 03:39:43,MSFT,SELL,148.6,397.2169,395.1117,-312.83272,19157.36006
2025-04-14 03:41:33,TSLA,BUY,122.9,386.4554,390.2874,470.9528,19628.31286
2025-04-14 03:43:35,META,BUY,301.7,465.8505,465.7134,-41.36307,19586.94979
2025-04-14 03:46:41,GOOGL,BUY,137.8,189.0796,187.5428,-211.77104,19375.17875
2025-04-14 03:50:07,TSLA,SELL,22.5,357.8614,360.2313,53.32275,19428.5015
2025-04-14 03:51:43,NVDA,BUY,272.0,483.3248,484.4571,307.9856,19736.4871
2025-04-14 03:53:26,META,BUY,260.4,493.4144,496.9394,917.91,20654.3971
2025-04-14 03:53:34,MSFT,BUY,121.6,406.4792,401.6831,-583.20576,20071.19134
2025-04-14 03:53:44,META,BUY,187.4,547.6046,553.0259,1015.95162,21087.14296
2025-04-14 03:54:02,AMZN,BUY,155.0,188.8037,189.7899,152.861,21240.00396
2025-04-14 03:54:21,TSLA,BUY,118.4,286.1653,289.7798,427.9568,21667.96076
2025-04-14 03:54:42,NFLX,BUY,235.1,640.6711,642.8358,508.92097,22176.88173
2025-04-14 03:55:13,GOOGL,BUY,209.5,179.5684,181.2006,341.9459,22518.82763
2025-04-14 03:55:26,AAPL,BUY,102.7,212.0216,209.4942,-259.56398,22259.26365
2025-04-14 03:55:52,AMZN,BUY,182.1,189.1803,187.5707,-293.10816,21966.15549
2025-04-14 03:56:11,META,BUY,63.1,521.9999,518.6253,-212.93726,21753.21823
2025-04-14 03:56:29,MSFT,BUY,160.3,456.8688,450.4342,-1031.46638,20721.75185
2025-04-14 03:56:38,MSFT,BUY,109.4,421.3856,421.4626,8.4238,20730.17565
2025-04-14 03:56:55,META,SELL,55.7,489.9067,492.7143,156.38332,20886.55897
2025-04-14 03:57:08,AAPL,BUY,235.5,211.9371,211.6641,-64.2915,20822.26747
2025-04-14 03:57:35,AAPL,SELL,318.6,190.8188,188.665,-686.20068,20136.06679
2025-04-14 03:57:53,NVDA,BUY,13.8,816.7264,818.1903,20.20182,20156.26861
2025-04-14 03:58:04,AAPL,BUY,143.9,173.2405,171.1738,-297.39813,19858.87048
2025-04-14 03:58:29,MSFT,BUY,327.3,405.6828,406.2079,171.86523,20030.73571
2025-04-14 03:58:37,MSFT,BUY,330.2,458.568,457.1171,-479.08718,19551.64853
2025-04-14 03:59:00,AAPL,BUY,348.3,232.0539,229.6737,-829.02366,18722.62487
2025-04-14 03:59:18,NVDA,SELL,159.6,524.2145,516.9702,-1156.19028,17566.43459
2025-04-14 03:59:38,TSLA,SELL,257.5,341.9505,343.1721,314.562,17880.99659
2025-04-14 04:00:06,GOOGL,SELL,246.8,190.4567,193.1498,664.65708,18545.65367
2025-04-14 04:00:41,GOOGL,SELL,159.8,191.572,189.1297,-390.27954,18155.37413
2025-04-14 04:00:59,MSFT,SELL,17.3,450.9464,447.1404,-65.8438,18089.53033
2025-04-14 04:01:32,NFLX,BUY,282.3,583.8005,586.8342,856.41351,18945.94384
2025-04-14 04:01:59,GOOGL,BUY,68.1,154.5964,153.876,-49.05924,18896.8846
2025-04-14 04:02:18,AMZN,BUY,346.1,202.2371,204.1229,652.67538,19549.55998
2025-04-14 04:02:44,NVDA,BUY,249.8,697.351,706.8385,2369.9775,21919.53748
2025-04-14 04:02:59,NFLX,BUY,282.7,603.7946,606.6487,806.85407,22726.39155
2025-04-14 04:03:12,NVDA,SELL,163.5,780.9476,787.4388,1061.3112,23787.70275
2025-04-14 04:03:40,META,BUY,321.9,501.2871,508.5628,2342.04783,26129.75058
2025-04-14 04:03:56,MSFT,BUY,184.8,415.5716,412.2177,-619.80072,25509.94986
2025-04-14 04:04:23,NFLX,BUY,152.1,585.4813,578.1155,-1120.33818,24389.61168
2025-04-14 04:04:49,MSFT,BUY,24.7,430.2521,429.8336,-10.33695,24379.27473
2025-04-14 04:04:57,GOOGL,BUY,254.5,181.2333,180.5534,-173.03455,24206.24018
2025-04-14 04:05:22,AMZN,SELL,274.9,204.3727,203.7565,-169.39338,24036.8468
2025-04-14 04:05:44,META,SELL,270.2,521.8521,520.5152,-361.23038,23675.61642
2025-04-14 04:05:59,TSLA,SELL,195.6,373.6625,377.2856,708.67836,24384.29478
2025-04-14 04:06:30,NFLX,SELL,132.9,690.0923,683.1131,-927.53568,23456.7591
2025-04-14 04:06:48,NFLX,BUY,118.0,609.2976,600.79,-1003.8968,22452.8623
2025-04-14 04:06:58,NFLX,SELL,232.5,590.814,589.2803,-356.58525,22096.27705
2025-04-14 04:07:17,AAPL,BUY,84.5,168.1763,166.1948,-167.43675,21928.8403
2025-04-14 04:07:52,META,BUY,213.9,496.4946,494.342,-460.44114,21468.39916
2025-04-14 04:08:27,NFLX,BUY,54.1,609.4037,617.1111,416.97034,21885.3695
2025-04-14 04:08:42,AMZN,BUY,295.9,198.4119,199.6146,355.87893,22241.24843
2025-04-14 04:09:15,GOOGL,BUY,79.7,203.642,204.7321,86.88097,22328.1294
2025-04-14 04:09:49,AAPL,BUY,311.0,217.9642,217.5807,-119.2685,22208.8609
2025-04-14 04:10:24,NVDA,SELL,263.4,920.3639,925.3888,1323.55866,23532.41956
2025-04-14 04:10:36,AAPL,BUY,114.4,238.2855,237.8654,-48.05944,23484.36012
2025-04-14 04:11:02,META,BUY,110.5,524.1059,517.3501,-746.5159,22737.84422
2025-04-14 04:11:36,NVDA,BUY,10.6,945.3794,934.1811,-118.70198,22619.14224
2025-04-14 04:12:01,META,BUY,274.6,562.1553,566.6556,1235.78238,23854.92462
2025-04-14 04:12:27,AMZN,BUY,188.7,178.2361,179.9153,316.86504,24171.78966
2025-04-14 04:12:51,TSLA,BUY,238.7,322.5998,324.6831,497.28371,24669.07337
2025-04-14 04:13:00,MSFT,BUY,248.7,431.8267,429.2947,-629.7084,24039.36497
2025-04-14 04:13:08,AAPL,SELL,223.9,159.8662,157.7688,-469.60786,23569.75711
2025-04-14 04:13:31,GOOGL,BUY,200.9,161.7715,159.6566,-424.88341,23144.8737
2025-04-14 04:13:57,GOOGL,BUY,112.4,165.1391,163.592,-173.89404,22970.97966
2025-04-14 04:14:20,AMZN,BUY,49.7,215.5695,214.32,-62.10015,22908.87951
2025-04-14 04:14:29,META,SELL,5.7,458.2825,463.0045,26.9154,22935.79491
2025-04-14 04:14:37,AMZN,BUY,131.4,186.2463,184.7624,-194.98446,22740.81045
2025-04-14 04:15:08,GOOGL,SELL,241.2,159.4488,161.8334,575.16552,23315.97597
2025-04-14 04:15:20,NVDA,SELL,243.9,653.3286,660.3968,1723.93398,25039.90995
2025-04-14 04:15:32,AAPL,SELL,212.0,197.9735,199.7596,378.6532,25418.56315
2025-04-14 04:16:04,GOOGL,SELL,156.1,169.374,169.2527,-18.93493,25399.62822
2025-04-14 04:16:23,AAPL,BUY,214.2,203.0617,204.8273,378.19152,25777.81974
2025-04-14 04:16:33,NVDA,SELL,19.4,772.05,778.9957,134.74658,25912.56632
2025-04-14 04:16:57,GOOGL,BUY,260.0,152.4695,151.642,-215.15,25697.41632
2025-04-14 04:17:18,AAPL,SELL,44.1,233.0706,231.1362,-85.30704,25612.10928
2025-04-14 04:17:43,TSLA,SELL,238.7,385.9924,383.8119,-520.48535,25091.62393
2025-04-14 04:17:58,AAPL,SELL,180.9,228.9358,231.0296,378.76842,25470.39235
2025-04-14 04:18:25,NVDA,BUY,253.5,829.315,833.3374,1019.6784,26490.07075
2025-04-14 04:18:34,NFLX,SELL,269.7,694.7284,696.8324,567.4488,27057.51955
2025-04-14 04:19:00,MSFT,SELL,83.6,382.9842,388.0758,425.65776,27483.17731
2025-04-14 04:19:18,META,SELL,259.9,449.4477,455.8809,1671.98868,29155.16599
2025-04-14 04:19:46,AAPL,SELL,313.9,180.0343,177.6318,-754.14475,28401.02124
2025-04-14 04:20:05,NFLX,SELL,97.1,684.343,687.9105,346.40425,28747.42549
2025-04-14 04:20:37,TSLA,SELL,162.3,346.5496,348.3953,299.55711,29046.9826
2025-04-14 04:21:07,MSFT,BUY,268.0,454.1466,458.2211,1091.966,30138.9486
2025-04-14 04:21:16,TSLA,SELL,270.3,344.6145,342.3114,-622.52793,29516.42067
2025-04-14 04:21:43,AMZN,SELL,48.1,216.178,213.3767,-134.74253,29381.67814
2025-04-14 04:21:56,AMZN,SELL,10.4,173.8408,174.0359,2.02904,29383.70718
2025-04-14 04:22:12,AAPL,BUY,195.4,239.2586,242.7439,681.02762,30064.7348
2025-04-14 04:22:33,GOOGL,BUY,48.5,178.3032,180.7634,119.3197,30184.0545
2025-04-14 04:22:50,AMZN,SELL,194.3,182.2535,180.9345,-256.2817,29927.7728
2025-04-14 04:23:13,AAPL,BUY,9.8,232.2209,231.9854,-2.3079,29925.4649
2025-04-14 04:23:28,MSFT,SELL,103.4,416.307,410.6495,-584.9855,29340.4794
2025-04-14 04:23:45,NVDA,BUY,271.6,688.1397,691.4305,893.78128,30234.26068
2025-04-14 04:24:11,GOOGL,SELL,25.6,189.1982,190.9627,45.1712,30279.43188
2025-04-14 04:24:25,TSLA,SELL,157.6,351.5222,354.7154,503.24832,30782.6802
2025-04-14 04:24:52,MSFT,SELL,102.9,426.4082,427.3498,96.89064,30879.57084
2025-04-14 04:25:33,AMZN,BUY,152.0,183.783,181.5404,-340.8752,30538.69564
2025-04-14 04:26:31,NVDA,BUY,323.2,572.433,577.8265,1743.1792,32281.87484
2025-04-14 04:27:35,NFLX,BUY,314.7,655.3689,657.2304,585.81405,32867.68889
2025-04-14 04:28:45,TSLA,BUY,266.8,215.3719,213.7051,-444.70224,32422.98665
2025-04-14 04:29:42,NVDA,BUY,340.5,621.4845,617.6814,-1294.95555,31128.0311
2025-04-14 04:30:43,NVDA,SELL,229.0,524.1754,517.7502,-1471.3708,29656.6603
2025-04-14 04:31:32,NVDA,BUY,209.2,485.2754,478.9638,-1320.38672,28336.27358
2025-04-14 04:32:13,MSFT,BUY,90.5,412.3923,412.2537,-12.5433,28323.73028
2025-04-14 04:33:18,NVDA,BUY,237.8,840.3513,829.6466,-2545.57766,25778.15262
2025-04-14 04:34:14,MSFT,SELL,345.3,444.7504,443.9197,-286.84071,25491.31191
2025-04-14 04:35:09,NFLX,BUY,47.7,656.3707,654.8824,-70.99191,25420.32
2025-04-14 04:36:15,AAPL,SELL,251.8,212.9498,213.7239,194.91838,25615.23838
2025-04-14 04:37:14,AMZN,BUY,118.7,195.8763,197.939,244.84249,25860.08087
2025-04-14 04:38:07,GOOGL,SELL,187.8,173.1923,171.3957,-337.40148,25522.67939
2025-04-14 04:39:26,NFLX,BUY,231.6,653.8901,660.1091,1440.3204,26962.99979
2025-04-14 04:40:08,MSFT,BUY,132.8,397.5132,395.6926,-241.77568,26721.22411
2025-04-14 04:41:02,NFLX,BUY,307.2,684.8669,687.5087,811.56096,27532.78507
2025-04-14 04:41:52,TSLA,SELL,114.1,154.4316,155.8487,161.69111,27694.47618
2025-04-14 04:43:03,AAPL,SELL,319.7,220.9336,223.0708,683.26284,28377.73902
2025-04-14 04:44:05,MSFT,SELL,173.6,443.0638,442.7097,-61.47176,28316.26726
2025-04-14 04:45:01,AMZN,SELL,152.4,205.4951,202.6218,-437.89092,27878.37634
2025-04-14 04:45:44,TSLA,SELL,306.5,158.8017,159.1271,99.7351,27978.11144
2025-04-14 04:46:32,META,SELL,283.1,515.8812,515.2231,-186.30811,27791.80333
2025-04-14 04:47:25,GOOGL,SELL,286.4,187.5666,189.1712,459.55744,28251.36077
2025-04-14 04:48:40,NFLX,SELL,12.6,666.6365,659.4311,-90.78804,28160.57273
2025-04-14 04:49:36,TSLA,SELL,284.4,193.8207,193.0093,-230.76216,27929.81057
2025-04-14 04:50:38,NVDA,SELL,217.0,471.8246,476.5503,1025.4769,28955.28747
2025-04-14 04:51:32,MSFT,SELL,54.4,415.7342,414.9904,-40.46272,28914.82475
2025-04-14 04:52:20,NFLX,BUY,24.6,678.1881,676.0364,-52.93182,28861.89293
2025-04-14 04:53:08,NFLX,BUY,239.7,673.339,667.908,-1301.8107,27560.08223
2025-04-14 04:54:25,AMZN,BUY,97.3,202.5196,201.0533,-142.67099,27417.41124
2025-04-14 04:55:14,GOOGL,SELL,152.4,155.2778,157.2559,301.46244,27718.87368
2025-04-14 04:56:25,AMZN,SELL,263.2,210.3154,210.9747,173.52776,27892.40144
2025-04-14 04:57:27,NFLX,SELL,64.8,690.2968,698.0802,504.36432,28396.76576
2025-04-14 04:58:19,AAPL,SELL,54.6,217.7714,218.8085,56.62566,28453.39142
2025-04-14 04:59:05,NVDA,BUY,101.6,882.8426,894.2783,1161.86712,29615.25854
2025-04-14 04:59:46,MSFT,BUY,169.1,430.5337,435.8838,904.70191,30519.96045
2025-04-14 05:00:32,GOOGL,SELL,15.5,205.9417,204.5246,-21.96505,30497.9954
2025-04-14 05:01:29,TSLA,SELL,61.4,326.4286,322.5046,-240.9336,30257.0618
2025-04-14 05:02:33,NVDA,BUY,125.8,933.2266,946.2402,1637.11088,31894.17268
2025-04-14 05:03:21,MSFT,BUY,207.7,383.6774,385.2478,326.17208,32220.34476
2025-04-14 05:04:11,MSFT,SELL,174.2,438.2836,443.5419,915.99586,33136.34062
2025-04-14 05:05:08,MSFT,BUY,84.1,428.3625,433.6398,443.82093,33580.16155
2025-04-14 05:06:28,GOOGL,BUY,157.0,191.4807,189.3736,-330.8147,33249.34685
2025-04-14 05:07:21,META,BUY,135.9,461.2187,454.4653,-917.78706,32331.55979
2025-04-14 05:08:32,GOOGL,BUY,221.7,157.3964,155.9501,-320.64471,32010.91508
2025-04-14 05:09:28,META,SELL,28.6,560.9417,567.2453,180.28296,32191.19804
2025-04-14 05:10:30,GOOGL,BUY,67.6,157.9685,155.7238,-151.74172,32039.45632
2025-04-14 05:11:45,NVDA,BUY,129.7,729.3525,730.8479,193.95338,32233.4097
2025-04-14 05:12:55,NVDA,BUY,317.1,690.8194,698.0728,2300.05314,34533.46284
2025-04-14 05:13:41,MSFT,SELL,112.4,462.1883,456.4429,-645.78296,33887.67988
2025-04-14 05:14:42,TSLA,BUY,319.8,318.5164,318.0756,-140.96784,33746.71204
2025-04-14 05:15:45,TSLA,BUY,57.0,252.9697,249.6213,-190.8588,33555.85324
2025-04-14 05:16:26,GOOGL,BUY,46.8,194.1023,196.6864,120.93588,33676.78912
2025-04-14 05:17:43,AMZN,SELL,147.7,178.9932,178.0446,-140.10822,33536.6809
2025-04-14 05:18:25,MSFT,BUY,284.7,392.6967,396.3825,1049.34726,34586.02816
2025-04-14 05:19:44,GOOGL,SELL,62.7,154.5143,152.3336,-136.72989,34449.29827
2025-04-14 05:20:24,TSLA,SELL,102.6,372.7053,377.0211,442.80108,34892.09935
2025-04-14 05:21:08,GOOGL,SELL,81.3,163.3435,161.49,-150.68955,34741.4098
2025-04-14 05:21:49,TSLA,SELL,175.3,276.0257,276.4088,67.15743,34808.56723
2025-04-14 05:22:51,GOOGL,SELL,121.9,158.5196,156.165,-287.02574,34521.54149
2025-04-14 05:23:37,AMZN,SELL,318.5,174.2418,174.8618,197.47,34719.01149
2025-04-14 05:24:28,NVDA,SELL,178.1,654.869,653.7946,-191.35064,34527.66085
2025-04-14 05:25:29,AAPL,BUY,18.6,194.9942,196.1045,20.65158,34548.31243
2025-04-14 05:26:23,AMZN,SELL,55.5,222.0652,224.7744,150.3606,34698.67303
2025-04-14 05:27:34,META,SELL,213.6,515.9116,522.5524,1418.47488,36117.14791
2025-04-14 05:28:26,AMZN,BUY,135.3,207.2035,208.7709,212.06922,36329.21713
2025-04-14 05:29:22,TSLA,SELL,236.8,280.6027,282.1077,356.384,36685.60113
2025-04-14 05:30:28,NFLX,SELL,141.4,633.3763,625.5106,-1112.20998,35573.39115
2025-04-14 05:31:35,GOOGL,BUY,36.6,190.3812,189.1801,-43.96026,35529.43089
2025-04-14 05:32:43,NVDA,SELL,30.0,721.7179,721.127,-17.727,35511.70389
2025-04-14 05:33:33,AMZN,BUY,260.5,221.1549,218.5642,-674.87735,34836.82654
2025-04-14 05:34:35,MSFT,SELL,156.9,463.9272,457.1714,-1059.98502,33776.84152
2025-04-14 05:35:33,TSLA,SELL,123.9,306.6136,303.8624,-340.87368,33435.96784
2025-04-14 05:36:45,GOOGL,SELL,316.5,159.9461,161.8651,607.3635,34043.33134
2025-04-14 05:37:33,TSLA,BUY,59.9,310.0417,314.2138,249.90879,34293.24013
2025-04-14 05:38:26,NFLX,SELL,346.2,589.5708,598.2415,3001.79634,37295.03647
2025-04-14 05:38:38,NVDA,BUY,163.0,471.3635,475.329,646.3765,37941.41297
2025-04-14 05:39:02,NFLX,BUY,139.0,634.1172,631.0814,-421.9762,37519.43677
2025-04-14 05:39:10,TSLA,BUY,174.4,372.183,370.3256,-323.93056,37195.50621
2025-04-14 05:39:35,NVDA,SELL,316.1,788.5597,777.4606,-3508.42551,33687.0807
2025-04-14 05:39:51,AAPL,BUY,230.7,231.0734,230.4194,-150.8778,33536.2029
2025-04-14 05:40:03,NFLX,SELL,349.3,675.7733,679.4155,1272.22046,34808.42336
2025-04-14 05:40:25,GOOGL,BUY,152.0,186.5795,188.2658,256.3176,35064.74096
2025-04-14 05:40:33,GOOGL,SELL,305.8,200.514,198.9477,-478.97454,34585.76642
2025-04-14 05:40:42,TSLA,SELL,304.4,335.6719,331.4358,-1289.46884,33296.29758
2025-04-14 05:41:05,AMZN,SELL,289.9,183.9042,185.1633,365.01309,33661.31067
2025-04-14 05:41:25,NVDA,SELL,317.8,667.5701,675.08,2386.64622,36047.95689
2025-04-14 05:41:48,GOOGL,SELL,178.0,192.1966,191.4739,-128.6406,35919.31629
2025-04-14 05:42:09,AAPL,BUY,177.3,186.5058,186.7252,38.89962,35958.21591
2025-04-14 05:42:19,AMZN,BUY,42.5,199.5432,196.9303,-111.04825,35847.16766
2025-04-14 05:42:50,GOOGL,BUY,241.7,176.6113,177.7176,267.39271,36114.56037
2025-04-14 05:43:03,AAPL,BUY,281.3,178.0655,178.5208,128.07589,36242.63626
2025-04-14 05:43:37,MSFT,BUY,9.9,398.7405,402.1555,33.8085,36276.44476
2025-04-14 05:44:07,AAPL,BUY,99.2,235.2519,233.7661,-147.39136,36129.0534
2025-04-14 05:44:31,AMZN,SELL,171.6,203.9975,206.5903,444.92448,36573.97788
2025-04-14 05:44:50,AMZN,BUY,107.4,207.8511,207.1689,-73.26828,36500.7096
2025-04-14 05:45:11,NVDA,BUY,287.5,897.6702,895.0275,-759.77625,35740.93335
2025-04-14 05:45:28,NFLX,SELL,160.3,662.6273,665.9543,533.3181,36274.25145
2025-04-14 05:46:02,META,SELL,137.8,540.2729,543.8318,490.41642,36764.66787
2025-04-14 05:46:37,AMZN,SELL,236.6,232.9599,229.5244,-812.8393,35951.82857
2025-04-14 05:46:55,MSFT,SELL,324.7,406.2218,410.8584,1505.50402,37457.33259
2025-04-14 05:47:05,GOOGL,SELL,51.4,152.2291,152.2068,-1.14622,37456.18637
2025-04-14 05:47:30,GOOGL,BUY,100.2,173.3046,172.26,-104.66892,37351.51745
2025-04-14 05:47:43,TSLA,SELL,312.2,167.7821,165.4697,-721.93128,36629.58617
2025-04-14 05:47:56,GOOGL,BUY,241.5,179.5356,179.1682,-88.7271,36540.85907
2025-04-14 05:48:05,TSLA,SELL,74.7,353.409,358.287,364.3866,36905.24567
2025-04-14 05:48:14,NVDA,BUY,90.3,854.0325,843.4695,-953.8389,35951.40677
2025-04-14 05:48:28,AAPL,BUY,314.4,241.5774,243.9023,730.94856,36682.35533
2025-04-14 05:48:39,AAPL,SELL,91.8,213.4642,212.8269,-58.50414,36623.85119
2025-04-14 05:49:04,NFLX,SELL,58.0,652.0938,647.9768,-238.786,36385.06519
2025-04-14 05:49:24,AAPL,SELL,215.0,177.6602,176.0232,-351.955,36033.11019
2025-04-14 05:49:40,NFLX,SELL,335.4,674.7289,683.5839,2969.967,39003.07719
2025-04-14 05:50:05,NVDA,SELL,88.3,805.6727,795.7386,-877.18103,38125.89616
2025-04-14 05:50:24,META,SELL,75.2,541.2129,543.7628,191.75248,38317.64864
2025-04-14 05:53:41,NFLX,SELL,230.4,677.2394,668.4683,-2020.86144,36296.7872
2025-04-14 05:57:09,MSFT,SELL,217.1,454.4011,449.2573,-1116.71898,35180.06822
2025-04-14 05:59:53,AAPL,SELL,327.3,180.0223,181.9704,637.61313,35817.68135
2025-04-14 06:02:02,GOOGL,SELL,241.0,188.2905,189.9948,410.7363,36228.41765
2025-04-14 06:04:40,AMZN,BUY,293.6,201.6134,203.7909,639.314,36867.73165
2025-04-14 06:07:12,GOOGL,BUY,21.8,165.7631,167.6849,41.89524,36909.62689
2025-04-14 06:10:26,TSLA,BUY,298.0,309.9757,313.9795,1193.1324,38102.75929
2025-04-14 06:13:40,AAPL,BUY,238.3,221.9073,223.3739,349.49078,38452.25007
2025-04-14 06:15:26,TSLA,BUY,59.8,284.9198,286.2909,81.99178,38534.24185
2025-04-14 06:18:53,MSFT,BUY,223.7,444.3372,445.2987,215.08755,38749.3294
2025-04-14 06:22:18,NFLX,SELL,345.2,597.267,593.7684,-1207.71672,37541.61268
2025-04-14 06:24:22,META,BUY,223.1,470.3201,469.0225,-289.49456,37252.11812
2025-04-14 06:26:22,NVDA,SELL,70.1,470.7537,465.8907,-340.8963,36911.22182
2025-04-14 06:28:08,META,BUY,86.1,484.5229,481.2744,-279.69585,36631.52597
2025-04-14 06:31:00,GOOGL,SELL,266.1,167.1605,168.9414,473.89749,37105.42346
2025-04-14 06:34:17,AMZN,BUY,187.6,213.389,215.8482,461.34592,37566.76938
2025-04-14 06:36:11,NFLX,BUY,267.2,647.2013,644.6592,-679.24912,36887.52026
2025-04-14 06:39:16,NVDA,BUY,309.3,911.0515,914.8684,1180.56717,38068.08743
2025-04-14 06:42:03,GOOGL,BUY,109.3,160.3323,159.2252,-121.00603,37947.0814
2025-04-14 06:45:13,NVDA,BUY,197.3,457.9226,452.3752,-1094.50202,36852.57938
2025-04-14 06:47:13,NFLX,BUY,305.1,707.5795,699.7088,-2401.35057,34451.22881
2025-04-14 06:49:43,NVDA,SELL,48.9,665.1044,656.4222,-424.55958,34026.66923
2025-04-14 06:51:58,GOOGL,BUY,324.7,174.6839,173.6881,-323.33626,33703.33297
2025-04-14 06:54:04,GOOGL,BUY,240.8,159.0233,158.258,-184.28424,33519.04873
2025-04-14 06:56:48,NVDA,BUY,249.2,756.9863,749.7018,-1815.2974,31703.75133
2025-04-14 07:00:04,MSFT,BUY,291.5,409.7391,414.4679,1378.4452,33082.19653
2025-04-14 07:02:02,NVDA,BUY,299.9,667.4125,666.8629,-164.82504,32917.37149
2025-04-14 07:04:41,NFLX,BUY,310.2,706.9909,700.9508,-1873.63902,31043.73247
2025-04-14 07:07:23,AAPL,BUY,20.0,206.9798,207.6235,12.874,31056.60647
2025-04-14 07:09:50,AAPL,BUY,276.7,174.0493,174.401,97.31539,31153.92186
2025-04-14 07:12:00,GOOGL,BUY,34.1,200.1284,201.9418,61.83694,31215.7588
2025-04-14 07:15:04,AAPL,SELL,248.6,237.0338,239.4034,589.08256,31804.84136
2025-04-14 07:18:23,NFLX,BUY,292.8,589.302,593.1409,1124.02992,32928.87128
2025-04-14 07:20:17,META,SELL,60.3,543.1938,538.4723,-284.70645,32644.16483
2025-04-14 07:23:26,META,BUY,267.3,480.4091,475.4557,-1324.04382,31320.12101
2025-04-14 07:26:54,TSLA,BUY,142.3,272.436,276.1763,532.24469,31852.3657
2025-04-14 07:29:28,NVDA,SELL,297.3,537.7036,537.8425,41.29497,31893.66067
2025-04-14 07:32:02,GOOGL,SELL,191.4,190.4119,188.8027,-308.00088,31585.65979
2025-04-14 07:34:19,NVDA,BUY,315.3,461.3377,462.5557,384.0354,31969.69519
2025-04-14 07:37:14,META,BUY,227.7,523.5714,529.2333,1289.21463,33258.90982
2025-04-14 07:39:44,GOOGL,SELL,147.5,172.4094,171.7353,-99.42975,33159.48007
2025-04-14 07:42:15,MSFT,SELL,150.3,455.0104,451.9284,-463.2246,32696.25547
2025-04-14 07:44:12,NVDA,BUY,127.0,802.8057,810.5137,978.916,33675.17147
2025-04-14 07:47:22,META,SELL,258.5,553.8098,557.9395,1067.52745,34742.69892
2025-04-14 07:49:34,AAPL,SELL,340.6,187.413,185.7488,-566.82652,34175.8724
2025-04-14 07:52:40,AAPL,SELL,237.7,175.5295,174.9812,-130.33091,34045.54149
2025-04-14 07:54:55,NFLX,SELL,19.4,610.3253,608.7111,-31.31548,34014.22601
2025-04-14 07:58:23,NVDA,BUY,259.2,672.5958,679.517,1793.97504,35808.20105
2025-04-14 08:00:59,AMZN,BUY,68.5,182.7686,183.1193,24.02295,35832.224
2025-04-14 08:04:22,MSFT,SELL,223.7,386.9508,391.8009,1084.96737,36917.19137
2025-04-14 08:07:39,NVDA,SELL,141.8,775.2316,768.9488,-890.90104,36026.29033
2025-04-14 08:09:14,AMZN,BUY,218.5,194.5973,192.0135,-564.5603,35461.73003
2025-04-14 08:11:44,TSLA,BUY,66.7,203.4872,203.4059,-5.42271,35456.30732
2025-04-14 08:14:25,MSFT,BUY,112.4,382.1546,385.1034,331.44512,35787.75244
2025-04-14 08:17:20,NVDA,BUY,16.4,528.4392,530.6263,35.86844,35823.62088
2025-04-14 08:20:21,AMZN,SELL,238.5,223.3113,225.3563,487.7325,36311.35338
2025-04-14 08:23:16,NFLX,BUY,166.4,664.0851,672.4754,1396.14592,37707.4993
2025-04-14 08:26:45,NVDA,SELL,333.1,819.5165,807.815,-3897.76965,33809.72965
2025-04-14 08:29:11,MSFT,SELL,140.3,408.6434,407.7968,-118.77798,33690.95167
2025-04-14 08:31:58,AMZN,BUY,223.7,198.5303,201.3162,623.20583,34314.1575
2025-04-14 08:33:54,META,BUY,317.4,546.2149,550.2034,1265.9499,35580.1074
2025-04-14 08:35:26,NFLX,SELL,169.5,657.5254,650.9206,-1119.5136,34460.5938
2025-04-14 08:37:19,META,SELL,77.7,518.3257,523.7724,423.20859,34883.80239
2025-04-14 08:40:45,MSFT,SELL,109.9,418.1185,419.7743,181.97242,35065.77481
2025-04-14 08:44:00,META,BUY,240.3,496.7795,490.1453,-1594.19826,33471.57655
2025-04-14 08:46:29,MSFT,BUY,307.8,440.848,437.5602,-1011.98484,32459.59171
2025-04-14 08:48:54,META,SELL,328.4,458.1317,456.1174,-661.49612,31798.09559
2025-04-14 08:51:02,META,BUY,178.2,520.1777,518.5525,-289.61064,31508.48495
2025-04-14 08:53:42,META,SELL,63.4,552.4452,554.3689,121.96258,31630.44753
2025-04-14 08:55:44,AMZN,BUY,318.6,212.6765,213.6336,304.93206,31935.37959
2025-04-14 08:58:00,AAPL,SELL,281.0,205.4358,204.3512,-304.7726,31630.60699
2025-04-14 08:59:59,AMZN,SELL,86.2,171.8134,172.8206,86.82064,31717.42763
2025-04-14 09:01:41,NVDA,BUY,70.8,508.3054,509.5147,85.61844,31803.04607
2025-04-14 09:04:11,META,BUY,338.1,533.0987,528.3566,-1603.30401,30199.74206
2025-04-14 09:06:58,NVDA,BUY,59.4,488.5361,491.0782,151.00074,30350.7428
2025-04-14 09:10:27,TSLA,BUY,7.0,253.3963,250.9666,-17.0079,30333.7349
2025-04-14 09:12:16,NVDA,BUY,325.2,636.7201,631.3,-1762.61652,28571.11838
2025-04-14 09:14:17,META,BUY,32.4,524.5517,525.3907,27.1836,28598.30198
2025-04-14 09:16:49,TSLA,BUY,320.7,211.5793,211.892,100.28289,28698.58487
2025-04-14 09:19:20,MSFT,BUY,297.6,448.59,442.1056,-1929.75744,26768.82743
2025-04-14 09:21:21,AAPL,SELL,316.9,208.2346,207.1114,-355.94208,26412.88535
2025-04-14 09:24:20,TSLA,BUY,264.4,322.1107,323.4525,354.77192,26767.65727
2025-04-14 09:26:00,GOOGL,SELL,309.8,187.2995,189.2262,596.89166,27364.54893
2025-04-14 09:29:15,MSFT,SELL,303.0,444.2058,440.4574,-1135.7652,26228.78373
2025-04-14 09:32:41,GOOGL,BUY,103.2,171.0594,168.8667,-226.28664,26002.49709
2025-04-14 09:35:14,AMZN,SELL,251.9,219.3802,216.4751,-731.79469,25270.7024
2025-04-14 09:37:54,GOOGL,BUY,338.7,169.9586,168.1263,-620.60001,24650.10239
2025-04-14 09:41:19,TSLA,SELL,184.3,158.0799,159.1838,203.44877,24853.55116
2025-04-14 09:44:39,NVDA,SELL,44.3,758.4365,759.9815,68.4435,24921.99466
2025-04-14 09:47:56,NVDA,BUY,212.1,506.227,504.3235,-403.73235,24518.26231
2025-04-14 09:50:56,NVDA,BUY,85.5,581.9607,574.5596,-632.79405,23885.46826
2025-04-14 09:53:53,NFLX,BUY,19.8,676.0588,679.2134,62.46108,23947.92934
2025-04-14 09:55:43,AAPL,BUY,199.6,180.9621,180.6182,-68.64244,23879.2869
2025-04-14 09:58:45,AMZN,BUY,175.5,206.9849,209.41,425.60505,24304.89195
2025-04-14 10:00:18,AAPL,BUY,44.0,196.1128,196.1454,1.4344,24306.32635
2025-04-14 10:02:43,GOOGL,SELL,119.9,188.728,187.7081,-122.28601,24184.04034
2025-04-14 10:05:17,META,SELL,85.7,532.7685,531.6866,-92.71883,24091.32151
2025-04-14 10:06:49,MSFT,BUY,326.2,381.3917,383.5172,693.3381,24784.65961
2025-04-14 10:09:02,NVDA,BUY,129.5,590.5268,593.6042,398.5233,25183.18291
2025-04-14 10:10:57,AAPL,SELL,279.4,228.8035,228.4422,-100.94722,25082.23569
2025-04-14 10:12:27,AMZN,SELL,325.5,185.7135,184.5503,-378.6216,24703.61409
2025-04-14 10:14:54,TSLA,BUY,22.1,340.0666,341.1885,24.79399,24728.40808
2025-04-14 10:16:24,NVDA,BUY,232.7,775.0643,772.5694,-580.56323,24147.84485
2025-04-14 10:19:40,TSLA,SELL,34.1,383.9357,388.4945,155.45508,24303.29993
2025-04-14 10:23:05,MSFT,SELL,343.8,397.7877,399.4732,579.4749,24882.77483
2025-04-14 10:25:06,MSFT,BUY,50.0,430.8236,436.094,263.52,25146.29483
2025-04-14 10:27:22,AAPL,BUY,71.7,227.7566,224.7722,-213.98148,24932.31335
2025-04-14 10:28:55,META,BUY,18.6,541.5794,543.4958,35.64504,24967.95839
2025-04-14 10:30:28,MSFT,SELL,27.8,382.9019,380.7745,-59.14172,24908.81667
2025-04-14 10:32:58,AMZN,SELL,98.7,218.0332,219.134,108.64896,25017.46563
2025-04-14 10:35:13,GOOGL,SELL,333.5,190.6031,190.9242,107.08685,25124.55248
2025-04-14 10:38:03,AAPL,BUY,259.7,233.4426,230.3332,-807.51118,24317.0413
2025-04-14 10:40:50,TSLA,SELL,32.7,304.9414,305.335,12.87072,24329.91202
2025-04-14 10:42:51,AAPL,BUY,288.2,240.7456,243.2338,717.09924,25047.01126
2025-04-14 10:45:03,META,SELL,156.4,542.4369,540.844,-249.12956,24797.8817
2025-04-14 10:48:28,AAPL,SELL,18.5,171.5287,169.452,-38.41895,24759.46275
2025-04-14 10:50:17,AAPL,SELL,326.5,196.3263,195.3316,-324.76955,24434.6932
2025-04-14 10:52:48,GOOGL,BUY,247.9,162.7517,160.3309,-600.11632,23834.57688
2025-04-14 10:55:02,NVDA,SELL,156.9,678.8347,686.4507,1194.9504,25029.52728
2025-04-14 10:57:56,MSFT,SELL,224.5,448.7278,454.3469,1261.48795,26291.01523
2025-04-14 11:00:48,MSFT,SELL,275.4,420.1981,420.8994,193.13802,26484.15325
2025-04-14 11:03:04,GOOGL,BUY,70.6,205.7326,208.0558,164.01792,26648.17117
2025-04-14 11:05:54,NFLX,SELL,61.4,703.0033,705.6821,164.47832,26812.64949
2025-04-14 11:09:19,AMZN,BUY,151.2,219.2069,218.5551,-98.55216,26714.09733
2025-04-14 11:12:20,AMZN,SELL,51.7,186.493,185.2957,-61.90041,26652.19692
2025-04-14 11:14:48,NVDA,BUY,250.0,610.0401,607.2364,-700.925,25951.27192
2025-04-14 11:17:35,AAPL,SELL,277.2,207.4034,206.8139,-163.4094,25787.86252
2025-04-14 11:19:24,GOOGL,BUY,112.5,173.5573,172.1758,-155.41875,25632.44377
2025-04-14 11:20:54,META,BUY,151.3,455.7829,450.3731,-818.50274,24813.94103
2025-04-14 11:22:55,AMZN,BUY,243.0,180.452,179.7721,-165.2157,24648.72533
2025-04-14 11:24:57,NFLX,BUY,143.4,713.6282,711.8213,-259.10946,24389.61587
2025-04-14 11:28:09,META,BUY,96.9,549.4382,545.8665,-346.09773,24043.51814
2025-04-14 11:30:25,AAPL,SELL,327.2,189.454,191.5641,690.42472,24733.94286
2025-04-14 11:32:05,AAPL,BUY,200.8,202.0813,200.8265,-251.96384,24481.97902
2025-04-14 11:34:36,AMZN,BUY,196.2,223.6111,220.8007,-551.40048,23930.57854
2025-04-14 11:37:37,AMZN,BUY,315.2,222.6549,222.6928,11.94608,23942.52462
2025-04-14 11:39:16,MSFT,BUY,99.2,384.9963,389.73,469.58304,24412.10766
2025-04-14 11:41:48,MSFT,SELL,346.8,431.2673,436.1636,1698.03684,26110.1445
2025-04-14 11:43:40,AMZN,SELL,229.9,221.5191,220.3442,-270.10951,25840.03499
2025-04-14 11:46:29,GOOGL,SELL,5.7,187.14,185.6796,-8.32428,25831.71071
2025-04-14 11:48:58,NFLX,BUY,229.6,615.4858,624.3778,2041.6032,27873.31391
2025-04-14 11:52:10,NVDA,SELL,21.8,679.9154,688.0272,176.83724,28050.15115
2025-04-14 11:54:39,MSFT,SELL,31.3,401.2622,397.6095,-114.32951,27935.82164
2025-04-14 11:57:41,AAPL,BUY,170.0,198.3082,196.7531,-264.367,27671.45464
2025-04-14 12:00:32,META,BUY,345.8,482.5615,486.1051,1225.37688,28896.83152
2025-04-14 12:03:23,AAPL,SELL,139.3,219.44,221.0427,223.25611,29120.08763
2025-04-14 12:06:25,TSLA,SELL,147.6,352.685,353.6894,148.24944,29268.33707
2025-04-14 12:09:30,GOOGL,SELL,27.0,184.3882,186.3702,53.514,29321.85107
2025-04-14 12:12:56,GOOGL,BUY,31.7,170.4411,167.9303,-79.59236,29242.25871
2025-04-14 12:16:04,AMZN,SELL,114.9,177.5667,179.6996,245.07021,29487.32892
2025-04-14 12:17:51,NVDA,BUY,92.7,656.5212,646.7058,-909.88758,28577.44134
2025-04-14 12:19:27,MSFT,SELL,348.3,399.4756,398.4644,-352.20096,28225.24038
2025-04-14 12:22:47,NVDA,BUY,196.2,503.3796,498.4362,-969.89508,27255.3453
2025-04-14 12:26:10,AAPL,SELL,298.4,219.2258,218.3835,-251.34232,27004.00298
2025-04-14 12:28:59,META,SELL,264.6,515.1596,520.0188,1285.74432,28289.7473
2025-04-14 12:31:26,AMZN,BUY,294.2,178.5132,176.2895,-654.21254,27635.53476
2025-04-14 12:33:13,AMZN,SELL,295.6,176.4671,176.3384,-38.04372,27597.49104
2025-04-14 12:35:04,NVDA,SELL,248.1,490.387,485.5271,-1205.74119,26391.74985
2025-04-14 12:38:21,NFLX,SELL,167.3,643.1399,639.7377,-569.18806,25822.56179
2025-04-14 12:40:46,NVDA,SELL,122.3,798.7941,792.3148,-792.41839,25030.1434
2025-04-14 12:43:19,GOOGL,SELL,189.5,182.7729,183.3257,104.7556,25134.899
2025-04-14 12:46:35,NVDA,SELL,18.9,676.0907,678.6409,48.19878,25183.09778
2025-04-14 12:49:20,NVDA,SELL,114.2,815.312,816.18,99.1256,25282.22338
2025-04-14 12:52:28,AMZN,BUY,261.0,210.8502,212.8015,509.2893,25791.51268
2025-04-14 12:55:49,MSFT,SELL,218.5,440.6924,442.4464,383.249,26174.76168
2025-04-14 12:58:08,META,BUY,318.0,539.8983,542.7573,909.162,27083.92368
2025-04-14 13:00:28,TSLA,SELL,64.1,233.9501,231.0156,-188.10145,26895.82223
2025-04-14 13:02:05,AAPL,SELL,231.1,180.4447,179.4205,-236.69262,26659.12961
2025-04-14 13:05:32,AAPL,BUY,100.7,233.6873,231.098,-260.74251,26398.3871
2025-04-14 13:08:16,AMZN,BUY,144.8,209.3828,207.7128,-241.816,26156.5711
2025-04-14 13:10:16,NFLX,BUY,167.4,691.4122,694.335,489.27672,26645.84782
2025-04-14 13:12:44,NFLX,BUY,130.1,694.328,698.1149,492.67569,27138.52351
2025-04-14 13:15:53,NFLX,SELL,301.6,700.3263,700.0288,-89.726,27048.79751
2025-04-14 13:18:34,NFLX,BUY,261.8,631.9742,640.2823,2175.06058,29223.85809
2025-04-14 13:21:50,AMZN,SELL,225.9,210.6979,211.2831,132.19668,29356.05477
2025-04-14 13:23:30,GOOGL,SELL,223.9,195.6265,196.1488,116.94297,29472.99774
2025-04-14 13:25:22,AMZN,SELL,276.4,185.197,183.3197,-518.88572,28954.11202
2025-04-14 13:27:42,GOOGL,SELL,54.1,175.4528,176.0663,33.19035,28987.30237
2025-04-14 13:30:56,NVDA,SELL,25.3,578.6546,577.5723,-27.38219,28959.92018
2025-04-14 13:32:59,AAPL,SELL,199.7,212.2091,209.9395,-453.23912,28506.68106
2025-04-14 13:35:09,GOOGL,SELL,122.5,166.2584,167.2297,118.98425,28625.66531
2025-04-14 13:38:09,NVDA,SELL,29.3,637.6016,633.4761,-120.87715,28504.78816
2025-04-14 13:39:55,META,BUY,127.2,455.3568,449.34,-765.33696,27739.4512
2025-04-14 13:41:27,META,BUY,176.9,473.989,474.3759,68.44261,27807.89381
2025-04-14 13:44:00,NVDA,SELL,136.9,520.6461,515.641,-685.19819,27122.69562
2025-04-14 13:46:14,NVDA,BUY,27.8,798.0191,808.8989,302.45844,27425.15406
2025-04-14 13:47:54,META,BUY,290.8,559.7552,554.7566,-1453.59288,25971.56118
2025-04-14 13:51:06,NVDA,BUY,109.0,699.4511,700.0626,66.6535,26038.21468
2025-04-14 13:53:29,META,BUY,222.5,526.0441,528.8371,621.4425,26659.65718
2025-04-14 13:56:56,NVDA,BUY,241.0,566.5347,570.4635,946.8408,27606.49798
2025-04-14 13:58:34,TSLA,BUY,341.9,379.1295,378.9648,-56.31093,27550.18705
2025-04-14 14:02:03,META,SELL,123.0,554.4878,560.365,722.8956,28273.08265
2025-04-14 14:04:31,META,SELL,218.0,483.8894,480.9686,-636.7344,27636.34825
2025-04-14 14:06:08,NVDA,SELL,245.1,892.8665,901.0609,2008.44744,29644.79569
2025-04-14 14:08:03,NFLX,BUY,136.7,594.9183,586.8962,-1096.62107,28548.17462
2025-04-14 14:09:59,NFLX,SELL,51.7,611.4934,615.7418,219.64228,28767.8169
2025-04-14 14:12:57,NVDA,BUY,76.0,770.827,779.5862,665.6992,29433.5161
2025-04-14 14:15:53,AAPL,SELL,165.3,233.6743,235.6755,330.79836,29764.31446
2025-04-14 14:17:41,META,SELL,279.5,451.3419,446.4486,-1367.67735,28396.63711
2025-04-14 14:19:12,META,SELL,289.6,486.5159,481.0177,-1592.27872,26804.35839
2025-04-14 14:21:21,GOOGL,SELL,317.0,166.4474,168.6073,684.6883,27489.04669
2025-04-14 14:23:44,AMZN,BUY,293.2,215.3274,216.6017,373.62476,27862.67145
2025-04-14 14:26:28,GOOGL,BUY,23.5,160.1541,160.5535,9.3859,27872.05735
2025-04-14 14:29:10,NFLX,SELL,260.5,704.3904,697.1567,-1884.37885,25987.6785
2025-04-14 14:32:19,NFLX,BUY,60.5,649.6865,654.918,316.50575,26304.18425
2025-04-14 14:34:58,MSFT,SELL,236.1,423.1611,417.8881,-1244.9553,25059.22895
2025-04-14 14:38:13,AMZN,SELL,255.2,220.5874,219.8204,-195.7384,24863.49055
2025-04-14 14:41:02,AAPL,SELL,108.0,194.917,193.7078,-130.5936,24732.89695
2025-04-14 14:43:04,NFLX,BUY,15.4,606.6724,608.2045,23.59434,24756.49129
2025-04-14 14:44:43,NFLX,BUY,186.6,628.1207,634.7878,1244.08086,26000.57215
2025-04-14 14:47:16,NFLX,SELL,276.7,624.2844,631.5994,2024.0605,28024.63265
2025-04-14 14:49:50,GOOGL,SELL,108.9,181.0939,183.2306,232.68663,28257.31928
2025-04-14 14:52:17,TSLA,BUY,226.4,257.1265,254.3746,-623.03016,27634.28912
2025-04-14 14:54:30,TSLA,BUY,234.8,376.3421,378.5007,506.83928,28141.1284
2025-04-14 14:56:59,GOOGL,BUY,98.1,190.6639,190.6369,-2.6487,28138.4797
2025-04-14 15:00:17,META,BUY,9.3,525.8058,528.3868,24.0033,28162.483
2025-04-14 15:02:49,MSFT,BUY,171.1,412.2267,409.36,-490.49237,27671.99063
2025-04-14 15:06:06,MSFT,SELL,235.0,402.855,405.4127,601.0595,28273.05013
2025-04-14 15:08:01,MSFT,SELL,121.8,412.8299,417.7729,602.0574,28875.10753
2025-04-14 15:09:42,NFLX,BUY,124.9,643.7454,643.9016,19.50938,28894.61691
2025-04-14 15:12:47,GOOGL,BUY,148.5,182.1394,181.4007,-109.69695,28784.91996
2025-04-14 15:15:10,AAPL,SELL,200.2,209.5164,212.5357,604.46386,29389.38382
2025-04-14 15:17:33,NVDA,SELL,122.9,574.5008,576.9004,294.91084,29684.29466
2025-04-14 15:20:55,NFLX,SELL,76.4,588.1818,580.6252,-577.32424,29106.97042
2025-04-14 15:23:07,META,BUY,133.2,475.7812,472.367,-454.77144,28652.19898
2025-04-14 15:24:46,MSFT,SELL,55.1,406.0673,400.9694,-280.89429,28371.30469
2025-04-14 15:27:46,META,SELL,197.5,546.8255,553.2559,1270.004,29641.30869
2025-04-14 15:30:53,META,SELL,221.5,504.4574,509.4103,1097.06735,30738.37604
2025-04-14 15:33:15,NVDA,BUY,25.2,734.7851,744.2575,238.70448,30977.08052
2025-04-14 15:35:05,GOOGL,BUY,68.2,168.5135,170.1857,114.04404,31091.12456
2025-04-14 15:38:12,NFLX,BUY,6.5,645.3165,638.2144,-46.16365,31044.96091
2025-04-14 15:39:57,MSFT,SELL,173.3,395.7091,389.892,-1008.10343,30036.85748
2025-04-14 15:41:53,AAPL,BUY,151.7,205.8337,205.8486,2.26033,30039.11781
2025-04-14 15:44:22,TSLA,SELL,56.7,317.5771,316.8155,-43.18272,29995.93509
2025-04-14 15:46:16,TSLA,SELL,76.1,202.043,201.541,-38.2022,29957.73289
2025-04-14 15:49:20,NFLX,SELL,214.8,637.3701,630.9875,-1370.98248,28586.75041
2025-04-14 15:51:29,AAPL,BUY,294.1,231.0532,233.6863,774.39471,29361.14512
2025-04-14 15:54:29,TSLA,BUY,49.0,365.6039,362.5109,-151.557,29209.58812
2025-04-14 15:57:37,MSFT,SELL,136.4,407.2068,409.5861,324.53652,29534.12464
2025-04-14 16:00:42,NFLX,BUY,45.0,676.2852,674.5233,-79.2855,29454.83914
2025-04-14 16:03:17,MSFT,BUY,191.3,461.7595,466.3975,887.2494,30342.08854
2025-04-14 16:06:14,META,SELL,199.0,518.5912,521.1009,499.4303,30841.51884
2025-04-14 16:08:09,AAPL,BUY,178.4,175.3427,177.6052,403.63,31245.14884
2025-04-14 16:09:49,GOOGL,SELL,151.2,202.4072,203.2424,126.28224,31371.43108
2025-04-14 16:12:09,NVDA,SELL,109.8,777.6848,787.9155,1123.33086,32494.76194
2025-04-14 16:14:01,AAPL,BUY,121.0,185.3266,185.4123,10.3697,32505.13164
2025-04-14 16:15:55,NVDA,SELL,235.4,754.2259,759.1387,1156.47312,33661.60476
2025-04-14 16:18:41,AMZN,BUY,73.3,217.2865,218.1531,63.52178,33725.12654
2025-04-14 16:21:46,AAPL,BUY,123.3,181.0791,179.7261,-166.8249,33558.30164
2025-04-14 16:25:04,GOOGL,SELL,285.6,176.8535,176.0168,-238.96152,33319.34012
2025-04-14 16:28:20,NVDA,BUY,196.6,628.7986,628.8236,4.915,33324.25512
2025-04-14 16:30:48,AAPL,BUY,299.7,219.7111,218.2876,-426.62295,32897.63217
2025-04-14 16:32:55,AAPL,SELL,334.9,176.7714,177.9552,396.45462,33294.08679
2025-04-14 16:34:55,MSFT,BUY,157.4,454.8238,456.0123,187.0699,33481.15669
2025-04-14 16:37:17,AMZN,BUY,145.8,189.6704,190.9557,187.39674,33668.55343
2025-04-14 16:39:32,GOOGL,SELL,51.2,199.7554,197.757,-102.31808,33566.23535
2025-04-14 16:42:45,META,BUY,231.5,550.571,553.1396,594.6309,34160.86625
2025-04-14 16:45:45,TSLA,BUY,70.5,287.062,289.4621,169.20705,34330.0733
2025-04-14 16:49:04,AMZN,SELL,345.4,198.708,200.697,687.0006,35017.0739
2025-04-14 16:52:24,META,BUY,123.4,529.8834,535.3556,675.26948,35692.34338
2025-04-14 16:54:37,TSLA,BUY,36.2,332.9913,333.8167,29.87948,35722.22286
2025-04-14 16:56:54,NFLX,SELL,245.5,681.5237,675.5594,-1464.23565,34257.98721
2025-04-14 16:59:58,NFLX,BUY,45.4,633.4374,624.2259,-418.2021,33839.78511
2025-04-14 17:03:07,AMZN,BUY,272.4,178.4701,176.361,-574.51884,33265.26627
2025-04-14 17:06:02,NVDA,SELL,189.5,468.4668,468.9032,82.6978,33347.96407
2025-04-14 17:09:31,GOOGL,BUY,324.6,161.915,163.8734,635.69664,33983.66071
2025-04-14 17:12:32,NVDA,BUY,266.6,930.0558,920.5118,-2544.4304,31439.23031
2025-04-14 17:15:15,META,SELL,11.0,540.5923,535.1414,-59.9599,31379.27041
2025-04-14 17:18:07,GOOGL,BUY,82.2,169.8136,168.5411,-104.5995,31274.67091
2025-04-14 17:21:31,META,SELL,245.3,503.4109,504.6086,293.79581,31568.46672
2025-04-14 17:23:45,META,SELL,302.4,503.9854,500.765,-973.84896,30594.61776
2025-04-14 17:25:39,META,SELL,212.4,500.5611,499.8191,-157.6008,30437.01696
2025-04-14 17:27:18,META,SELL,331.5,534.3756,526.4503,-2627.23695,27809.78001
2025-04-14 17:29:31,AMZN,SELL,252.9,220.8624,223.9562,782.42202,28592.20203
2025-04-14 17:31:07,NFLX,SELL,60.5,649.9218,641.3064,-521.2317,28070.97033
2025-04-14 17:33:04,AAPL,BUY,49.1,239.3769,242.1216,134.76477,28205.7351
2025-04-14 17:35:08,GOOGL,BUY,182.9,180.9147,181.2596,63.08221,28268.81731
2025-04-14 17:37:17,TSLA,BUY,166.1,337.7681,338.8665,182.44424,28451.26155
2025-04-14 17:40:20,TSLA,BUY,236.7,162.5898,164.6207,480.71403,28931.97558
2025-04-14 17:43:43,TSLA,SELL,321.6,198.0192,197.3805,-205.40592,28726.56966
2025-04-14 17:46:43,NVDA,SELL,296.4,814.0536,808.7555,-1570.35684,27156.21282
2025-04-14 17:49:49,NVDA,BUY,114.7,726.6705,728.2919,185.97458,27342.1874
2025-04-14 17:52:32,META,SELL,42.7,460.8376,456.9532,-165.86388,27176.32352
2025-04-14 17:54:03,NFLX,SELL,249.9,593.8144,596.5711,688.89933,27865.22285
2025-04-14 17:56:18,AAPL,BUY,231.4,170.0407,172.0964,475.68898,28340.91183
2025-04-14 17:58:13,NFLX,SELL,102.5,704.5281,707.9485,350.591,28691.50283
2025-04-14 18:01:28,MSFT,SELL,259.7,425.5542,427.1047,402.66485,29094.16768
2025-04-14 18:04:13,TSLA,BUY,239.4,344.1696,346.3349,518.37282,29612.5405
2025-04-14 18:06:42,META,SELL,291.8,458.8996,460.7273,533.32286,30145.86336
2025-04-14 18:09:59,NFLX,BUY,78.3,707.0261,696.7748,-802.67679,29343.18657
2025-04-14 18:12:47,GOOGL,BUY,235.8,169.7631,168.6771,-256.0788,29087.10777
2025-04-14 18:15:40,NVDA,BUY,265.9,708.9195,701.7115,-1916.6072,27170.50057
2025-04-14 18:18:35,NVDA,SELL,264.5,802.4837,794.7885,-2035.3804,25135.12017
2025-04-14 18:20:36,MSFT,BUY,117.4,415.2658,410.0315,-614.50682,24520.61335
2025-04-14 18:22:34,NVDA,BUY,148.2,492.3444,491.8999,-65.8749,24454.73845
2025-04-14 18:24:47,GOOGL,SELL,248.0,171.4298,169.5608,-463.512,23991.22645
2025-04-14 18:28:08,MSFT,BUY,58.8,450.534,444.5745,-350.4186,23640.80785
2025-04-14 18:30:34,NFLX,SELL,87.2,613.3994,620.9101,654.93304,24295.74089
2025-04-14 18:33:51,TSLA,BUY,173.6,259.8706,258.92,-165.02416,24130.71673
2025-04-14 18:36:22,AAPL,BUY,116.7,182.6011,180.8206,-207.78435,23922.93238
2025-04-14 18:39:28,GOOGL,BUY,203.8,159.2988,158.8442,-92.64748,23830.2849
2025-04-14 18:41:51,GOOGL,SELL,161.1,193.2556,192.1909,-171.52317,23658.76173
2025-04-14 18:44:58,MSFT,SELL,283.3,420.108,417.593,-712.4995,22946.26223
2025-04-14 18:47:54,MSFT,SELL,338.7,382.7406,383.9295,402.68043,23348.94266
2025-04-14 18:50:54,AAPL,SELL,40.5,241.059,242.953,76.707,23425.64966
2025-04-14 18:52:38,NFLX,SELL,30.7,646.6931,653.7666,217.15645,23642.80611
2025-04-14 18:55:06,META,SELL,17.8,534.5981,534.509,-1.58598,23641.22013
2025-04-14 18:57:23,TSLA,SELL,192.9,341.2355,346.0526,929.21859,24570.43872
2025-04-14 18:59:57,NVDA,BUY,154.7,874.6751,867.4155,-1123.06012,23447.3786
2025-04-14 19:02:56,TSLA,BUY,323.0,334.582,330.0814,-1453.6938,21993.6848
2025-04-14 19:05:04,NFLX,SELL,76.3,619.5743,614.761,-367.25479,21626.43001
2025-04-14 19:07:43,MSFT,BUY,115.8,408.6974,405.9865,-313.92222,21312.50779
2025-04-14 19:09:19,NFLX,BUY,121.3,623.5122,630.632,863.63174,22176.13953
2025-04-14 19:11:49,MSFT,SELL,62.3,386.4244,382.9759,-214.84155,21961.29798
2025-04-14 19:13:53,MSFT,SELL,186.2,384.5551,380.057,-837.54622,21123.75176
2025-04-14 19:16:48,META,BUY,327.8,524.5193,522.5969,-630.16272,20493.58904
2025-04-14 19:19:52,AMZN,SELL,333.7,187.8541,189.5754,574.39781,21067.98685
2025-04-14 19:21:49,GOOGL,BUY,198.3,157.6037,156.5593,-207.10452,20860.88233
2025-04-14 19:24:15,MSFT,SELL,304.4,419.6051,420.4963,271.28128,21132.16361
2025-04-14 19:27:42,AAPL,BUY,250.9,178.8696,180.3286,366.0631,21498.22671
2025-04-14 19:29:34,NVDA,BUY,304.1,703.4429,707.6046,1265.57297,22763.79968
2025-04-14 19:32:41,META,BUY,319.4,486.8327,490.2261,1083.85196,23847.65164
2025-04-14 19:34:57,AMZN,SELL,191.0,191.7548,189.2491,-478.5887,23369.06294
2025-04-14 19:36:48,NFLX,BUY,143.8,592.1362,587.3797,-683.9847,22685.07824
2025-04-14 19:38:21,NVDA,BUY,70.8,700.9306,699.4816,-102.5892,22582.48904
2025-04-14 19:41:16,AMZN,BUY,136.2,183.3061,183.5627,34.94892,22617.43796
2025-04-14 19:43:42,AAPL,SELL,251.3,230.9889,231.0149,6.5338,22623.97176
2025-04-14 19:46:35,MSFT,BUY,149.2,397.2111,391.9641,-782.8524,21841.11936
2025-04-14 19:49:53,META,SELL,77.6,483.7201,490.4015,518.47664,22359.596
2025-04-14 19:52:19,META,BUY,77.8,515.3263,515.9179,46.02648,22405.62248
2025-04-14 19:55:02,MSFT,SELL,211.3,422.0328,417.9445,-863.85779,21541.76469
2025-04-14 19:57:55,AMZN,SELL,141.8,203.1277,201.3564,-251.17034,21290.59435
2025-04-14 19:59:56,TSLA,SELL,59.4,244.413,241.503,-172.854,21117.74035
2025-04-14 20:02:16,MSFT,BUY,21.9,401.6255,399.3555,-49.713,21068.02735
2025-04-14 20:05:31,AMZN,SELL,36.2,200.6151,198.0918,-91.34346,20976.68389
2025-04-14 20:08:44,NVDA,SELL,83.9,873.9997,878.7144,395.56333,21372.24722
2025-04-14 20:10:26,TSLA,BUY,134.5,237.5129,235.6237,-254.0974,21118.14982
2025-04-14 20:12:18,MSFT,SELL,189.0,408.2219,411.2852,578.9637,21697.11352
2025-04-14 20:14:30,GOOGL,SELL,126.4,163.6149,165.5541,245.11488,21942.2284
2025-04-14 20:17:37,AAPL,BUY,343.9,203.7917,203.0742,-246.74825,21695.48015
2025-04-14 20:20:00,TSLA,BUY,7.1,195.3191,194.6714,-4.59867,21690.88148
2025-04-14 20:22:23,TSLA,BUY,223.8,257.1116,257.1973,19.17966,21710.06114
2025-04-14 20:24:06,META,BUY,337.7,546.2322,542.5854,-1231.52436,20478.53678
2025-04-14 20:26:29,META,SELL,81.2,506.5583,512.2364,461.06172,20939.5985
2025-04-14 20:29:44,MSFT,BUY,66.3,428.7346,423.0236,-378.6393,20560.9592
2025-04-14 20:32:41,AMZN,BUY,261.2,225.3165,224.2792,-270.94276,20290.01644
2025-04-14 20:35:59,TSLA,SELL,324.1,162.6252,160.516,-683.59172,19606.42472
2025-04-14 20:38:56,GOOGL,BUY,13.8,180.5956,181.4691,12.0543,19618.47902
2025-04-14 20:41:10,TSLA,SELL,191.6,260.583,257.4113,-607.69772,19010.7813
2025-04-14 20:43:09,NVDA,BUY,267.3,836.0521,834.9255,-301.14018,18709.64112
2025-04-14 20:45:24,AMZN,BUY,303.9,184.3937,186.7121,704.56176,19414.20288
2025-04-14 20:48:22,MSFT,SELL,67.1,437.7332,441.9445,282.57823,19696.78111
2025-04-14 20:51:17,AAPL,SELL,180.6,223.64,221.4997,-386.53818,19310.24293
2025-04-14 20:54:37,NFLX,BUY,340.4,590.8459,582.0468,-2995.21364,16315.02929
2025-04-14 20:56:27,META,SELL,298.6,470.1103,476.6664,1957.65146,18272.68075
2025-04-14 20:59:34,TSLA,SELL,212.0,336.8604,339.3852,535.2576,18807.93835
2025-04-14 21:01:33,AMZN,BUY,242.4,177.7568,179.4544,411.49824,19219.43659
2025-04-14 21:03:24,NFLX,BUY,57.4,685.725,683.615,-121.114,19098.32259
2025-04-14 21:05:24,NVDA,SELL,326.4,601.1533,605.8185,1522.72128,20621.04387
2025-04-14 21:08:20,NVDA,SELL,96.8,769.0761,771.0149,187.67584,20808.71971
2025-04-14 21:11:37,NFLX,BUY,185.3,609.47,618.344,1644.3522,22453.07191
2025-04-14 21:14:28,AMZN,BUY,228.9,187.6222,185.5286,-479.22504,21973.84687
2025-04-14 21:17:03,NFLX,BUY,291.3,628.5611,620.2118,-2432.15109,19541.69578
2025-04-14 21:20:32,GOOGL,BUY,319.4,174.3392,174.6378,95.37284,19637.06862
2025-04-14 21:23:01,GOOGL,BUY,171.7,160.4687,161.0189,94.46934,19731.53796
2025-04-14 21:25:07,AMZN,SELL,48.1,206.7574,204.1009,-127.77765,19603.76031
2025-04-14 21:28:37,AMZN,BUY,128.0,178.9912,180.119,144.3584,19748.11871
2025-04-14 21:31:14,AMZN,SELL,274.4,200.7809,200.6536,-34.93112,19713.18759
2025-04-14 21:34:00,META,SELL,51.6,488.0713,480.8222,-374.05356,19339.13403
2025-04-14 21:36:20,META,BUY,56.1,539.7094,535.8772,-214.98642,19124.14761
2025-04-14 21:39:01,AAPL,BUY,77.7,176.3462,176.4349,6.89199,19131.0396
2025-04-14 21:41:52,MSFT,SELL,220.7,451.3635,457.3772,1327.22359,20458.26319
2025-04-14 21:43:22,AMZN,BUY,45.4,211.521,213.2579,78.85526,20537.11845
2025-04-14 21:44:54,MSFT,SELL,50.7,427.1368,426.3828,-38.2278,20498.89065
2025-04-14 21:48:21,META,SELL,327.7,506.1194,512.9087,2224.85361,22723.74426
2025-04-14 21:50:18,AAPL,SELL,95.3,181.877,180.8681,-96.14817,22627.59609
2025-04-14 21:53:10,AAPL,BUY,310.8,194.0382,193.9653,-22.65732,22604.93877
2025-04-14 21:55:00,NVDA,BUY,211.8,463.8773,461.8997,-418.85568,22186.08309
2025-04-14 21:56:47,META,BUY,124.3,505.112,505.6772,70.25436,22256.33745
2025-04-14 21:58:40,GOOGL,BUY,284.3,169.5243,168.273,-355.74459,21900.59286
2025-04-14 22:01:12,AMZN,SELL,173.9,227.1487,225.5973,-269.78846,21630.8044
2025-04-14 22:04:08,GOOGL,SELL,344.1,157.504,155.3297,-748.17663,20882.62777
2025-04-14 22:06:36,AAPL,SELL,341.9,183.1959,184.7999,548.4076,21431.03537
2025-04-14 22:08:49,GOOGL,SELL,74.2,158.9629,156.7278,-165.84442,21265.19095
2025-04-14 22:11:46,AMZN,BUY,314.5,199.6262,197.8631,-554.49495,20710.696
2025-04-14 22:14:25,AAPL,BUY,237.7,206.2128,203.7971,-574.21189,20136.48411
2025-04-14 22:17:48,NFLX,SELL,79.0,663.3208,658.9014,-349.1326,19787.35151
2025-04-14 22:20:18,MSFT,BUY,161.6,442.9547,442.3742,-93.8088,19693.54271
2025-04-14 22:21:56,META,BUY,67.5,492.4332,492.5263,6.28425,19699.82696
2025-04-14 22:24:18,NVDA,SELL,156.7,834.4722,843.4598,1408.35692,21108.18388
2025-04-14 22:26:59,META,SELL,55.2,555.2899,548.7993,-358.28112,20749.90276
2025-04-14 22:29:10,GOOGL,BUY,207.5,191.7429,193.7045,407.032,21156.93476
2025-04-14 22:30:55,MSFT,SELL,297.5,446.0073,447.6637,492.779,21649.71376
2025-04-14 22:33:30,NFLX,BUY,144.5,622.5051,624.8305,336.0203,21985.73406
2025-04-14 22:36:21,AMZN,BUY,349.8,212.7149,211.7428,-340.04058,21645.69348
2025-04-14 22:39:30,NFLX,SELL,79.0,606.6539,612.0192,423.8587,22069.55218
2025-04-14 22:42:55,META,BUY,200.1,461.9004,459.4181,-496.70823,21572.84395
2025-04-14 22:45:28,TSLA,SELL,193.9,348.9885,346.4282,-496.44217,21076.40178
2025-04-14 22:48:56,AAPL,SELL,25.4,225.2439,221.8806,-85.42782,20990.97396
2025-04-14 22:51:59,AMZN,BUY,302.2,217.1015,215.398,-514.7977,20476.17626
2025-04-14 22:53:44,TSLA,SELL,158.4,229.1976,231.0919,300.05712,20776.23338
2025-04-14 22:56:31,GOOGL,BUY,178.6,178.3619,179.6085,222.64276,20998.87614
2025-04-14 22:59:55,NFLX,SELL,261.2,601.0951,608.7398,1996.79564,22995.67178
2025-04-14 23:01:58,GOOGL,BUY,210.8,189.019,189.8247,169.84156,23165.51334
2025-04-14 23:04:56,NVDA,SELL,116.0,660.2527,666.6705,744.4648,23909.97814
2025-04-14 23:07:01,GOOGL,SELL,329.3,182.7769,183.8859,365.1937,24275.17184
2025-04-14 23:10:04,NVDA,SELL,294.6,896.73,907.7667,3251.41182,27526.58366
2025-04-14 23:12:15,NVDA,BUY,283.3,626.9249,625.6114,-372.11455,27154.46911
2025-04-14 23:14:43,AAPL,SELL,269.9,182.0117,181.4728,-145.44911,27009.02
2025-04-14 23:16:26,GOOGL,SELL,59.4,195.6007,198.3177,161.3898,27170.4098
2025-04-14 23:18:44,TSLA,BUY,39.4,219.7077,217.7368,-77.65346,27092.75634
2025-04-14 23:21:41,META,SELL,43.1,506.3226,498.7368,-326.94798,26765.80836
2025-04-14 23:23:30,GOOGL,SELL,260.7,166.5423,166.1924,-91.21893,26674.58943
2025-04-14 23:25:41,TSLA,SELL,59.3,368.5545,370.7249,128.70472,26803.29415
2025-04-14 23:28:43,TSLA,SELL,39.7,199.5374,199.8233,11.35023,26814.64438
2025-04-14 23:32:09,META,SELL,17.0,496.507,502.2242,97.1924,26911.83678
2025-04-14 23:35:13,NFLX,SELL,225.9,613.2801,605.4031,-1779.4143,25132.42248
2025-04-14 23:37:12,AAPL,SELL,120.7,209.7079,209.5978,-13.28907,25119.13341
2025-04-14 23:38:48,AMZN,SELL,181.8,219.2694,222.485,584.59608,25703.72949
2025-04-14 23:41:41,TSLA,BUY,250.0,266.5811,263.4421,-784.75,24918.97949
2025-04-14 23:44:40,NFLX,BUY,319.0,673.8704,667.4979,-2032.8275,22886.15199
2025-04-14 23:46:40,AMZN,BUY,51.6,217.4724,214.821,-136.81224,22749.33975
2025-04-14 23:49:51,TSLA,SELL,339.7,241.8753,241.4067,-159.18342,22590.15633
2025-04-14 23:51:57,TSLA,SELL,229.9,205.9093,206.6951,180.65542,22770.81175
2025-04-14 23:54:55,META,SELL,62.5,471.3139,467.4067,-244.2,22526.61175
2025-04-14 23:57:29,META,BUY,87.7,498.8849,504.7139,511.2033,23037.81505
2025-04-15 00:00:05,TSLA,SELL,82.1,259.1565,256.7214,-199.92171,22837.89334
2025-04-15 00:03:14,GOOGL,SELL,113.8,165.9634,165.5091,-51.69934,22786.194
2025-04-15 00:04:47,GOOGL,BUY,131.1,203.8759,202.9449,-122.0541,22664.1399
2025-04-15 00:07:20,TSLA,SELL,142.5,397.7102,392.1755,-788.69475,21875.44515
2025-04-15 00:09:53,AMZN,SELL,123.6,190.1546,191.7088,192.09912,22067.54427
2025-04-15 00:12:49,META,BUY,142.7,550.5221,544.7494,-823.76429,21243.77998
2025-04-15 00:14:59,META,BUY,120.5,458.4277,460.4653,245.5308,21489.31078
2025-04-15 00:17:13,AAPL,SELL,159.1,179.9432,181.9544,319.98192,21809.2927
2025-04-15 00:19:29,AAPL,BUY,207.8,191.5339,191.6545,25.06068,21834.35338
2025-04-15 00:21:26,AAPL,BUY,304.5,204.5417,203.0149,-464.9106,21369.44278
2025-04-15 00:24:03,TSLA,BUY,242.3,314.163,314.0924,-17.10638,21352.3364
2025-04-15 00:25:47,NVDA,SELL,115.3,661.8514,659.4034,-282.2544,21070.082
2025-04-15 00:29:17,META,SELL,49.0,479.45,483.9435,220.1815,21290.2635
2025-04-15 00:32:13,AMZN,SELL,42.0,176.1578,178.745,108.6624,21398.9259
2025-04-15 00:34:50,AAPL,BUY,217.3,208.8025,208.4437,-77.96724,21320.95866
2025-04-15 00:37:28,AMZN,BUY,90.0,207.9216,208.909,88.866,21409.82466
2025-04-15 00:40:36,AMZN,BUY,182.8,216.0027,218.5574,466.99916,21876.82382
2025-04-15 00:43:08,NVDA,BUY,283.2,812.9664,813.3319,103.5096,21980.33342
2025-04-15 00:45:55,TSLA,SELL,180.2,363.064,367.5196,802.89912,22783.23254
2025-04-15 00:48:34,AAPL,SELL,347.9,172.7685,170.3074,-856.21669,21927.01585
2025-04-15 00:51:14,AAPL,BUY,250.0,201.458,204.3646,726.65,22653.66585
2025-04-15 00:53:27,META,BUY,38.5,528.2441,536.1622,304.84685,22958.5127
2025-04-15 00:56:26,META,SELL,336.5,493.9007,499.675,1943.05195,24901.56465
2025-04-15 00:58:05,MSFT,SELL,54.7,461.6058,465.4248,208.8993,25110.46395
2025-04-15 00:59:49,MSFT,SELL,141.8,423.1,427.7196,655.05928,25765.52323
2025-04-15 01:01:39,TSLA,SELL,294.5,353.9078,354.5448,187.5965,25953.11973
2025-04-15 01:04:23,NFLX,BUY,302.4,704.5428,702.1923,-710.7912,25242.32853
2025-04-15 01:06:12,TSLA,BUY,149.0,205.3922,204.9777,-61.7605,25180.56803
2025-04-15 01:09:09,NFLX,SELL,266.9,676.3348,683.8767,2012.93311,27193.50114
2025-04-15 01:11:29,NFLX,SELL,103.5,705.2588,699.1459,-632.68515,26560.81599
2025-04-15 01:14:12,NFLX,BUY,201.6,619.0061,626.9378,1599.03072,28159.84671
2025-04-15 01:17:18,META,SELL,54.7,517.6867,518.1272,24.09535,28183.94206
2025-04-15 01:20:20,NFLX,BUY,48.8,693.9878,686.2884,-375.73072,27808.21134
2025-04-15 01:22:18,TSLA,SELL,195.6,409.6129,415.4989,1151.3016,28959.51294
2025-04-15 01:24:50,META,SELL,39.1,459.8921,455.5647,-169.20134,28790.3116
2025-04-15 01:26:47,NFLX,SELL,9.6,646.4433,646.5206,0.74208,28791.05368
2025-04-15 01:28:58,NVDA,BUY,183.7,610.6874,619.1948,1562.80938,30353.86306
2025-04-15 01:31:15,AMZN,SELL,199.8,218.66,218.8594,39.84012,30393.70318
2025-04-15 01:34:43,AAPL,BUY,133.6,166.0085,166.5659,74.46864,30468.17182
2025-04-15 01:37:31,NVDA,BUY,163.2,639.6891,632.8202,-1121.00448,29347.16734
2025-04-15 01:40:29,MSFT,BUY,33.6,396.575,397.0375,15.54,29362.70734
2025-04-15 01:42:21,GOOGL,SELL,214.5,165.2141,165.7743,120.1629,29482.87024
2025-04-15 01:45:27,NFLX,SELL,198.6,675.0322,674.4307,-119.4579,29363.41234
2025-04-15 01:48:32,TSLA,BUY,313.4,378.2076,382.1153,1224.67318,30588.08552
2025-04-15 01:50:04,AAPL,SELL,14.2,195.7152,196.76,14.83616,30602.92168
2025-04-15 01:51:50,AMZN,SELL,202.1,230.9759,232.0883,224.81604,30827.73772
2025-04-15 01:53:54,GOOGL,BUY,100.8,190.8866,191.8426,96.3648,30924.10252
2025-04-15 01:57:16,AMZN,BUY,258.9,212.603,215.4717,742.70643,31666.80895
2025-04-15 01:59:01,META,SELL,224.8,556.9658,562.9266,1339.98784,33006.79679
2025-04-15 02:02:24,META,SELL,224.0,524.1016,523.8197,-63.1456,32943.65119
2025-04-15 02:05:30,TSLA,BUY,106.9,168.9028,170.7902,201.76306,33145.41425
2025-04-15 02:08:10,NVDA,SELL,278.4,567.1887,565.3898,-500.81376,32644.60049
2025-04-15 02:11:02,GOOGL,SELL,264.8,188.2855,189.9001,427.54608,33072.14657
2025-04-15 02:13:54,NVDA,BUY,78.1,883.1635,873.4465,-758.8977,32313.24887
2025-04-15 02:15:52,MSFT,BUY,268.6,397.0207,395.3542,-447.6219,31865.62697
2025-04-15 02:18:23,GOOGL,BUY,61.9,175.4425,174.5955,-52.4293,31813.19767
2025-04-15 02:20:06,NFLX,BUY,102.3,598.4856,606.3081,800.24175,32613.43942
2025-04-15 02:22:15,META,BUY,141.7,470.5543,471.718,164.89629,32778.33571
2025-04-15 02:25:23,GOOGL,SELL,266.6,167.1921,168.6154,379.45178,33157.78749
2025-04-15 02:28:34,AMZN,SELL,198.4,190.3061,190.8076,99.4976,33257.28509
2025-04-15 02:30:51,AMZN,SELL,137.2,209.3057,206.5176,-382.52732,32874.75777
2025-04-15 02:33:50,NVDA,BUY,346.8,713.5034,703.9689,-3306.5646,29568.19317
2025-04-15 02:37:19,NFLX,SELL,250.9,644.2097,651.0159,1707.67558,31275.86875
2025-04-15 02:40:19,GOOGL,SELL,278.6,180.689,180.8264,38.27964,31314.14839
2025-04-15 02:42:55,META,BUY,32.1,528.3539,532.2578,125.31519,31439.46358
2025-04-15 02:44:53,NFLX,SELL,340.5,685.1084,677.6079,-2553.92025,28885.54333
2025-04-15 02:46:37,NFLX,SELL,119.6,611.9445,620.2581,994.30656,29879.84989
2025-04-15 02:49:27,TSLA,BUY,52.5,299.032,299.6685,33.41625,29913.26614
2025-04-15 02:52:23,NVDA,SELL,269.2,893.1003,889.1639,-1059.67888,28853.58726
2025-04-15 02:55:05,GOOGL,SELL,284.5,179.0014,179.7084,201.1415,29054.72876
2025-04-15 02:58:16,MSFT,BUY,47.5,377.3859,379.8551,117.287,29172.01576
2025-04-15 03:01:26,TSLA,BUY,210.7,339.6216,341.3313,360.23379,29532.24955
2025-04-15 03:03:46,MSFT,SELL,207.2,395.15,395.013,-28.3864,29503.86315
2025-04-15 03:05:29,AMZN,BUY,236.4,204.2606,205.4695,285.78396,29789.64711
2025-04-15 03:08:41,TSLA,BUY,329.3,151.7554,150.6863,-352.05463,29437.59248
2025-04-15 03:11:16,GOOGL,BUY,226.2,164.1678,165.0217,193.15218,29630.74466
2025-04-15 03:14:38,META,SELL,218.6,483.6184,485.9286,505.00972,30135.75438
2025-04-15 03:17:52,NVDA,BUY,58.6,921.8117,924.1989,139.88992,30275.6443
2025-04-15 03:20:04,AAPL,BUY,93.3,220.2386,222.6479,224.78769,30500.43199
2025-04-15 03:23:11,NVDA,SELL,172.0,561.6087,560.7241,-152.1512,30348.28079
2025-04-15 03:25:37,NVDA,SELL,49.9,903.6021,911.3826,388.24695,30736.52774
2025-04-15 03:28:49,NFLX,SELL,228.2,625.6829,621.9205,-858.57968,29877.94806
2025-04-15 03:31:15,AAPL,SELL,30.9,171.9004,174.0275,65.72739,29943.67545
2025-04-15 03:34:39,MSFT,BUY,210.7,446.3049,452.8828,1385.96353,31329.63898
2025-04-15 03:37:10,AMZN,SELL,147.2,202.7932,204.0585,186.25216,31515.89114
2025-04-15 03:40:17,GOOGL,SELL,163.5,179.2489,180.5932,219.79305,31735.68419
2025-04-15 03:43:23,MSFT,SELL,151.0,431.1612,429.4571,-257.3191,31478.36509
2025-04-15 03:46:17,NVDA,BUY,297.4,557.0932,564.2836,2138.42496,33616.79005
2025-04-15 03:49:00,NFLX,BUY,158.7,706.4031,702.7141,-585.4443,33031.34575
2025-04-15 03:52:04,META,SELL,37.3,472.021,472.874,31.8169,33063.16265
2025-04-15 03:53:41,GOOGL,BUY,210.4,172.8923,171.4607,-301.20864,32761.95401
2025-04-15 03:56:54,GOOGL,SELL,29.8,165.8133,168.1271,68.95124,32830.90525
2025-04-15 03:59:51,META,BUY,277.1,470.4126,473.2022,772.99816,33603.90341
2025-04-15 04:01:47,META,BUY,157.3,459.0157,465.3786,1000.88417,34604.78758
2025-04-15 04:04:07,AMZN,SELL,18.2,185.8834,187.9327,37.29726,34642.08484
2025-04-15 04:06:17,AAPL,SELL,229.9,201.0269,198.1111,-670.34242,33971.74242
2025-04-15 04:08:12,META,BUY,346.8,528.0374,521.988,-2097.93192,31873.8105
2025-04-15 04:10:27,AAPL,SELL,336.2,182.8837,184.2058,444.49002,32318.30052
2025-04-15 04:13:28,TSLA,SELL,36.2,361.6947,361.7102,0.5611,32318.86162
2025-04-15 04:16:32,NFLX,BUY,236.4,700.1444,702.9126,654.40248,32973.2641
2025-04-15 04:18:33,META,SELL,221.9,547.1516,546.8681,-62.90865,32910.35545
2025-04-15 04:20:23,NFLX,SELL,183.3,639.9505,637.2731,-490.76742,32419.58803
2025-04-15 04:23:07,TSLA,SELL,207.8,172.6389,170.9927,-342.08036,32077.50767
2025-04-15 04:25:54,META,BUY,170.0,484.9123,489.5979,796.552,32874.05967
2025-04-15 04:27:30,MSFT,BUY,41.2,394.3045,396.6161,95.23792,32969.29759
2025-04-15 04:29:16,META,BUY,154.9,501.7321,495.1745,-1015.77224,31953.52535
2025-04-15 04:31:55,AMZN,BUY,244.2,195.7788,195.6733,-25.7631,31927.76225
2025-04-15 04:34:59,AAPL,SELL,126.9,178.679,179.8713,151.30287,32079.06512
2025-04-15 04:37:21,AAPL,SELL,130.8,197.0682,199.9515,377.13564,32456.20076
2025-04-15 04:40:02,MSFT,BUY,116.5,390.5868,392.8226,260.4707,32716.67146
2025-04-15 04:42:34,TSLA,SELL,57.2,206.3508,208.1079,100.50612,32817.17758
2025-04-15 04:44:22,MSFT,BUY,186.9,442.0581,446.7509,877.08432,33694.2619
2025-04-15 04:46:55,AAPL,SELL,282.0,223.0152,220.9672,-577.536,33116.7259
2025-04-15 04:49:41,META,SELL,259.4,506.6694,503.7784,-749.9254,32366.8005
2025-04-15 04:51:45,META,SELL,161.9,529.4379,526.5942,-460.39503,31906.40547
2025-04-15 04:53:34,NVDA,BUY,126.9,831.3646,832.6273,160.23663,32066.6421
2025-04-15 04:56:31,TSLA,BUY,144.1,382.4707,382.2433,-32.76834,32033.87376
2025-04-15 04:58:40,NFLX,BUY,187.8,683.3244,673.3201,-1878.80754,30155.06622
2025-04-15 05:00:23,TSLA,SELL,338.3,273.6823,273.6152,-22.69993,30132.36629
2025-04-15 05:02:25,GOOGL,SELL,194.1,160.0225,161.328,253.39755,30385.76384
2025-04-15 05:04:49,META,BUY,107.0,547.2913,551.9839,502.1082,30887.87204
2025-04-15 05:07:56,NFLX,BUY,261.6,711.97,710.7458,-320.25072,30567.62132
2025-04-15 05:10:18,NVDA,BUY,301.9,935.5081,937.6735,653.73426,31221.35558
2025-04-15 05:12:07,META,BUY,80.4,503.7557,496.2072,-606.8994,30614.45618
2025-04-15 05:14:14,NVDA,SELL,22.3,571.1274,579.4706,186.05336,30800.50954
2025-04-15 05:16:05,AAPL,SELL,264.3,170.978,170.8407,-36.28839,30764.22115
2025-04-15 05:17:38,GOOGL,SELL,127.6,162.132,160.0699,-263.12396,30501.09719
2025-04-15 05:20:23,GOOGL,SELL,264.1,170.4156,170.7844,97.40008,30598.49727
2025-04-15 05:23:52,NFLX,BUY,264.2,664.0046,655.8998,-2141.28816,28457.20911
2025-04-15 05:26:24,NVDA,SELL,125.8,669.424,670.0008,72.56144,28529.77055
2025-04-15 05:28:51,AMZN,SELL,161.2,229.8538,232.4196,413.60696,28943.37751
2025-04-15 05:30:52,AAPL,SELL,139.7,236.3671,237.0828,99.98329,29043.3608
2025-04-15 05:34:19,META,BUY,121.9,551.7034,548.7264,-362.8963,28680.4645
2025-04-15 05:36:21,GOOGL,SELL,81.7,177.3349,175.0971,-182.82826,28497.63624
2025-04-15 05:38:26,GOOGL,SELL,30.1,178.739,180.8971,64.95881,28562.59505
2025-04-15 05:41:45,AAPL,SELL,340.8,183.149,183.3571,70.92048,28633.51553
2025-04-15 05:43:31,MSFT,BUY,25.6,431.5987,425.4933,-156.29824,28477.21729
2025-04-15 05:46:16,TSLA,SELL,194.9,221.3071,220.509,-155.54969,28321.6676
2025-04-15 05:48:22,TSLA,SELL,82.3,326.9821,322.7361,-349.4458,27972.2218
2025-04-15 05:50:30,MSFT,SELL,343.3,417.9159,417.5316,-131.93019,27840.29161
2025-04-15 05:52:24,NVDA,BUY,272.3,912.5414,923.7731,3058.39191,30898.68352
2025-04-15 05:55:31,META,SELL,132.1,469.9068,475.2184,701.66236,31600.34588
2025-04-15 05:59:01,GOOGL,SELL,236.3,203.3539,205.3132,462.98259,32063.32847
2025-04-15 06:00:33,META,BUY,5.0,505.1014,503.6367,-7.3235,32056.00497
2025-04-15 06:03:05,GOOGL,SELL,301.5,180.9711,180.9942,6.96465,32062.96962
2025-04-15 06:04:53,GOOGL,BUY,166.8,179.4296,179.9032,78.99648,32141.9661
2025-04-15 06:06:51,NVDA,SELL,201.4,871.3715,869.0689,-463.74364,31678.22246
2025-04-15 06:09:45,GOOGL,SELL,241.7,205.5939,207.161,378.76807,32056.99053
2025-04-15 06:11:52,AMZN,SELL,53.5,210.0723,209.7174,-18.98715,32038.00338
2025-04-15 06:14:13,MSFT,BUY,67.8,440.2662,436.7175,-240.60186,31797.40152
2025-04-15 06:16:01,META,SELL,124.2,466.8314,467.0666,29.21184,31826.61336
2025-04-15 06:18:20,NVDA,BUY,177.5,615.6072,612.8597,-487.68125,31338.93211
2025-04-15 06:19:58,GOOGL,SELL,294.9,171.2811,171.713,127.36731,31466.29942
2025-04-15 06:23:00,GOOGL,BUY,208.7,163.3842,164.4463,221.66027,31687.95969
2025-04-15 06:26:18,GOOGL,BUY,109.9,194.3707,195.3693,109.74614,31797.70583
2025-04-15 06:28:51,NFLX,SELL,260.9,683.7746,680.9964,-724.83238,31072.87345
2025-04-15 06:31:04,GOOGL,BUY,218.6,166.2431,164.8313,-308.61948,30764.25397
2025-04-15 06:33:21,TSLA,SELL,299.0,339.7615,342.7939,906.6876,31670.94157
2025-04-15 06:35:43,META,SELL,189.5,469.223,473.1572,745.5309,32416.47247
2025-04-15 06:37:53,META,BUY,303.4,512.645,507.7722,-1478.40752,30938.06495
2025-04-15 06:40:29,NFLX,BUY,197.1,633.7726,640.9486,1414.3896,32352.45455
2025-04-15 06:42:18,AAPL,SELL,168.2,238.019,235.0519,-499.06622,31853.38833
2025-04-15 06:44:49,NVDA,BUY,71.3,882.3769,880.4208,-139.46993,31713.9184
2025-04-15 06:46:23,NFLX,BUY,342.3,577.6033,577.6355,11.02206,31724.94046
2025-04-15 06:48:47,AAPL,SELL,141.2,198.2538,196.4633,-252.8186,31472.12186
2025-04-15 06:51:00,META,BUY,199.6,548.0161,555.1518,1424.28572,32896.40758
2025-04-15 06:53:27,NVDA,SELL,114.9,596.0649,601.6241,638.75208,33535.15966
2025-04-15 06:56:32,GOOGL,SELL,66.7,204.8695,203.6013,-84.58894,33450.57072
2025-04-15 06:59:30,AAPL,BUY,283.0,224.0464,226.8152,783.5704,34234.14112
2025-04-15 07:02:07,GOOGL,BUY,168.1,160.3704,159.6958,-113.40026,34120.74086
2025-04-15 07:03:56,TSLA,BUY,10.7,188.6348,191.1316,26.71576,34147.45662
2025-04-15 07:06:02,AAPL,SELL,205.0,162.1742,163.4524,262.031,34409.48762
2025-04-15 07:07:46,META,SELL,152.7,454.0412,456.372,355.91316,34765.40078
2025-04-15 07:10:43,AAPL,BUY,84.7,190.7434,190.3813,-30.66987,34734.73091
2025-04-15 07:12:49,TSLA,SELL,20.5,263.7594,264.9812,25.0469,34759.77781
2025-04-15 07:14:24,AMZN,SELL,49.9,212.3522,212.9075,27.70947,34787.48728
2025-04-15 07:16:55,TSLA,SELL,240.2,370.0482,370.8328,188.46092,34975.9482
2025-04-15 07:20:23,META,SELL,125.2,515.4469,514.4742,-121.78204,34854.16616
2025-04-15 07:23:22,TSLA,BUY,199.0,350.6073,349.4896,-222.4223,34631.74386
2025-04-15 07:25:43,AMZN,SELL,321.1,185.1288,186.6351,483.67293,35115.41679
2025-04-15 07:25:54,GOOGL,BUY,125.6,182.6611,181.1318,-192.08008,34923.33671
2025-04-15 07:26:27,AMZN,BUY,291.3,183.2177,183.8365,180.25644,35103.59315
2025-04-15 07:26:48,META,BUY,19.0,515.7472,508.5559,-136.6347,34966.95845
2025-04-15 07:26:57,AMZN,SELL,247.0,193.2119,190.4191,-689.8216,34277.13685
2025-04-15 07:27:32,META,SELL,41.0,515.1835,520.4719,216.8244,34493.96125
2025-04-15 07:27:40,META,BUY,77.7,537.5092,544.6885,557.83161,35051.79286
2025-04-15 07:28:03,TSLA,BUY,335.9,373.9554,379.2241,1769.75633,36821.54919
2025-04-15 07:28:28,AAPL,BUY,212.9,233.4197,231.9776,-307.02309,36514.5261
2025-04-15 07:28:57,MSFT,BUY,92.1,416.1496,411.1701,-458.61195,36055.91415
2025-04-15 07:29:13,META,SELL,125.5,557.0065,551.2379,-723.9593,35331.95485
2025-04-15 07:29:34,AAPL,BUY,161.1,203.547,204.118,91.9881,35423.94295
2025-04-15 07:29:47,MSFT,SELL,173.5,456.0824,462.1276,1048.8422,36472.78515
2025-04-15 07:30:06,TSLA,BUY,217.8,300.8257,302.1574,290.04426,36762.82941
2025-04-15 07:30:28,AAPL,SELL,176.1,232.0114,230.8758,-199.97916,36562.85025
2025-04-15 07:30:49,TSLA,SELL,290.3,191.3541,193.8675,729.64002,37292.49027
2025-04-15 07:31:05,AMZN,SELL,269.3,178.6256,177.3658,-339.26414,36953.22613
2025-04-15 07:31:24,MSFT,SELL,240.4,401.5789,407.2236,1356.98588,38310.21201
2025-04-15 07:31:48,MSFT,SELL,232.7,435.8234,432.6456,-739.47406,37570.73795
2025-04-15 07:32:22,AAPL,BUY,197.4,249.486,251.8646,469.53564,38040.27359
2025-04-15 07:32:38,GOOGL,SELL,158.3,153.798,155.219,224.9443,38265.21789
2025-04-15 07:33:05,META,SELL,64.9,525.4572,522.5008,-191.87036,38073.34753
2025-04-15 07:33:28,META,BUY,155.6,520.2394,514.3253,-920.23396,37153.11357
2025-04-15 07:34:03,AMZN,BUY,47.8,219.474,219.0482,-20.35324,37132.76033
2025-04-15 07:34:22,NVDA,SELL,54.5,524.4813,525.378,48.87015,37181.63048
2025-04-15 07:34:43,MSFT,BUY,47.4,400.5574,397.6233,-139.07634,37042.55414
2025-04-15 07:35:13,NFLX,SELL,50.7,597.5386,593.4724,-206.15634,36836.3978
2025-04-15 07:35:41,NFLX,BUY,131.9,701.6921,698.3086,-446.28365,36390.11415
2025-04-15 07:36:06,TSLA,SELL,58.9,308.7761,304.2671,-265.5801,36124.53405
2025-04-15 07:36:16,MSFT,SELL,243.8,394.5601,392.2739,-557.37556,35567.15849
2025-04-15 07:36:29,NVDA,SELL,167.1,721.6445,714.0985,-1260.9366,34306.22189
2025-04-15 07:36:51,NVDA,BUY,159.8,532.6965,531.2491,-231.29452,34074.92737
2025-04-15 07:37:22,META,SELL,180.5,485.3934,485.4896,17.3641,34092.29147
2025-04-15 07:37:33,AMZN,SELL,248.7,201.5061,201.1818,-80.65341,34011.63806
2025-04-15 07:38:05,AMZN,BUY,30.2,226.9796,224.8951,-62.9519,33948.68616
2025-04-15 07:38:26,GOOGL,SELL,345.9,190.299,190.2699,-10.06569,33938.62047
2025-04-15 07:39:00,META,SELL,318.9,503.79,509.4826,1815.37014,35753.99061
2025-04-15 07:41:12,NVDA,SELL,227.9,767.9872,777.1469,2087.49563,37841.48624
2025-04-15 07:43:08,MSFT,BUY,76.2,386.7214,389.1721,186.74334,38028.22958
2025-04-15 07:44:51,GOOGL,SELL,109.3,188.3651,187.4697,-97.86722,37930.36236
2025-04-15 07:48:18,NVDA,BUY,329.8,548.2214,555.9974,2564.5248,40494.88716
2025-04-15 07:51:21,AAPL,BUY,191.5,179.9938,179.469,-100.4992,40394.38796
2025-04-15 07:52:52,MSFT,BUY,81.6,404.0763,408.5774,367.28976,40761.67772
2025-04-15 07:55:29,NFLX,BUY,272.3,587.7075,585.1265,-702.8063,40058.87142
2025-04-15 07:58:24,NVDA,SELL,34.9,726.8659,721.6344,-182.57935,39876.29207
2025-04-15 08:00:34,AAPL,BUY,9.2,220.3762,222.1936,16.72008,39893.01215
2025-04-15 08:02:57,MSFT,BUY,53.7,434.76,428.7326,-323.67138,39569.34077
2025-04-15 08:06:23,MSFT,BUY,195.5,408.1712,413.7049,1081.83835,40651.17912
2025-04-15 08:09:10,MSFT,BUY,347.6,456.9235,460.7866,1342.81356,41993.99268
2025-04-15 08:10:58,META,BUY,121.4,553.1077,557.6932,556.6797,42550.67238
2025-04-15 08:13:21,MSFT,BUY,296.3,384.3397,388.5649,1251.92676,43802.59914
2025-04-15 08:16:44,GOOGL,BUY,310.1,174.7073,175.8032,339.83859,44142.43773
2025-04-15 08:18:22,TSLA,SELL,149.3,315.6819,315.9752,43.78969,44186.22742
2025-04-15 08:20:39,TSLA,BUY,140.0,266.1234,262.8736,-454.972,43731.25542
2025-04-15 08:24:08,MSFT,BUY,23.6,399.9244,405.751,137.50776,43868.76318
2025-04-15 08:27:05,GOOGL,BUY,204.6,197.8235,199.3335,308.946,44177.70918
2025-04-15 08:28:59,TSLA,BUY,139.9,165.6929,166.8806,166.15923,44343.86841
2025-04-15 08:31:19,TSLA,SELL,229.9,154.9223,153.4224,-344.82701,43999.0414
2025-04-15 08:33:25,GOOGL,SELL,252.1,174.7555,175.404,163.48685,44162.52825
2025-04-15 08:36:42,MSFT,BUY,188.9,404.9386,404.4751,-87.55515,44074.9731
2025-04-15 08:40:05,NFLX,BUY,161.5,602.1111,595.5213,-1064.2527,43010.7204
2025-04-15 08:43:01,MSFT,SELL,209.5,397.147,392.5258,-968.1414,42042.579
2025-04-15 08:46:20,NVDA,SELL,179.5,697.7371,700.6861,529.3455,42571.9245
2025-04-15 08:48:41,AMZN,SELL,23.0,205.2302,204.9502,-6.44,42565.4845
2025-04-15 08:51:11,MSFT,SELL,185.5,441.3509,442.6571,242.3001,42807.7846
2025-04-15 08:53:42,NFLX,SELL,228.7,721.9628,725.2023,740.87365,43548.65825
2025-04-15 08:55:47,NFLX,BUY,262.9,655.0216,659.7708,1248.56468,44797.22293
2025-04-15 08:57:21,TSLA,BUY,37.8,179.5273,181.0867,58.94532,44856.16825
2025-04-15 09:00:43,AAPL,BUY,71.6,231.4307,227.9757,-247.378,44608.79025
2025-04-15 09:02:43,AAPL,SELL,96.3,216.709,217.2336,50.51898,44659.30923
2025-04-15 09:04:27,TSLA,BUY,346.2,238.3323,239.5991,438.56616,45097.87539
2025-04-15 09:07:54,NVDA,SELL,155.0,544.8154,550.523,884.678,45982.55339
2025-04-15 09:09:46,META,BUY,50.0,529.5538,533.4181,193.215,46175.76839
2025-04-15 09:12:05,META,BUY,106.0,489.9986,488.222,-188.3196,45987.44879
2025-04-15 09:15:30,MSFT,BUY,212.7,390.3812,389.7825,-127.34349,45860.1053
2025-04-15 09:18:14,AMZN,SELL,20.9,201.4072,202.8481,30.11481,45890.22011
2025-04-15 09:21:21,AAPL,SELL,295.3,181.5392,178.8794,-785.43894,45104.78117
2025-04-15 09:24:27,NFLX,SELL,85.3,692.7355,698.927,528.13495,45632.91612
2025-04-15 09:26:42,MSFT,SELL,154.1,456.6505,456.2648,-59.43637,45573.47975
2025-04-15 09:28:58,MSFT,SELL,14.7,392.3578,394.1488,26.3277,45599.80745
2025-04-15 09:31:58,MSFT,SELL,151.1,422.4228,420.2245,-332.16313,45267.64432
2025-04-15 09:33:49,AMZN,BUY,158.8,231.0766,230.15,-147.14408,45120.50024
2025-04-15 09:36:15,AMZN,BUY,121.3,207.344,204.7654,-312.78418,44807.71606
2025-04-15 09:38:04,MSFT,SELL,218.3,446.7957,448.4584,362.96741,45170.68347
2025-04-15 09:41:20,GOOGL,SELL,319.9,166.6824,166.5053,-56.65429,45114.02918
2025-04-15 09:44:09,AAPL,SELL,91.0,226.6878,227.0539,33.3151,45147.34428
2025-04-15 09:46:40,AAPL,SELL,95.8,232.0102,229.661,-225.05336,44922.29092
2025-04-15 09:48:30,AMZN,SELL,338.3,230.8838,233.5632,906.44102,45828.73194
2025-04-15 09:50:56,NVDA,BUY,167.1,912.626,924.2097,1935.63627,47764.36821
2025-04-15 09:54:13,AMZN,BUY,240.4,204.3919,206.9798,622.13116,48386.49937
2025-04-15 09:56:34,NFLX,SELL,260.4,705.9753,702.8383,-816.8748,47569.62457
2025-04-15 09:58:04,NVDA,SELL,343.3,455.2312,450.0722,-1771.0847,45798.53987
2025-04-15 09:59:45,GOOGL,SELL,229.3,195.7576,193.4336,-532.8932,45265.64667
2025-04-15 10:01:19,AAPL,BUY,188.6,217.6921,217.3782,-59.20154,45206.44513
2025-04-15 10:04:38,AAPL,BUY,207.6,205.534,204.4112,-233.09328,44973.35185
2025-04-15 10:06:53,META,SELL,27.0,452.0362,446.1188,-159.7698,44813.58205
2025-04-15 10:10:02,NFLX,SELL,306.2,701.3677,705.7781,1350.46448,46164.04653
2025-04-15 10:12:42,MSFT,SELL,101.7,378.1531,377.2585,-90.98082,46073.06571
2025-04-15 10:14:46,MSFT,SELL,92.5,454.2874,458.8696,423.8535,46496.91921
2025-04-15 10:17:16,NFLX,SELL,54.9,662.9744,671.7779,483.31215,46980.23136
2025-04-15 10:20:42,MSFT,BUY,309.4,402.2698,407.0313,1473.2081,48453.43946
2025-04-15 10:22:28,AAPL,BUY,143.1,193.5944,193.6595,9.31581,48462.75527
2025-04-15 10:24:26,NFLX,BUY,242.9,666.4182,662.0014,-1072.84072,47389.91455
2025-04-15 10:26:46,NFLX,BUY,103.9,591.4641,595.9633,467.46688,47857.38143
2025-04-15 10:28:48,NFLX,BUY,98.3,687.8183,693.0195,511.27796,48368.65939
2025-04-15 10:31:59,NFLX,BUY,227.7,652.2588,657.7207,1243.67463,49612.33402
2025-04-15 10:34:05,AAPL,BUY,41.0,221.5859,224.4341,116.7762,49729.11022
2025-04-15 10:36:03,AMZN,SELL,223.3,229.5042,231.4992,445.4835,50174.59372
2025-04-15 10:39:09,TSLA,SELL,152.7,286.7106,286.5689,-21.63759,50152.95613
2025-04-15 10:42:25,NFLX,SELL,197.3,683.4301,674.2758,-1806.14339,48346.81274
2025-04-15 10:45:33,NVDA,BUY,101.0,585.6626,591.9643,636.4717,48983.28444
2025-04-15 10:47:39,GOOGL,SELL,97.3,188.544,187.0759,-142.84613,48840.43831
2025-04-15 10:49:37,NFLX,SELL,152.2,615.1295,607.6331,-1140.95208,47699.48623
2025-04-15 10:52:45,NFLX,BUY,88.3,691.3637,688.5183,-251.24882,47448.23741
2025-04-15 10:55:40,GOOGL,SELL,11.4,166.0511,164.6277,-16.22676,47432.01065
2025-04-15 10:59:06,AAPL,SELL,245.3,212.5745,212.9381,89.19108,47521.20173
2025-04-15 11:01:10,TSLA,SELL,127.2,200.2425,201.1869,120.12768,47641.32941
2025-04-15 11:03:56,NFLX,SELL,28.3,710.1063,702.7175,-209.10304,47432.22637
2025-04-15 11:06:00,GOOGL,BUY,308.2,167.5517,166.0713,-456.25928,46975.96709
2025-04-15 11:08:47,MSFT,SELL,37.7,385.989,391.083,192.0438,47168.01089
2025-04-15 11:11:33,NFLX,SELL,291.1,581.9805,588.9407,2026.11422,49194.12511
2025-04-15 11:14:44,META,BUY,312.7,523.908,524.1092,62.91524,49257.04035
2025-04-15 11:17:32,TSLA,BUY,336.2,249.0933,246.2741,-947.81504,48309.22531
2025-04-15 11:20:47,AAPL,SELL,53.1,233.5011,232.3259,-62.40312,48246.82219
2025-04-15 11:23:27,MSFT,BUY,176.9,399.8512,398.5338,-233.04806,48013.77413
2025-04-15 11:25:41,TSLA,BUY,266.1,278.8936,277.5887,-347.23389,47666.54024
2025-04-15 11:28:05,AAPL,SELL,36.7,179.8322,182.3405,92.05461,47758.59485
2025-04-15 11:30:10,MSFT,SELL,54.7,432.8272,432.7566,-3.86182,47754.73303
2025-04-15 11:32:20,GOOGL,BUY,238.3,188.5306,190.1389,383.25789,48137.99092
2025-04-15 11:34:29,MSFT,BUY,156.6,426.347,422.3198,-630.65952,47507.3314
2025-04-15 11:36:29,GOOGL,SELL,217.7,156.7828,157.336,120.43164,47627.76304
2025-04-15 11:38:17,NFLX,BUY,348.7,712.4062,715.8794,1211.10484,48838.86788
2025-04-15 11:40:04,NFLX,BUY,269.3,720.785,710.0205,-2898.87985,45939.98803
2025-04-15 11:42:20,NFLX,SELL,248.6,644.0604,649.871,1444.51516,47384.50319
2025-04-15 11:44:18,META,SELL,161.6,525.2778,526.6168,216.3824,47600.88559
2025-04-15 11:46:16,AAPL,SELL,29.6,240.3955,242.45,60.8132,47661.69879
2025-04-15 11:49:00,MSFT,BUY,87.6,404.9866,406.6467,145.42476,47807.12355
2025-04-15 11:50:56,TSLA,BUY,133.7,161.7962,160.9622,-111.5058,47695.61775
2025-04-15 11:54:03,TSLA,BUY,292.1,361.6908,366.6244,1441.10456,49136.72231
2025-04-15 11:57:17,AMZN,BUY,256.6,188.0645,186.0302,-522.00138,48614.72093
2025-04-15 11:59:10,NVDA,BUY,116.0,894.9734,895.6103,73.8804,48688.60133
2025-04-15 12:02:10,GOOGL,BUY,253.2,194.2392,195.7362,379.0404,49067.64173
2025-04-15 12:04:18,NVDA,BUY,307.9,580.3752,577.8202,-786.6845,48280.95723
2025-04-15 12:06:54,NVDA,SELL,332.7,759.4435,750.8746,-2850.87303,45430.0842
2025-04-15 12:08:38,META,BUY,284.3,461.9064,463.5314,461.9875,45892.0717
2025-04-15 12:10:34,GOOGL,BUY,30.7,166.8958,167.5196,19.15066,45911.22236
2025-04-15 12:13:01,AMZN,SELL,191.4,205.8412,207.719,359.41092,46270.63328
2025-04-15 12:14:56,GOOGL,SELL,260.4,196.8834,196.5153,-95.85324,46174.78004
2025-04-15 12:16:55,AAPL,BUY,97.0,186.0874,184.6929,-135.2665,46039.51354
2025-04-15 12:18:46,AMZN,SELL,300.4,193.9417,191.2139,-819.43112,45220.08242
2025-04-15 12:22:08,TSLA,BUY,180.2,230.729,231.7674,187.11968,45407.2021
2025-04-15 12:23:54,NVDA,SELL,47.9,730.5483,721.8062,-418.74659,44988.45551
2025-04-15 12:26:29,TSLA,BUY,283.1,291.0122,289.4583,-439.90909,44548.54642
2025-04-15 12:28:16,AMZN,SELL,268.5,195.4341,198.2207,748.2021,45296.74852
2025-04-15 12:30:29,GOOGL,SELL,39.6,169.2184,170.5898,54.30744,45351.05596
2025-04-15 12:33:52,NVDA,BUY,10.6,823.807,822.4786,-14.08104,45336.97492
2025-04-15 12:36:14,META,SELL,317.4,462.6617,458.6805,-1263.63288,44073.34204
2025-04-15 12:37:55,AAPL,BUY,349.6,215.3779,216.6505,444.90096,44518.243
2025-04-15 12:40:40,NFLX,SELL,44.4,687.7983,681.7229,-269.74776,44248.49524
2025-04-15 12:42:34,AMZN,BUY,31.6,188.2695,188.2294,-1.26716,44247.22808
2025-04-15 12:45:03,TSLA,BUY,284.7,269.0698,268.377,-197.24016,44049.98792
2025-04-15 12:47:47,MSFT,BUY,322.2,449.1666,446.2937,-925.64838,43124.33954
2025-04-15 12:50:23,MSFT,BUY,159.8,419.8753,424.0085,660.48536,43784.8249
2025-04-15 12:53:21,AMZN,BUY,326.4,186.7496,187.0795,107.67936,43892.50426
2025-04-15 12:55:22,MSFT,SELL,118.3,451.881,450.8588,-120.92626,43771.578
2025-04-15 12:57:09,TSLA,SELL,283.4,328.2838,325.5148,-784.7346,42986.8434
2025-04-15 13:00:39,GOOGL,BUY,263.1,166.6077,168.6396,534.59289,43521.43629
2025-04-15 13:02:13,NFLX,SELL,213.8,643.3245,646.4401,666.11528,44187.55157
2025-04-15 13:05:31,NVDA,SELL,39.1,797.4378,808.8852,447.59334,44635.14491
2025-04-15 13:08:18,META,SELL,333.3,479.8294,478.9,-309.76902,44325.37589
2025-04-15 13:10:45,AAPL,SELL,24.2,189.755,188.6995,-25.5431,44299.83279
2025-04-15 13:13:36,NFLX,BUY,323.5,716.2919,725.3433,2928.1279,47227.96069
2025-04-15 13:16:31,NFLX,SELL,21.7,648.5012,654.086,121.19016,47349.15085
2025-04-15 13:19:34,META,SELL,210.9,537.8212,539.4575,345.09567,47694.24652
2025-04-15 13:21:35,TSLA,BUY,306.2,175.3512,173.1336,-679.02912,47015.2174
2025-04-15 13:23:49,TSLA,SELL,29.9,300.8788,296.5381,-129.78693,46885.43047
2025-04-15 13:25:51,AMZN,SELL,18.9,194.2402,191.6123,-49.66731,46835.76316
2025-04-15 13:27:58,TSLA,BUY,298.0,223.1588,222.572,-174.8664,46660.89676
2025-04-15 13:30:00,GOOGL,SELL,157.0,180.7441,180.9365,30.2068,46691.10356
2025-04-15 13:31:51,NFLX,SELL,195.3,590.5199,599.263,1707.52743,48398.63099
2025-04-15 13:34:38,MSFT,SELL,338.3,415.2965,409.8211,-1852.32782,46546.30317
2025-04-15 13:37:15,TSLA,SELL,35.8,304.6599,306.8396,78.03326,46624.33643
2025-04-15 13:39:49,AAPL,BUY,240.0,223.9194,222.9313,-237.144,46387.19243
2025-04-15 13:42:06,TSLA,BUY,12.8,247.7386,246.4744,-16.18176,46371.01067
2025-04-15 13:44:06,AAPL,SELL,272.7,226.9512,229.3363,650.41677,47021.42744
2025-04-15 13:46:08,AAPL,SELL,282.4,221.4213,221.2953,-35.5824,46985.84504
2025-04-15 13:49:27,META,BUY,337.0,541.1959,533.7253,-2517.5922,44468.25284
2025-04-15 13:51:26,MSFT,BUY,167.8,387.7262,387.2443,-80.86282,44387.39002
2025-04-15 13:53:16,NFLX,SELL,100.9,719.7161,728.7981,916.3738,45303.76382
2025-04-15 13:56:01,META,SELL,179.3,493.701,500.3416,1190.65958,46494.4234
2025-04-15 13:59:26,MSFT,SELL,180.4,441.0369,437.4371,-649.40392,45845.01948
2025-04-15 14:02:34,AAPL,BUY,303.1,233.6527,235.7217,627.1139,46472.13338
2025-04-15 14:05:24,MSFT,SELL,250.8,453.6818,453.5881,-23.49996,46448.63342
2025-04-15 14:08:38,MSFT,SELL,203.3,436.1634,433.8685,-466.55317,45982.08025
2025-04-15 14:11:39,AMZN,SELL,311.7,233.9408,232.5775,-424.94061,45557.13964
2025-04-15 14:14:22,AMZN,SELL,192.8,190.1629,191.6504,286.79,45843.92964
2025-04-15 14:17:46,META,BUY,198.3,547.835,551.9236,810.76938,46654.69902
2025-04-15 14:21:03,GOOGL,BUY,89.1,181.2003,181.073,-11.34243,46643.35659
2025-04-15 14:23:23,GOOGL,SELL,188.2,194.5431,192.8259,-323.17704,46320.17955
2025-04-15 14:25:34,NVDA,SELL,199.2,873.7545,869.8386,-780.04728,45540.13227
2025-04-15 14:28:53,GOOGL,BUY,155.1,177.7717,176.7403,-159.97014,45380.16213
2025-04-15 14:31:21,META,SELL,24.8,521.016,519.4573,-38.65576,45341.50637
2025-04-15 14:34:09,AAPL,BUY,48.5,214.4493,216.6277,105.6524,45447.15877
2025-04-15 14:36:52,NVDA,BUY,176.2,672.317,679.6722,1295.98624,46743.14501
2025-04-15 14:40:20,TSLA,SELL,221.8,257.8499,254.8855,-657.50392,46085.64109
2025-04-15 14:43:38,META,BUY,230.0,534.1952,537.9402,861.35,46946.99109
2025-04-15 14:46:53,META,SELL,338.3,453.7869,453.0427,-251.76286,46695.22823
2025-04-15 14:50:20,AAPL,SELL,296.8,176.1931,177.805,478.41192,47173.64015
2025-04-15 14:52:49,TSLA,BUY,129.2,400.6372,403.0075,306.24276,47479.88291
2025-04-15 14:54:55,AMZN,SELL,219.2,176.7599,178.5137,384.43296,47864.31587
2025-04-15 14:57:44,NFLX,SELL,174.3,697.0639,699.781,473.59053,48337.9064
2025-04-15 15:01:10,AMZN,SELL,249.8,198.2985,199.682,345.5983,48683.5047
2025-04-15 15:04:03,GOOGL,SELL,290.7,204.3443,202.5697,-515.87622,48167.62848
2025-04-15 15:07:01,AMZN,BUY,120.2,172.4042,174.4973,251.59062,48419.2191
2025-04-15 15:09:43,NFLX,BUY,167.2,688.0879,696.934,1479.06792,49898.28702
2025-04-15 15:12:20,MSFT,SELL,180.1,408.405,406.2852,-381.77598,49516.51104
2025-04-15 15:15:01,GOOGL,BUY,302.9,183.1788,185.0554,568.42214,50084.93318
2025-04-15 15:18:05,META,SELL,151.2,447.2871,446.076,-183.11832,49901.81486
2025-04-15 15:20:53,TSLA,BUY,64.5,335.1019,332.7314,-152.89725,49748.91761
2025-04-15 15:24:18,AMZN,BUY,336.4,217.0982,214.1425,-994.29748,48754.62013
2025-04-15 15:27:05,META,BUY,239.9,498.5127,502.7141,1007.91586,49762.53599
2025-04-15 15:29:07,MSFT,SELL,104.3,425.0503,424.0311,-106.30256,49656.23343
2025-04-15 15:30:45,AAPL,SELL,293.5,180.7148,178.1218,-761.0455,48895.18793
2025-04-15 15:33:15,MSFT,SELL,39.2,422.6095,420.6351,-77.39648,48817.79145
2025-04-15 15:36:02,AAPL,SELL,54.0,198.1274,198.8697,40.0842,48857.87565
2025-04-15 15:37:38,GOOGL,BUY,79.4,156.215,154.1685,-162.4921,48695.38355
2025-04-15 15:40:56,AMZN,BUY,291.8,188.1839,186.6692,-441.98946,48253.39409
2025-04-15 15:43:21,MSFT,SELL,6.3,428.0094,422.8434,-32.5458,48220.84829
2025-04-15 15:46:20,META,SELL,202.5,547.9407,551.1341,646.6635,48867.51179
2025-04-15 15:48:28,META,SELL,41.9,452.7017,446.837,-245.73093,48621.78086
2025-04-15 15:50:17,GOOGL,BUY,33.3,172.5872,170.4949,-69.67359,48552.10727
2025-04-15 15:52:05,TSLA,BUY,317.5,353.1949,353.8612,211.55025,48763.65752
2025-04-15 15:53:42,NFLX,SELL,79.8,714.6706,709.3922,-421.21632,48342.4412
2025-04-15 15:57:10,AMZN,BUY,171.2,199.1471,197.4014,-298.86384,48043.57736
2025-04-15 16:00:32,AMZN,BUY,88.3,202.9955,204.3323,118.03944,48161.6168
2025-04-15 16:03:22,NFLX,BUY,343.5,686.459,676.3625,-3468.14775,44693.46905
2025-04-15 16:05:14,GOOGL,SELL,75.5,189.7439,189.4818,-19.78855,44673.6805
2025-04-15 16:06:53,META,BUY,118.9,487.4931,494.0566,780.40015,45454.08065
2025-04-15 16:08:48,MSFT,SELL,223.6,412.3136,416.5427,945.62676,46399.70741
2025-04-15 16:11:44,NVDA,SELL,253.0,519.292,526.3674,1790.0762,48189.78361
2025-04-15 16:14:51,GOOGL,BUY,301.9,192.4697,194.3874,578.95363,48768.73724
2025-04-15 16:16:31,MSFT,SELL,170.6,411.2014,411.2807,13.52858,48782.26582
2025-04-15 16:19:04,META,BUY,275.6,460.5738,465.7136,1416.52888,50198.7947
2025-04-15 16:21:50,META,SELL,102.2,485.0361,489.9085,497.95928,50696.75398
2025-04-15 16:24:55,NFLX,SELL,12.0,610.0457,601.229,-105.8004,50590.95358
2025-04-15 16:26:34,TSLA,SELL,51.5,350.0335,350.7347,36.1118,50627.06538
2025-04-15 16:29:43,AMZN,BUY,150.7,218.2853,221.0743,420.3023,51047.36768
2025-04-15 16:32:09,AAPL,SELL,128.4,215.1236,213.3296,-230.3496,50817.01808
2025-04-15 16:33:42,AAPL,BUY,44.3,201.9289,199.0838,-126.03793,50690.98015
2025-04-15 16:35:53,AMZN,SELL,334.3,192.534,194.5172,662.98376,51353.96391
2025-04-15 16:37:34,NVDA,SELL,234.1,486.1737,479.838,-1483.18737,49870.77654
2025-04-15 16:40:03,AMZN,BUY,129.0,182.2934,184.7603,318.2301,50189.00664
2025-04-15 16:41:36,GOOGL,BUY,349.2,162.6424,163.6192,341.09856,50530.1052
2025-04-15 16:44:02,NVDA,SELL,171.0,553.8293,559.3756,948.4173,51478.5225
2025-04-15 16:46:53,TSLA,BUY,104.9,361.9656,366.1043,434.14963,51912.67213
2025-04-15 16:48:44,META,BUY,195.3,456.8367,460.9331,800.02692,52712.69905
2025-04-15 16:52:03,MSFT,BUY,148.5,454.2275,460.8069,977.0409,53689.73995
2025-04-15 16:53:59,META,SELL,152.1,476.2013,478.9508,418.19895,54107.9389
2025-04-15 16:56:20,TSLA,BUY,91.1,378.0737,383.179,465.09283,54573.03173
2025-04-15 16:58:59,TSLA,SELL,291.4,359.1119,354.6244,-1307.6575,53265.37423
2025-04-15 17:02:00,TSLA,BUY,88.6,388.1104,385.9661,-189.98498,53075.38925
2025-04-15 17:03:38,AAPL,SELL,336.9,214.5509,217.1983,891.90906,53967.29831
2025-04-15 17:06:52,META,BUY,280.6,544.3302,548.9101,1285.11994,55252.41825
2025-04-15 17:09:51,AMZN,SELL,148.9,233.9689,234.7196,111.77923,55364.19748
2025-04-15 17:13:09,NFLX,SELL,167.9,710.259,702.7942,-1253.33992,54110.85756
2025-04-15 17:13:49,AMZN,BUY,95.0,181.1172,180.5777,-51.2525,54059.60506
2025-04-15 17:14:32,META,SELL,256.5,521.0839,514.9814,-1565.29125,52494.31381
2025-04-15 17:15:43,NFLX,SELL,60.0,698.3327,703.3341,300.084,52794.39781
2025-04-15 17:16:54,AAPL,BUY,132.3,182.7715,182.1282,-85.10859,52709.28922
2025-04-15 17:18:09,TSLA,BUY,302.7,288.7343,290.2169,448.78302,53158.07224
2025-04-15 17:19:11,GOOGL,BUY,335.3,173.384,172.7672,-206.81304,52951.2592
2025-04-15 17:19:53,AMZN,SELL,108.2,220.1246,217.4264,-291.94524,52659.31396
2025-04-15 17:20:50,MSFT,SELL,187.9,441.2134,442.923,321.23384,52980.5478
2025-04-15 17:21:33,NFLX,BUY,83.4,583.2383,588.8223,465.7056,53446.2534
2025-04-15 17:22:45,META,BUY,19.8,495.0878,502.4243,145.2627,53591.5161
2025-04-15 17:23:34,AMZN,BUY,179.2,204.5345,204.9238,69.76256,53661.27866
2025-04-15 17:24:32,MSFT,BUY,8.7,411.0299,410.2794,-6.52935,53654.74931
2025-04-15 17:25:39,AAPL,SELL,168.0,189.5951,188.7985,-133.8288,53520.92051
2025-04-15 17:26:33,GOOGL,SELL,303.6,174.7324,173.4302,-395.34792,53125.57259
2025-04-15 17:27:18,NFLX,BUY,9.8,585.0544,584.9546,-0.97804,53124.59455
2025-04-15 17:28:27,NFLX,BUY,319.8,678.9178,687.0469,2599.68618,55724.28073
2025-04-15 17:29:42,AMZN,BUY,130.1,202.7541,205.6368,375.03927,56099.32
2025-04-15 17:30:49,AAPL,SELL,50.3,232.9479,232.4438,-25.35623,56073.96377
2025-04-15 17:31:34,MSFT,BUY,207.2,424.4293,421.024,-705.57816,55368.38561
2025-04-15 17:32:21,AMZN,BUY,59.7,169.6992,167.7175,-118.30749,55250.07812
2025-04-15 17:33:12,NFLX,SELL,334.0,648.1769,642.271,-1972.5706,53277.50752
2025-04-15 17:34:21,AMZN,BUY,20.5,223.225,224.4771,25.66805,53303.17557
2025-04-15 17:35:38,AMZN,SELL,271.8,210.7561,211.5657,220.04928,53523.22485
2025-04-15 17:36:55,TSLA,BUY,49.5,194.785,194.2299,-27.47745,53495.7474
2025-04-15 17:38:09,NVDA,SELL,198.0,493.4944,486.3075,-1423.0062,52072.7412
2025-04-15 17:38:51,MSFT,SELL,306.9,414.4372,418.7876,1335.13776,53407.87896
2025-04-15 17:39:41,TSLA,SELL,83.1,322.1395,321.7305,-33.9879,53373.89106
2025-04-15 17:40:44,NFLX,SELL,315.2,700.7628,698.4802,-719.47552,52654.41554
2025-04-15 17:41:28,META,SELL,307.2,463.6347,464.6437,309.9648,52964.38034
2025-04-15 17:42:30,META,BUY,343.4,495.0932,493.01,-715.37088,52249.00946
2025-04-15 17:43:34,GOOGL,BUY,218.5,196.456,198.2794,398.4129,52647.42236
2025-04-15 17:44:25,NFLX,SELL,138.6,635.7819,643.6727,1093.66488,53741.08724
2025-04-15 17:45:22,TSLA,SELL,287.7,274.6994,278.255,1022.94612,54764.03336
2025-04-15 17:46:37,GOOGL,BUY,312.8,188.5182,190.717,687.78464,55451.818
2025-04-15 17:47:20,TSLA,BUY,106.0,258.5088,257.1331,-145.8242,55305.9938
2025-04-15 17:48:18,NVDA,BUY,247.0,927.4912,915.3033,-3010.4113,52295.5825
2025-04-15 17:49:18,META,BUY,299.1,523.9605,525.6773,513.49488,52809.07738
2025-04-15 17:50:38,GOOGL,BUY,133.7,163.3526,162.1028,-167.09826,52641.97912
2025-04-15 17:51:18,AMZN,SELL,22.6,196.8363,197.4894,14.76006,52656.73918
2025-04-15 17:52:18,NVDA,BUY,13.1,587.1678,587.6922,6.86964,52663.60882
2025-04-15 17:53:27,META,SELL,6.5,491.0522,498.3854,47.6658,52711.27462
2025-04-15 17:54:10,NFLX,BUY,118.1,710.7389,719.8565,1076.78856,53788.06318
2025-04-15 17:55:21,NFLX,SELL,180.2,652.2339,660.1175,1420.62472,55208.6879
2025-04-15 17:56:01,AMZN,BUY,117.3,204.5765,202.5181,-241.45032,54967.23758
2025-04-15 17:56:41,GOOGL,BUY,9.5,170.9514,169.5344,-13.4615,54953.77608
2025-04-15 17:57:29,NFLX,BUY,59.2,623.5831,617.7563,-344.94656,54608.82952
2025-04-15 17:58:38,AAPL,BUY,168.5,227.3082,227.6686,60.7274,54669.55692
2025-04-15 17:59:40,TSLA,SELL,307.6,187.4611,188.5388,331.50052,55001.05744
2025-04-15 18:01:00,AMZN,BUY,36.9,202.4814,201.624,-31.63806,54969.41938
2025-04-15 18:01:58,AAPL,BUY,223.0,169.405,169.3675,-8.3625,54961.05688
2025-04-15 18:02:40,AMZN,SELL,213.3,169.6421,169.2748,-78.34509,54882.71179
2025-04-15 18:03:33,NVDA,BUY,198.8,685.5475,691.1889,1121.51032,56004.22211
2025-04-15 18:04:50,AMZN,SELL,216.1,184.7704,184.579,-41.36154,55962.86057
2025-04-15 18:05:32,MSFT,SELL,131.6,394.7057,400.3748,746.05356,56708.91413
2025-04-15 18:06:24,META,BUY,291.2,499.7924,494.5253,-1533.77952,55175.13461
2025-04-15 18:07:11,NVDA,SELL,113.0,556.4895,550.4277,-684.9834,54490.15121
2025-04-15 18:10:25,AAPL,BUY,104.1,226.84,226.0871,-78.37689,54411.77432
2025-04-15 18:12:19,META,SELL,231.9,466.0718,461.8067,-989.07669,53422.69763
2025-04-15 18:15:44,NFLX,SELL,267.4,635.5071,633.9955,-404.20184,53018.49579
2025-04-15 18:18:01,TSLA,SELL,230.3,402.2947,399.0688,-742.92477,52275.57102
2025-04-15 18:19:44,GOOGL,SELL,87.7,192.0189,193.6379,141.9863,52417.55732
2025-04-15 18:22:40,TSLA,BUY,285.5,197.8432,196.1231,-491.08855,51926.46877
2025-04-15 18:25:38,NVDA,BUY,270.1,789.6517,786.965,-725.67767,51200.7911
2025-04-15 18:27:49,TSLA,BUY,272.3,273.8556,272.2974,-424.29786,50776.49324
2025-04-15 18:30:28,META,SELL,18.8,498.2679,495.3263,-55.30208,50721.19116
2025-04-15 18:33:01,MSFT,SELL,214.1,385.7497,388.4541,579.01204,51300.2032
2025-04-15 18:35:25,NVDA,SELL,340.0,705.4042,702.3764,-1029.452,50270.7512
2025-04-15 18:37:57,NVDA,BUY,70.5,873.6737,864.4276,-651.85005,49618.90115
2025-04-15 18:41:16,TSLA,SELL,347.6,143.8852,144.3544,163.09392,49781.99507
2025-04-15 18:43:55,MSFT,SELL,185.7,424.3778,422.6201,-326.40489,49455.59018
2025-04-15 18:47:23,META,BUY,232.8,463.8479,464.7307,205.51584,49661.10602
2025-04-15 18:50:45,META,BUY,228.9,480.1152,475.4178,-1075.23486,48585.87116
2025-04-15 18:52:23,META,SELL,310.1,448.7536,447.1166,-507.6337,48078.23746
2025-04-15 18:54:44,AAPL,BUY,64.3,211.752,209.6139,-137.47983,47940.75763
2025-04-15 18:57:40,AMZN,SELL,150.7,195.081,197.5911,378.27207,48319.0297
2025-04-15 19:00:49,AAPL,SELL,215.3,214.041,215.1058,229.25144,48548.28114
2025-04-15 19:03:17,GOOGL,BUY,26.5,168.1789,165.8645,-61.3316,48486.94954
2025-04-15 19:05:14,AMZN,BUY,93.8,212.9304,214.3704,135.072,48622.02154
2025-04-15 19:07:51,GOOGL,BUY,98.7,195.1191,196.8654,172.35981,48794.38135
2025-04-15 19:11:21,NVDA,BUY,243.8,581.0312,578.8898,-522.07332,48272.30803
2025-04-15 19:14:48,MSFT,SELL,29.2,382.2191,377.632,-133.94332,48138.36471
2025-04-15 19:17:22,TSLA,SELL,323.1,325.7332,321.3955,-1401.51087,46736.85384
2025-04-15 19:20:09,GOOGL,SELL,177.1,159.8385,157.5574,-403.98281,46332.87103
2025-04-15 19:22:50,TSLA,BUY,248.6,267.6236,269.8391,550.7733,46883.64433
2025-04-15 19:26:07,NVDA,SELL,307.5,515.5206,514.2566,-388.68,46494.96433
2025-04-15 19:28:44,GOOGL,BUY,172.9,171.4954,173.8347,404.46497,46899.4293
2025-04-15 19:31:35,AAPL,BUY,251.5,211.4681,211.085,-96.34965,46803.07965
2025-04-15 19:33:41,MSFT,BUY,170.8,444.8361,439.9988,-826.21084,45976.86881
2025-04-15 19:36:28,AMZN,SELL,176.4,184.2243,186.0761,326.65752,46303.52633
2025-04-15 19:39:07,MSFT,SELL,169.8,399.7203,404.0855,741.21096,47044.73729
2025-04-15 19:41:32,MSFT,BUY,322.9,417.8712,421.9444,1315.23628,48359.97357
2025-04-15 19:43:58,AMZN,SELL,106.5,191.3804,191.0486,-35.3367,48324.63687
2025-04-15 19:46:17,MSFT,BUY,181.3,428.202,430.7452,461.08216,48785.71903
2025-04-15 19:48:27,META,SELL,56.6,517.5729,523.0701,311.14152,49096.86055
2025-04-15 19:50:39,META,SELL,202.5,504.1839,505.8497,337.3245,49434.18505
2025-04-15 19:52:16,GOOGL,BUY,154.5,159.9798,158.8822,-169.5792,49264.60585
2025-04-15 19:53:49,AAPL,SELL,83.5,233.6911,232.007,-140.62235,49123.9835
2025-04-15 19:55:39,GOOGL,BUY,217.6,177.1587,179.7577,565.5424,49689.5259
2025-04-15 19:58:51,NVDA,SELL,309.0,513.5455,511.3601,-675.2886,49014.2373
2025-04-15 20:01:15,META,BUY,129.3,523.1179,516.219,-892.02777,48122.20953
2025-04-15 20:03:32,GOOGL,SELL,320.3,175.0086,172.6555,-753.69793,47368.5116
2025-04-15 20:05:27,GOOGL,BUY,171.0,190.0305,189.5198,-87.3297,47281.1819
2025-04-15 20:08:17,NFLX,BUY,256.8,664.9346,655.588,-2400.20688,44880.97502
2025-04-15 20:10:06,META,SELL,280.8,549.1686,541.5304,-2144.80656,42736.16846
2025-04-15 20:11:45,AMZN,BUY,7.2,200.5487,202.6975,15.47136,42751.63982
2025-04-15 20:14:31,AAPL,SELL,122.2,200.8511,199.785,-130.27742,42621.3624
2025-04-15 20:16:40,NVDA,BUY,184.0,471.5597,471.2,-66.1848,42555.1776
2025-04-15 20:18:44,META,BUY,229.5,527.4843,533.2159,1315.4022,43870.5798
2025-04-15 20:20:34,TSLA,SELL,122.3,189.3215,190.5374,148.70457,44019.28437
2025-04-15 20:23:30,GOOGL,BUY,347.2,158.0362,156.1825,-643.60464,43375.67973
2025-04-15 20:25:47,META,BUY,221.4,451.756,451.0436,-157.72536,43217.95437
2025-04-15 20:28:43,META,BUY,92.2,545.961,548.7281,255.12662,43473.08099
2025-04-15 20:31:34,MSFT,SELL,98.1,380.6454,375.192,-534.97854,42938.10245
2025-04-15 20:33:22,GOOGL,SELL,110.8,195.6712,196.1133,48.98468,42987.08713
2025-04-15 20:36:17,META,SELL,241.6,469.7202,468.7487,-234.7144,42752.37273
2025-04-15 20:38:32,TSLA,SELL,95.9,391.0384,393.0551,193.40153,42945.77426
2025-04-15 20:40:12,META,BUY,202.7,477.5002,475.6954,-365.83296,42579.9413
2025-04-15 20:42:27,NVDA,SELL,114.2,612.9758,612.8571,-13.55554,42566.38576
2025-04-15 20:45:56,MSFT,BUY,123.8,394.5429,389.4504,-630.4515,41935.93426
2025-04-15 20:48:07,MSFT,BUY,329.8,450.4892,449.1292,-448.528,41487.40626
2025-04-15 20:51:10,NVDA,BUY,338.3,908.2053,901.2874,-2340.32557,39147.08069
2025-04-15 20:52:57,GOOGL,SELL,272.6,184.3177,182.8096,-411.10806,38735.97263
2025-04-15 20:54:45,AMZN,SELL,332.3,220.6396,220.8071,55.66025,38791.63288
2025-04-15 20:58:12,GOOGL,SELL,330.4,210.6503,213.1658,831.1212,39622.75408
2025-04-15 20:59:58,AMZN,SELL,170.9,220.2359,222.968,466.91589,40089.66997
2025-04-15 21:03:08,NVDA,SELL,278.3,502.8231,504.7512,536.59023,40626.2602
2025-04-15 21:06:29,AAPL,BUY,197.9,167.3213,167.6842,71.81791,40698.07811
2025-04-15 21:07:27,MSFT,BUY,46.8,426.3879,423.3137,-143.87256,40554.20555
2025-04-15 21:08:39,MSFT,SELL,213.5,413.3221,411.4455,-400.6541,40153.55145
2025-04-15 21:09:22,MSFT,SELL,199.5,425.3818,423.6428,-346.9305,39806.62095
2025-04-15 21:10:38,AAPL,SELL,261.5,225.6779,227.9057,582.5697,40389.19065
2025-04-15 21:11:32,AMZN,SELL,270.9,222.6036,220.2488,-637.91532,39751.27533
2025-04-15 21:12:30,NVDA,SELL,166.3,589.6316,593.4652,637.52768,40388.80301
2025-04-15 21:13:11,TSLA,SELL,118.4,365.811,362.9504,-338.69504,40050.10797
2025-04-15 21:14:09,NVDA,SELL,275.3,928.0761,929.1863,305.63806,40355.74603
2025-04-15 21:15:06,NFLX,BUY,58.8,685.8793,692.726,402.58596,40758.33199
2025-04-15 21:15:56,AAPL,BUY,111.5,233.0035,230.7841,-247.4631,40510.86889
2025-04-15 21:16:45,AAPL,BUY,206.4,191.8917,192.2004,63.71568,40574.58457
2025-04-15 21:17:54,GOOGL,BUY,14.7,182.7747,182.0614,-10.48551,40564.09906
2025-04-15 21:18:35,NFLX,BUY,158.1,673.8784,668.1635,-903.52569,39660.57337
2025-04-15 21:19:26,AMZN,BUY,57.8,180.1259,179.2327,-51.62696,39608.94641
2025-04-15 21:20:37,TSLA,SELL,261.2,340.4898,345.5843,1330.6834,40939.62981
2025-04-15 21:21:32,GOOGL,SELL,246.6,178.7544,177.8364,-226.3788,40713.25101
2025-04-15 21:22:24,META,BUY,100.6,495.8878,492.9205,-298.51038,40414.74063
2025-04-15 21:23:10,NVDA,SELL,201.2,667.6135,671.984,879.3446,41294.08523
2025-04-15 21:24:23,MSFT,SELL,321.7,444.6404,443.5654,-345.8275,40948.25773
2025-04-15 21:25:09,NFLX,SELL,159.0,602.2846,610.0273,1231.0893,42179.34703
2025-04-15 21:26:23,GOOGL,BUY,29.4,169.5061,171.8513,68.94888,42248.29591
2025-04-15 21:27:31,NVDA,BUY,108.1,849.5927,842.2819,-790.29748,41457.99843
2025-04-15 21:28:42,NFLX,SELL,165.4,699.2744,690.7734,-1406.0654,40051.93303
2025-04-15 21:29:45,TSLA,BUY,12.0,174.641,172.1282,-30.1536,40021.77943
2025-04-15 21:30:27,MSFT,SELL,311.3,419.8317,420.6258,247.20333,40268.98276
2025-04-15 21:31:40,GOOGL,BUY,224.6,196.0029,195.127,-196.72714,40072.25562
2025-04-15 21:32:40,NVDA,BUY,6.0,888.02,891.0588,18.2328,40090.48842
2025-04-15 21:33:33,GOOGL,SELL,256.9,196.187,194.4695,-441.22575,39649.26267
2025-04-15 21:34:42,MSFT,SELL,141.4,405.6658,401.8603,-538.0977,39111.16497
2025-04-15 21:35:54,GOOGL,SELL,309.2,159.631,157.6039,-626.77932,38484.38565
2025-04-15 21:36:44,AMZN,BUY,158.9,209.5154,209.1664,-55.4561,38428.92955
2025-04-15 21:37:36,AAPL,SELL,230.7,235.7292,234.3133,-326.64813,38102.28142
2025-04-15 21:38:33,AAPL,SELL,267.1,213.1666,216.1799,804.85243,38907.13385
2025-04-15 21:39:37,MSFT,SELL,7.2,440.433,441.1315,5.0292,38912.16305
2025-04-15 21:40:53,MSFT,SELL,323.6,410.8272,410.2167,-197.5578,38714.60525
2025-04-15 21:42:13,META,SELL,115.6,442.3214,441.5876,-84.82728,38629.77797
2025-04-15 21:43:00,MSFT,SELL,35.9,394.4921,399.6722,185.96559,38815.74356
2025-04-15 21:44:14,META,SELL,127.5,459.5294,452.8976,-845.5545,37970.18906
2025-04-15 21:45:00,AMZN,SELL,218.6,216.8709,219.5503,585.71684,38555.9059
2025-04-15 21:46:05,GOOGL,SELL,253.4,194.6158,197.3519,693.32774,39249.23364
2025-04-15 21:46:48,AMZN,BUY,140.3,192.0234,194.8303,393.80807,39643.04171
2025-04-15 21:47:51,NFLX,SELL,132.7,633.0076,629.2874,-493.67054,39149.37117
2025-04-15 21:48:56,NFLX,SELL,341.1,702.5,702.007,-168.1623,38981.20887
2025-04-15 21:49:41,TSLA,SELL,216.9,144.1018,144.1868,18.4365,38999.64537
2025-04-15 21:50:30,NVDA,BUY,247.4,479.453,478.3919,-262.51614,38737.12923
2025-04-15 21:51:17,AMZN,SELL,294.1,199.7056,201.8853,641.04977,39378.179
2025-04-15 21:54:34,META,SELL,277.7,477.1444,481.9592,1337.06996,40715.24896
2025-04-15 21:56:45,NVDA,SELL,333.1,527.7039,529.2302,508.41053,41223.65949
2025-04-15 21:59:45,AAPL,SELL,135.4,183.866,185.5378,226.36172,41450.02121
2025-04-15 22:02:00,TSLA,SELL,154.0,189.0457,190.9866,298.8986,41748.91981
2025-04-15 22:03:45,META,BUY,25.2,477.4139,475.0029,-60.7572,41688.16261
2025-04-15 22:05:30,AAPL,SELL,299.9,211.4429,211.9131,141.01298,41829.17559
2025-04-15 22:08:00,GOOGL,SELL,157.9,190.5605,189.3319,-193.99594,41635.17965
2025-04-15 22:10:42,META,BUY,150.0,514.4203,510.8885,-529.77,41105.40965
2025-04-15 22:12:20,MSFT,BUY,264.1,431.5892,431.759,44.84418,41150.25383
2025-04-15 22:14:59,AMZN,SELL,180.4,198.3839,198.7599,67.8304,41218.08423
2025-04-15 22:17:33,MSFT,SELL,260.6,435.5164,441.869,1655.48756,42873.57179
2025-04-15 22:20:11,META,BUY,178.3,501.1028,497.3992,-660.35188,42213.21991
2025-04-15 22:23:41,NVDA,BUY,315.3,892.4659,890.8668,-504.19623,41709.02368
2025-04-15 22:25:43,GOOGL,SELL,44.9,179.3697,178.5891,-35.04894,41673.97474
2025-04-15 22:27:37,NVDA,SELL,118.0,680.4165,671.5501,-1046.2352,40627.73954
2025-04-15 22:30:04,AAPL,SELL,189.5,177.2053,175.3945,-343.1466,40284.59294
2025-04-15 22:32:11,META,SELL,46.1,547.295,552.4034,235.49724,40520.09018
2025-04-15 22:34:11,GOOGL,BUY,200.9,166.5272,165.6582,-174.5821,40345.50808
2025-04-15 22:37:06,MSFT,BUY,166.9,428.2969,430.0789,297.4158,40642.92388
2025-04-15 22:39:44,AAPL,BUY,215.9,182.9025,183.7457,182.04688,40824.97076
2025-04-15 22:42:00,AAPL,BUY,100.1,214.8049,211.7338,-307.41711,40517.55365
2025-04-15 22:44:26,TSLA,SELL,211.5,262.5254,260.9918,-324.3564,40193.19725
2025-04-15 22:46:03,NFLX,BUY,58.7,623.1986,618.6173,-268.92231,39924.27494
2025-04-15 22:48:44,AAPL,BUY,154.7,211.3847,212.5622,182.15925,40106.43419
2025-04-15 22:52:01,TSLA,BUY,226.0,308.8383,310.4889,373.0356,40479.46979
2025-04-15 22:55:16,AAPL,SELL,314.3,187.2034,184.8487,-740.08221,39739.38758
2025-04-15 22:57:40,META,BUY,101.0,461.7518,466.396,469.0642,40208.45178
2025-04-15 22:59:10,META,SELL,123.1,447.9314,454.2347,775.93623,40984.38801
2025-04-15 23:01:46,NFLX,BUY,172.2,617.5489,620.2822,470.67426,41455.06227
2025-04-15 23:04:43,NFLX,SELL,16.6,601.2758,610.2673,149.2589,41604.32117
2025-04-15 23:06:20,NVDA,BUY,159.3,632.6137,630.9745,-261.12456,41343.19661
2025-04-15 23:09:05,META,BUY,215.7,528.9936,531.9495,637.58763,41980.78424
2025-04-15 23:11:56,GOOGL,SELL,295.8,173.5215,173.9889,138.25692,42119.04116
2025-04-15 23:15:16,NVDA,BUY,202.5,945.9831,933.9299,-2440.773,39678.26816
2025-04-15 23:16:56,TSLA,BUY,219.9,366.5544,363.9411,-574.66467,39103.60349
2025-04-15 23:18:43,MSFT,SELL,267.1,450.1647,449.98,-49.33337,39054.27012
2025-04-15 23:20:20,NFLX,SELL,232.3,702.0565,696.4707,-1297.58134,37756.68878
2025-04-15 23:22:36,NFLX,SELL,190.7,612.9113,608.834,-777.54111,36979.14767
2025-04-15 23:24:29,AAPL,BUY,121.9,209.1165,210.0447,113.14758,37092.29525
2025-04-15 23:26:50,AMZN,BUY,341.1,212.0377,211.2149,-280.65708,36811.63817
2025-04-15 23:28:46,NFLX,SELL,129.8,692.9458,686.8087,-796.59558,36015.04259
2025-04-15 23:31:20,NVDA,SELL,314.5,581.9709,581.3222,-204.01615,35811.02644
2025-04-15 23:34:34,NFLX,BUY,246.0,674.8254,669.455,-1321.1184,34489.90804
2025-04-15 23:36:16,NVDA,SELL,203.8,846.0777,845.6349,-90.24264,34399.6654
2025-04-15 23:38:41,NFLX,SELL,11.6,606.5212,601.4754,-58.53128,34341.13412
2025-04-15 23:41:04,AMZN,SELL,20.3,217.5564,218.9951,29.20561,34370.33973
2025-04-15 23:44:28,AMZN,BUY,59.9,207.2172,208.3283,66.55489,34436.89462
2025-04-15 23:46:46,MSFT,SELL,263.2,444.2545,444.5419,75.64368,34512.5383
2025-04-15 23:49:29,NVDA,SELL,129.6,454.1372,455.9088,229.59936,34742.13766
2025-04-15 23:52:03,GOOGL,BUY,131.7,175.7879,175.9122,16.37031,34758.50797
2025-04-15 23:54:41,MSFT,BUY,340.3,413.8687,415.9098,694.58633,35453.0943
2025-04-15 23:57:09,NFLX,BUY,298.3,577.14,574.8908,-670.93636,34782.15794
2025-04-15 23:58:29,GOOGL,BUY,317.1,200.3911,197.9591,-771.1872,34010.97074
2025-04-15 23:59:27,GOOGL,SELL,298.7,200.7469,202.2954,462.53695,34473.50769
2025-04-16 00:00:41,META,BUY,207.8,543.4537,551.4033,1651.92688,36125.43457
2025-04-16 00:01:51,TSLA,BUY,298.0,373.3248,375.4561,635.1274,36760.56197
2025-04-16 00:02:46,MSFT,BUY,344.6,441.7892,445.4553,1263.33806,38023.90003
2025-04-16 00:04:05,META,SELL,296.5,492.8239,496.4869,1086.0795,39109.97953
2025-04-16 00:05:16,META,SELL,137.3,537.2576,534.4804,-381.30956,38728.66997
2025-04-16 00:06:06,MSFT,BUY,75.9,425.887,430.7009,365.37501,39094.04498
2025-04-16 00:07:03,META,SELL,258.2,525.247,526.2835,267.6243,39361.66928
2025-04-16 00:07:50,NVDA,BUY,309.4,671.2587,672.4468,367.59814,39729.26742
2025-04-16 00:08:54,TSLA,SELL,122.3,293.563,294.4333,106.43769,39835.70511
2025-04-16 00:09:36,META,BUY,53.6,503.8425,498.5818,-281.97352,39553.73159
2025-04-16 00:10:40,MSFT,SELL,175.9,379.1929,377.7511,-253.61262,39300.11897
2025-04-16 00:11:26,TSLA,BUY,9.3,249.9719,247.652,-21.57507,39278.5439
2025-04-16 00:12:30,NFLX,SELL,216.7,707.274,708.9984,373.67748,39652.22138
2025-04-16 00:13:14,MSFT,BUY,193.5,406.7421,407.317,111.24315,39763.46453
2025-04-16 00:14:31,TSLA,SELL,163.8,338.4656,342.4852,658.41048,40421.87501
2025-04-16 00:15:29,MSFT,BUY,274.1,435.9722,429.7683,-1700.48899,38721.38602
2025-04-16 00:16:35,TSLA,SELL,98.8,393.2411,396.5685,328.74712,39050.13314
2025-04-16 00:17:46,MSFT,BUY,301.3,443.7343,439.3917,-1308.42538,37741.70776
2025-04-16 00:18:57,GOOGL,SELL,30.1,153.0444,154.3106,38.11262,37779.82038
2025-04-16 00:20:14,AAPL,BUY,312.7,221.5912,219.8158,-555.16758,37224.6528
2025-04-16 00:21:09,TSLA,SELL,252.0,279.9171,278.8741,-262.836,36961.8168
2025-04-16 00:22:05,MSFT,BUY,336.5,425.3595,426.0759,241.0686,37202.8854
2025-04-16 00:22:49,GOOGL,SELL,83.8,169.3776,170.3558,81.97316,37284.85856
2025-04-16 00:23:36,MSFT,SELL,111.7,403.9632,406.287,259.56846,37544.42702
2025-04-16 00:24:16,NVDA,BUY,44.1,516.1959,516.0305,-7.29414,37537.13288
2025-04-16 00:24:57,AMZN,BUY,175.4,216.2756,218.6676,419.5568,37956.68968
2025-04-16 00:25:57,AAPL,BUY,13.4,204.9998,204.474,-7.04572,37949.64396
2025-04-16 00:26:53,AAPL,SELL,62.8,192.1447,194.2515,132.30704,38081.951
2025-04-16 00:27:58,AAPL,BUY,340.9,169.4195,167.0943,-792.66068,37289.29032
2025-04-16 00:28:42,GOOGL,BUY,142.0,190.9719,188.4765,-354.3468,36934.94352
2025-04-16 00:30:02,MSFT,BUY,334.5,394.4593,396.3823,643.2435,37578.18702
2025-04-16 00:30:53,TSLA,BUY,30.8,356.5141,354.5005,-62.01888,37516.16814
2025-04-16 00:31:50,META,SELL,165.6,456.4668,450.1108,-1052.5536,36463.61454
2025-04-16 00:32:39,GOOGL,BUY,130.7,147.8083,148.8858,140.82925,36604.44379
2025-04-16 00:33:55,TSLA,SELL,126.0,340.0317,343.9837,497.952,37102.39579
2025-04-16 00:34:50,NVDA,SELL,250.0,458.9615,465.2224,1565.225,38667.62079
2025-04-16 00:35:56,MSFT,SELL,135.4,467.3131,468.3813,144.63428,38812.25507
2025-04-16 00:36:43,GOOGL,BUY,234.6,158.7358,160.6138,440.5788,39252.83387
2025-04-16 00:37:44,AAPL,BUY,24.0,190.2087,189.8842,-7.788,39245.04587
2025-04-16 00:39:01,MSFT,SELL,37.2,462.7863,462.4775,-11.48736,39233.55851
2025-04-16 00:42:18,NVDA,SELL,199.4,731.3356,725.6062,-1142.44236,38091.11615
2025-04-16 00:44:16,META,BUY,333.7,518.0152,518.2868,90.63292,38181.74907
2025-04-16 00:46:47,AMZN,BUY,247.4,190.7046,190.7296,6.185,38187.93407
2025-04-16 00:48:20,AMZN,BUY,173.4,199.1594,200.2448,188.20836,38376.14243
2025-04-16 00:49:55,AAPL,SELL,6.9,200.2777,199.6248,-4.50501,38371.63742
2025-04-16 00:53:11,TSLA,BUY,316.9,296.9249,299.317,758.05649,39129.69391
2025-04-16 00:55:28,NFLX,SELL,178.2,634.071,625.6757,-1496.04246,37633.65145
2025-04-16 00:58:35,TSLA,BUY,134.5,196.2346,193.304,-394.1657,37239.48575
2025-04-16 01:00:49,AAPL,BUY,269.1,205.0965,207.2601,582.22476,37821.71051
2025-04-16 01:02:23,GOOGL,SELL,204.5,161.0655,163.3999,477.3848,38299.09531
2025-04-16 01:04:13,META,SELL,310.5,501.4213,499.9357,-461.2788,37837.81651
2025-04-16 01:07:05,MSFT,BUY,221.4,434.7058,440.0198,1176.5196,39014.33611
2025-04-16 01:09:11,NVDA,SELL,291.9,614.8737,617.3908,734.74149,39749.0776
2025-04-16 01:12:02,GOOGL,BUY,93.7,153.51,155.2981,167.54497,39916.62257
2025-04-16 01:14:43,GOOGL,BUY,83.5,197.3652,198.3932,85.838,40002.46057
2025-04-16 01:17:15,META,SELL,54.2,455.3899,452.541,-154.41038,39848.05019
2025-04-16 01:20:15,GOOGL,BUY,80.2,181.2112,180.0991,-89.19042,39758.85977
2025-04-16 01:23:35,AMZN,SELL,335.2,204.2803,203.3925,-297.59056,39461.26921
2025-04-16 01:25:11,TSLA,BUY,125.8,318.2333,320.3231,262.89684,39724.16605
2025-04-16 01:27:41,NVDA,SELL,51.7,653.9784,662.1673,423.36613,40147.53218
2025-04-16 01:30:08,MSFT,SELL,13.6,395.2921,398.652,45.69464,40193.22682
2025-04-16 01:32:44,MSFT,SELL,45.2,404.8622,406.6231,79.59268,40272.8195
2025-04-16 01:35:44,META,SELL,107.0,500.5531,493.1354,-793.6939,39479.1256
2025-04-16 01:38:16,TSLA,SELL,63.6,155.8871,154.36,-97.12356,39382.00204
2025-04-16 01:40:27,NVDA,BUY,69.4,543.8634,538.748,-355.00876,39026.99328
2025-04-16 01:42:00,NFLX,SELL,96.7,704.1918,704.0183,-16.77745,39010.21583
2025-04-16 01:43:34,AAPL,SELL,194.5,194.1453,193.2774,-168.80655,38841.40928
2025-04-16 01:46:14,MSFT,BUY,77.9,414.69,416.1028,110.05712,38951.4664
2025-04-16 01:49:32,META,BUY,61.5,460.2564,466.4977,383.83995,39335.30635
2025-04-16 01:52:16,META,SELL,285.2,493.5263,487.7385,-1650.68056,37684.62579
2025-04-16 01:55:26,META,SELL,134.7,490.7774,498.1386,991.55364,38676.17943
2025-04-16 01:57:55,NFLX,SELL,196.5,594.3803,601.4943,1397.901,40074.08043
2025-04-16 02:01:22,NFLX,BUY,110.5,693.1223,701.1424,886.22105,40960.30148
2025-04-16 02:04:33,MSFT,SELL,205.1,422.194,416.0588,-1258.32952,39701.97196
2025-04-16 02:07:56,MSFT,SELL,292.3,392.4173,390.4742,-567.96813,39134.00383
2025-04-16 02:09:58,NVDA,BUY,8.9,614.784,611.7143,-27.32033,39106.6835
2025-04-16 02:11:51,META,SELL,294.5,547.8766,541.6667,-1828.81555,37277.86795
2025-04-16 02:15:02,TSLA,SELL,284.2,202.1381,204.2984,613.95726,37891.82521
2025-04-16 02:18:10,TSLA,SELL,258.2,204.3867,206.7753,616.73652,38508.56173
2025-04-16 02:20:49,NVDA,BUY,104.9,562.44,569.2105,710.22545,39218.78718
2025-04-16 02:22:32,META,SELL,27.5,498.7708,501.5933,77.61875,39296.40593
2025-04-16 02:25:52,AAPL,BUY,309.0,194.5891,196.6008,621.6153,39918.02123
2025-04-16 02:28:36,GOOGL,BUY,110.8,186.2114,188.5091,254.58516,40172.60639
2025-04-16 02:32:05,AMZN,BUY,346.0,221.1644,221.7688,209.1224,40381.72879
2025-04-16 02:33:49,AMZN,BUY,110.3,204.7328,205.0541,35.43939,40417.16818
2025-04-16 02:35:33,NFLX,SELL,113.5,632.4599,631.0295,-162.3504,40254.81778
2025-04-16 02:39:00,GOOGL,BUY,169.2,182.5254,180.6859,-311.2434,39943.57438
2025-04-16 02:40:51,AMZN,BUY,238.4,206.5368,203.7045,-675.22032,39268.35406
2025-04-16 02:43:42,AAPL,BUY,42.7,189.2049,190.9404,74.10585,39342.45991
2025-04-16 02:47:11,AMZN,BUY,12.3,215.1497,213.9117,-15.2274,39327.23251
2025-04-16 02:49:38,META,BUY,244.8,461.2754,459.6792,-390.74976,38936.48275
2025-04-16 02:51:18,META,BUY,221.4,549.8108,554.9298,1133.3466,40069.82935
2025-04-16 02:54:02,AAPL,SELL,152.6,227.5842,230.081,381.01168,40450.84103
2025-04-16 02:56:02,GOOGL,SELL,91.0,191.1367,189.5026,-148.7031,40302.13793
2025-04-16 02:57:37,AAPL,BUY,70.0,234.0449,232.5511,-104.566,40197.57193
2025-04-16 03:00:57,GOOGL,BUY,54.3,190.592,192.0192,77.49696,40275.06889
2025-04-16 03:02:42,AAPL,BUY,13.7,220.7031,223.3304,35.99401,40311.0629
2025-04-16 03:04:38,AMZN,SELL,263.8,209.3991,211.8228,639.37206,40950.43496
2025-04-16 03:07:41,NFLX,SELL,327.4,598.9487,596.2353,-888.36716,40062.0678
2025-04-16 03:11:02,AMZN,SELL,27.2,220.7073,223.9505,88.21504,40150.28284
2025-04-16 03:12:44,META,SELL,11.5,512.1757,514.2821,24.2236,40174.50644
2025-04-16 03:15:23,AMZN,BUY,107.9,207.2329,204.4063,-304.99014,39869.5163
2025-04-16 03:18:18,NFLX,SELL,154.6,653.3372,650.8582,-383.2534,39486.2629
2025-04-16 03:20:54,TSLA,SELL,219.2,374.1984,374.2911,20.31984,39506.58274
2025-04-16 03:24:00,MSFT,SELL,274.7,396.2697,396.9324,182.04369,39688.62643
2025-04-16 03:26:25,AAPL,SELL,16.7,188.9394,190.0304,18.2197,39706.84613
2025-04-16 03:29:55,GOOGL,BUY,72.3,186.3142,184.9834,-96.21684,39610.62929
2025-04-16 03:31:36,AAPL,BUY,57.3,202.9528,200.7225,-127.79619,39482.8331
2025-04-16 03:34:40,NVDA,BUY,226.6,606.3691,611.394,1138.64234,40621.47544
2025-04-16 03:37:50,NVDA,SELL,143.6,733.9961,737.3989,488.64208,41110.11752
2025-04-16 03:40:22,META,SELL,145.5,513.3577,516.2906,426.73695,41536.85447
2025-04-16 03:43:35,AAPL,BUY,168.9,228.1673,231.0822,492.32661,42029.18108
2025-04-16 03:45:21,MSFT,SELL,124.1,445.2376,439.5634,-704.16822,41325.01286
2025-04-16 03:47:17,MSFT,SELL,16.8,432.7795,433.233,7.6188,41332.63166
2025-04-16 03:49:09,AAPL,BUY,178.8,199.323,197.7594,-279.57168,41053.05998
2025-04-16 03:50:48,GOOGL,SELL,175.1,173.7952,171.994,-315.39012,40737.66986
2025-04-16 03:53:34,TSLA,SELL,29.5,196.4736,196.6549,5.34835,40743.01821
2025-04-16 03:55:47,TSLA,BUY,190.3,292.9751,292.2495,-138.08168,40604.93653
2025-04-16 03:57:39,NVDA,SELL,223.8,756.0833,752.2031,-868.38876,39736.54777
2025-04-16 03:59:37,TSLA,BUY,276.6,398.4956,401.9958,968.15532,40704.70309
2025-04-16 04:02:29,AAPL,SELL,272.0,195.9109,194.4127,-407.5104,40297.19269
2025-04-16 04:05:14,MSFT,BUY,19.7,461.1819,465.0044,75.30325,40372.49594
2025-04-16 04:07:05,AMZN,SELL,236.8,178.4864,180.0915,380.08768,40752.58362
2025-04-16 04:10:15,MSFT,BUY,139.1,455.3535,459.6921,603.49926,41356.08288
2025-04-16 04:12:55,TSLA,BUY,100.5,318.7241,323.4569,475.6464,41831.72928
2025-04-16 04:14:34,MSFT,BUY,347.2,406.1393,405.3781,-264.28864,41567.44064
2025-04-16 04:17:57,MSFT,BUY,159.0,460.5414,457.5705,-472.3731,41095.06754
2025-04-16 04:20:31,NFLX,SELL,192.9,610.9922,616.7895,1118.29917,42213.36671
2025-04-16 04:23:12,META,BUY,163.4,504.3693,508.8748,736.1987,42949.56541
2025-04-16 04:25:34,TSLA,SELL,307.2,402.3984,398.6348,-1156.17792,41793.38749
2025-04-16 04:28:31,NFLX,BUY,152.2,673.4005,675.0597,252.53024,42045.91773
2025-04-16 04:31:39,GOOGL,SELL,194.3,161.9073,161.4842,-82.20833,41963.7094
2025-04-16 04:34:31,NVDA,SELL,292.8,650.3931,649.9175,-139.25568,41824.45372
2025-04-16 04:36:48,META,BUY,127.0,542.4354,542.5526,14.8844,41839.33812
2025-04-16 04:39:01,GOOGL,SELL,242.4,170.5793,170.901,77.98008,41917.3182
2025-04-16 04:41:06,NFLX,BUY,240.0,638.1143,638.7982,164.136,42081.4542
2025-04-16 04:44:18,NVDA,SELL,266.7,589.5785,583.6744,-1574.62347,40506.83073
2025-04-16 04:47:41,META,BUY,116.9,479.3675,476.0408,-388.89123,40117.9395
2025-04-16 04:49:34,NFLX,SELL,183.4,651.8574,651.4543,-73.92854,40044.01096
2025-04-16 04:50:01,NFLX,BUY,254.5,708.8054,714.3133,1401.76055,41445.77151
2025-04-16 04:50:16,GOOGL,SELL,278.3,166.559,165.1739,-385.47333,41060.29818
2025-04-16 04:50:50,TSLA,SELL,220.7,206.9999,205.4813,-335.15502,40725.14316
2025-04-16 04:51:11,TSLA,SELL,299.4,230.2575,229.6579,-179.52024,40545.62292
2025-04-16 04:51:38,GOOGL,BUY,262.5,193.3194,195.3374,529.725,41075.34792
2025-04-16 04:51:52,NVDA,BUY,279.0,566.5356,569.5311,835.7445,41911.09242
2025-04-16 04:52:18,AMZN,BUY,311.1,193.8519,191.1931,-827.15268,41083.93974
2025-04-16 04:52:38,NFLX,SELL,223.9,629.2349,626.9324,-515.52975,40568.40999
2025-04-16 04:53:03,AAPL,BUY,236.0,221.8223,222.929,261.1812,40829.59119
2025-04-16 04:53:35,TSLA,SELL,77.5,251.7089,250.3085,-108.531,40721.06019
2025-04-16 04:54:05,AMZN,BUY,273.7,174.5152,174.0164,-136.52156,40584.53863
2025-04-16 04:54:36,META,SELL,28.1,529.7833,532.5495,77.73022,40662.26885
2025-04-16 04:54:54,NVDA,BUY,282.6,677.6239,675.7105,-540.72684,40121.54201
2025-04-16 04:55:07,AMZN,SELL,181.0,209.1668,209.7307,102.0659,40223.60791
2025-04-16 04:55:24,NVDA,BUY,286.8,833.4764,843.3803,2840.43852,43064.04643
2025-04-16 04:55:59,GOOGL,SELL,10.8,178.3299,177.7585,-6.17112,43057.87531
2025-04-16 04:56:24,NVDA,SELL,12.4,833.5238,825.5384,-99.01896,42958.85635
2025-04-16 04:56:38,NVDA,BUY,208.0,853.5483,865.1378,2410.616,45369.47235
2025-04-16 04:57:42,TSLA,BUY,183.5,285.7264,287.9362,405.4983,45774.97065
2025-04-16 04:58:24,AMZN,BUY,110.5,196.0732,194.4442,-180.0045,45594.96615
2025-04-16 04:59:32,AMZN,SELL,139.7,181.4332,183.077,229.63886,45824.60501
2025-04-16 05:00:48,NVDA,SELL,214.5,758.186,763.6999,1182.73155,47007.33656
2025-04-16 05:01:29,AMZN,SELL,241.8,184.6604,187.0952,588.73464,47596.0712
2025-04-16 05:02:14,NVDA,SELL,215.7,945.7846,944.0687,-370.11963,47225.95157
2025-04-16 05:02:55,TSLA,SELL,274.7,192.0275,191.4576,-156.55153,47069.40004
2025-04-16 05:04:10,GOOGL,BUY,125.2,203.9273,206.6262,337.90228,47407.30232
2025-04-16 05:05:23,NVDA,SELL,132.7,801.42,804.9627,470.11629,47877.41861
2025-04-16 05:06:06,AMZN,BUY,172.9,182.2655,181.6074,-113.78549,47763.63312
2025-04-16 05:07:09,NVDA,BUY,305.2,810.2728,801.342,-2725.68016,45037.95296
2025-04-16 05:08:13,GOOGL,BUY,160.8,171.2751,170.3936,-141.7452,44896.20776
2025-04-16 05:09:00,MSFT,BUY,96.1,443.9919,441.4044,-248.65875,44647.54901
2025-04-16 05:09:41,MSFT,SELL,135.1,455.4653,455.8523,52.2837,44699.83271
2025-04-16 05:10:58,GOOGL,SELL,86.3,191.6312,194.2525,226.21819,44926.0509
2025-04-16 05:12:02,META,SELL,346.6,474.5947,474.6831,30.63944,44956.69034
2025-04-16 05:13:07,TSLA,SELL,320.0,278.0548,275.8188,-715.52,44241.17034
2025-04-16 05:14:06,AAPL,BUY,215.4,200.4511,201.1921,159.6114,44400.78174
2025-04-16 05:15:04,AMZN,SELL,23.4,202.5636,200.657,-44.61444,44356.1673
2025-04-16 05:15:52,NFLX,SELL,26.0,617.3298,615.6994,-42.3904,44313.7769
2025-04-16 05:16:53,AMZN,SELL,169.0,214.8383,212.667,-366.9497,43946.8272
2025-04-16 05:17:36,GOOGL,SELL,92.1,201.7123,199.4364,-209.61039,43737.21681
2025-04-16 05:18:16,NVDA,SELL,329.5,720.366,730.7735,3429.27125,47166.48806
2025-04-16 05:18:57,NVDA,SELL,316.9,663.4673,655.8072,-2427.48569,44739.00237
2025-04-16 05:20:12,NFLX,SELL,253.3,645.1102,635.4418,-2449.00572,42289.99665
2025-04-16 05:21:14,TSLA,BUY,212.2,193.8815,195.8477,417.22764,42707.22429
2025-04-16 05:23:06,NFLX,SELL,216.1,709.8161,708.7908,-221.56733,42485.65696
2025-04-16 05:25:37,AMZN,SELL,28.1,231.7017,233.6321,54.24424,42539.9012
2025-04-16 05:27:58,MSFT,SELL,269.0,420.277,419.516,-204.709,42335.1922
2025-04-16 05:30:35,META,BUY,76.6,494.8077,495.7237,70.1656,42405.3578
2025-04-16 05:33:13,AAPL,BUY,261.8,174.2859,172.7063,-413.53928,41991.81852
2025-04-16 05:35:35,MSFT,SELL,92.2,430.8633,424.7523,-563.4342,41428.38432
2025-04-16 05:37:55,NFLX,SELL,273.3,655.9249,654.9904,-255.39885,41172.98547
2025-04-16 05:39:53,META,SELL,199.3,483.2246,479.6977,-702.91117,40470.0743
2025-04-16 05:42:06,AMZN,BUY,136.2,181.2138,182.0442,113.10048,40583.17478
2025-04-16 05:43:42,TSLA,BUY,321.7,329.6995,333.6236,1262.38297,41845.55775
2025-04-16 05:45:32,TSLA,BUY,288.9,342.2493,343.1654,264.66129,42110.21904
2025-04-16 05:47:47,NVDA,SELL,218.6,609.5418,609.9923,98.4793,42208.69834
2025-04-16 05:50:33,TSLA,BUY,307.4,386.3896,387.5616,360.2728,42568.97114
2025-04-16 05:52:27,AAPL,SELL,47.4,175.5014,177.5671,97.91418,42666.88532
2025-04-16 05:54:37,GOOGL,SELL,281.5,189.7442,188.4173,-373.52235,42293.36297
2025-04-16 05:57:06,META,SELL,285.9,564.9705,564.6379,-95.09034,42198.27263
2025-04-16 06:00:09,NVDA,BUY,155.4,568.1426,573.7496,871.3278,43069.60043
2025-04-16 06:03:26,AMZN,BUY,140.8,172.4453,171.5166,-130.76096,42938.83947
2025-04-16 06:05:44,AAPL,SELL,330.9,229.5945,231.0911,495.22494,43434.06441
2025-04-16 06:09:07,NFLX,BUY,110.9,682.2265,673.5857,-958.26472,42475.79969
2025-04-16 06:11:58,GOOGL,BUY,132.2,185.8966,186.6687,102.07162,42577.87131
2025-04-16 06:13:45,NVDA,SELL,102.1,760.279,769.3451,925.64881,43503.52012
2025-04-16 06:16:50,AAPL,BUY,81.0,230.6702,232.7477,168.2775,43671.79762
2025-04-16 06:19:57,AMZN,SELL,31.3,201.8176,202.8763,33.13731,43704.93493
2025-04-16 06:22:44,MSFT,BUY,290.4,454.8521,457.3035,711.88656,44416.82149
2025-04-16 06:24:41,NFLX,SELL,48.3,691.2125,697.8169,318.99252,44735.81401
2025-04-16 06:27:19,META,BUY,34.2,511.2284,518.7395,256.87962,44992.69363
2025-04-16 06:30:26,NVDA,SELL,259.9,930.0983,918.1833,-3096.7085,41895.98513
2025-04-16 06:32:28,TSLA,SELL,178.5,319.431,320.566,202.5975,42098.58263
2025-04-16 06:35:32,NFLX,BUY,94.9,639.8403,632.9023,-658.4162,41440.16643
2025-04-16 06:38:39,NFLX,SELL,126.2,680.3791,678.6986,-212.0791,41228.08733
2025-04-16 06:40:25,TSLA,SELL,220.4,300.4231,296.896,-777.37284,40450.71449
2025-04-16 06:43:35,NFLX,SELL,118.2,604.4754,603.3806,-129.40536,40321.30913
2025-04-16 06:46:46,TSLA,BUY,268.5,174.9495,173.5214,-383.44485,39937.86428
2025-04-16 06:49:56,AMZN,SELL,193.7,222.9938,224.7228,334.9073,40272.77158
2025-04-16 06:52:54,NFLX,SELL,257.3,688.2266,694.0,1485.49582,41758.2674
2025-04-16 06:54:50,AAPL,SELL,167.9,241.0659,237.7958,-549.04979,41209.21761
2025-04-16 06:57:23,NVDA,BUY,18.1,888.4852,875.8768,-228.21204,40981.00557
2025-04-16 07:00:30,AMZN,BUY,59.9,229.7148,231.4102,101.55446,41082.56003
2025-04-16 07:02:49,MSFT,BUY,124.4,447.9103,446.1324,-221.17076,40861.38927
2025-04-16 07:06:17,META,BUY,176.7,539.917,536.7023,-568.03749,40293.35178
2025-04-16 07:08:36,NFLX,SELL,88.8,659.2217,653.8709,-475.15104,39818.20074
2025-04-16 07:11:20,AMZN,BUY,126.1,193.0806,193.5345,57.23679,39875.43753
2025-04-16 07:13:59,NFLX,SELL,329.4,653.4167,660.8791,2458.11456,42333.55209
2025-04-16 07:15:30,NFLX,SELL,180.9,604.5979,611.292,1210.96269,43544.51478
2025-04-16 07:18:17,GOOGL,BUY,285.7,159.4429,159.7416,85.33859,43629.85337
2025-04-16 07:21:07,AMZN,SELL,257.3,211.4784,212.3351,220.42891,43850.28228
2025-04-16 07:24:23,GOOGL,SELL,135.1,163.858,164.7375,118.82045,43969.10273
2025-04-16 07:26:52,TSLA,BUY,329.1,381.6518,381.0508,-197.7891,43771.31363
2025-04-16 07:30:05,GOOGL,SELL,305.4,179.1478,179.5765,130.92498,43902.23861
2025-04-16 07:33:00,MSFT,BUY,233.7,417.3628,422.1967,1129.68243,45031.92104
2025-04-16 07:34:46,TSLA,SELL,343.4,258.7583,261.7599,1030.74944,46062.67048
2025-04-16 07:36:42,TSLA,SELL,91.7,349.6839,354.0857,403.64506,46466.31554
2025-04-16 07:39:15,NVDA,BUY,273.8,468.0817,472.6412,1248.3911,47714.70664
2025-04-16 07:40:46,GOOGL,BUY,32.8,192.0897,192.517,14.01544,47728.72208
2025-04-16 07:43:25,TSLA,BUY,318.9,169.977,169.4546,-166.59336,47562.12872
2025-04-16 07:46:13,AAPL,SELL,325.1,214.4621,215.2998,272.33627,47834.46499
2025-04-16 07:49:37,META,BUY,99.7,558.4988,561.2179,271.09427,48105.55926
2025-04-16 07:51:15,TSLA,SELL,68.1,318.674,315.9959,-182.37861,47923.18065
2025-04-16 07:53:28,META,SELL,334.0,464.5291,461.0168,-1173.1082,46750.07245
2025-04-16 07:56:53,NVDA,BUY,138.3,774.6389,764.7677,-1365.18696,45384.88549
2025-04-16 07:59:44,NVDA,BUY,294.5,498.8213,492.0386,-1997.50515,43387.38034
2025-04-16 08:02:17,AMZN,BUY,135.3,224.8423,224.0544,-106.60287,43280.77747
2025-04-16 08:05:16,AMZN,BUY,196.9,226.1641,224.7852,-271.50541,43009.27206
2025-04-16 08:08:10,NVDA,BUY,50.1,648.5699,641.5711,-350.63988,42658.63218
2025-04-16 08:10:18,META,SELL,140.7,557.0281,549.4789,-1062.17244,41596.45974
2025-04-16 08:12:43,GOOGL,BUY,188.4,177.3401,177.0907,-46.98696,41549.47278
2025-04-16 08:15:32,MSFT,BUY,283.2,399.0864,398.5971,-138.56976,41410.90302
2025-04-16 08:17:05,AMZN,SELL,188.9,208.7545,211.5352,525.27423,41936.17725
2025-04-16 08:18:40,AAPL,BUY,225.0,201.1154,199.7363,-310.2975,41625.87975
2025-04-16 08:21:36,META,SELL,265.9,500.828,498.8802,-517.92002,41107.95973
2025-04-16 08:24:03,TSLA,BUY,115.5,352.4932,356.4131,452.74845,41560.70818
2025-04-16 08:26:48,AMZN,SELL,292.5,233.1902,236.5283,976.39425,42537.10243
2025-04-16 08:28:20,NVDA,SELL,79.9,705.1405,701.2161,-313.55956,42223.54287
2025-04-16 08:29:55,TSLA,SELL,96.3,226.5226,224.5791,-187.15905,42036.38382
2025-04-16 08:31:52,TSLA,SELL,16.1,301.8635,301.5285,-5.3935,42030.99032
2025-04-16 08:33:25,MSFT,SELL,121.5,455.9194,455.4901,-52.15995,41978.83037
2025-04-16 08:35:52,NFLX,BUY,250.4,694.6033,690.2401,-1092.54528,40886.28509
2025-04-16 08:38:16,NVDA,BUY,299.6,615.4835,608.1733,-2190.13592,38696.14917
2025-04-16 08:40:04,NVDA,BUY,281.5,548.3906,541.641,-1900.0124,36796.13677
2025-04-16 08:41:56,META,BUY,192.7,519.8276,525.5287,1098.60197,37894.73874
2025-04-16 08:45:22,TSLA,SELL,9.5,297.3855,301.7485,41.4485,37936.18724
2025-04-16 08:48:45,META,BUY,178.2,460.278,464.0307,668.73114,38604.91838
2025-04-16 08:49:02,AMZN,BUY,323.3,185.8163,187.3707,502.53752,39107.4559
2025-04-16 08:49:14,AAPL,BUY,144.6,178.474,176.3699,-304.25286,38803.20304
2025-04-16 08:49:25,TSLA,BUY,315.6,397.1517,403.0999,1877.25192,40680.45496
2025-04-16 08:49:40,NFLX,BUY,149.3,583.7702,577.6799,-909.28179,39771.17317
2025-04-16 08:49:54,GOOGL,BUY,146.6,157.7229,157.2258,-72.87486,39698.29831
2025-04-16 08:50:22,META,SELL,111.0,496.2808,499.8269,393.6171,40091.91541
2025-04-16 08:50:39,GOOGL,BUY,120.8,167.3685,167.6158,29.87384,40121.78925
2025-04-16 08:51:07,GOOGL,SELL,114.5,196.2808,195.3551,-105.99265,40015.7966
2025-04-16 08:51:29,META,SELL,134.0,530.2462,535.4897,702.629,40718.4256
2025-04-16 08:51:49,META,BUY,235.5,471.4247,466.6315,-1128.7986,39589.627
2025-04-16 08:52:04,GOOGL,BUY,250.8,159.0803,159.6293,137.6892,39727.3162
2025-04-16 08:52:13,GOOGL,BUY,38.7,169.9739,172.501,97.79877,39825.11497
2025-04-16 08:52:40,META,BUY,57.1,469.4927,475.2799,330.44912,40155.56409
2025-04-16 08:53:10,META,BUY,337.8,528.7469,526.5483,-742.68708,39412.87701
2025-04-16 08:53:37,NFLX,BUY,48.4,613.7108,606.1921,-363.90508,39048.97193
2025-04-16 08:54:09,TSLA,SELL,180.6,187.8092,189.1339,239.24082,39288.21275
2025-04-16 08:54:27,META,SELL,325.9,461.0612,454.5148,-2133.47176,37154.74099
2025-04-16 08:54:52,TSLA,SELL,79.3,375.7733,377.3392,124.17587,37278.91686
2025-04-16 08:55:06,AMZN,BUY,326.8,194.7409,195.8648,367.29052,37646.20738
2025-04-16 08:55:29,GOOGL,BUY,316.2,173.3076,171.4617,-583.67358,37062.5338
2025-04-16 08:55:45,AAPL,SELL,105.1,208.0016,207.944,-6.05376,37056.48004
2025-04-16 08:57:17,META,SELL,225.9,512.0455,506.3692,-1282.27617,35774.20387
2025-04-16 08:59:04,META,BUY,225.2,529.1352,532.6153,783.71852,36557.92239
2025-04-16 09:01:48,NFLX,BUY,249.8,638.7316,632.385,-1585.38068,34972.54171
2025-04-16 09:03:23,AMZN,SELL,317.5,190.7645,190.4101,-112.522,34860.01971
2025-04-16 09:05:21,AAPL,BUY,236.3,188.9141,186.6255,-540.79618,34319.22353
2025-04-16 09:08:38,GOOGL,SELL,219.9,199.3266,201.1054,391.15812,34710.38165
2025-04-16 09:11:58,AMZN,SELL,122.7,226.1865,225.9667,-26.96946,34683.41219
2025-04-16 09:13:51,MSFT,SELL,268.1,407.454,405.3891,-553.59969,34129.8125
2025-04-16 09:16:13,MSFT,BUY,41.0,414.2684,408.9511,-218.0093,33911.8032
2025-04-16 09:18:30,MSFT,SELL,117.8,405.4551,406.9899,180.79944,34092.60264
2025-04-16 09:21:20,TSLA,SELL,240.6,350.4452,349.8104,-152.73288,33939.86976
2025-04-16 09:24:20,TSLA,SELL,82.9,251.877,250.3515,-126.46395,33813.40581
2025-04-16 09:27:15,NVDA,BUY,175.9,544.5268,543.4765,-184.74777,33628.65804
2025-04-16 09:30:23,NVDA,BUY,274.6,624.3721,632.1888,2146.46582,35775.12386
2025-04-16 09:33:50,AMZN,SELL,282.2,185.0095,186.8195,510.782,36285.90586
2025-04-16 09:36:29,AAPL,SELL,111.7,225.7537,227.8324,232.19079,36518.09665
2025-04-16 09:39:01,META,SELL,95.4,475.4471,469.8363,-535.27032,35982.82633
2025-04-16 09:40:44,AAPL,BUY,201.0,213.4858,215.8194,469.0536,36451.87993
2025-04-16 09:43:38,AAPL,BUY,230.0,236.3171,236.3628,10.511,36462.39093
2025-04-16 09:47:08,NFLX,SELL,51.5,627.2664,630.5445,168.82215,36631.21308
2025-04-16 09:49:38,AAPL,BUY,245.6,231.2383,234.5657,817.20944,37448.42252
2025-04-16 09:53:05,NFLX,SELL,6.6,673.893,680.6414,44.53944,37492.96196
2025-04-16 09:55:50,AAPL,SELL,319.0,189.6339,189.5625,-22.7766,37470.18536
2025-04-16 09:57:52,TSLA,BUY,190.6,323.1079,326.7715,698.28216,38168.46752
2025-04-16 10:00:55,MSFT,BUY,143.8,426.9135,421.0826,-838.48342,37329.9841
2025-04-16 10:04:10,AAPL,SELL,89.6,192.7961,193.9213,100.81792,37430.80202
2025-04-16 10:06:33,AMZN,SELL,115.1,180.6771,180.2216,-52.42805,37378.37397
2025-04-16 10:09:00,MSFT,BUY,66.6,455.0771,452.6231,-163.4364,37214.93757
2025-04-16 10:11:22,TSLA,BUY,192.6,298.8442,297.6344,-233.00748,36981.93009
2025-04-16 10:14:17,AAPL,BUY,162.3,170.4873,172.675,355.06371,37336.9938
2025-04-16 10:16:06,META,SELL,231.2,519.4112,523.8674,1030.27344,38367.26724
2025-04-16 10:18:56,MSFT,BUY,344.8,453.3798,447.5383,-2014.1492,36353.11804
2025-04-16 10:21:35,AAPL,SELL,62.4,209.9708,207.8924,-129.69216,36223.42588
2025-04-16 10:24:56,GOOGL,SELL,125.2,195.6135,194.2586,-169.63348,36053.7924
2025-04-16 10:27:55,AAPL,BUY,239.2,202.7146,204.7725,492.24968,36546.04208
2025-04-16 10:29:41,GOOGL,BUY,297.9,187.5251,188.0559,158.12532,36704.1674
2025-04-16 10:33:10,MSFT,SELL,298.9,405.3706,405.832,137.91246,36842.07986
2025-04-16 10:35:19,MSFT,SELL,173.1,386.7891,390.5027,642.82416,37484.90402
2025-04-16 10:38:12,AMZN,SELL,215.2,189.039,186.705,-502.2768,36982.62722
2025-04-16 10:41:20,NVDA,BUY,338.4,633.1846,632.34,-285.81264,36696.81458
2025-04-16 10:44:44,NVDA,SELL,182.9,645.192,639.6862,-1007.01082,35689.80376
2025-04-16 10:47:31,AAPL,SELL,196.5,171.9573,174.3304,466.31415,36156.11791
2025-04-16 10:49:47,NVDA,BUY,146.2,796.3747,788.0029,-1223.95716,34932.16075
2025-04-16 10:51:51,TSLA,SELL,230.0,161.7547,162.5245,177.054,35109.21475
2025-04-16 10:53:44,GOOGL,BUY,323.1,168.2572,170.028,572.14548,35681.36023
2025-04-16 10:55:24,AAPL,BUY,108.8,205.2566,207.0005,189.73632,35871.09655
2025-04-16 10:58:28,GOOGL,SELL,20.2,184.8529,182.3182,-51.20094,35819.89561
2025-04-16 11:01:49,MSFT,SELL,258.6,399.8258,398.6003,-316.9143,35502.98131
2025-04-16 11:05:06,TSLA,SELL,290.7,311.0076,315.5541,1321.66755,36824.64886
2025-04-16 11:07:47,TSLA,SELL,303.1,270.6478,270.6294,-5.57704,36819.07182
2025-04-16 11:10:54,NFLX,SELL,318.1,625.8522,619.2218,-2109.13024,34709.94158
2025-04-16 11:12:40,NFLX,SELL,150.5,726.1937,734.3251,1223.7757,35933.71728
2025-04-16 11:14:13,AMZN,SELL,5.5,215.2278,216.7059,8.12955,35941.84683
2025-04-16 11:16:26,AAPL,BUY,106.2,222.53,223.89,144.432,36086.27883
2025-04-16 11:19:18,AMZN,SELL,340.7,214.2766,211.0925,-1084.82287,35001.45596
2025-04-16 11:21:32,AAPL,BUY,97.9,191.204,190.1042,-107.67042,34893.78554
2025-04-16 11:23:56,TSLA,SELL,172.2,343.4097,343.1319,-47.83716,34845.94838
2025-04-16 11:25:46,AMZN,SELL,23.8,198.0412,200.4053,56.26558,34902.21396
2025-04-16 11:28:43,NVDA,SELL,213.1,670.7055,674.1133,726.20218,35628.41614
2025-04-16 11:32:13,AAPL,BUY,163.8,170.6971,169.5041,-195.4134,35433.00274
2025-04-16 11:35:03,AAPL,BUY,51.4,222.5549,225.1546,133.62458,35566.62732
2025-04-16 11:37:59,MSFT,BUY,123.8,391.5249,391.2516,-33.83454,35532.79278
2025-04-16 11:40:00,NVDA,SELL,264.1,955.5355,963.4082,2079.18007,37611.97285
2025-04-16 11:43:29,GOOGL,SELL,119.5,162.8308,162.0836,-89.2904,37522.68245
2025-04-16 11:45:51,NFLX,SELL,255.0,705.2768,702.3165,-754.8765,36767.80595
2025-04-16 11:48:15,META,SELL,111.9,552.3316,554.947,292.66326,37060.46921
2025-04-16 11:50:50,GOOGL,BUY,65.6,165.0504,162.8285,-145.75664,36914.71257
2025-04-16 11:53:05,AMZN,SELL,219.5,208.2186,206.8801,-293.80075,36620.91182
2025-04-16 11:55:19,MSFT,SELL,103.7,434.0247,440.2197,642.4215,37263.33332
2025-04-16 11:57:47,TSLA,SELL,234.9,352.9608,348.0394,-1156.03686,36107.29646
2025-04-16 12:00:06,NVDA,BUY,318.8,687.1814,685.6847,-477.14796,35630.1485
2025-04-16 12:02:59,AAPL,BUY,227.5,200.49,198.6725,-413.48125,35216.66725
2025-04-16 12:06:18,NFLX,SELL,66.5,621.703,617.5887,-273.60095,34943.0663
2025-04-16 12:08:55,AAPL,BUY,235.4,189.8343,187.4228,-567.6671,34375.3992
2025-04-16 12:11:23,GOOGL,BUY,42.2,157.4398,155.1056,-98.50324,34276.89596
2025-04-16 12:14:21,META,SELL,22.8,515.1542,510.4201,-107.93748,34168.95848
2025-04-16 12:16:24,TSLA,SELL,348.2,303.8039,303.2433,-195.20092,33973.75756
2025-04-16 12:18:22,META,SELL,272.6,505.1275,507.1864,561.25614,34535.0137
2025-04-16 12:20:41,NVDA,SELL,36.3,490.7226,492.6637,70.46193,34605.47563
2025-04-16 12:24:09,GOOGL,SELL,191.2,176.5103,177.4311,176.05696,34781.53259
2025-04-16 12:26:03,AAPL,SELL,28.2,213.5314,211.3698,-60.95712,34720.57547
2025-04-16 12:29:01,GOOGL,BUY,51.3,188.1442,189.0656,47.26782,34767.84329
2025-04-16 12:31:24,TSLA,SELL,108.2,230.401,232.7918,258.68456,35026.52785
2025-04-16 12:33:11,AMZN,SELL,202.8,196.3824,196.0397,-69.49956,34957.02829
2025-04-16 12:35:28,AAPL,BUY,17.0,196.0131,193.6049,-40.9394,34916.08889
2025-04-16 12:38:04,NVDA,SELL,125.3,888.0988,893.1553,633.57945,35549.66834
2025-04-16 12:41:31,AMZN,BUY,261.5,188.2467,186.7555,-389.9488,35159.71954
2025-04-16 12:43:34,NFLX,BUY,263.5,611.1244,602.9805,-2145.91765,33013.80189
2025-04-16 12:45:40,NFLX,SELL,40.1,690.0087,681.2641,-350.65846,32663.14343
2025-04-16 12:47:59,MSFT,SELL,210.9,402.2112,405.6297,720.96165,33384.10508
2025-04-16 12:50:34,META,BUY,58.1,466.9634,469.7769,163.46435,33547.56943
2025-04-16 12:52:16,GOOGL,SELL,20.3,186.0669,187.4267,27.60394,33575.17337
2025-04-16 12:54:34,TSLA,SELL,99.5,246.2613,248.7024,242.88945,33818.06282
2025-04-16 12:56:30,AMZN,SELL,339.8,167.4264,168.6686,422.09956,34240.16238
2025-04-16 12:58:26,NVDA,SELL,144.2,638.5218,630.3584,-1177.16228,33063.0001
2025-04-16 13:00:18,GOOGL,BUY,307.2,190.4353,191.6984,388.02432,33451.02442
2025-04-16 13:02:22,NVDA,SELL,50.1,879.18,868.5064,-534.74736,32916.27706
2025-04-16 13:04:17,META,SELL,130.5,453.6891,451.1302,-333.93645,32582.34061
2025-04-16 13:06:36,TSLA,BUY,120.2,346.6635,351.7771,614.65472,33196.99533
2025-04-16 13:09:29,GOOGL,BUY,326.8,194.0477,196.5369,813.47056,34010.46589
2025-04-16 13:12:41,NVDA,BUY,336.6,842.4528,852.4326,3359.20068,37369.66657
2025-04-16 13:14:39,TSLA,BUY,130.5,210.4374,208.1344,-300.5415,37069.12507
2025-04-16 13:17:30,MSFT,BUY,17.3,392.2636,392.341,1.33902,37070.46409
2025-04-16 13:19:47,META,BUY,132.9,470.9496,467.2742,-488.46066,36582.00343
2025-04-16 13:22:28,AAPL,BUY,216.3,212.468,214.909,527.9883,37109.99173
2025-04-16 13:25:37,GOOGL,SELL,124.1,173.9156,171.5354,-295.38282,36814.60891
2025-04-16 13:27:53,GOOGL,BUY,318.1,196.2537,198.2608,638.45851,37453.06742
2025-04-16 13:29:23,GOOGL,BUY,109.9,168.2565,167.1911,-117.08746,37335.97996
2025-04-16 13:31:51,NFLX,BUY,10.4,598.6025,604.1211,57.39344,37393.3734
2025-04-16 13:34:13,META,SELL,262.9,527.5232,529.6412,556.8222,37950.1956
2025-04-16 13:37:05,META,SELL,208.8,507.9948,506.4236,-328.06656,37622.12904
2025-04-16 13:40:25,MSFT,BUY,26.1,395.7963,392.7118,-80.50545,37541.62359
2025-04-16 13:42:25,AAPL,BUY,299.1,232.1404,234.415,680.33286,38221.95645
2025-04-16 13:44:55,AAPL,BUY,280.0,197.0548,198.6023,433.3,38655.25645
2025-04-16 13:46:36,AMZN,BUY,58.1,227.5194,230.7678,188.73204,38843.98849
2025-04-16 13:48:56,AAPL,BUY,321.1,228.436,229.6649,394.59979,39238.58828
2025-04-16 13:52:03,AAPL,SELL,224.4,176.3485,177.7847,322.28328,39560.87156
2025-04-16 13:55:32,NFLX,SELL,87.8,598.6166,592.7048,-519.05604,39041.81552
2025-04-16 13:57:21,NVDA,BUY,14.4,843.7012,832.4562,-161.928,38879.88752
2025-04-16 13:59:15,MSFT,SELL,96.3,417.1255,419.2789,207.37242,39087.25994
2025-04-16 14:01:15,NFLX,BUY,200.7,665.8972,672.6129,1347.84099,40435.10093
2025-04-16 14:04:16,NVDA,SELL,224.5,567.4495,565.4174,-456.20645,39978.89448
2025-04-16 14:06:48,META,BUY,245.2,518.4755,524.6081,1503.71352,41482.608
2025-04-16 14:08:53,META,SELL,338.4,535.5868,536.187,203.10768,41685.71568
2025-04-16 14:12:13,GOOGL,SELL,134.7,191.5505,190.7627,-106.11666,41579.59902
2025-04-16 14:15:38,AMZN,BUY,140.3,210.9423,211.5588,86.49495,41666.09397
2025-04-16 14:19:02,NVDA,SELL,69.8,477.3844,477.1718,-14.83948,41651.25449
2025-04-16 14:20:47,NFLX,SELL,326.7,644.9341,644.7384,-63.93519,41587.3193
2025-04-16 14:23:56,NVDA,SELL,115.8,538.3486,532.6246,-662.8392,40924.4801
2025-04-16 14:26:42,GOOGL,SELL,108.8,196.6266,194.7526,-203.8912,40720.5889
2025-04-16 14:29:16,MSFT,BUY,60.2,409.9302,405.8249,-247.13906,40473.44984
2025-04-16 14:31:09,MSFT,BUY,325.1,395.3634,395.3646,0.39012,40473.83996
2025-04-16 14:33:01,MSFT,BUY,137.7,404.9855,410.9921,827.10882,41300.94878
2025-04-16 14:35:33,TSLA,SELL,38.1,380.454,382.9546,95.27286,41396.22164
2025-04-16 14:37:38,AMZN,BUY,60.3,183.1091,182.2214,-53.52831,41342.69333
2025-04-16 14:40:23,MSFT,SELL,289.3,439.1634,439.4585,85.37243,41428.06576
2025-04-16 14:43:05,NVDA,BUY,125.2,907.3853,912.7572,672.56188,42100.62764
2025-04-16 14:45:10,META,BUY,163.4,523.9076,526.1508,366.53888,42467.16652
2025-04-16 14:46:54,NFLX,BUY,285.3,698.1495,699.2557,315.59886,42782.76538
2025-04-16 14:50:17,NVDA,BUY,276.8,801.0523,803.0352,548.86672,43331.6321
2025-04-16 14:51:57,TSLA,SELL,225.5,212.9356,209.9477,-673.77145,42657.86065
2025-04-16 14:54:01,NFLX,SELL,124.2,627.2287,636.4734,1148.19174,43806.05239
2025-04-16 14:57:27,GOOGL,BUY,239.9,170.0436,171.2733,295.00503,44101.05742
2025-04-16 14:58:58,TSLA,SELL,213.0,141.8992,142.1442,52.185,44153.24242
2025-04-16 15:01:06,AMZN,SELL,253.1,217.436,216.0344,-354.74496,43798.49746
2025-04-16 15:04:12,NFLX,BUY,334.2,689.184,694.145,1657.9662,45456.46366
2025-04-16 15:06:30,NFLX,BUY,202.1,661.4769,666.8568,1087.27779,46543.74145
2025-04-16 15:09:25,MSFT,SELL,119.9,452.3996,455.7421,400.76575,46944.5072
2025-04-16 15:11:11,NFLX,SELL,43.1,699.3953,691.0719,-358.73854,46585.76866
2025-04-16 15:14:06,TSLA,SELL,54.3,232.6148,235.9537,181.30227,46767.07093
2025-04-16 15:17:00,META,SELL,14.0,500.1782,502.3518,30.4304,46797.50133
2025-04-16 15:19:52,AMZN,BUY,74.1,211.7875,208.8356,-218.73579,46578.76554
2025-04-16 15:23:07,AMZN,BUY,117.1,219.5073,221.762,264.02537,46842.79091
2025-04-16 15:25:02,MSFT,BUY,342.5,413.3722,409.9609,-1168.37025,45674.42066
2025-04-16 15:27:53,AAPL,SELL,25.2,247.1813,245.6861,-37.67904,45636.74162
2025-04-16 15:30:48,NVDA,SELL,279.2,491.2738,487.8323,-960.8668,44675.87482
2025-04-16 15:32:23,AAPL,SELL,189.1,225.0538,227.9967,556.50239,45232.37721
2025-04-16 15:35:16,TSLA,SELL,61.4,212.1676,215.2708,190.53648,45422.91369
2025-04-16 15:37:32,MSFT,SELL,156.1,401.6491,400.9769,-104.93042,45317.98327
2025-04-16 15:40:01,TSLA,SELL,179.7,256.1378,254.4612,-301.28502,45016.69825
2025-04-16 15:42:51,NVDA,BUY,15.3,679.8521,683.0959,49.63014,45066.32839
2025-04-16 15:45:28,AAPL,BUY,294.6,220.9677,219.6043,-401.65764,44664.67075
2025-04-16 15:47:35,TSLA,SELL,330.1,245.5419,246.5744,340.82825,45005.499
2025-04-16 15:49:18,AAPL,SELL,206.5,190.6623,189.4009,-260.4791,44745.0199
2025-04-16 15:52:33,TSLA,BUY,242.3,259.3144,260.8596,374.40196,45119.42186
2025-04-16 15:55:36,AMZN,BUY,335.4,228.5508,225.2341,-1112.42118,44007.00068
2025-04-16 15:57:43,TSLA,SELL,163.2,178.0299,175.7514,-371.8512,43635.14948
2025-04-16 16:00:38,AMZN,BUY,35.4,180.6342,177.9753,-94.12506,43541.02442
2025-04-16 16:03:41,GOOGL,SELL,270.9,152.1822,151.7953,-104.81121,43436.21321
2025-04-16 16:06:07,NFLX,BUY,119.6,617.0826,625.1769,968.07828,44404.29149
2025-04-16 16:07:39,NFLX,BUY,163.0,620.7977,613.9365,-1118.3756,43285.91589
2025-04-16 16:09:15,MSFT,BUY,120.6,408.0319,403.1933,-583.53516,42702.38073
2025-04-16 16:11:00,AAPL,SELL,296.9,187.1111,188.3736,374.83625,43077.21698
2025-04-16 16:13:02,NVDA,SELL,300.7,758.0562,749.0741,-2700.91747,40376.29951
2025-04-16 16:15:13,TSLA,SELL,69.4,389.789,394.1538,302.91712,40679.21663
2025-04-16 16:17:23,NFLX,BUY,30.7,595.1542,595.141,-0.40524,40678.81139
2025-04-16 16:19:11,TSLA,SELL,193.3,180.6992,181.9659,244.85311,40923.6645
2025-04-16 16:21:20,NFLX,BUY,16.9,628.0791,632.2095,69.80376,40993.46826
2025-04-16 16:24:08,META,BUY,285.3,485.6928,492.1805,1850.94081,42844.40907
2025-04-16 16:26:30,TSLA,BUY,203.4,323.8822,325.3872,306.117,43150.52607
2025-04-16 16:29:40,AAPL,BUY,97.8,232.9921,234.4263,140.26476,43290.79083
2025-04-16 16:31:17,TSLA,BUY,43.2,189.8245,192.3387,108.61344,43399.40427
2025-04-16 16:34:28,MSFT,BUY,315.0,414.4448,413.7916,-205.758,43193.64627
2025-04-16 16:37:31,AAPL,SELL,127.8,222.2203,219.8871,-298.18296,42895.46331
2025-04-16 16:40:22,NVDA,SELL,56.3,800.9335,808.6424,434.01107,43329.47438
2025-04-16 16:42:46,AMZN,BUY,299.7,193.6547,194.3829,218.24154,43547.71592
2025-04-16 16:46:03,META,SELL,17.9,508.7603,514.5407,103.46916,43651.18508
2025-04-16 16:47:41,MSFT,BUY,258.9,426.8421,422.86,-1030.96569,42620.21939
2025-04-16 16:50:14,GOOGL,SELL,138.0,184.6171,183.1415,-203.6328,42416.58659
2025-04-16 16:52:42,AAPL,BUY,23.6,194.0235,192.5767,-34.14448,42382.44211
2025-04-16 16:55:30,NVDA,SELL,310.8,490.9166,493.7828,890.81496,43273.25707
2025-04-16 16:57:24,AAPL,SELL,278.1,204.6014,205.6561,293.31207,43566.56914
2025-04-16 16:59:43,AAPL,SELL,158.9,220.7904,217.5855,-509.25861,43057.31053
2025-04-16 17:03:10,MSFT,SELL,143.4,436.5715,441.0593,643.55052,43700.86105
2025-04-16 17:06:32,META,SELL,298.5,530.924,538.5303,2270.48055,45971.3416
2025-04-16 17:08:04,AMZN,BUY,231.0,206.2074,204.2311,-456.5253,45514.8163
2025-04-16 17:10:35,META,SELL,272.2,467.9846,466.749,-336.33032,45178.48598
2025-04-16 17:12:58,NVDA,BUY,139.9,553.0105,550.4628,-356.42323,44822.06275
2025-04-16 17:15:57,META,SELL,122.4,493.4941,497.8178,529.22088,45351.28363
2025-04-16 17:17:29,TSLA,BUY,80.2,241.576,238.3389,-259.61542,45091.66821
2025-04-16 17:19:52,MSFT,SELL,267.8,380.267,382.6593,640.65794,45732.32615
2025-04-16 17:23:08,TSLA,SELL,112.5,406.1372,411.3535,586.83375,46319.1599
2025-04-16 17:24:47,AMZN,BUY,149.1,219.0302,217.4614,-233.90808,46085.25182
2025-04-16 17:27:07,TSLA,SELL,215.5,156.2359,158.3569,457.0755,46542.32732
2025-04-16 17:28:42,GOOGL,SELL,222.5,165.5799,163.6806,-422.59425,46119.73307
2025-04-16 17:30:26,AMZN,BUY,294.0,190.9221,189.4158,-442.8522,45676.88087
2025-04-16 17:32:07,GOOGL,SELL,245.0,166.6187,168.2858,408.4395,46085.32037
2025-04-16 17:33:52,GOOGL,SELL,277.6,165.6451,168.114,685.36664,46770.68701
2025-04-16 17:35:57,NVDA,SELL,259.5,629.0276,636.0249,1815.79935,48586.48636
2025-04-16 17:37:40,NFLX,SELL,219.2,638.8235,646.3578,1651.51856,50238.00492
2025-04-16 17:39:16,NVDA,SELL,206.2,464.2215,460.0133,-867.73084,49370.27408
2025-04-16 17:41:13,META,SELL,167.8,473.2247,478.6548,911.17078,50281.44486
2025-04-16 17:43:30,NVDA,SELL,90.7,925.4349,936.2238,978.55323,51259.99809
2025-04-16 17:46:24,GOOGL,SELL,63.9,169.4492,169.5413,5.88519,51265.88328
2025-04-16 17:48:52,TSLA,BUY,300.4,199.5151,199.7532,71.52524,51337.40852
2025-04-16 17:50:36,TSLA,BUY,87.6,308.6727,305.4522,-282.1158,51055.29272
2025-04-16 17:54:02,AAPL,SELL,13.5,170.1759,171.1222,12.77505,51068.06777
2025-04-16 17:56:31,NFLX,SELL,143.2,669.8867,662.1248,-1111.50408,49956.56369
2025-04-16 17:58:11,TSLA,SELL,96.7,368.0779,365.4358,-255.49107,49701.07262
2025-04-16 18:00:57,TSLA,SELL,311.0,198.8681,200.0977,382.4056,50083.47822
2025-04-16 18:03:58,AAPL,SELL,242.9,232.6754,230.1717,-608.14873,49475.32949
2025-04-16 18:06:27,GOOGL,BUY,300.7,178.346,179.1388,238.39496,49713.72445
2025-04-16 18:08:01,MSFT,SELL,185.5,382.0086,386.0119,742.61215,50456.3366
2025-04-16 18:10:09,META,SELL,207.8,520.0107,523.2445,671.98364,51128.32024
2025-04-16 18:12:28,META,SELL,314.7,540.6101,542.6335,636.76398,51765.08422
2025-04-16 18:15:46,NVDA,SELL,188.6,933.4827,946.4597,2447.4622,54212.54642
2025-04-16 18:17:38,NVDA,SELL,275.8,736.4206,734.446,-544.59468,53667.95174
2025-04-16 18:19:46,AMZN,SELL,157.2,186.5583,187.5425,154.71624,53822.66798
2025-04-16 18:21:45,META,BUY,181.7,514.7672,520.1058,970.02362,54792.6916
2025-04-16 18:24:11,NFLX,BUY,79.5,684.7216,682.5102,-175.8063,54616.8853
2025-04-16 18:26:48,NVDA,SELL,9.5,540.7183,541.8932,11.16155,54628.04685
2025-04-16 18:28:54,MSFT,SELL,142.8,423.8137,420.0332,-539.8554,54088.19145
2025-04-16 18:31:48,AAPL,SELL,336.2,172.0567,174.5163,826.91752,54915.10897
2025-04-16 18:33:32,META,SELL,20.3,500.4382,502.0676,33.07682,54948.18579
2025-04-16 18:35:04,META,SELL,219.5,546.2806,546.3736,20.4135,54968.59929
2025-04-16 18:37:38,MSFT,SELL,265.6,386.785,387.3926,161.37856,55129.97785
2025-04-16 18:39:35,NFLX,SELL,221.6,682.1669,690.6916,1889.07352,57019.05137
2025-04-16 18:41:43,AMZN,SELL,186.8,176.6914,176.1582,-99.60176,56919.44961
2025-04-16 18:45:08,NVDA,SELL,139.6,645.0004,653.6783,1211.43484,58130.88445
2025-04-16 18:48:14,TSLA,BUY,52.4,398.0508,403.979,310.63768,58441.52213
2025-04-16 18:51:15,META,SELL,196.8,564.621,559.2567,-1055.69424,57385.82789
2025-04-16 18:54:39,NVDA,BUY,312.8,623.2496,614.2123,-2826.86744,54558.96045
2025-04-16 18:57:51,AAPL,BUY,245.1,225.2981,226.6868,340.37037,54899.33082
2025-04-16 19:00:27,META,BUY,82.9,465.6109,467.5284,158.96075,55058.29157
2025-04-16 19:02:27,AMZN,SELL,56.4,181.8705,182.4498,32.67252,55090.96409
2025-04-16 19:05:19,AMZN,SELL,198.2,192.9589,194.5725,319.81552,55410.77961
2025-04-16 19:07:02,AMZN,SELL,54.9,218.1798,219.5444,74.91654,55485.69615
2025-04-16 19:09:16,TSLA,SELL,288.2,348.4959,344.6577,-1106.16924,54379.52691
2025-04-16 19:12:02,NFLX,BUY,157.9,676.7554,682.8976,969.85338,55349.38029
2025-04-16 19:14:26,GOOGL,SELL,340.3,193.3541,192.3149,-353.63976,54995.74053
2025-04-16 19:16:36,GOOGL,SELL,140.4,188.2296,189.0897,120.75804,55116.49857
2025-04-16 19:19:03,NVDA,BUY,101.9,951.5911,944.5456,-717.93645,54398.56212
2025-04-16 19:21:18,AAPL,SELL,114.0,222.7286,220.3888,-266.7372,54131.82492
2025-04-16 19:23:41,AAPL,SELL,246.3,206.6613,204.5302,-524.88993,53606.93499
2025-04-16 19:26:34,NVDA,SELL,158.0,592.025,589.2192,-443.3164,53163.61859
2025-04-16 19:28:24,GOOGL,SELL,94.8,186.7679,186.1338,-60.11268,53103.50591
2025-04-16 19:31:50,META,BUY,269.2,459.0885,461.4257,629.17424,53732.68015
2025-04-16 19:34:36,META,SELL,58.5,452.5509,455.6519,181.4085,53914.08865
2025-04-16 19:36:58,NVDA,SELL,152.2,911.8495,916.0835,644.4148,54558.50345
2025-04-16 19:38:44,GOOGL,BUY,118.3,188.6882,188.5667,-14.37345,54544.13
2025-04-16 19:40:14,MSFT,BUY,267.9,402.5498,408.557,1609.32888,56153.45888
2025-04-16 19:42:20,NFLX,BUY,49.1,697.0364,686.717,-506.68254,55646.77634
2025-04-16 19:45:12,MSFT,SELL,227.5,447.6667,451.6639,909.363,56556.13934
2025-04-16 19:47:37,NFLX,BUY,66.7,663.9625,661.2126,-183.41833,56372.72101
2025-04-16 19:49:54,AMZN,SELL,85.9,209.5578,208.0393,-130.43915,56242.28186
2025-04-16 19:52:03,NVDA,SELL,221.8,628.3162,631.27,655.15284,56897.4347
2025-04-16 19:53:54,MSFT,BUY,16.6,451.3445,448.122,-53.4935,56843.9412
2025-04-16 19:55:56,AMZN,SELL,215.6,216.189,217.4751,277.28316,57121.22436
2025-04-16 19:59:04,TSLA,BUY,166.6,394.1725,396.8752,450.26982,57571.49418
2025-04-16 20:02:12,MSFT,SELL,254.3,388.7404,386.7714,-500.7167,57070.77748
2025-04-16 20:05:32,GOOGL,BUY,242.9,188.6404,187.8095,-201.82561,56868.95187
2025-04-16 20:07:31,AMZN,SELL,165.8,191.8419,192.9306,180.50646,57049.45833
2025-04-16 20:10:32,NVDA,SELL,66.0,610.2279,617.0536,450.4962,57499.95453
2025-04-16 20:12:37,TSLA,BUY,268.8,307.6971,311.2753,961.82016,58461.77469
2025-04-16 20:14:45,META,SELL,218.9,527.1762,533.3422,1349.7374,59811.51209
2025-04-16 20:17:26,TSLA,SELL,65.1,257.464,260.8478,220.28538,60031.79747
2025-04-16 20:19:17,AMZN,SELL,126.1,213.103,210.5688,-319.56262,59712.23485
2025-04-16 20:21:57,GOOGL,BUY,47.3,178.5932,180.6787,98.64415,59810.879
2025-04-16 20:25:20,META,BUY,135.4,456.4067,456.2532,-20.7839,59790.0951
2025-04-16 20:27:50,AAPL,BUY,246.1,221.3734,219.9905,-340.33169,59449.76341
2025-04-16 20:29:47,AAPL,BUY,272.3,194.5788,194.0849,-134.48897,59315.27444
2025-04-16 20:31:32,META,BUY,185.3,481.8762,485.1199,601.05761,59916.33205
2025-04-16 20:34:15,META,SELL,327.8,542.3159,540.5797,-569.12636,59347.20569
2025-04-16 20:35:54,MSFT,BUY,93.9,398.5797,394.7695,-357.77778,58989.42791
2025-04-16 20:38:15,META,SELL,40.4,451.6871,454.2203,102.34128,59091.76919
2025-04-16 20:41:32,GOOGL,BUY,53.6,177.2463,177.035,-11.32568,59080.44351
2025-04-16 20:44:00,NFLX,BUY,57.2,606.1525,602.7965,-191.9632,58888.48031
2025-04-16 20:46:34,TSLA,BUY,157.3,349.4335,346.5266,-457.25537,58431.22494
2025-04-16 20:48:36,NFLX,SELL,292.1,605.8197,601.9295,-1136.32742,57294.89752
2025-04-16 20:51:50,AAPL,BUY,332.3,188.0776,190.0947,670.28233,57965.17985
2025-04-16 20:54:31,AAPL,SELL,213.3,190.1455,187.8186,-496.32777,57468.85208
2025-04-16 20:56:01,GOOGL,BUY,73.1,169.3656,170.2165,62.20079,57531.05287
2025-04-16 20:59:22,AAPL,BUY,316.1,177.7225,179.5768,586.14423,58117.1971
2025-04-16 21:01:30,NFLX,BUY,116.2,661.1653,654.4482,-780.52702,57336.67008
2025-04-16 21:03:01,NVDA,SELL,259.5,582.2503,585.6454,881.02845,58217.69853
2025-04-16 21:06:03,MSFT,BUY,160.6,389.1267,391.4394,371.41962,58589.11815
2025-04-16 21:09:11,AAPL,SELL,128.6,220.8367,221.9532,143.5819,58732.70005
2025-04-16 21:11:54,GOOGL,SELL,152.9,164.3672,161.9109,-375.56827,58357.13178
2025-04-16 21:14:48,MSFT,SELL,28.1,429.2418,425.2062,-113.40036,58243.73142
2025-04-16 21:16:52,NVDA,SELL,141.6,594.8389,589.36,-775.81224,57467.91918
2025-04-16 21:19:22,NVDA,SELL,223.3,707.4315,701.8132,-1254.56639,56213.35279
2025-04-16 21:22:38,AMZN,SELL,233.3,219.331,216.8114,-587.82268,55625.53011
2025-04-16 21:26:07,NVDA,BUY,267.7,838.4258,847.4666,2420.22216,58045.75227
2025-04-16 21:28:49,MSFT,BUY,347.3,409.8902,405.4708,-1534.85762,56510.89465
2025-04-16 21:30:56,MSFT,BUY,291.2,439.4631,434.0522,-1575.65408,54935.24057
2025-04-16 21:33:00,GOOGL,SELL,153.6,192.5197,191.6025,-140.88192,54794.35865
2025-04-16 21:35:54,GOOGL,BUY,76.4,150.7849,151.1424,27.313,54821.67165
2025-04-16 21:38:25,MSFT,BUY,209.3,390.714,386.6235,-856.14165,53965.53
2025-04-16 21:40:59,NVDA,BUY,274.4,500.9647,506.8075,1603.26432,55568.79432
2025-04-16 21:44:08,NFLX,SELL,345.7,706.376,704.9896,-479.27848,55089.51584
2025-04-16 21:45:45,META,BUY,256.0,554.8306,547.1427,-1968.1024,53121.41344
2025-04-16 21:49:04,TSLA,BUY,149.9,359.4925,357.013,-371.67705,52749.73639
2025-04-16 21:50:36,AAPL,BUY,99.6,190.9374,193.0521,210.62412,52960.36051
2025-04-16 21:54:03,NVDA,SELL,258.7,448.0449,443.8212,-1092.67119,51867.68932
2025-04-16 21:55:46,AAPL,SELL,222.8,191.6627,190.6989,-214.73464,51652.95468
2025-04-16 21:58:39,MSFT,BUY,135.7,432.6415,427.5506,-690.83513,50962.11955
2025-04-16 22:02:02,TSLA,BUY,174.1,210.0631,208.7573,-227.33978,50734.77977
2025-04-16 22:04:25,NFLX,BUY,192.0,585.1225,586.4205,249.216,50983.99577
2025-04-16 22:06:21,META,BUY,312.0,545.0811,553.095,2500.3368,53484.33257
2025-04-16 22:08:00,META,BUY,79.8,471.0264,475.6074,365.5638,53849.89637
2025-04-16 22:11:04,META,BUY,214.9,523.8729,520.6038,-702.52959,53147.36678
2025-04-16 22:13:20,NVDA,SELL,206.3,894.8363,881.4938,-2752.55775,50394.80903
2025-04-16 22:14:54,AAPL,SELL,222.6,183.8671,182.2204,-366.55542,50028.25361
2025-04-16 22:18:05,TSLA,SELL,64.6,206.3734,205.9527,-27.17722,50001.07639
2025-04-16 22:20:14,TSLA,SELL,96.3,394.1712,394.1175,-5.17131,49995.90508
2025-04-16 22:22:19,NFLX,SELL,77.6,637.4467,638.7886,104.13144,50100.03652
2025-04-16 22:25:20,AMZN,BUY,225.3,220.9465,223.5466,585.80253,50685.83905
2025-04-16 22:27:47,AMZN,BUY,38.9,177.2756,175.6749,-62.26723,50623.57182
2025-04-16 22:29:17,NVDA,BUY,143.1,794.1948,801.6838,1071.6759,51695.24772
2025-04-16 22:31:43,TSLA,SELL,179.0,199.7972,198.7918,-179.9666,51515.28112
2025-04-16 22:34:01,TSLA,SELL,94.8,322.5302,319.5223,-285.14892,51230.1322
2025-04-16 22:36:46,TSLA,BUY,54.3,391.8385,392.8609,55.51632,51285.64852
2025-04-16 22:39:55,NFLX,SELL,251.7,651.2678,645.4044,-1475.81778,49809.83074
2025-04-16 22:42:34,TSLA,BUY,57.9,270.8187,272.8622,118.31865,49928.14939
2025-04-16 22:44:51,META,SELL,26.2,512.6354,508.1025,-118.76198,49809.38741
2025-04-16 22:46:53,GOOGL,BUY,243.5,191.1277,191.6582,129.17675,49938.56416
2025-04-16 22:48:38,AMZN,BUY,196.0,193.6321,195.0473,277.3792,50215.94336
2025-04-16 22:50:39,META,BUY,287.8,505.7158,502.3197,-977.39758,49238.54578
2025-04-16 22:52:47,AAPL,BUY,179.7,218.0288,219.1109,194.45337,49432.99915
2025-04-16 22:54:30,TSLA,SELL,202.4,321.8506,319.4271,-490.5164,48942.48275
2025-04-16 22:56:18,NFLX,SELL,39.9,644.2256,639.8107,-176.15451,48766.32824
2025-04-16 22:58:07,GOOGL,BUY,46.8,161.5198,162.3016,36.58824,48802.91648
2025-04-16 22:59:55,AMZN,BUY,43.2,196.4916,196.0867,-17.49168,48785.4248
2025-04-16 23:03:18,AMZN,BUY,123.3,183.6664,183.1497,-63.70911,48721.71569
2025-04-16 23:06:24,MSFT,SELL,138.9,443.6818,438.7798,-680.8878,48040.82789
2025-04-16 23:09:34,META,SELL,31.6,515.1612,508.3664,-214.71568,47826.11221
2025-04-16 23:11:25,NVDA,BUY,149.8,933.7437,920.3799,-2001.89724,45824.21497
2025-04-16 23:14:09,META,SELL,89.8,554.4893,553.9021,-52.73056,45771.48441
2025-04-16 23:16:07,NVDA,SELL,88.1,698.9399,690.5409,-739.9519,45031.53251
2025-04-16 23:18:13,META,BUY,212.9,460.9532,457.6874,-695.28882,44336.24369
2025-04-16 23:19:50,NFLX,BUY,257.0,651.4639,661.1538,2490.3043,46826.54799
2025-04-16 23:22:59,TSLA,SELL,256.6,327.8912,331.8609,1018.62502,47845.17301
2025-04-16 23:25:03,MSFT,BUY,57.6,419.9958,416.6119,-194.91264,47650.26037
2025-04-16 23:27:30,GOOGL,BUY,334.0,157.0711,156.915,-52.1374,47598.12297
2025-04-16 23:29:15,TSLA,SELL,320.1,290.2281,293.8533,1160.42652,48758.54949
2025-04-16 23:32:19,GOOGL,BUY,252.8,168.5267,168.9967,118.816,48877.36549
2025-04-16 23:35:30,NFLX,BUY,221.3,672.6075,667.6837,-1089.63694,47787.72855
2025-04-16 23:37:17,MSFT,BUY,186.0,421.6704,418.6912,-554.1312,47233.59735
2025-04-16 23:40:45,MSFT,BUY,58.4,436.1316,429.8839,-364.86568,46868.73167
2025-04-16 23:42:24,GOOGL,BUY,95.6,173.4143,172.0823,-127.3392,46741.39247
2025-04-16 23:43:58,AMZN,SELL,43.4,214.0623,214.1631,4.37472,46745.76719
2025-04-16 23:45:59,AAPL,SELL,83.4,195.7722,197.0741,108.57846,46854.34565
2025-04-16 23:47:56,TSLA,BUY,10.4,215.284,212.4768,-29.19488,46825.15077
2025-04-16 23:49:40,AAPL,BUY,102.3,166.2065,164.6354,-160.72353,46664.42724
2025-04-16 23:52:09,GOOGL,BUY,234.0,202.7345,201.9518,-183.1518,46481.27544
2025-04-16 23:54:57,MSFT,BUY,152.5,452.3913,454.5708,332.37375,46813.64919
2025-04-16 23:58:01,AMZN,SELL,168.2,196.7397,199.3073,431.87032,47245.51951
2025-04-17 00:00:45,GOOGL,BUY,31.9,168.2959,169.7085,45.06194,47290.58145
2025-04-17 00:02:42,NFLX,BUY,276.3,694.8475,698.8289,1100.06082,48390.64227
2025-04-17 00:05:31,META,SELL,146.8,463.6672,459.7413,-576.32212,47814.32015
2025-04-17 00:07:04,TSLA,SELL,302.9,179.9486,177.8214,-644.32888,47169.99127
2025-04-17 00:09:37,NFLX,BUY,37.8,673.5136,666.0,-284.01408,46885.97719
2025-04-17 00:11:25,GOOGL,BUY,334.9,180.9848,179.0431,-650.27533,46235.70186
2025-04-17 00:13:42,NVDA,BUY,283.8,777.3711,778.5816,343.5399,46579.24176
2025-04-17 00:15:41,NVDA,BUY,30.7,651.2962,660.6143,286.06567,46865.30743
2025-04-17 00:18:02,GOOGL,SELL,173.3,189.9002,189.8237,-13.25745,46852.04998
2025-04-17 00:19:46,NFLX,BUY,175.5,688.1195,680.2275,-1385.046,45467.00398
2025-04-17 00:23:11,GOOGL,BUY,228.3,168.876,166.9378,-442.49106,45024.51292
2025-04-17 00:26:40,META,BUY,77.5,471.2152,468.408,-217.558,44806.95492
2025-04-17 00:30:01,MSFT,SELL,134.8,399.135,396.5678,-346.05856,44460.89636
2025-04-17 00:32:45,NVDA,SELL,228.2,484.1187,480.9403,-725.31088,43735.58548
2025-04-17 00:35:18,NFLX,BUY,27.6,659.8139,659.0126,-22.11588,43713.4696
2025-04-17 00:38:41,GOOGL,SELL,25.9,184.4866,183.264,-31.66534,43681.80426
2025-04-17 00:41:44,GOOGL,SELL,84.7,187.3819,186.2961,-91.96726,43589.837
2025-04-17 00:44:31,NVDA,SELL,103.9,643.0345,651.8483,915.75382,44505.59082
2025-04-17 00:47:09,META,SELL,63.2,460.9098,454.9343,-377.6516,44127.93922
2025-04-17 00:49:41,GOOGL,BUY,104.4,167.836,167.5611,-28.69956,44099.23966
2025-04-17 00:52:04,GOOGL,SELL,88.6,179.3721,180.4032,91.35546,44190.59512
2025-04-17 00:54:55,AAPL,BUY,300.0,199.7774,199.7505,-8.07,44182.52512
2025-04-17 00:56:40,NVDA,SELL,156.2,589.4188,586.6518,-432.2054,43750.31972
2025-04-17 00:59:08,TSLA,SELL,169.3,293.2458,295.174,326.44426,44076.76398
2025-04-17 01:01:34,TSLA,SELL,11.8,298.5227,294.2849,-50.00604,44026.75794
2025-04-17 01:04:06,NVDA,BUY,57.2,847.5181,841.4716,-345.8598,43680.89814
2025-04-17 01:05:58,NFLX,BUY,159.5,598.0314,595.4726,-408.1286,43272.76954
2025-04-17 01:07:44,AMZN,BUY,227.8,201.5813,200.6254,-217.75402,43055.01552
2025-04-17 01:10:34,MSFT,SELL,127.6,452.5562,454.3844,233.27832,43288.29384
2025-04-17 01:12:45,MSFT,SELL,308.3,408.0805,403.8654,-1299.51533,41988.77851
2025-04-17 01:14:49,NVDA,SELL,68.8,601.2082,594.9664,-429.43584,41559.34267
2025-04-17 01:16:25,AMZN,BUY,201.9,175.1045,174.0148,-220.01043,41339.33224
2025-04-17 01:18:00,GOOGL,BUY,241.9,172.9097,174.6144,412.36693,41751.69917
2025-04-17 01:21:02,AMZN,SELL,160.7,199.5501,200.2859,118.24306,41869.94223
2025-04-17 01:23:01,GOOGL,BUY,45.4,175.3012,173.5173,-80.98906,41788.95317
2025-04-17 01:25:44,NFLX,SELL,72.3,682.1436,692.1707,724.95933,42513.9125
2025-04-17 01:27:36,TSLA,SELL,201.1,329.0352,328.0181,-204.53881,42309.37369
2025-04-17 01:31:02,AAPL,SELL,99.0,236.2313,236.3719,13.9194,42323.29309
2025-04-17 01:33:16,MSFT,BUY,261.2,408.3245,403.4673,-1268.70064,41054.59245
2025-04-17 01:36:28,TSLA,BUY,174.6,156.4012,156.7284,57.12912,41111.72157
2025-04-17 01:39:33,TSLA,SELL,38.3,165.303,167.5127,84.63151,41196.35308
2025-04-17 01:41:49,AAPL,SELL,168.1,189.3525,189.9336,97.68291,41294.03599
2025-04-17 01:45:00,MSFT,SELL,98.4,377.5745,372.824,-467.4492,40826.58679
2025-04-17 01:48:11,NVDA,SELL,175.9,898.7388,890.0973,-1520.03985,39306.54694
2025-04-17 01:49:46,AMZN,BUY,62.3,174.7131,174.4899,-13.90536,39292.64158
2025-04-17 01:52:27,GOOGL,SELL,305.3,172.1773,174.4981,708.54024,40001.18182
2025-04-17 01:55:53,NVDA,SELL,33.3,691.6522,689.5255,-70.81911,39930.36271
2025-04-17 01:59:02,META,SELL,334.6,529.4554,529.9286,158.33272,40088.69543
2025-04-17 02:02:27,TSLA,BUY,242.0,176.409,175.6155,-192.027,39896.66843
2025-04-17 02:05:11,MSFT,BUY,337.9,421.1544,419.4375,-580.14051,39316.52792
2025-04-17 02:06:59,NVDA,SELL,15.3,700.8493,701.3598,7.81065,39324.33857
2025-04-17 02:09:52,NVDA,BUY,215.3,583.1004,583.9796,189.29176,39513.63033
2025-04-17 02:12:32,AMZN,SELL,149.3,183.2778,184.4484,174.77058,39688.40091
2025-04-17 02:14:52,NFLX,SELL,207.0,658.8661,651.5487,-1514.7018,38173.69911
2025-04-17 02:16:47,GOOGL,BUY,260.7,164.1572,163.5705,-152.95269,38020.74642
2025-04-17 02:19:35,TSLA,SELL,22.4,265.6734,264.7174,-21.4144,37999.33202
2025-04-17 02:22:23,META,SELL,96.5,486.2014,489.9585,362.56015,38361.89217
2025-04-17 02:24:55,GOOGL,BUY,163.1,166.6295,167.4305,130.6431,38492.53527
2025-04-17 02:28:17,TSLA,SELL,87.0,148.8879,150.3709,129.021,38621.55627
2025-04-17 02:30:44,MSFT,SELL,117.3,419.5821,416.6684,-341.77701,38279.77926
2025-04-17 02:33:57,META,BUY,34.3,483.0135,488.4086,185.05193,38464.83119
2025-04-17 02:36:42,TSLA,SELL,86.2,219.5702,218.8648,-60.80548,38404.02571
2025-04-17 02:40:02,MSFT,SELL,180.5,421.0489,425.018,716.42255,39120.44826
2025-04-17 02:41:46,MSFT,SELL,161.7,429.2946,425.0622,-684.37908,38436.06918
2025-04-17 02:44:57,AAPL,SELL,297.6,219.744,217.3097,-724.44768,37711.6215
2025-04-17 02:46:45,NFLX,BUY,157.9,653.563,645.1455,-1329.12325,36382.49825
2025-04-17 02:49:56,GOOGL,SELL,236.1,152.6534,151.1046,-365.67168,36016.82657
2025-04-17 02:53:16,NFLX,BUY,206.9,645.2717,635.8648,-1946.28761,34070.53896
2025-04-17 02:55:13,NVDA,SELL,181.4,476.6017,472.2337,-792.3552,33278.18376
2025-04-17 02:57:33,AAPL,SELL,298.9,237.0591,237.6017,162.18314,33440.3669
2025-04-17 02:59:56,META,SELL,132.4,532.7834,532.485,-39.50816,33400.85874
2025-04-17 03:02:08,NVDA,BUY,54.4,464.3985,460.0297,-237.66272,33163.19602
2025-04-17 03:04:24,TSLA,BUY,7.0,322.4988,322.2118,-2.009,33161.18702
2025-04-17 03:06:13,TSLA,BUY,35.0,372.9464,372.4161,-18.5605,33142.62652
2025-04-17 03:08:01,AAPL,BUY,201.2,224.0702,224.0623,-1.58948,33141.03704
2025-04-17 03:10:45,MSFT,BUY,247.7,443.8655,450.3818,1614.08751,34755.12455
2025-04-17 03:13:34,AMZN,SELL,215.7,184.1111,186.1879,447.96576,35203.09031
2025-04-17 03:16:37,NVDA,SELL,181.2,815.5222,824.6272,1649.826,36852.91631
2025-04-17 03:18:25,AMZN,BUY,347.3,217.4775,214.773,-939.27285,35913.64346
2025-04-17 03:21:41,NFLX,BUY,322.5,678.18,681.5792,1096.242,37009.88546
2025-04-17 03:24:36,TSLA,BUY,76.7,298.2864,293.9858,-329.85602,36680.02944
2025-04-17 03:26:56,MSFT,SELL,109.2,391.0529,388.3392,-296.33604,36383.6934
2025-04-17 03:30:12,MSFT,BUY,280.1,416.5475,416.4041,-40.16634,36343.52706
2025-04-17 03:33:10,GOOGL,BUY,281.2,161.7206,160.0114,-480.62704,35862.90002
2025-04-17 03:35:24,NVDA,BUY,69.7,610.89,617.5809,466.35573,36329.25575
2025-04-17 03:38:45,MSFT,SELL,248.1,395.3698,390.5851,-1187.08407,35142.17168
2025-04-17 03:41:05,NFLX,BUY,292.5,636.1366,644.8985,2562.85575,37705.02743
2025-04-17 03:44:15,NFLX,BUY,152.0,610.5716,612.0564,225.6896,37930.71703
2025-04-17 03:47:17,TSLA,SELL,141.3,355.7167,356.5167,113.04,38043.75703
2025-04-17 03:49:26,GOOGL,BUY,34.6,201.4681,199.0112,-85.00874,37958.74829
2025-04-17 03:52:52,MSFT,BUY,35.1,418.5537,419.5953,36.56016,37995.30845
2025-04-17 03:54:55,META,SELL,272.5,558.0233,564.0561,1643.938,39639.24645
2025-04-17 03:58:24,NVDA,SELL,276.8,737.0964,748.0842,3041.42304,42680.66949
2025-04-17 04:00:42,GOOGL,SELL,218.9,179.0773,178.3288,-163.84665,42516.82284
2025-04-17 04:04:12,AAPL,SELL,68.4,235.2631,232.1678,-211.71852,42305.10432
2025-04-17 04:06:07,META,SELL,202.8,561.0053,562.2188,246.0978,42551.20212
2025-04-17 04:09:19,NFLX,BUY,73.0,699.3773,704.3699,364.4598,42915.66192
2025-04-17 04:09:48,AMZN,BUY,149.2,198.6977,196.3347,-352.5596,42563.10232
2025-04-17 04:10:09,NVDA,BUY,56.0,694.8187,703.1707,467.712,43030.81432
2025-04-17 04:10:21,AAPL,BUY,227.8,218.3421,215.9263,-550.31924,42480.49508
2025-04-17 04:10:54,GOOGL,BUY,203.8,205.5813,207.4452,379.86282,42860.3579
2025-04-17 04:11:09,AMZN,SELL,39.8,190.6848,190.4199,-10.54302,42849.81488
2025-04-17 04:11:38,MSFT,SELL,76.0,422.6434,422.721,5.8976,42855.71248
2025-04-17 04:11:51,GOOGL,BUY,258.9,151.6883,150.8422,-219.05529,42636.65719
2025-04-17 04:12:09,AAPL,BUY,106.7,189.243,190.2199,104.23523,42740.89242
2025-04-17 04:12:24,AAPL,SELL,337.5,238.9085,239.6643,255.0825,42995.97492
2025-04-17 04:12:34,META,BUY,34.4,553.8251,552.9319,-30.72608,42965.24884
2025-04-17 04:12:53,AMZN,BUY,179.5,192.7297,193.533,144.19235,43109.44119
2025-04-17 04:13:06,NFLX,SELL,242.8,597.0534,605.3629,2017.5466,45126.98779
2025-04-17 04:13:18,TSLA,SELL,331.6,374.8077,370.6805,-1368.57952,43758.40827
2025-04-17 04:13:44,AMZN,SELL,109.8,216.3097,216.389,8.70714,43767.11541
2025-04-17 04:14:06,AAPL,SELL,39.5,207.2476,208.4083,45.84765,43812.96306
2025-04-17 04:14:32,AAPL,SELL,41.8,219.2128,219.9036,28.87544,43841.8385
2025-04-17 04:14:49,NFLX,BUY,74.1,685.2036,681.8881,-245.67855,43596.15995
2025-04-17 04:15:13,META,BUY,33.2,529.9461,535.4899,184.05416,43780.21411
2025-04-17 04:15:24,META,BUY,161.2,488.9969,485.1975,-612.46328,43167.75083
2025-04-17 04:15:32,GOOGL,BUY,6.4,177.3912,176.1122,-8.1856,43159.56523
2025-04-17 04:15:59,NFLX,BUY,161.4,695.4134,688.6139,-1097.4393,42062.12593
2025-04-17 04:16:23,AMZN,BUY,210.0,204.9399,202.7292,-464.247,41597.87893
2025-04-17 04:16:45,MSFT,BUY,63.5,407.3771,408.0445,42.3799,41640.25883
2025-04-17 04:16:59,AAPL,BUY,161.0,219.9934,222.5365,409.4391,42049.69793
2025-04-17 04:17:30,META,SELL,311.6,499.9807,496.3581,-1128.80216,40920.89577
2025-04-17 04:17:41,MSFT,SELL,280.7,411.4946,409.4562,-572.17888,40348.71689
2025-04-17 04:17:57,META,BUY,85.7,493.9559,490.9175,-260.39088,40088.32601
2025-04-17 04:18:32,AMZN,BUY,121.0,189.2781,188.589,-83.3811,40004.94491
2025-04-17 04:18:51,GOOGL,SELL,205.7,189.9787,190.7325,155.05666,40160.00157
2025-04-17 04:19:01,AMZN,BUY,72.8,193.6118,192.7558,-62.3168,40097.68477
2025-04-17 04:19:30,TSLA,BUY,60.4,275.8547,277.0656,73.13836,40170.82313
2025-04-17 04:20:02,MSFT,BUY,172.7,390.9901,396.7578,996.08179,41166.90492
2025-04-17 04:20:16,AMZN,BUY,240.7,233.0589,233.3091,60.22314,41227.12806
2025-04-17 04:20:35,AAPL,SELL,326.3,228.0596,227.1152,-308.15772,40918.97034
2025-04-17 04:21:05,MSFT,BUY,345.9,407.5241,409.3232,622.30869,41541.27903
2025-04-17 04:21:20,GOOGL,SELL,164.2,158.9343,157.0126,-315.54314,41225.73589
2025-04-17 04:21:31,META,SELL,123.2,548.0474,555.696,942.30752,42168.04341
2025-04-17 04:22:03,NFLX,SELL,151.6,707.836,714.3507,987.62852,43155.67193
2025-04-17 04:22:29,NFLX,BUY,86.2,657.9608,658.7132,64.85688,43220.52881
2025-04-17 04:23:02,TSLA,SELL,46.9,321.5709,322.8045,57.85584,43278.38465
2025-04-17 04:23:28,NVDA,SELL,314.5,905.6164,894.3456,-3544.6666,39733.71805
2025-04-17 04:23:58,AAPL,SELL,342.7,184.5606,185.7909,421.62381,40155.34186
2025-04-17 04:24:07,META,SELL,318.9,544.3403,538.5763,-1838.1396,38317.20226
2025-04-17 04:24:32,NFLX,SELL,261.9,612.2097,609.8231,-625.05054,37692.15172
2025-04-17 04:25:02,GOOGL,SELL,74.4,210.9752,212.8124,136.68768,37828.8394
2025-04-17 04:25:18,GOOGL,SELL,161.2,175.6812,173.3095,-382.31804,37446.52136
2025-04-17 04:25:47,GOOGL,SELL,5.2,160.966,161.7729,4.19588,37450.71724
2025-04-17 04:25:55,META,SELL,13.0,536.5462,542.1933,73.4123,37524.12954
2025-04-17 04:26:08,NVDA,SELL,130.1,924.8259,922.2772,-331.58587,37192.54367
2025-04-17 04:26:17,AMZN,BUY,57.3,215.6453,213.4,-128.65569,37063.88798
2025-04-17 04:27:53,MSFT,SELL,218.3,387.6557,389.9816,507.74397,37571.63195
2025-04-17 04:29:23,MSFT,SELL,316.5,384.0381,383.3607,-214.3971,37357.23485
2025-04-17 04:32:39,GOOGL,BUY,124.9,180.5906,178.1787,-301.24631,37055.98854
2025-04-17 04:34:56,NFLX,BUY,216.6,605.9947,597.4123,-1858.94784,35197.0407
2025-04-17 04:38:23,GOOGL,SELL,113.1,176.4097,177.8386,161.60859,35358.64929
2025-04-17 04:41:51,AMZN,SELL,89.7,180.0668,181.8135,156.67899,35515.32828
2025-04-17 04:45:16,AMZN,SELL,19.5,196.0708,196.4869,8.11395,35523.44223
2025-04-17 04:48:17,AMZN,BUY,45.5,214.6671,212.7895,-85.4308,35438.01143
2025-04-17 04:51:28,TSLA,SELL,233.2,313.9393,316.6693,636.636,36074.64743
2025-04-17 04:54:32,AMZN,BUY,105.3,181.9196,183.9631,215.18055,36289.82798
2025-04-17 04:58:01,AAPL,SELL,220.7,212.8525,214.3805,337.2296,36627.05758
2025-04-17 04:59:55,NVDA,SELL,19.7,802.3536,807.3765,98.95113,36726.00871
2025-04-17 05:03:02,GOOGL,BUY,292.0,170.0911,171.7128,473.5364,37199.54511
2025-04-17 05:04:44,MSFT,BUY,201.3,439.0926,441.2681,437.92815,37637.47326
2025-04-17 05:06:42,AAPL,SELL,184.8,193.1696,193.9506,144.3288,37781.80206
2025-04-17 05:09:38,AAPL,BUY,86.3,209.7591,212.4363,231.04236,38012.84442
2025-04-17 05:12:17,NVDA,SELL,318.9,948.0464,953.1637,1631.90697,39644.75139
2025-04-17 05:15:25,MSFT,SELL,111.8,418.7208,416.9334,-199.83132,39444.92007
2025-04-17 05:18:19,AAPL,BUY,125.3,209.9134,211.057,143.29308,39588.21315
2025-04-17 05:21:45,GOOGL,BUY,61.1,178.6382,179.7176,65.95134,39654.16449
2025-04-17 05:24:58,TSLA,BUY,338.9,221.8482,223.1952,456.4983,40110.66279
2025-04-17 05:26:46,TSLA,BUY,8.5,162.9173,161.7509,-9.9144,40100.74839
2025-04-17 05:28:21,TSLA,BUY,170.3,300.3245,299.1101,-206.81232,39893.93607
2025-04-17 05:30:57,META,BUY,307.8,518.7475,523.1393,1351.79604,41245.73211
2025-04-17 05:32:38,TSLA,SELL,81.0,374.7579,374.5424,-17.4555,41228.27661
2025-04-17 05:36:05,MSFT,SELL,106.9,419.9462,425.5907,603.39705,41831.67366
2025-04-17 05:39:00,TSLA,BUY,140.0,322.2718,323.0112,103.516,41935.18966
2025-04-17 05:41:48,MSFT,BUY,67.9,454.0467,451.7474,-156.12247,41779.06719
2025-04-17 05:43:27,TSLA,BUY,316.7,399.0028,401.3893,755.80455,42534.87174
2025-04-17 05:46:55,NFLX,SELL,53.7,618.9067,618.7449,-8.68866,42526.18308
2025-04-17 05:49:22,AMZN,BUY,289.2,204.2376,206.0668,529.00464,43055.18772
2025-04-17 05:52:02,GOOGL,BUY,161.0,197.4825,198.8011,212.2946,43267.48232
2025-04-17 05:54:14,TSLA,BUY,314.4,233.3489,231.6068,-547.71624,42719.76608
2025-04-17 05:57:00,NVDA,BUY,41.5,466.1236,468.7964,110.9212,42830.68728
2025-04-17 05:58:36,NVDA,SELL,23.9,515.3259,519.3754,96.78305,42927.47033
2025-04-17 06:00:25,GOOGL,BUY,310.2,184.0395,186.7645,845.295,43772.76533
2025-04-17 06:02:09,MSFT,SELL,24.2,392.2009,386.9749,-126.4692,43646.29613
2025-04-17 06:05:16,META,BUY,166.1,475.9867,473.8298,-358.26109,43288.03504
2025-04-17 06:07:40,META,BUY,103.6,463.4452,458.7769,-483.63588,42804.39916
2025-04-17 06:09:30,AAPL,BUY,66.1,178.0593,177.2453,-53.8054,42750.59376
2025-04-17 06:12:19,NFLX,SELL,27.1,719.0575,716.852,-59.76905,42690.82471
2025-04-17 06:14:10,NFLX,BUY,264.0,661.257,657.2297,-1063.2072,41627.61751
2025-04-17 06:16:43,NFLX,BUY,72.6,682.3058,680.8237,-107.60046,41520.01705
2025-04-17 06:19:10,MSFT,SELL,152.8,464.7727,462.7355,-311.28416,41208.73289
2025-04-17 06:21:19,GOOGL,SELL,234.1,170.4029,169.6775,-169.81614,41038.91675
2025-04-17 06:24:15,GOOGL,SELL,329.7,184.7437,186.7476,660.68583,41699.60258
2025-04-17 06:25:51,META,SELL,147.7,521.6745,525.9642,633.58869,42333.19127
2025-04-17 06:27:56,NFLX,BUY,306.4,593.481,595.5507,634.15608,42967.34735
2025-04-17 06:31:13,NFLX,SELL,306.0,650.1676,640.4693,-2967.6798,39999.66755
2025-04-17 06:33:37,AMZN,SELL,193.2,222.9586,225.2868,449.80824,40449.47579
2025-04-17 06:36:47,AMZN,SELL,333.4,197.412,194.4907,-973.96142,39475.51437
2025-04-17 06:39:06,NVDA,BUY,268.2,706.3698,704.6222,-468.70632,39006.80805
2025-04-17 06:41:18,TSLA,BUY,67.3,157.7282,158.2702,36.4766,39043.28465
2025-04-17 06:43:10,AAPL,BUY,286.9,226.1079,223.9004,-633.33175,38409.9529
2025-04-17 06:46:12,AMZN,SELL,345.6,207.5835,206.8502,-253.42848,38156.52442
2025-04-17 06:49:29,MSFT,SELL,106.3,406.6626,411.3823,501.70411,38658.22853
2025-04-17 06:51:58,AMZN,SELL,38.7,216.7689,215.5666,-46.52901,38611.69952
2025-04-17 06:54:54,NFLX,SELL,193.4,634.0648,638.4423,846.6085,39458.30802
2025-04-17 06:56:52,NVDA,SELL,201.8,693.7646,697.1104,675.18244,40133.49046
2025-04-17 06:59:42,AAPL,SELL,228.5,212.1128,213.7788,380.681,40514.17146
2025-04-17 07:02:43,NFLX,BUY,230.0,603.2446,607.1445,896.977,41411.14846
2025-04-17 07:04:54,AAPL,BUY,176.3,238.0457,238.39,60.70009,41471.84855
2025-04-17 07:07:02,GOOGL,BUY,104.1,188.8253,186.6869,-222.60744,41249.24111
2025-04-17 07:09:49,META,BUY,38.2,476.9041,478.4802,60.20702,41309.44813
2025-04-17 07:13:10,TSLA,SELL,348.4,312.1614,310.1183,-711.81604,40597.63209
2025-04-17 07:15:21,META,BUY,14.7,511.1187,507.5796,-52.02477,40545.60732
2025-04-17 07:18:21,NFLX,SELL,95.3,633.5198,633.8965,35.89951,40581.50683
2025-04-17 07:21:17,AMZN,SELL,61.2,207.7188,209.0654,82.41192,40663.91875
2025-04-17 07:24:13,AMZN,BUY,221.4,225.3402,223.224,-468.52668,40195.39207
2025-04-17 07:26:35,NFLX,SELL,118.5,662.9794,656.4968,-768.1881,39427.20397
2025-04-17 07:29:35,NFLX,SELL,46.7,591.2661,600.0046,408.08795,39835.29192
2025-04-17 07:31:11,NVDA,SELL,293.4,629.5345,620.1335,-2758.2534,37077.03852
2025-04-17 07:33:37,META,BUY,37.0,560.3702,563.4258,113.0572,37190.09572
2025-04-17 07:36:32,META,SELL,192.0,463.0053,458.447,-875.1936,36314.90212
2025-04-17 07:39:42,NVDA,SELL,272.8,864.7319,859.8851,-1322.20704,34992.69508
2025-04-17 07:41:58,NFLX,BUY,297.1,647.1888,648.8008,478.9252,35471.62028
2025-04-17 07:45:21,MSFT,SELL,288.1,420.2634,422.2338,567.67224,36039.29252
2025-04-17 07:47:40,AMZN,BUY,151.5,204.9607,202.9814,-299.86395,35739.42857
2025-04-17 07:49:12,TSLA,BUY,31.6,328.7055,327.2669,-45.45976,35693.96881
2025-04-17 07:50:59,TSLA,SELL,120.3,233.9348,234.5211,70.53189,35764.5007
2025-04-17 07:54:08,GOOGL,BUY,308.9,182.1984,182.7499,170.35835,35934.85905
2025-04-17 07:56:49,NFLX,SELL,253.8,601.6608,601.8759,54.59238,35989.45143
2025-04-17 07:59:34,AAPL,BUY,312.3,222.2126,223.7823,490.21731,36479.66874
2025-04-17 08:02:11,GOOGL,BUY,300.0,153.0703,153.8157,223.62,36703.28874
2025-04-17 08:05:08,AAPL,BUY,168.3,219.7585,218.0025,-295.5348,36407.75394
2025-04-17 08:07:19,MSFT,BUY,317.3,395.8611,390.8915,-1576.85408,34830.89986
2025-04-17 08:08:50,GOOGL,BUY,271.3,164.5066,164.5225,4.31367,34835.21353
2025-04-17 08:11:13,NVDA,BUY,295.4,813.7226,817.2838,1051.97848,35887.19201
2025-04-17 08:14:15,AAPL,BUY,259.0,218.0983,215.9533,-555.555,35331.63701
2025-04-17 08:17:31,MSFT,BUY,252.1,448.2774,450.4131,538.40997,35870.04698
2025-04-17 08:20:51,NFLX,BUY,307.5,670.2105,670.5102,92.15775,35962.20473
2025-04-17 08:23:32,AAPL,SELL,16.9,226.7787,228.841,34.85287,35997.0576
2025-04-17 08:25:39,MSFT,SELL,10.1,456.4028,457.6516,12.61288,36009.67048
2025-04-17 08:28:49,MSFT,SELL,47.9,392.7708,387.3943,-257.53435,35752.13613
2025-04-17 08:32:01,NVDA,BUY,100.1,571.5161,571.3823,-13.39338,35738.74275
2025-04-17 08:34:03,TSLA,BUY,168.2,404.7354,407.6356,487.81364,36226.55639
2025-04-17 08:35:54,NFLX,BUY,323.0,644.4691,639.1129,-1730.0526,34496.50379
2025-04-17 08:38:30,AAPL,BUY,308.1,200.1373,197.6258,-773.79315,33722.71064
2025-04-17 08:41:49,MSFT,SELL,349.8,431.846,432.5331,240.34758,33963.05822
2025-04-17 08:44:10,MSFT,BUY,61.6,388.0252,382.8281,-320.14136,33642.91686
2025-04-17 08:46:45,MSFT,BUY,162.7,445.6837,442.5794,-505.06961,33137.84725
2025-04-17 08:49:54,META,SELL,139.2,478.327,482.8784,633.55488,33771.40213
2025-04-17 08:53:10,MSFT,BUY,254.7,437.0707,433.7302,-850.82535,32920.57678
2025-04-17 08:54:45,AAPL,BUY,242.6,186.5181,186.7518,56.69562,32977.2724
2025-04-17 08:58:07,NFLX,BUY,33.5,669.4026,675.8259,215.18055,33192.45295
2025-04-17 09:01:22,AMZN,SELL,209.9,190.6656,189.3958,-266.53102,32925.92193
2025-04-17 09:03:10,NFLX,SELL,315.3,638.2957,631.5309,-2132.94144,30792.98049
2025-04-17 09:04:47,AMZN,SELL,159.5,196.6084,197.6635,168.28845,30961.26894
2025-04-17 09:07:03,META,BUY,329.8,499.2488,500.5489,428.77298,31390.04192
2025-04-17 09:10:17,META,SELL,281.3,460.2899,459.1941,-308.24854,31081.79338
2025-04-17 09:12:49,AMZN,BUY,60.2,222.6842,224.2825,96.21766,31178.01104
2025-04-17 09:14:36,META,SELL,313.8,498.5336,500.1844,518.02104,31696.03208
2025-04-17 09:16:38,NVDA,BUY,58.6,680.015,681.2004,69.46444,31765.49652
2025-04-17 09:18:38,AAPL,BUY,94.9,222.359,222.354,-0.4745,31765.02202
2025-04-17 09:20:36,NVDA,SELL,50.7,685.8166,693.953,412.51548,32177.5375
2025-04-17 09:23:45,GOOGL,BUY,61.6,199.9142,198.4591,-89.63416,32087.90334
2025-04-17 09:25:55,TSLA,BUY,99.9,365.8196,367.7665,194.49531,32282.39865
2025-04-17 09:27:37,MSFT,SELL,320.2,423.7234,428.2421,1446.88774,33729.28639
2025-04-17 09:29:12,GOOGL,SELL,124.2,208.4112,209.0314,77.02884,33806.31523
2025-04-17 09:32:27,GOOGL,BUY,210.5,202.4518,200.394,-433.1669,33373.14833
2025-04-17 09:35:55,GOOGL,SELL,60.0,166.1373,168.4103,136.38,33509.52833
2025-04-17 09:37:25,NFLX,BUY,312.9,710.9261,720.0725,2861.90856,36371.43689
2025-04-17 09:40:35,MSFT,SELL,35.2,456.7011,452.0307,-164.39808,36207.03881
2025-04-17 09:43:22,AMZN,SELL,180.1,222.4379,221.4147,-184.27832,36022.76049
2025-04-17 09:46:22,AAPL,BUY,212.6,227.5214,229.5623,433.89534,36456.65583
2025-04-17 09:48:26,MSFT,BUY,274.1,424.6611,421.926,-749.69091,35706.96492
2025-04-17 09:49:56,META,SELL,207.9,466.7445,468.9572,460.02033,36166.98525
2025-04-17 09:52:49,NFLX,SELL,161.5,605.1685,606.3275,187.1785,36354.16375
2025-04-17 09:54:31,GOOGL,BUY,290.9,186.1513,184.869,-373.02107,35981.14268
2025-04-17 09:57:52,NVDA,BUY,271.4,594.9621,597.2226,613.4997,36594.64238
2025-04-17 10:01:10,TSLA,BUY,260.5,306.4821,302.6301,-1003.446,35591.19638
2025-04-17 10:04:17,GOOGL,BUY,6.3,160.9654,161.6798,4.50072,35595.6971
2025-04-17 10:06:53,GOOGL,BUY,87.5,171.2681,171.166,-8.93375,35586.76335
2025-04-17 10:09:36,TSLA,SELL,176.0,186.9572,185.0896,-328.6976,35258.06575
2025-04-17 10:12:49,META,BUY,43.5,463.7444,461.0077,-119.04645,35139.0193
2025-04-17 10:15:23,MSFT,SELL,65.9,445.3635,447.0134,108.72841,35247.74771
2025-04-17 10:16:57,GOOGL,SELL,31.6,180.5803,181.2765,21.99992,35269.74763
2025-04-17 10:18:45,NVDA,BUY,128.1,495.8581,495.9582,12.82281,35282.57044
2025-04-17 10:21:09,META,SELL,41.8,538.4763,531.3094,-299.57642,34982.99402
2025-04-17 10:23:47,TSLA,BUY,156.0,242.8115,240.2177,-404.6328,34578.36122
2025-04-17 10:25:24,AAPL,BUY,122.1,186.5412,185.9198,-75.87294,34502.48828
2025-04-17 10:27:54,NFLX,BUY,263.9,586.8376,593.1802,1673.81214,36176.30042
2025-04-17 10:30:08,GOOGL,SELL,345.1,166.4928,167.885,480.44822,36656.74864
2025-04-17 10:33:00,NVDA,SELL,262.1,872.0059,879.7013,2016.96434,38673.71298
2025-04-17 10:35:39,AMZN,SELL,83.3,204.822,207.0696,187.22508,38860.93806
2025-04-17 10:37:15,MSFT,BUY,71.8,396.0192,392.36,-262.73056,38598.2075
2025-04-17 10:40:34,GOOGL,BUY,53.1,164.0287,162.1254,-101.06523,38497.14227
2025-04-17 10:43:28,TSLA,BUY,85.2,388.4501,387.0593,-118.49616,38378.64611
2025-04-17 10:45:01,NFLX,BUY,106.7,632.0864,631.2209,-92.34885,38286.29726
2025-04-17 10:48:03,MSFT,SELL,297.9,399.3511,397.2666,-620.97255,37665.32471
2025-04-17 10:51:15,META,SELL,237.0,554.74,558.9911,1007.5107,38672.83541
2025-04-17 10:53:48,META,BUY,315.3,537.2871,535.2011,-657.7158,38015.11961
2025-04-17 10:57:05,TSLA,BUY,349.7,247.1246,245.0881,-712.16405,37302.95556
2025-04-17 11:00:33,AMZN,BUY,155.8,221.6544,224.8296,494.69616,37797.65172
2025-04-17 11:03:00,META,BUY,171.2,471.2326,477.0501,995.956,38793.60772
2025-04-17 11:04:39,GOOGL,SELL,264.3,180.5506,179.7688,-206.62974,38586.97798
2025-04-17 11:08:09,MSFT,BUY,243.8,401.4216,404.5143,754.00026,39340.97824
2025-04-17 11:10:25,META,SELL,23.1,559.193,558.3524,-19.41786,39321.56038
2025-04-17 11:12:29,NVDA,SELL,336.1,494.8527,499.9293,1706.24526,41027.80564
2025-04-17 11:15:57,META,BUY,219.7,530.0491,534.8768,1060.64569,42088.45133
2025-04-17 11:19:23,NVDA,BUY,125.1,513.3049,506.3197,-873.84852,41214.60281
2025-04-17 11:22:41,NFLX,BUY,38.1,699.9167,708.8822,341.58555,41556.18836
2025-04-17 11:25:45,NFLX,SELL,37.2,691.7059,686.6233,-189.07272,41367.11564
2025-04-17 11:27:17,AMZN,BUY,186.0,207.9212,205.1817,-509.547,40857.56864
2025-04-17 11:30:34,TSLA,BUY,132.4,237.5491,239.1046,205.9482,41063.51684
2025-04-17 11:32:49,NVDA,SELL,216.5,579.9098,577.7013,-478.14025,40585.37659
2025-04-17 11:35:32,GOOGL,SELL,323.1,167.3865,168.5598,379.09323,40964.46982
2025-04-17 11:38:22,TSLA,SELL,182.7,194.4767,193.4651,-184.81932,40779.6505
2025-04-17 11:41:06,GOOGL,SELL,323.0,156.0932,156.996,291.6044,41071.2549
2025-04-17 11:43:42,META,SELL,41.9,552.2008,556.4976,180.03592,41251.29082
2025-04-17 11:46:19,TSLA,SELL,273.3,387.2278,387.4885,71.24931,41322.54013
2025-04-17 11:49:42,AMZN,SELL,239.4,186.988,189.2486,541.18764,41863.72777
2025-04-17 11:53:01,MSFT,SELL,251.3,404.2762,399.0735,-1307.43851,40556.28926
2025-04-17 11:55:43,MSFT,SELL,7.9,409.146,403.2576,-46.51836,40509.7709
2025-04-17 11:57:31,NFLX,SELL,269.4,617.1599,609.2678,-2126.13174,38383.63916
2025-04-17 12:00:49,GOOGL,SELL,252.8,169.2336,166.9061,-588.392,37795.24716
2025-04-17 12:03:07,AAPL,BUY,104.5,224.7191,221.484,-338.06795,37457.17921
2025-04-17 12:06:20,META,SELL,199.7,546.7187,541.1047,-1121.1158,36336.06341
2025-04-17 12:09:14,AMZN,BUY,175.1,219.0955,217.1981,-332.23474,36003.82867
2025-04-17 12:11:51,TSLA,SELL,271.7,291.5317,293.5433,546.55172,36550.38039
2025-04-17 12:14:28,AMZN,BUY,31.8,176.0591,173.9009,-68.63076,36481.74963
2025-04-17 12:16:22,TSLA,BUY,96.2,380.4876,375.9371,-437.7581,36043.99153
2025-04-17 12:19:38,GOOGL,BUY,245.8,180.5088,180.3793,-31.8311,36012.16043
2025-04-17 12:22:08,NVDA,BUY,215.3,940.2044,938.7216,-319.24684,35692.91359
2025-04-17 12:24:40,AMZN,SELL,10.6,217.5294,214.8168,-28.75356,35664.16003
2025-04-17 12:27:01,GOOGL,SELL,182.2,175.7844,173.4379,-427.5323,35236.62773
2025-04-17 12:28:47,NFLX,SELL,192.7,633.4566,640.4224,1342.30966,36578.93739
2025-04-17 12:31:05,AAPL,BUY,7.2,204.8882,204.604,-2.04624,36576.89115
2025-04-17 12:32:42,TSLA,BUY,53.5,154.7138,153.0878,-86.991,36489.90015
2025-04-17 12:35:44,AAPL,BUY,216.8,215.8916,218.9926,672.2968,37162.19695
2025-04-17 12:37:54,AAPL,BUY,31.4,177.2494,179.7299,77.8877,37240.08465
2025-04-17 12:41:21,AAPL,SELL,275.1,211.6277,209.1637,-677.8464,36562.23825
2025-04-17 12:44:48,GOOGL,SELL,295.9,174.9202,177.0245,622.66237,37184.90062
2025-04-17 12:44:57,AAPL,SELL,347.4,220.7469,223.6617,1012.60152,38197.50214
2025-04-17 12:45:12,MSFT,BUY,200.8,443.7286,441.9022,-366.74112,37830.76102
2025-04-17 12:45:28,MSFT,SELL,26.7,416.5312,412.1058,-118.15818,37712.60284
2025-04-17 12:46:03,GOOGL,BUY,117.7,197.5349,195.4959,-239.9903,37472.61254
2025-04-17 12:46:38,AMZN,SELL,259.9,195.2361,193.9207,-341.87246,37130.74008
2025-04-17 12:47:08,AAPL,BUY,95.9,234.7715,237.1227,225.48008,37356.22016
2025-04-17 12:47:32,TSLA,SELL,5.7,330.3893,335.0567,26.60418,37382.82434
2025-04-17 12:47:45,AMZN,BUY,52.7,226.0168,227.0396,53.90156,37436.7259
2025-04-17 12:47:59,NVDA,SELL,178.6,543.8922,540.9608,-523.54804,36913.17786
2025-04-17 12:48:22,AAPL,BUY,143.2,184.451,182.5396,-273.71248,36639.46538
2025-04-17 12:48:52,NVDA,BUY,291.9,461.9668,461.2685,-203.83377,36435.63161
2025-04-17 12:49:25,GOOGL,SELL,66.4,172.5853,174.5756,132.15592,36567.78753
2025-04-17 12:49:56,GOOGL,BUY,315.0,178.0566,180.3064,708.687,37276.47453
2025-04-17 12:50:23,META,BUY,138.4,455.1231,456.1964,148.54472,37425.01925
2025-04-17 12:50:43,GOOGL,SELL,249.6,157.7502,159.8672,528.4032,37953.42245
2025-04-17 12:51:18,META,SELL,317.9,547.7759,549.3899,513.0906,38466.51305
2025-04-17 12:51:46,TSLA,SELL,349.2,333.6397,331.6159,-706.71096,37759.80209
2025-04-17 12:52:04,AMZN,SELL,257.9,210.7415,212.9461,568.56634,38328.36843
2025-04-17 12:52:25,NFLX,SELL,223.5,648.1948,654.3246,1370.0103,39698.37873
2025-04-17 12:52:36,NFLX,BUY,262.5,614.4184,613.7841,-166.50375,39531.87498
2025-04-17 12:52:50,MSFT,SELL,166.6,446.8927,442.5157,-729.2082,38802.66678
2025-04-17 12:53:10,META,SELL,222.9,485.2168,488.6177,758.06061,39560.72739
2025-04-17 12:53:22,GOOGL,SELL,110.3,190.1113,189.7026,-45.07961,39515.64778
2025-04-17 12:53:50,AMZN,BUY,253.4,181.2997,182.5482,316.3699,39832.01768
2025-04-17 12:54:02,AAPL,SELL,199.4,179.1013,181.2101,420.49472,40252.5124
2025-04-17 12:56:17,NVDA,BUY,343.2,945.8678,937.7829,-2774.73768,37477.77472
2025-04-17 12:58:26,NFLX,BUY,50.7,605.9966,599.8502,-311.62248,37166.15224
2025-04-17 13:01:33,META,SELL,109.6,538.6421,541.4028,302.57272,37468.72496
2025-04-17 13:04:58,MSFT,BUY,5.2,467.3553,468.9641,8.36576,37477.09072
2025-04-17 13:06:53,NVDA,SELL,216.0,768.0794,758.2455,-2124.1224,35352.96832
2025-04-17 13:10:18,NFLX,SELL,44.7,658.5224,665.9633,332.60823,35685.57655
2025-04-17 13:11:58,NFLX,BUY,78.1,669.698,676.4833,529.93193,36215.50848
2025-04-17 13:14:13,NVDA,SELL,254.2,534.4471,533.8482,-152.24038,36063.2681
2025-04-17 13:16:34,NFLX,BUY,74.7,662.8529,654.1869,-647.3502,35415.9179
2025-04-17 13:19:20,GOOGL,SELL,276.0,163.0452,163.5613,142.4436,35558.3615
2025-04-17 13:21:07,AAPL,SELL,213.2,168.4657,169.2518,167.59652,35725.95802
2025-04-17 13:24:23,AAPL,BUY,17.2,168.6726,167.2606,-24.2864,35701.67162
2025-04-17 13:26:51,GOOGL,BUY,134.4,159.3733,157.0503,-312.2112,35389.46042
2025-04-17 13:29:11,AMZN,BUY,223.4,196.7928,193.8912,-648.21744,34741.24298
2025-04-17 13:31:03,META,BUY,284.4,554.446,560.6226,1756.62504,36497.86802
2025-04-17 13:33:26,NVDA,BUY,83.9,494.042,493.4313,-51.23773,36446.63029
2025-04-17 13:36:12,GOOGL,BUY,342.0,175.7174,174.4846,-421.6176,36025.01269
2025-04-17 13:38:05,META,SELL,281.3,466.3681,468.7503,670.11286,36695.12555
2025-04-17 13:41:08,META,BUY,258.1,489.6813,485.2558,-1142.22155,35552.904
2025-04-17 13:44:24,AAPL,SELL,210.3,204.116,204.3623,51.79689,35604.70089
2025-04-17 13:46:34,AMZN,BUY,168.7,191.9711,190.7294,-209.47479,35395.2261
2025-04-17 13:48:35,AMZN,SELL,281.4,227.2212,227.8309,171.56958,35566.79568
2025-04-17 13:50:25,AMZN,SELL,199.6,224.36,224.079,-56.0876,35510.70808
2025-04-17 13:53:55,MSFT,BUY,256.2,452.9814,450.1969,-713.3889,34797.31918
2025-04-17 13:57:25,AMZN,BUY,108.6,186.186,183.4458,-297.58572,34499.73346
2025-04-17 14:00:10,META,BUY,281.1,464.7631,465.136,104.82219,34604.55565
2025-04-17 14:02:27,NVDA,BUY,218.9,805.6828,804.2371,-316.46373,34288.09192
2025-04-17 14:04:45,META,BUY,86.7,554.581,559.322,411.0447,34699.13662
2025-04-17 14:06:58,NVDA,BUY,313.7,467.5724,469.9805,755.42097,35454.55759
2025-04-17 14:09:51,NFLX,SELL,225.7,703.7103,697.0244,-1509.00763,33945.54996
2025-04-17 14:12:12,NVDA,SELL,262.5,865.7634,865.4385,-85.28625,33860.26371
2025-04-17 14:13:55,MSFT,SELL,16.0,387.4859,387.3638,-1.9536,33858.31011
2025-04-17 14:15:53,AAPL,BUY,174.2,180.4484,179.6421,-140.45746,33717.85265
2025-04-17 14:18:48,NVDA,SELL,223.0,719.6481,726.8224,1599.8689,35317.72155
2025-04-17 14:20:33,NFLX,BUY,112.5,633.1485,634.6518,169.12125,35486.8428
2025-04-17 14:23:13,GOOGL,SELL,310.0,161.4425,163.6264,677.009,36163.8518
2025-04-17 14:25:10,NFLX,BUY,275.3,706.3129,715.0849,2414.9316,38578.7834
2025-04-17 14:27:15,MSFT,SELL,276.2,413.6362,415.0125,380.13406,38958.91746
2025-04-17 14:29:10,NVDA,BUY,5.1,659.571,664.859,26.9688,38985.88626
2025-04-17 14:31:56,MSFT,SELL,57.8,428.7467,429.4973,43.38468,39029.27094
2025-04-17 14:34:54,GOOGL,SELL,142.0,163.2571,162.3485,-129.0212,38900.24974
2025-04-17 14:37:20,MSFT,BUY,17.5,424.2913,429.9536,99.09025,38999.33999
2025-04-17 14:39:39,META,BUY,348.9,529.6952,531.9461,785.33901,39784.679
2025-04-17 14:42:18,NFLX,SELL,103.5,648.8396,640.6393,-848.73105,38935.94795
2025-04-17 14:45:01,NVDA,BUY,35.1,498.0725,504.1277,212.53752,39148.48547
2025-04-17 14:47:19,NFLX,SELL,183.7,718.9992,710.9144,-1485.17776,37663.30771
2025-04-17 14:49:39,TSLA,BUY,63.6,344.8326,343.8894,-59.98752,37603.32019
2025-04-17 14:52:36,NFLX,BUY,152.5,658.8549,662.0011,479.7955,38083.11569
2025-04-17 14:54:51,META,BUY,293.6,469.8464,475.4144,1634.7648,39717.88049
2025-04-17 14:57:55,NVDA,SELL,333.9,486.3904,489.0405,884.86839,40602.74888
2025-04-17 15:00:04,NVDA,BUY,275.0,446.7431,448.6962,537.1025,41139.85138
2025-04-17 15:03:18,GOOGL,SELL,149.9,174.2576,173.1781,-161.81705,40978.03433
2025-04-17 15:06:35,NFLX,BUY,89.3,657.1889,649.2453,-709.36348,40268.67085
2025-04-17 15:09:41,MSFT,SELL,72.9,400.0386,402.5083,180.04113,40448.71198
2025-04-17 15:11:53,GOOGL,SELL,136.0,165.6249,165.653,3.8216,40452.53358
2025-04-17 15:15:14,TSLA,SELL,162.5,404.1122,402.1307,-321.99375,40130.53983
2025-04-17 15:17:32,META,SELL,226.1,464.9422,463.3598,-357.78064,39772.75919
2025-04-17 15:19:47,TSLA,SELL,217.6,317.0528,316.3001,-163.78752,39608.97167
2025-04-17 15:22:04,NFLX,BUY,92.9,604.4573,609.2309,443.46744,40052.43911
2025-04-17 15:24:08,AAPL,SELL,94.7,174.0949,175.414,124.91877,40177.35788
2025-04-17 15:26:50,META,SELL,206.2,505.8857,501.4898,-906.43458,39270.9233
2025-04-17 15:29:58,META,BUY,7.7,455.4542,458.0011,19.61113,39290.53443
2025-04-17 15:32:33,GOOGL,BUY,311.1,168.1525,166.7235,-444.5619,38845.97253
2025-04-17 15:34:18,NVDA,BUY,81.0,682.9489,684.4999,125.631,38971.60353
2025-04-17 15:37:35,AAPL,SELL,147.6,228.8619,226.3118,-376.39476,38595.20877
2025-04-17 15:39:05,AAPL,BUY,181.4,199.1918,196.2515,-533.37042,38061.83835
2025-04-17 15:41:41,META,SELL,48.2,529.1886,526.3216,-138.1894,37923.64895
2025-04-17 15:44:03,MSFT,SELL,82.6,430.0144,430.2509,19.5349,37943.18385
2025-04-17 15:46:38,AAPL,SELL,263.6,232.4186,231.282,-299.60776,37643.57609
2025-04-17 15:49:10,GOOGL,BUY,315.8,164.4709,165.9701,473.44736,38117.02345
2025-04-17 15:51:52,NVDA,BUY,340.1,573.0998,566.8695,-2118.92503,35998.09842
2025-04-17 15:54:57,GOOGL,SELL,333.6,191.9628,192.6357,224.47944,36222.57786
2025-04-17 15:57:21,NFLX,BUY,49.0,588.5003,588.83,16.1553,36238.73316
2025-04-17 15:59:46,META,SELL,38.0,462.6608,458.0736,-174.3136,36064.41956
2025-04-17 16:01:58,AMZN,BUY,304.6,200.0882,200.2983,63.99646,36128.41602
2025-04-17 16:05:28,NVDA,SELL,143.8,510.9745,506.4016,-657.58302,35470.833
2025-04-17 16:08:29,GOOGL,SELL,224.0,198.5625,198.061,-112.336,35358.497
2025-04-17 16:11:03,GOOGL,SELL,110.1,172.512,173.5463,113.87643,35472.37343
2025-04-17 16:13:05,MSFT,BUY,347.9,417.9024,422.7775,1696.04729,37168.42072
2025-04-17 16:15:02,MSFT,BUY,329.1,449.2033,449.3395,44.82342,37213.24414
2025-04-17 16:17:32,AMZN,BUY,80.2,217.7977,216.8265,-77.89024,37135.3539
2025-04-17 16:19:10,NFLX,BUY,248.1,609.5531,601.3952,-2023.97499,35111.37891
2025-04-17 16:21:33,NFLX,SELL,243.0,661.8888,670.2237,2025.3807,37136.75961
2025-04-17 16:23:31,GOOGL,SELL,62.0,169.7022,168.7243,-60.6298,37076.12981
2025-04-17 16:26:36,NVDA,BUY,13.8,580.4724,586.2405,79.59978,37155.72959
2025-04-17 16:28:53,GOOGL,BUY,150.4,180.3679,182.772,361.57664,37517.30623
2025-04-17 16:31:11,NFLX,SELL,271.8,673.6539,682.733,2467.69938,39985.00561
2025-04-17 16:34:33,META,SELL,342.7,526.5701,522.3538,-1444.92601,38540.0796
2025-04-17 16:36:59,GOOGL,SELL,16.5,158.6929,160.3444,27.24975,38567.32935
2025-04-17 16:40:03,AMZN,BUY,184.3,213.9879,215.6693,309.88202,38877.21137
2025-04-17 16:43:03,TSLA,BUY,100.0,199.6553,202.1537,249.84,39127.05137
2025-04-17 16:45:52,NVDA,SELL,322.2,812.8488,817.34,1447.06464,40574.11601
2025-04-17 16:48:24,NVDA,BUY,77.9,857.3693,868.0491,831.95642,41406.07243
2025-04-17 16:51:19,TSLA,SELL,295.7,248.2959,247.2504,-309.15435,41096.91808
2025-04-17 16:53:53,AMZN,SELL,252.1,208.2264,208.2777,12.93273,41109.85081
2025-04-17 16:56:45,GOOGL,SELL,257.7,162.9268,162.8857,-10.59147,41099.25934
2025-04-17 16:59:00,GOOGL,SELL,211.6,158.8106,157.8209,-209.42052,40889.83882
2025-04-17 17:01:28,AMZN,SELL,249.4,179.8102,179.139,-167.39728,40722.44154
2025-04-17 17:04:58,MSFT,BUY,127.3,429.8554,430.7719,116.67045,40839.11199
2025-04-17 17:06:30,NVDA,BUY,300.5,824.8413,822.1807,-799.5103,40039.60169
2025-04-17 17:09:09,AMZN,BUY,330.0,164.7396,163.4002,-442.002,39597.59969
2025-04-17 17:12:39,NFLX,BUY,95.2,680.0642,688.5486,807.71488,40405.31457
2025-04-17 17:14:21,AMZN,BUY,145.4,176.9082,176.6056,-43.99804,40361.31653
2025-04-17 17:17:39,AAPL,BUY,169.4,187.9397,188.5046,95.69406,40457.01059
2025-04-17 17:19:15,NVDA,SELL,15.4,887.2222,875.7945,-175.98658,40281.02401
2025-04-17 17:21:19,MSFT,SELL,192.2,384.7833,390.0577,1013.73968,41294.76369
2025-04-17 17:23:39,AAPL,BUY,146.9,215.2713,215.7092,64.32751,41359.0912
2025-04-17 17:25:57,MSFT,BUY,115.7,459.0593,456.3052,-318.64937,41040.44183
2025-04-17 17:29:03,AAPL,SELL,46.6,219.2724,222.4769,149.3297,41189.77153
2025-04-17 17:32:07,NVDA,BUY,304.4,788.871,792.2023,1014.04772,42203.81925
2025-04-17 17:35:08,NFLX,BUY,305.2,725.9531,716.5096,-2882.1562,39321.66305
2025-04-17 17:38:34,TSLA,BUY,340.5,274.3915,272.8424,-527.46855,38794.1945
2025-04-17 17:40:07,MSFT,SELL,16.0,398.1714,400.2905,33.9056,38828.1001
2025-04-17 17:42:28,AMZN,BUY,75.6,226.0348,224.1207,-144.70596,38683.39414
2025-04-17 17:45:42,MSFT,SELL,156.7,377.3635,381.7157,681.98974,39365.38388
2025-04-17 17:48:54,GOOGL,SELL,213.9,167.4098,169.3302,410.77356,39776.15744
2025-04-17 17:52:22,AMZN,BUY,66.3,230.4927,231.4732,65.00715,39841.16459
2025-04-17 17:53:56,AAPL,SELL,249.4,184.3775,182.3496,-505.75826,39335.40633
2025-04-17 17:57:20,AAPL,SELL,257.6,219.7524,222.9469,822.9032,40158.30953
2025-04-17 17:59:52,META,BUY,255.7,463.5395,465.7984,577.60073,40735.91026
2025-04-17 18:01:57,META,BUY,227.1,524.4438,523.1811,-286.75917,40449.15109
2025-04-17 18:04:48,NFLX,BUY,172.1,660.9817,656.5469,-763.22908,39685.92201
2025-04-17 18:07:12,NFLX,SELL,293.4,692.6335,691.3011,-390.92616,39294.99585
2025-04-17 18:10:40,NVDA,SELL,310.1,703.9536,695.4329,-2642.26907,36652.72678
2025-04-17 18:13:09,AAPL,BUY,338.8,169.4607,169.922,156.28844,36809.01522
2025-04-17 18:16:28,AAPL,SELL,343.3,196.5677,198.7064,734.21571,37543.23093
2025-04-17 18:19:19,TSLA,BUY,204.2,181.5115,182.3102,163.09454,37706.32547
2025-04-17 18:21:43,MSFT,SELL,332.4,406.9112,411.1558,1410.90504,39117.23051
2025-04-17 18:23:13,TSLA,BUY,224.8,307.027,306.9992,-6.24944,39110.98107
2025-04-17 18:24:48,META,SELL,210.9,505.6306,502.7108,-615.78582,38495.19525
2025-04-17 18:27:42,META,SELL,245.4,513.2734,513.4459,42.3315,38537.52675
2025-04-17 18:30:29,NVDA,BUY,301.3,453.3664,451.7083,-499.58553,38037.94122
2025-04-17 18:32:50,GOOGL,BUY,131.6,181.4523,179.8574,-209.88884,37828.05238
2025-04-17 18:35:54,GOOGL,SELL,138.3,189.0524,190.1507,151.89489,37979.94727
2025-04-17 18:38:05,NVDA,BUY,333.9,745.593,740.2395,-1787.53365,36192.41362
2025-04-17 18:40:11,NVDA,BUY,342.6,907.5162,898.6218,-3047.22144,33145.19218
2025-04-17 18:42:28,TSLA,SELL,140.7,170.7017,168.9791,-242.36982,32902.82236
2025-04-17 18:45:34,NVDA,SELL,132.6,819.523,829.5039,1323.46734,34226.2897
2025-04-17 18:48:38,GOOGL,BUY,57.0,159.4892,160.7815,73.6611,34299.9508
2025-04-17 18:51:02,META,BUY,74.5,462.8178,461.8246,-73.9934,34225.9574
2025-04-17 18:53:43,MSFT,BUY,21.9,413.6401,408.3075,-116.78394,34109.17346
2025-04-17 18:55:45,NFLX,SELL,213.0,613.1673,608.3715,-1021.5054,33087.66806
2025-04-17 18:58:04,GOOGL,BUY,277.2,179.3251,180.7068,383.00724,33470.6753
2025-04-17 19:00:02,NVDA,BUY,196.1,701.7583,708.4728,1316.71345,34787.38875
2025-04-17 19:01:58,META,BUY,159.4,481.9654,476.5109,-869.4473,33917.94145
2025-04-17 19:04:39,META,BUY,119.8,547.9306,542.0467,-704.89122,33213.05023
2025-04-17 19:07:11,NVDA,SELL,257.8,723.8859,723.6793,-53.26148,33159.78875
2025-04-17 19:09:27,MSFT,BUY,323.6,421.5674,421.775,67.17936,33226.96811
2025-04-17 19:12:13,META,BUY,325.6,522.6649,529.4004,2193.0788,35420.04691
2025-04-17 19:14:05,NFLX,BUY,233.6,638.8517,632.2254,-1547.90368,33872.14323
2025-04-17 19:16:30,MSFT,BUY,156.9,455.7871,455.0969,-108.29238,33763.85085
2025-04-17 19:19:34,GOOGL,SELL,31.0,196.5591,197.1591,18.6,33782.45085
2025-04-17 19:21:12,TSLA,SELL,318.0,309.8485,309.2708,-183.7086,33598.74225
2025-04-17 19:23:46,NVDA,BUY,151.4,467.7399,461.3258,-971.09474,32627.64751
2025-04-17 19:25:48,MSFT,SELL,88.4,395.021,397.5,219.1436,32846.79111
2025-04-17 19:27:53,GOOGL,SELL,213.9,159.8435,158.7585,-232.0815,32614.70961
2025-04-17 19:30:41,META,SELL,108.9,463.8705,458.8778,-543.70503,32071.00458
2025-04-17 19:33:02,NVDA,SELL,211.8,938.181,947.9891,2077.35558,34148.36016
2025-04-17 19:35:16,GOOGL,BUY,185.6,196.4728,197.4189,175.59616,34323.95632
2025-04-17 19:36:50,TSLA,SELL,180.3,192.0294,194.0082,356.77764,34680.73396
2025-04-17 19:39:51,NFLX,BUY,208.1,580.3913,582.5141,441.75468,35122.48864
2025-04-17 19:42:26,META,SELL,341.7,554.8452,559.5746,1616.03598,36738.52462
2025-04-17 19:45:18,NFLX,BUY,97.2,707.514,698.2766,-897.87528,35840.64934
2025-04-17 19:46:51,AMZN,SELL,82.9,212.2865,211.4886,-66.14591,35774.50343
2025-04-17 19:48:57,NFLX,BUY,218.4,724.4567,731.8652,1618.0164,37392.51983
2025-04-17 19:51:17,AAPL,BUY,162.5,202.9533,203.7814,134.56625,37527.08608
2025-04-17 19:53:06,MSFT,BUY,318.1,429.3837,426.9037,-788.888,36738.19808
2025-04-17 19:56:09,AAPL,SELL,8.8,235.5105,233.0218,-21.90056,36716.29752
2025-04-17 19:58:37,NFLX,BUY,149.7,701.1629,700.6634,-74.77515,36641.52237
2025-04-17 20:01:58,GOOGL,SELL,115.1,186.4845,183.9037,-297.05008,36344.47229
2025-04-17 20:04:00,NFLX,BUY,210.0,708.1214,705.5156,-547.218,35797.25429
2025-04-17 20:05:31,AAPL,SELL,17.9,208.1228,210.9735,51.02753,35848.28182
2025-04-17 20:07:44,TSLA,BUY,270.8,154.244,154.7616,140.16608,35988.4479
2025-04-17 20:10:33,AAPL,SELL,304.0,199.0679,199.4763,124.1536,36112.6015
2025-04-17 20:13:57,MSFT,BUY,127.8,446.2728,443.0079,-417.25422,35695.34728
2025-04-17 20:16:22,NFLX,BUY,345.0,612.6649,621.3509,2996.67,38692.01728
2025-04-17 20:18:31,AMZN,BUY,202.3,188.4734,190.1793,345.10357,39037.12085
2025-04-17 20:20:48,AAPL,SELL,195.3,195.371,192.744,-513.0531,38524.06775
2025-04-17 20:22:58,META,SELL,9.6,512.5932,505.5439,-67.67328,38456.39447
2025-04-17 20:26:02,META,SELL,146.9,533.2169,538.2917,745.48812,39201.88259
2025-04-17 20:27:46,AAPL,BUY,19.2,206.7568,206.6618,-1.824,39200.05859
2025-04-17 20:30:59,AAPL,BUY,279.2,202.1446,201.3911,-210.3772,38989.68139
2025-04-17 20:32:58,MSFT,BUY,157.1,403.0769,398.631,-698.45089,38291.2305
2025-04-17 20:36:11,META,BUY,69.5,509.1355,513.4247,298.0994,38589.3299
2025-04-17 20:38:17,TSLA,SELL,21.3,185.2574,185.2711,0.29181,38589.62171
2025-04-17 20:40:36,TSLA,BUY,95.6,333.442,332.5256,-87.60784,38502.01387
2025-04-17 20:43:39,NFLX,SELL,195.3,624.4047,626.5263,414.34848,38916.36235
2025-04-17 20:46:19,AMZN,SELL,291.3,224.7861,227.7787,871.74438,39788.10673
2025-04-17 20:48:34,AMZN,SELL,317.0,176.7397,178.1754,455.1169,40243.22363
2025-04-17 20:51:26,TSLA,SELL,142.7,207.4512,204.5693,-411.24713,39831.9765
2025-04-17 20:53:15,NVDA,BUY,21.3,880.5758,891.8454,240.04248,40072.01898
2025-04-17 20:55:32,META,BUY,42.3,518.2712,516.5817,-71.46585,40000.55313
2025-04-17 20:57:03,AAPL,BUY,237.1,228.7855,231.5848,663.71403,40664.26716
2025-04-17 21:00:05,NVDA,SELL,293.5,472.4923,470.7367,-515.2686,40148.99856
2025-04-17 21:03:23,NFLX,BUY,292.9,720.8091,723.3516,744.69825,40893.69681
2025-04-17 21:06:42,NFLX,SELL,78.4,672.2911,680.1834,618.75632,41512.45313
2025-04-17 21:09:54,GOOGL,BUY,111.4,183.774,186.1267,262.09078,41774.54391
2025-04-17 21:11:58,NVDA,SELL,117.3,519.8578,523.054,374.91426,42149.45817
2025-04-17 21:13:47,AAPL,SELL,48.0,223.822,220.5874,-155.2608,41994.19737
2025-04-17 21:15:34,GOOGL,SELL,305.0,195.5286,197.0784,472.689,42466.88637
2025-04-17 21:17:27,AMZN,BUY,285.6,186.1626,183.9326,-636.888,41829.99837
2025-04-17 21:20:11,TSLA,BUY,160.3,252.736,250.7234,-322.61978,41507.37859
2025-04-17 21:23:01,AAPL,BUY,7.6,240.1336,242.2146,15.8156,41523.19419
2025-04-17 21:26:26,NVDA,BUY,322.9,946.3121,946.05,-84.63209,41438.5621
2025-04-17 21:29:37,TSLA,BUY,72.6,229.3427,227.3947,-141.4248,41297.1373
2025-04-17 21:32:59,MSFT,SELL,337.7,403.8564,401.6742,-736.92894,40560.20836
2025-04-17 21:36:25,META,SELL,232.1,537.5555,530.0416,-1743.97619,38816.23217
2025-04-17 21:38:37,TSLA,BUY,322.7,158.3334,159.082,241.57322,39057.80539
2025-04-17 21:41:36,NVDA,BUY,303.5,618.7158,624.8814,1871.2596,40929.06499
2025-04-17 21:43:12,AAPL,SELL,340.4,182.9574,184.3095,460.25484,41389.31983
2025-04-17 21:45:40,AAPL,BUY,338.5,223.7297,223.4216,-104.29185,41285.02798
2025-04-17 21:48:41,AMZN,BUY,44.5,229.1324,231.6849,113.58625,41398.61423
2025-04-17 21:51:36,AAPL,SELL,311.6,179.4054,178.9013,-157.07756,41241.53667
2025-04-17 21:54:30,NFLX,SELL,322.0,595.8332,601.8314,1931.4204,43172.95707
2025-04-17 21:56:53,MSFT,SELL,129.9,411.51,411.9585,58.26015,43231.21722
2025-04-17 22:00:12,NFLX,SELL,326.3,618.2244,613.0282,-1695.52006,41535.69716
2025-04-17 22:02:45,META,SELL,126.5,484.2484,486.0021,221.84305,41757.54021
2025-04-17 22:05:31,TSLA,BUY,85.4,313.8692,316.6708,239.25664,41996.79685
2025-04-17 22:08:43,AAPL,SELL,340.5,193.8404,193.1495,-235.25145,41761.5454
2025-04-17 22:11:18,AMZN,BUY,194.3,200.5892,202.915,451.90294,42213.44834
2025-04-17 22:13:17,META,BUY,25.6,531.0691,531.6665,15.29344,42228.74178
2025-04-17 22:15:34,NVDA,BUY,342.6,488.8311,482.6312,-2124.08574,40104.65604
2025-04-17 22:17:48,META,BUY,314.4,545.0859,552.3831,2294.23968,42398.89572
2025-04-17 22:19:38,GOOGL,SELL,277.1,174.7572,176.4896,480.04804,42878.94376
2025-04-17 22:22:05,MSFT,BUY,283.2,403.4123,404.8718,413.3304,43292.27416
2025-04-17 22:23:49,GOOGL,SELL,309.0,155.2547,155.5228,82.8429,43375.11706
2025-04-17 22:26:03,NFLX,SELL,223.9,663.0702,655.5136,-1691.92274,41683.19432
2025-04-17 22:29:09,NFLX,SELL,303.5,618.3968,614.2016,-1273.2432,40409.95112
2025-04-17 22:31:03,GOOGL,BUY,262.3,180.119,179.686,-113.5759,40296.37522
2025-04-17 22:33:17,META,SELL,48.0,490.6206,484.0792,-313.9872,39982.38802
2025-04-17 22:36:41,NVDA,SELL,34.8,576.3994,573.4391,-103.01844,39879.36958
2025-04-17 22:38:15,NFLX,SELL,104.8,636.1503,639.252,325.05816,40204.42774
2025-04-17 22:40:32,MSFT,SELL,7.1,403.975,404.5464,4.05694,40208.48468
2025-04-17 22:42:56,AAPL,SELL,319.0,177.0127,175.6953,-420.2506,39788.23408
2025-04-17 22:45:04,AMZN,SELL,242.7,180.2221,178.8458,-334.02801,39454.20607
2025-04-17 22:47:18,MSFT,BUY,329.6,383.3378,380.7628,-848.72,38605.48607
2025-04-17 22:49:01,META,SELL,168.5,564.6353,562.1064,-426.11965,38179.36642
2025-04-17 22:50:55,GOOGL,SELL,74.6,194.703,195.3986,51.89176,38231.25818
2025-04-17 22:52:34,GOOGL,BUY,43.4,155.6353,153.3277,-100.14984,38131.10834
2025-04-17 22:54:51,GOOGL,BUY,128.7,183.1685,182.1334,-133.21737,37997.89097
2025-04-17 22:56:56,NFLX,SELL,172.8,658.8913,652.7522,-1060.83648,36937.05449
2025-04-17 22:58:53,META,BUY,31.9,548.5496,547.3374,-38.66918,36898.38531
2025-04-17 23:02:14,TSLA,SELL,310.3,211.6945,211.8244,40.30797,36938.69328
2025-04-17 23:04:32,AMZN,BUY,13.0,219.0091,220.0087,12.9948,36951.68808
2025-04-17 23:07:18,TSLA,SELL,254.6,368.4752,371.6549,809.55162,37761.2397
2025-04-17 23:09:37,AMZN,SELL,5.9,194.3643,193.6509,-4.20906,37757.03064
2025-04-17 23:11:52,AAPL,BUY,170.4,213.1602,215.3257,369.0012,38126.03184
2025-04-17 23:13:49,TSLA,BUY,52.9,191.1903,192.4206,65.08287,38191.11471
2025-04-17 23:16:17,MSFT,BUY,292.3,392.8228,392.7786,-12.91966,38178.19505
2025-04-17 23:19:05,NFLX,BUY,20.5,619.5802,617.4582,-43.501,38134.69405
2025-04-17 23:21:49,TSLA,SELL,117.9,276.8374,275.6468,-140.37174,37994.32231
2025-04-17 23:23:37,MSFT,SELL,23.1,437.9737,439.1524,27.22797,38021.55028
2025-04-17 23:26:48,NFLX,BUY,311.6,710.6136,711.9638,420.72232,38442.2726
2025-04-17 23:29:56,AMZN,SELL,154.8,178.2686,178.8814,94.86144,38537.13404
2025-04-17 23:31:44,META,BUY,251.7,515.5426,520.5532,1261.16802,39798.30206
2025-04-17 23:34:32,GOOGL,BUY,230.9,181.7607,179.5235,-516.56948,39281.73258
2025-04-17 23:36:33,AAPL,SELL,214.8,185.1402,186.7572,347.3316,39629.06418
2025-04-17 23:39:52,AAPL,BUY,342.4,193.4337,196.1812,940.744,40569.80818
2025-04-17 23:41:42,NFLX,SELL,19.0,707.7639,700.8278,-131.7859,40438.02228
2025-04-17 23:44:04,MSFT,BUY,215.2,390.0345,394.1408,883.67576,41321.69804
2025-04-17 23:46:52,NVDA,SELL,307.2,911.4607,906.0087,-1674.8544,39646.84364
2025-04-17 23:49:33,MSFT,BUY,65.7,403.5257,403.3579,-11.02446,39635.81918
2025-04-17 23:51:37,GOOGL,SELL,40.2,167.8616,167.1879,-27.08274,39608.73644
2025-04-17 23:54:12,NFLX,SELL,271.5,610.4591,609.0567,-380.7516,39227.98484
2025-04-17 23:55:49,NVDA,BUY,49.0,822.9699,812.5579,-510.188,38717.79684
2025-04-17 23:57:28,NVDA,BUY,276.2,783.8456,783.6813,-45.37966,38672.41718
2025-04-18 00:00:20,AMZN,BUY,181.4,173.7329,172.624,-201.15446,38471.26272
2025-04-18 00:03:35,NFLX,SELL,199.5,675.0385,674.1083,-185.5749,38285.68782
2025-04-18 00:06:12,NVDA,SELL,198.9,884.4154,896.9012,2483.42562,40769.11344
2025-04-18 00:07:58,NFLX,BUY,328.7,631.7245,638.4925,2224.6416,42993.75504
2025-04-18 00:10:56,NVDA,SELL,26.8,537.7569,530.7241,-188.47904,42805.276
2025-04-18 00:12:51,AMZN,SELL,188.7,205.067,204.6521,-78.29163,42726.98437
2025-04-18 00:15:34,MSFT,SELL,169.2,408.0055,413.6664,957.82428,43684.80865
2025-04-18 00:17:45,META,BUY,78.6,462.3995,456.0031,-502.75704,43182.05161
2025-04-18 00:19:17,MSFT,BUY,77.3,454.3678,457.3086,227.32384,43409.37545
2025-04-18 00:21:30,NFLX,BUY,52.1,608.359,608.5785,11.43595,43420.8114
2025-04-18 00:23:19,NFLX,SELL,327.7,589.8191,598.2449,2761.13466,46181.94606
2025-04-18 00:25:41,NVDA,BUY,115.2,658.8428,654.7904,-466.83648,45715.10958
2025-04-18 00:29:07,GOOGL,BUY,116.0,170.1092,167.7431,-274.4676,45440.64198
2025-04-18 00:32:23,META,SELL,269.2,503.9045,508.5878,1260.74436,46701.38634
2025-04-18 00:34:03,AAPL,SELL,66.6,225.6146,222.9101,-180.1197,46521.26664
2025-04-18 00:36:41,AMZN,BUY,127.6,189.2233,187.4645,-224.42288,46296.84376
2025-04-18 00:38:45,META,BUY,288.7,479.6184,482.7445,902.50507,47199.34883
2025-04-18 00:41:27,NVDA,BUY,162.0,470.854,464.9617,-954.5526,46244.79623
2025-04-18 00:43:19,NVDA,BUY,52.5,623.8502,620.8695,-156.48675,46088.30948
2025-04-18 00:46:49,GOOGL,SELL,308.2,186.3289,188.4501,653.75384,46742.06332
2025-04-18 00:49:01,META,SELL,85.3,456.5705,458.9799,205.52182,46947.58514
2025-04-18 00:51:50,META,BUY,175.9,511.9636,512.8956,163.9388,47111.52394
2025-04-18 00:54:32,META,BUY,349.5,527.5691,534.7024,2493.08835,49604.61229
2025-04-18 00:57:24,AAPL,SELL,45.6,212.4759,211.0281,-66.01968,49538.59261
2025-04-18 00:59:24,AAPL,BUY,130.0,165.6411,164.593,-136.253,49402.33961
2025-04-18 01:01:08,GOOGL,SELL,161.3,175.5988,177.822,358.60216,49760.94177
2025-04-18 01:03:20,NVDA,BUY,50.0,535.0325,534.6074,-21.255,49739.68677
2025-04-18 01:06:29,META,SELL,132.3,546.8055,553.9449,944.54262,50684.22939
2025-04-18 01:09:08,AMZN,BUY,320.3,178.7351,178.1196,-197.14465,50487.08474
2025-04-18 01:10:45,META,SELL,295.6,545.0767,546.9695,559.51168,51046.59642
2025-04-18 01:12:41,META,SELL,74.3,521.0242,517.7446,-243.67428,50802.92214
2025-04-18 01:14:13,NFLX,SELL,24.0,642.8428,637.1518,-136.584,50666.33814
2025-04-18 01:15:02,GOOGL,SELL,322.6,181.4133,178.9179,-805.01604,49861.3221
2025-04-18 01:16:16,NFLX,SELL,108.3,653.7198,660.93,780.86466,50642.18676
2025-04-18 01:17:12,MSFT,BUY,270.4,378.5996,379.3648,206.91008,50849.09684
2025-04-18 01:18:02,AAPL,BUY,151.4,202.1446,201.7398,-61.28672,50787.81012
2025-04-18 01:18:42,AAPL,BUY,203.1,209.2624,206.4232,-576.64152,50211.1686
2025-04-18 01:20:01,AAPL,SELL,128.6,186.747,185.5806,-149.99904,50061.16956
2025-04-18 01:20:44,NFLX,BUY,237.7,671.2821,675.3911,976.7093,51037.87886
2025-04-18 01:21:54,AMZN,BUY,92.9,224.2119,226.1195,177.21604,51215.0949
2025-04-18 01:22:45,MSFT,SELL,243.8,394.1311,389.8231,-1050.2904,50164.8045
2025-04-18 01:23:39,MSFT,SELL,104.8,400.7472,394.8936,-613.45728,49551.34722
2025-04-18 01:24:35,TSLA,BUY,100.4,258.6845,260.2974,161.93516,49713.28238
2025-04-18 01:25:38,NVDA,SELL,285.5,710.3015,709.283,-290.78175,49422.50063
2025-04-18 01:26:45,MSFT,BUY,194.4,431.4501,432.0725,120.99456,49543.49519
2025-04-18 01:27:35,MSFT,SELL,309.9,443.2664,449.0609,1795.71555,51339.21074
2025-04-18 01:28:49,TSLA,SELL,267.8,145.4667,143.3197,-574.9666,50764.24414
2025-04-18 01:29:58,TSLA,SELL,241.8,311.573,314.6671,748.15338,51512.39752
2025-04-18 01:31:17,AAPL,BUY,86.3,211.4636,212.4113,81.78651,51594.18403
2025-04-18 01:32:25,TSLA,BUY,168.5,315.6889,315.6781,-1.8198,51592.36423
2025-04-18 01:33:39,META,BUY,166.4,486.6492,488.7978,357.52704,51949.89127
2025-04-18 01:34:49,NFLX,SELL,17.2,601.4262,601.288,-2.37704,51947.51423
2025-04-18 01:35:36,NFLX,BUY,73.9,617.7604,608.9538,-650.80774,51296.70649
2025-04-18 01:36:27,NFLX,SELL,321.1,661.9694,667.2021,1680.21997,52976.92646
2025-04-18 01:37:11,NVDA,BUY,36.5,481.2538,475.4845,-210.57945,52766.34701
2025-04-18 01:38:17,NVDA,SELL,147.2,943.4888,933.8053,-1425.4112,51340.93581
2025-04-18 01:39:24,NVDA,BUY,11.1,626.3002,633.5024,79.94442,51420.88023
2025-04-18 01:40:43,TSLA,BUY,90.1,308.0395,308.6715,56.9432,51477.82343
2025-04-18 01:41:45,META,SELL,135.8,468.0163,472.5068,609.8099,52087.63333
2025-04-18 01:42:56,AAPL,BUY,33.8,188.5599,186.8388,-58.17318,52029.46015
2025-04-18 01:43:55,NFLX,BUY,51.8,611.0515,615.7236,242.01478,52271.47493
2025-04-18 01:44:43,NFLX,BUY,252.3,691.913,685.4152,-1639.39494,50632.07999
2025-04-18 01:45:51,NVDA,SELL,340.9,747.7265,745.6253,-716.29908,49915.78091
2025-04-18 01:47:00,NFLX,BUY,176.2,720.3535,724.0062,643.60574,50559.38665
2025-04-18 01:48:04,AMZN,BUY,54.6,230.5661,229.1026,-79.9071,50479.47955
2025-04-18 01:48:48,NFLX,SELL,7.9,580.7298,580.7827,0.41791,50479.89746
2025-04-18 01:49:56,NFLX,BUY,176.6,608.0457,602.5154,-976.65098,49503.24648
2025-04-18 01:50:37,NVDA,SELL,48.3,735.3921,739.2697,187.28808,49690.53456
2025-04-18 01:51:55,META,BUY,107.7,550.3416,548.912,-153.96792,49536.56664
2025-04-18 01:53:04,MSFT,BUY,113.1,403.5063,400.6192,-326.53101,49210.03563
2025-04-18 01:54:02,NVDA,SELL,330.8,684.5807,684.7793,65.69688,49275.73251
2025-04-18 01:55:12,META,SELL,138.3,517.0768,523.7005,916.05771,50191.79022
2025-04-18 01:56:24,META,BUY,243.4,455.0205,458.9511,956.70804,51148.49826
2025-04-18 01:57:17,NVDA,BUY,194.8,695.3648,704.627,1804.27656,52952.77482
2025-04-18 01:58:05,AAPL,SELL,148.9,162.0135,162.6987,102.02628,53054.8011
2025-04-18 01:59:15,AAPL,SELL,191.3,177.4709,175.3094,-413.49495,52641.30615
2025-04-18 02:00:02,AMZN,SELL,341.3,191.3117,193.8995,883.21614,53524.52229
2025-04-18 02:00:44,NVDA,SELL,287.6,738.0465,735.7953,-647.44512,52877.07717
2025-04-18 02:01:56,MSFT,BUY,113.1,464.4553,463.8759,-65.53014,52811.54703
2025-04-18 02:03:01,AAPL,SELL,29.1,224.6422,223.8359,-23.46333,52788.0837
2025-04-18 02:04:04,MSFT,BUY,332.5,386.1865,384.3021,-626.563,52161.5207
2025-04-18 02:05:17,TSLA,SELL,285.8,355.4578,352.1652,-941.02508,51220.49562
2025-04-18 02:06:11,AMZN,SELL,336.3,217.2604,219.334,697.35168,51917.8473
2025-04-18 02:09:15,AAPL,BUY,229.2,185.1286,186.9693,421.88844,52339.73574
2025-04-18 02:12:40,NVDA,SELL,247.3,771.8421,779.5389,1903.41864,54243.15438
2025-04-18 02:15:55,AAPL,BUY,55.8,218.4745,218.2431,-12.91212,54230.24226
2025-04-18 02:17:30,NVDA,BUY,81.8,646.0127,647.0486,84.73662,54314.97888
2025-04-18 02:20:13,NFLX,BUY,218.9,597.4869,602.2286,1037.95813,55352.93701
2025-04-18 02:22:46,GOOGL,BUY,212.6,181.8902,182.7709,187.23682,55540.17383
2025-04-18 02:25:12,GOOGL,SELL,7.7,207.7906,206.2064,-12.19834,55527.97549
2025-04-18 02:27:52,AMZN,BUY,284.4,178.8642,180.315,412.60752,55940.58301
2025-04-18 02:30:59,META,SELL,121.9,461.3059,461.4301,15.13998,55955.72299
2025-04-18 02:33:03,NVDA,BUY,13.0,903.0749,893.7342,-121.4291,55834.29389
2025-04-18 02:35:40,AAPL,SELL,200.3,223.6092,222.2592,-270.405,55563.88889
2025-04-18 02:38:30,AAPL,SELL,208.6,178.8321,177.0787,-365.75924,55198.12965
2025-04-18 02:40:10,AAPL,BUY,80.4,174.6864,176.8984,177.8448,55375.97445
2025-04-18 02:41:55,AMZN,BUY,265.4,206.9739,207.2826,81.92898,55457.90343
2025-04-18 02:43:34,GOOGL,SELL,349.5,168.5867,171.0938,876.23145,56334.13488
2025-04-18 02:46:40,AMZN,SELL,87.5,184.4989,183.2939,-105.4375,56228.69738
2025-04-18 02:50:01,MSFT,SELL,229.3,389.368,390.0507,156.54311,56385.24049
2025-04-18 02:51:31,MSFT,SELL,268.0,455.5776,457.6258,548.9176,56934.15809
2025-04-18 02:53:15,META,BUY,284.1,512.5177,519.6145,2016.20088,58950.35897
2025-04-18 02:55:19,TSLA,SELL,312.4,387.8525,383.3688,-1400.70788,57549.65109
2025-04-18 02:58:12,META,BUY,315.6,461.3,454.5735,-2122.8834,55426.76769
2025-04-18 03:00:22,GOOGL,SELL,146.8,158.3175,157.0964,-179.25748,55247.51021
2025-04-18 03:02:12,MSFT,SELL,49.4,446.2412,449.1693,144.64814,55392.15835
2025-04-18 03:05:41,NVDA,SELL,113.6,495.2377,494.222,-115.38352,55276.77483
2025-04-18 03:08:17,AAPL,BUY,288.8,199.7348,199.3377,-114.68248,55162.09235
2025-04-18 03:10:22,GOOGL,BUY,319.2,188.1143,186.2554,-593.36088,54568.73147
2025-04-18 03:11:59,AAPL,BUY,184.9,235.6819,238.7922,575.09447,55143.82594
2025-04-18 03:15:18,NFLX,BUY,186.3,691.1742,692.2299,196.67691,55340.50285
2025-04-18 03:18:45,AAPL,BUY,132.9,174.581,175.9737,185.08983,55525.59268
2025-04-18 03:22:08,NFLX,SELL,10.1,653.0816,653.2824,2.02808,55527.62076
2025-04-18 03:25:18,AMZN,BUY,83.6,209.0652,208.0403,-85.68164,55441.93912
2025-04-18 03:26:58,META,SELL,54.3,533.6207,531.9432,-91.08825,55350.85087
2025-04-18 03:28:40,META,BUY,166.6,506.001,502.5802,-569.90528,54780.94559
2025-04-18 03:31:48,GOOGL,BUY,73.6,175.6746,177.539,137.21984,54918.16543
2025-04-18 03:34:26,NVDA,SELL,35.6,705.9749,702.7575,-114.53944,54803.62599
2025-04-18 03:37:18,AMZN,SELL,221.3,182.8417,180.1083,-604.90142,54198.72457
2025-04-18 03:38:51,MSFT,BUY,294.3,457.0027,459.7069,795.84606,54994.57063
2025-04-18 03:40:43,AMZN,BUY,85.8,228.3288,226.9649,-117.02262,54877.54801
2025-04-18 03:42:48,AMZN,SELL,279.8,189.153,187.9992,-322.83324,54554.71477
2025-04-18 03:45:30,META,BUY,264.0,484.5908,490.8718,1658.184,56212.89877
2025-04-18 03:48:37,TSLA,BUY,90.1,290.699,291.6501,85.69411,56298.59288
2025-04-18 03:50:53,TSLA,BUY,35.8,218.433,219.2092,27.78796,56326.38084
2025-04-18 03:52:34,NVDA,BUY,169.5,552.5875,550.7671,-308.5578,56017.82304
2025-04-18 03:54:53,AAPL,SELL,258.1,219.7004,219.0541,-166.81003,55851.01301
2025-04-18 03:58:12,META,SELL,341.0,526.8848,531.5622,1594.9934,57446.00641
2025-04-18 04:01:41,GOOGL,BUY,321.9,176.2554,177.6745,456.80829,57902.8147
2025-04-18 04:05:04,AAPL,BUY,101.9,201.3343,199.6813,-168.4407,57734.374
2025-04-18 04:08:28,AMZN,BUY,298.5,189.9046,189.5624,-102.1467,57632.2273
2025-04-18 04:10:37,GOOGL,SELL,72.6,164.913,164.4674,-32.35056,57599.87674
2025-04-18 04:12:58,MSFT,BUY,145.8,428.1511,429.216,155.26242,57755.13916
2025-04-18 04:15:52,AMZN,SELL,28.6,219.6801,222.0807,68.65716,57823.79632
2025-04-18 04:18:41,TSLA,BUY,139.7,260.8356,262.3909,217.27541,58041.07173
2025-04-18 04:21:56,META,BUY,276.4,545.0962,549.9002,1327.8256,59368.89733
2025-04-18 04:24:39,NVDA,SELL,253.3,712.5724,707.2322,-1352.67266,58016.22467
2025-04-18 04:27:45,TSLA,SELL,35.5,272.4362,274.0204,56.2391,58072.46377
2025-04-18 04:31:09,MSFT,SELL,137.5,394.1247,399.5803,750.145,58822.60877
2025-04-18 04:34:35,AMZN,BUY,120.6,210.4437,210.1757,-32.3208,58790.28797
2025-04-18 04:37:43,AAPL,BUY,328.3,232.1067,229.6024,-822.16169,57968.12628
2025-04-18 04:39:15,AAPL,BUY,131.7,212.4755,210.5107,-258.76416,57709.36212
2025-04-18 04:41:39,GOOGL,BUY,67.9,185.0982,187.2316,144.85786,57854.21998
2025-04-18 04:44:41,NFLX,BUY,320.9,624.2501,628.2095,1270.57146,59124.79144
2025-04-18 04:48:03,NVDA,BUY,280.3,625.8159,631.9146,1709.46561,60834.25705
2025-04-18 04:50:38,AMZN,BUY,235.9,216.0778,217.1947,263.47671,61097.73376
2025-04-18 04:53:29,NVDA,BUY,334.0,862.4864,854.8315,-2556.7366,58540.99716
2025-04-18 04:55:19,GOOGL,SELL,27.3,165.9447,166.8903,25.81488,58566.81204
2025-04-18 04:57:19,NVDA,BUY,7.5,452.5183,445.9164,-49.51425,58517.29779
2025-04-18 04:59:20,GOOGL,SELL,200.7,167.5445,169.5221,396.90432,58914.20211
2025-04-18 05:02:36,TSLA,BUY,122.0,380.5211,375.2971,-637.328,58276.87411
2025-04-18 05:04:48,TSLA,BUY,286.8,353.0159,354.8435,524.15568,58801.02979
2025-04-18 05:07:34,TSLA,SELL,321.4,304.4316,301.1713,-1047.86042,57753.16937
2025-04-18 05:10:38,TSLA,SELL,268.1,239.9138,241.9128,535.9319,58289.10127
2025-04-18 05:14:04,AAPL,BUY,97.0,229.8519,229.3001,-53.5246,58235.57667
2025-04-18 05:17:10,NVDA,SELL,246.7,506.1169,499.7326,-1575.00681,56660.56986
2025-04-18 05:19:29,GOOGL,SELL,249.7,188.5255,188.2733,-62.97434,56597.59552
2025-04-18 05:21:39,MSFT,SELL,277.1,433.983,439.6252,1563.45362,58161.04914
2025-04-18 05:24:37,META,BUY,191.4,482.2192,478.9217,-631.1415,57529.90764
2025-04-18 05:27:25,GOOGL,BUY,292.2,184.5128,183.1723,-391.6941,57138.21354
2025-04-18 05:30:36,GOOGL,SELL,189.0,164.2162,161.941,-430.0128,56708.20074
2025-04-18 05:33:06,NFLX,SELL,189.3,582.178,588.1615,1132.67655,57840.87729
2025-04-18 05:35:45,META,SELL,132.0,508.4989,509.8981,184.6944,58025.57169
2025-04-18 05:37:18,AAPL,BUY,26.5,237.077,237.2588,4.8177,58030.38939
2025-04-18 05:40:45,AMZN,BUY,39.9,195.7064,193.7586,-77.71722,57952.67217
2025-04-18 05:42:50,AMZN,BUY,325.4,207.7182,208.7386,332.03816,58284.71033
2025-04-18 05:46:19,AMZN,BUY,168.8,189.1,187.267,-309.4104,57975.29993
2025-04-18 05:48:44,NVDA,SELL,61.1,873.2097,870.8664,-143.17563,57832.1243
2025-04-18 05:52:11,NVDA,BUY,9.0,472.296,474.575,20.511,57852.6353
2025-04-18 05:54:20,NFLX,SELL,337.6,621.0966,628.6036,2534.3632,60386.9985
2025-04-18 05:56:12,AAPL,BUY,107.1,227.1896,227.8294,68.52258,60455.52108
2025-04-18 05:58:58,META,SELL,274.7,453.4784,449.2364,-1165.2774,59290.24368
2025-04-18 06:01:28,TSLA,BUY,215.7,325.725,327.886,466.1277,59756.37138
2025-04-18 06:04:56,AMZN,SELL,45.7,200.4208,200.8673,20.40505,59776.77643
2025-04-18 06:08:02,TSLA,BUY,256.5,329.0965,327.6264,-377.08065,59399.69578
2025-04-18 06:09:52,NFLX,SELL,220.9,678.183,688.2645,2227.00335,61626.69913
2025-04-18 06:11:26,MSFT,BUY,302.0,408.9837,412.1505,956.3736,62583.07273
2025-04-18 06:14:25,NFLX,SELL,30.4,586.1029,582.5479,-108.072,62475.00073
2025-04-18 06:16:49,META,BUY,255.8,446.5155,451.9749,1396.51452,63871.51525
2025-04-18 06:20:13,MSFT,SELL,12.5,415.6867,420.3053,57.7325,63929.24775
2025-04-18 06:21:57,GOOGL,SELL,322.8,187.91,186.0997,-584.36484,63344.88291
2025-04-18 06:23:54,TSLA,SELL,249.6,206.5895,207.47,219.7728,63564.65571
2025-04-18 06:26:53,TSLA,SELL,79.7,197.6926,198.7113,81.19039,63645.8461
2025-04-18 06:30:17,AMZN,BUY,171.2,225.2773,227.9209,452.58432,64098.43042
2025-04-18 06:32:33,META,SELL,327.8,507.9341,514.3951,2117.9158,66216.34622
2025-04-18 06:34:52,NFLX,BUY,102.6,694.0719,689.7729,-441.0774,65775.26882
2025-04-18 06:37:15,TSLA,SELL,223.6,273.2305,273.0359,-43.51256,65731.75626
2025-04-18 06:39:21,META,SELL,288.4,505.8742,503.9273,-561.48596,65170.2703
2025-04-18 06:41:37,AAPL,BUY,88.5,184.5762,184.2907,-25.26675,65145.00355
2025-04-18 06:43:56,MSFT,SELL,341.5,385.4916,385.7388,84.4188,65229.42235
2025-04-18 06:45:52,NFLX,BUY,188.0,594.7317,594.1415,-110.9576,65118.46475
2025-04-18 06:47:52,AMZN,BUY,108.7,184.7485,184.6666,-8.90253,65109.56222
2025-04-18 06:51:22,META,BUY,31.7,512.1678,514.6099,77.41457,65186.97679
2025-04-18 06:52:54,NVDA,BUY,288.1,703.918,714.4669,3039.13809,68226.11488
2025-04-18 06:55:27,GOOGL,SELL,235.2,201.8311,204.101,533.88048,68759.99536
2025-04-18 06:58:01,META,SELL,8.2,525.0919,519.9678,-42.01762,68717.97774
2025-04-18 07:00:58,TSLA,SELL,144.2,259.741,263.387,525.7532,69243.73094
2025-04-18 07:02:46,AAPL,SELL,144.6,185.2537,185.4275,25.13148,69268.86242
2025-04-18 07:04:56,AAPL,SELL,106.1,181.8528,179.8486,-212.64562,69056.2168
2025-04-18 07:06:35,NVDA,BUY,188.4,754.7127,757.5095,526.91712,69583.13392
2025-04-18 07:09:51,META,SELL,225.5,484.5332,478.8357,-1284.78625,68298.34767
2025-04-18 07:12:16,META,BUY,125.7,536.8401,541.1282,539.01417,68837.36184
2025-04-18 07:14:16,META,SELL,286.1,454.5748,461.3354,1934.20766,70771.5695
2025-04-18 07:16:28,NFLX,BUY,138.1,602.8286,598.5418,-592.00708,70179.56242
2025-04-18 07:19:53,NFLX,SELL,258.8,609.226,612.1155,747.8026,70927.36502
2025-04-18 07:22:09,GOOGL,SELL,135.9,201.7033,200.597,-150.34617,70777.01885
2025-04-18 07:24:09,MSFT,BUY,280.3,454.5979,450.2324,-1223.64965,69553.3692
2025-04-18 07:26:38,AAPL,BUY,262.6,186.4045,184.4088,-524.07082,69029.29838
2025-04-18 07:29:24,TSLA,BUY,92.6,330.7335,335.451,436.8405,69466.13888
2025-04-18 07:32:21,NFLX,SELL,79.7,628.8808,632.4022,280.65558,69746.79446
2025-04-18 07:35:02,MSFT,BUY,49.0,447.2279,441.4357,-283.8178,69462.97666
2025-04-18 07:37:56,AAPL,BUY,183.5,192.0617,190.694,-250.97295,69212.00371
2025-04-18 07:40:11,TSLA,SELL,265.1,243.6259,243.7425,30.91066,69242.91437
2025-04-18 07:42:07,MSFT,SELL,168.6,443.0127,442.0424,-163.59258,69079.32179
2025-04-18 07:45:32,NVDA,SELL,320.6,476.113,471.0229,-1631.88606,67447.43573
2025-04-18 07:47:52,AMZN,SELL,136.0,213.986,214.6401,88.9576,67536.39333
2025-04-18 07:51:21,TSLA,SELL,23.9,265.7062,263.3024,-57.45082,67478.94251
2025-04-18 07:53:44,MSFT,SELL,323.1,402.454,407.2316,1543.64256,69022.58507
2025-04-18 07:56:29,GOOGL,BUY,108.7,194.9567,193.5993,-147.54938,68875.03569
2025-04-18 07:59:55,NVDA,BUY,325.5,517.1719,511.5832,-1819.12185,67055.91384
2025-04-18 08:02:39,MSFT,SELL,200.7,403.6995,400.6193,-618.19614,66437.7177
2025-04-18 08:04:14,AAPL,BUY,231.3,192.2384,189.7815,-568.28097,65869.43673
2025-04-18 08:06:01,NFLX,BUY,16.1,612.407,612.5839,2.84809,65872.28482
2025-04-18 08:08:08,AAPL,SELL,269.4,218.6816,215.4529,-869.81178,65002.47304
2025-04-18 08:11:28,GOOGL,SELL,23.6,179.5377,177.261,-53.73012,64948.74292
2025-04-18 08:13:03,NVDA,BUY,267.2,529.0326,524.9366,-1094.4512,63854.29172
2025-04-18 08:15:32,AMZN,BUY,93.5,182.6952,182.5182,-16.5495,63837.74222
2025-04-18 08:18:10,AMZN,SELL,282.9,188.6476,186.168,-701.47884,63136.26338
2025-04-18 08:20:06,MSFT,BUY,234.1,457.2358,457.8498,143.7374,63280.00078
2025-04-18 08:22:21,AMZN,BUY,262.7,189.9415,188.4378,-395.02199,62884.97879
2025-04-18 08:25:01,NFLX,BUY,261.6,594.9892,593.6117,-360.354,62524.62479
2025-04-18 08:28:08,NFLX,SELL,239.7,658.5618,666.6924,1948.90482,64473.52961
2025-04-18 08:31:30,AAPL,BUY,330.0,197.4977,200.3443,939.378,65412.90761
2025-04-18 08:34:04,NVDA,BUY,49.0,800.8678,795.2754,-274.0276,65138.88001
2025-04-18 08:37:13,NFLX,SELL,316.5,583.7255,582.1943,-484.6248,64654.25521
2025-04-18 08:39:41,GOOGL,BUY,108.7,189.567,191.3761,196.64917,64850.90438
2025-04-18 08:42:56,GOOGL,SELL,28.9,194.5842,197.2915,78.24097,64929.14535
2025-04-18 08:44:55,AAPL,SELL,172.8,224.7745,224.9527,30.79296,64959.93831
2025-04-18 08:46:39,TSLA,BUY,107.0,219.7658,219.0221,-79.5759,64880.36241
2025-04-18 08:49:25,META,BUY,182.2,511.9265,508.6509,-596.81432,64283.54809
2025-04-18 08:52:25,AAPL,BUY,300.6,231.2103,227.8432,-1012.15026,63271.39783
2025-04-18 08:55:06,NFLX,SELL,125.7,600.1121,605.5649,685.41696,63956.81479
2025-04-18 08:58:23,MSFT,SELL,139.2,433.7059,435.0843,191.87328,64148.68807
2025-04-18 09:00:16,AAPL,BUY,299.7,176.9956,175.2028,-537.30216,63611.38591
2025-04-18 09:03:33,TSLA,SELL,327.2,210.7001,213.708,984.18488,64595.57079
2025-04-18 09:06:57,AMZN,SELL,219.1,171.7575,172.1636,88.97651,64684.5473
2025-04-18 09:10:00,AAPL,SELL,81.1,208.9144,210.9034,161.3079,64845.8552
2025-04-18 09:12:54,NVDA,SELL,30.2,658.7099,649.3553,-282.50892,64563.34628
2025-04-18 09:14:33,AAPL,SELL,6.4,174.5506,172.1635,-15.27744,64548.06884
2025-04-18 09:17:11,MSFT,BUY,19.7,393.6759,396.6261,58.11894,64606.18778
2025-04-18 09:19:56,NVDA,SELL,187.6,642.9839,648.1214,963.795,65569.98278
2025-04-18 09:22:33,TSLA,SELL,10.4,261.0783,263.7084,27.35304,65597.33582
2025-04-18 09:24:14,AMZN,SELL,284.1,224.8277,222.6785,-610.58772,64986.7481
2025-04-18 09:27:29,NFLX,BUY,140.3,690.3465,680.9022,-1325.03529,63661.71281
2025-04-18 09:29:40,TSLA,SELL,178.4,276.8847,277.9611,192.02976,63853.74257
2025-04-18 09:32:09,META,BUY,87.3,473.2456,472.1768,-93.30624,63760.43633
2025-04-18 09:34:23,TSLA,BUY,122.4,321.1203,324.9709,471.31344,64231.74977
2025-04-18 09:36:43,NVDA,BUY,244.8,823.6459,834.3494,2620.2168,66851.96657
2025-04-18 09:38:57,MSFT,SELL,330.6,441.1912,443.3226,704.64084,67556.60741
2025-04-18 09:41:44,AMZN,SELL,141.8,196.8109,196.0959,-101.387,67455.22041
2025-04-18 09:44:35,AMZN,SELL,100.9,214.6742,217.4945,284.56827,67739.78868
2025-04-18 09:47:36,AMZN,BUY,42.9,184.6602,186.5265,80.06427,67819.85295
2025-04-18 09:50:43,GOOGL,SELL,173.7,159.8146,159.8653,8.80659,67828.65954
2025-04-18 09:52:25,TSLA,SELL,117.2,211.2921,209.2665,-237.40032,67591.25922
2025-04-18 09:55:27,NVDA,BUY,316.7,687.4314,693.2139,1831.31775,69422.57697
2025-04-18 09:58:19,MSFT,BUY,45.9,437.4788,435.4092,-94.99464,69327.58233
2025-04-18 10:00:52,META,SELL,349.5,502.2969,509.8195,2629.1487,71956.73103
2025-04-18 10:03:17,AAPL,BUY,34.8,219.8125,218.8332,-34.07964,71922.65139
2025-04-18 10:05:02,META,BUY,214.9,521.1586,517.5334,-779.05548,71143.59591
2025-04-18 10:07:02,NVDA,BUY,49.3,921.9752,916.0332,-292.9406,70850.65531
2025-04-18 10:09:47,META,BUY,246.3,459.1432,456.6643,-610.55307,70240.10224
2025-04-18 10:12:38,NFLX,BUY,164.0,665.9799,671.4208,892.3076,71132.40984
2025-04-18 10:14:20,NVDA,BUY,258.7,704.3812,709.9245,1434.05171,72566.46155
2025-04-18 10:17:00,MSFT,BUY,138.9,416.1455,413.3317,-390.83682,72175.62473
2025-04-18 10:20:29,NFLX,BUY,191.9,589.4058,584.0665,-1024.61167,71151.01306
2025-04-18 10:22:30,NFLX,SELL,60.5,695.2726,697.695,146.5552,71297.56826
2025-04-18 10:24:51,AMZN,SELL,302.3,198.6403,196.0524,-782.32217,70515.24609
2025-04-18 10:27:18,NVDA,BUY,129.7,869.0973,857.2921,-1531.13444,68984.11165
2025-04-18 10:29:39,TSLA,SELL,199.9,223.7416,225.247,300.92946,69285.04111
2025-04-18 10:31:19,MSFT,SELL,138.9,427.4331,423.0194,-613.06293,68671.97818
2025-04-18 10:34:11,GOOGL,SELL,323.9,169.7733,171.5524,576.25049,69248.22867
2025-04-18 10:36:57,TSLA,SELL,138.9,321.9393,323.062,155.94303,69404.1717
2025-04-18 10:39:45,NFLX,SELL,34.3,642.045,648.609,225.1452,69629.3169
2025-04-18 10:42:49,MSFT,BUY,153.6,445.0739,442.5799,-383.0784,69246.2385
2025-04-18 10:44:47,NFLX,BUY,82.0,568.9503,568.8317,-9.7252,69236.5133
2025-04-18 10:46:42,META,BUY,178.1,461.673,467.8275,1096.11645,70332.62975
2025-04-18 10:49:27,META,BUY,232.4,516.7368,515.2531,-344.81188,69987.81787
2025-04-18 10:51:37,META,SELL,336.0,479.9496,484.2488,1444.5312,71432.34907
2025-04-18 10:55:06,AMZN,BUY,290.4,180.227,179.7731,-131.81256,71300.53651
2025-04-18 10:57:48,MSFT,SELL,280.9,438.2512,431.82,-1806.52408,69494.01243
2025-04-18 11:00:02,TSLA,SELL,334.1,241.3942,242.3095,305.80173,69799.81416
2025-04-18 11:02:04,AMZN,BUY,85.2,218.4022,217.4062,-84.8592,69714.95496
2025-04-18 11:04:45,NVDA,BUY,316.6,892.3003,901.2356,2828.91598,72543.87094
2025-04-18 11:07:11,MSFT,SELL,104.6,449.6465,453.4694,399.87534,72943.74628
2025-04-18 11:09:44,NVDA,BUY,328.9,914.8483,914.9017,17.56326,72961.30954
2025-04-18 11:11:25,META,SELL,7.3,464.8743,459.2093,-41.3545,72919.95504
2025-04-18 11:13:31,TSLA,BUY,305.7,162.4325,164.4616,620.29587,73540.25091
2025-04-18 11:15:56,AAPL,SELL,221.2,176.3038,174.2172,-461.55592,73078.69499
2025-04-18 11:17:34,AMZN,BUY,264.3,180.4794,178.1088,-626.54958,72452.14541
2025-04-18 11:20:56,AAPL,BUY,45.5,190.5352,188.6404,-86.2134,72365.93201
2025-04-18 11:24:11,TSLA,SELL,255.7,372.3295,367.6347,-1200.46036,71165.47165
2025-04-18 11:27:35,NVDA,BUY,31.9,501.0622,504.4679,108.64183,71274.11348
2025-04-18 11:29:24,GOOGL,SELL,91.2,191.8471,190.5036,-122.5272,71151.58628
2025-04-18 11:31:51,META,SELL,322.4,492.6657,496.2373,1151.48384,72303.07012
2025-04-18 11:34:15,AAPL,SELL,261.8,236.9721,237.9337,251.74688,72554.817
2025-04-18 11:36:10,NVDA,SELL,20.4,918.0858,917.7384,-7.08696,72547.73004
2025-04-18 11:39:00,AAPL,SELL,242.2,202.3448,203.8146,355.98556,72903.7156
2025-04-18 11:41:47,MSFT,BUY,50.3,450.1037,450.4031,15.05982,72918.77542
2025-04-18 11:44:52,META,SELL,189.5,492.9794,493.9638,186.5438,73105.31922
2025-04-18 11:48:04,META,BUY,137.8,458.6944,459.799,152.21388,73257.5331
2025-04-18 11:51:22,MSFT,SELL,237.9,453.8784,456.2484,563.823,73821.3561
2025-04-18 11:53:56,META,SELL,258.0,496.8215,503.1757,1639.3836,75460.7397
2025-04-18 11:56:13,GOOGL,SELL,318.5,180.6098,179.6332,-311.0471,75149.6926
2025-04-18 11:58:42,GOOGL,SELL,10.4,173.5415,174.2009,6.85776,75156.55036
2025-04-18 12:02:07,GOOGL,SELL,185.9,148.2499,149.6507,260.40872,75416.95908
2025-04-18 12:04:01,NVDA,SELL,271.5,572.7481,568.9516,-1030.74975,74386.20933
2025-04-18 12:06:59,AAPL,BUY,144.5,196.6123,196.9803,53.176,74439.38533
2025-04-18 12:09:12,GOOGL,BUY,95.2,171.2532,173.5109,214.93304,74654.31837
2025-04-18 12:11:33,TSLA,SELL,348.3,183.9025,186.5124,909.02817,75563.34654
2025-04-18 12:15:03,NVDA,BUY,156.4,484.7851,484.9881,31.7492,75595.09574
2025-04-18 12:17:44,MSFT,BUY,272.6,465.6356,472.3852,1839.94096,77435.0367
2025-04-18 12:21:14,MSFT,SELL,266.0,406.7998,405.5593,-329.973,77105.0637
2025-04-18 12:22:51,NVDA,SELL,211.5,847.8889,835.9816,-2518.39395,74586.66975
2025-04-18 12:25:35,AAPL,BUY,260.6,201.9999,199.4735,-658.37984,73928.28991
2025-04-18 12:27:33,AMZN,SELL,174.8,216.1782,216.5865,71.37084,73999.66075
2025-04-18 12:30:57,GOOGL,BUY,173.4,187.7501,189.1163,236.89908,74236.55983
2025-04-18 12:32:41,GOOGL,BUY,114.1,167.4636,167.6064,16.29348,74252.85331
2025-04-18 12:35:25,META,BUY,301.1,469.8474,476.5281,2011.55877,76264.41208
2025-04-18 12:38:13,AMZN,BUY,245.1,202.3728,200.1949,-533.80329,75730.60879
2025-04-18 12:41:11,META,SELL,234.3,476.4513,471.648,-1125.41319,74605.1956
2025-04-18 12:42:48,AAPL,BUY,306.7,180.4522,178.2924,-662.41066,73942.78494
2025-04-18 12:45:08,META,SELL,46.0,453.7236,453.8708,6.7712,73949.55614
2025-04-18 12:46:52,TSLA,SELL,202.4,340.2764,342.4795,445.90744,74395.46358
2025-04-18 12:49:38,MSFT,BUY,327.1,423.4094,424.7843,449.72979,74845.19337
2025-04-18 12:51:10,MSFT,BUY,196.6,389.1528,384.5371,-907.44662,73937.74675
2025-04-18 12:54:02,META,BUY,323.6,486.0227,480.3214,-1844.94068,72092.80607
2025-04-18 12:55:43,GOOGL,BUY,171.5,172.3233,174.5891,388.5847,72481.39077
2025-04-18 12:58:43,AMZN,BUY,34.6,192.689,191.5331,-39.99414,72441.39663
2025-04-18 13:00:36,NVDA,BUY,207.5,912.8463,908.4719,-907.688,71533.70863
2025-04-18 13:02:59,AMZN,BUY,136.7,191.4167,192.5092,149.34475,71683.05338
2025-04-18 13:04:58,META,SELL,23.8,507.7318,505.1846,-60.62336,71622.43002
2025-04-18 13:08:27,AMZN,SELL,5.5,190.3569,192.3397,10.9054,71633.33542
2025-04-18 13:11:09,AAPL,SELL,164.1,203.7583,203.1325,-102.69378,71530.64164
2025-04-18 13:14:22,META,SELL,172.5,521.3742,524.1687,482.05125,72012.69289
2025-04-18 13:17:12,AAPL,BUY,123.1,182.7171,181.6698,-128.92263,71883.77026
2025-04-18 13:19:17,AMZN,SELL,124.4,183.5419,182.5307,-125.79328,71757.97698
2025-04-18 13:20:50,TSLA,SELL,266.1,195.2566,194.3847,-232.01259,71525.96439
2025-04-18 13:24:06,AMZN,BUY,250.3,224.6404,222.3047,-584.62571,70941.33868
2025-04-18 13:26:57,META,SELL,54.9,463.1792,468.7962,308.3733,71249.71198
2025-04-18 13:29:25,AAPL,BUY,153.1,167.548,169.3858,281.36718,71531.07916
2025-04-18 13:32:50,AMZN,BUY,167.9,223.6562,222.0813,-264.42571,71266.65345
2025-04-18 13:34:23,AAPL,BUY,137.2,207.8197,205.2951,-346.37512,70920.27833
2025-04-18 13:36:20,NVDA,BUY,281.2,788.1776,795.7024,2115.97376,73036.25209
2025-04-18 13:38:06,NFLX,BUY,46.3,594.2932,598.6931,203.71537,73239.96746
2025-04-18 13:41:04,MSFT,SELL,53.3,456.7575,460.0909,177.67022,73417.63768
2025-04-18 13:44:12,NVDA,BUY,43.9,882.8107,889.6477,300.1443,73717.78198
2025-04-18 13:46:09,MSFT,SELL,201.8,413.5697,412.5081,-214.23088,73503.5511
2025-04-18 13:48:42,GOOGL,SELL,284.4,159.3468,159.3059,-11.63196,73491.91914
2025-04-18 13:50:24,GOOGL,BUY,56.5,177.352,179.5634,124.9441,73616.86324
2025-04-18 13:52:23,NFLX,BUY,90.3,615.7009,623.1956,676.77141,74293.63465
2025-04-18 13:54:48,MSFT,SELL,343.7,440.8519,443.7398,992.57123,75286.20588
2025-04-18 13:57:47,TSLA,SELL,40.7,337.3591,338.1132,30.69187,75316.89775
2025-04-18 14:00:58,GOOGL,SELL,195.0,158.9238,160.5096,309.231,75626.12875
2025-04-18 14:03:36,MSFT,BUY,285.4,425.7256,426.331,172.78116,75798.90991
2025-04-18 14:05:18,META,BUY,6.3,494.2566,495.7081,9.14445,75808.05436
2025-04-18 14:07:54,META,SELL,226.4,514.8337,517.3009,558.57408,76366.62844
2025-04-18 14:11:16,NVDA,BUY,317.6,918.3584,909.0567,-2954.21992,73412.40852
2025-04-18 14:13:03,AMZN,BUY,79.1,226.5644,226.9465,30.22411,73442.63263
2025-04-18 14:15:38,AAPL,BUY,123.1,207.6024,205.1363,-303.57691,73139.05572
2025-04-18 14:17:25,GOOGL,SELL,245.3,173.3669,173.188,-43.88417,73095.17155
2025-04-18 14:19:51,META,SELL,6.2,471.0415,467.7751,-20.25168,73074.91987
2025-04-18 14:22:19,AMZN,BUY,204.8,192.6123,190.9766,-334.99136,72739.92851
2025-04-18 14:25:09,MSFT,SELL,190.5,411.4681,408.6119,-544.1061,72195.82241
2025-04-18 14:27:08,AMZN,SELL,265.0,186.0973,188.4369,619.994,72815.81641
2025-04-18 14:30:01,GOOGL,SELL,175.5,167.8488,169.4053,273.16575,73088.98216
2025-04-18 14:33:02,AAPL,SELL,278.1,222.0216,219.8764,-596.58012,72492.40204
2025-04-18 14:34:32,AAPL,SELL,108.8,236.6318,234.4112,-241.60128,72250.80076
2025-04-18 14:37:26,GOOGL,SELL,169.2,198.9301,199.2162,48.40812,72299.20888
2025-04-18 14:39:32,AMZN,BUY,324.3,208.6373,207.689,-307.53369,71991.67519
2025-04-18 14:42:53,NVDA,BUY,343.6,608.976,600.7792,-2816.42048,69175.25471
2025-04-18 14:46:12,TSLA,BUY,178.3,156.5481,156.4257,-21.82392,69153.43079
2025-04-18 14:47:42,MSFT,BUY,44.7,457.55,453.1155,-198.22215,68955.20864
2025-04-18 14:50:34,AMZN,BUY,94.4,184.4823,183.6272,-80.72144,68874.4872
2025-04-18 14:53:16,AAPL,BUY,207.7,179.0075,179.4427,90.39104,68964.87824
2025-04-18 14:56:00,TSLA,BUY,279.4,237.1314,233.7363,-948.59094,68016.2873
2025-04-18 14:59:26,MSFT,BUY,293.9,410.051,414.282,1243.4909,69259.7782
2025-04-18 15:02:09,NVDA,SELL,260.0,841.0456,845.8724,1254.968,70514.7462
2025-04-18 15:04:11,NVDA,BUY,22.0,668.6666,662.0616,-145.31,70369.4362
2025-04-18 15:05:41,GOOGL,SELL,171.0,184.5458,181.8471,-461.4777,69907.9585
2025-04-18 15:08:19,AAPL,SELL,56.2,171.3048,171.5211,12.15606,69920.11456
2025-04-18 15:10:37,TSLA,SELL,237.8,364.1807,360.4841,-879.05148,69041.06308
2025-04-18 15:13:16,NFLX,BUY,181.0,715.2247,718.3599,567.4712,69608.53428
2025-04-18 15:16:43,META,BUY,220.0,453.9928,454.9808,217.36,69825.89428
2025-04-18 15:19:11,AMZN,SELL,206.0,229.8211,228.9474,-179.9822,69645.91208
2025-04-18 15:20:48,NVDA,SELL,253.6,601.0994,608.6927,1925.66088,71571.57296
2025-04-18 15:22:49,GOOGL,BUY,265.4,179.5634,181.0568,396.34836,71967.92132
2025-04-18 15:24:37,NFLX,SELL,75.3,644.9677,645.3767,30.7977,71998.71902
2025-04-18 15:27:44,NVDA,BUY,232.8,949.8365,951.0042,271.84056,72270.55958
2025-04-18 15:30:34,GOOGL,BUY,348.2,166.8909,169.2833,833.03368,73103.59326
2025-04-18 15:33:54,MSFT,SELL,282.1,439.8055,445.0484,1479.02209,74582.61535
2025-04-18 15:35:34,AMZN,SELL,22.8,208.8104,209.7815,22.14108,74604.75643
2025-04-18 15:38:03,AAPL,BUY,70.1,218.7602,217.0026,-123.20776,74481.54867
2025-04-18 15:40:24,NVDA,SELL,327.0,751.2202,742.5302,-2841.63,71639.91867
2025-04-18 15:42:16,NVDA,SELL,188.9,451.7774,450.0541,-325.53137,71314.3873
2025-04-18 15:45:18,META,SELL,344.3,483.2378,489.4616,2142.85434,73457.24164
2025-04-18 15:48:11,AMZN,BUY,55.3,207.0709,206.0947,-53.98386,73403.25778
2025-04-18 15:51:36,AAPL,BUY,267.1,229.9239,231.2816,362.64167,73765.89945
2025-04-18 15:54:25,NFLX,SELL,138.3,669.1484,673.6693,625.24047,74391.13992
2025-04-18 15:57:20,NFLX,BUY,230.7,642.3158,637.1665,-1187.94351,73203.19641
2025-04-18 15:59:44,AMZN,BUY,13.0,197.8233,200.2047,30.9582,73234.15461
2025-04-18 16:02:51,TSLA,BUY,45.4,296.3468,292.4181,-178.36298,73055.79163
2025-04-18 16:04:34,TSLA,SELL,59.8,214.0477,212.5796,-87.79238,72967.99925
2025-04-18 16:06:48,AMZN,SELL,220.8,182.8532,182.9291,16.75872,72984.75797
2025-04-18 16:09:22,AAPL,SELL,160.3,199.9481,197.3391,-418.2227,72566.53527
2025-04-18 16:11:06,NFLX,SELL,197.5,693.672,691.6057,-408.09425,72158.44102
2025-04-18 16:14:17,TSLA,BUY,75.7,214.3499,217.2784,221.68745,72380.12847
2025-04-18 16:16:23,AMZN,BUY,29.0,201.5374,202.1921,18.9863,72399.11477
2025-04-18 16:17:53,META,SELL,69.9,487.5083,490.4556,206.01627,72605.13104
2025-04-18 16:21:17,NVDA,BUY,266.6,647.0552,648.7848,461.11136,73066.2424
2025-04-18 16:23:36,META,SELL,159.2,458.5836,461.4399,454.72296,73520.96536
2025-04-18 16:25:06,NFLX,BUY,12.1,667.8391,666.4494,-16.81537,73504.14999
2025-04-18 16:26:50,TSLA,SELL,132.5,264.0528,265.0339,129.99575,73634.14574
2025-04-18 16:28:22,NFLX,BUY,137.0,696.9805,687.0585,-1359.314,72274.83174
2025-04-18 16:30:19,GOOGL,SELL,209.9,178.2095,178.3858,37.00537,72311.83711
2025-04-18 16:31:59,NFLX,SELL,93.3,637.666,641.8136,386.97108,72698.80819
2025-04-18 16:34:41,NVDA,SELL,346.7,911.6069,901.974,-3339.72643,69359.08176
2025-04-18 16:37:17,AAPL,BUY,222.4,202.1735,204.736,569.9,69928.98176
2025-04-18 16:39:58,META,BUY,80.2,474.2222,476.0458,146.25272,70075.23448
2025-04-18 16:42:30,AAPL,SELL,337.9,224.4207,221.9201,-844.95274,69230.28174
2025-04-18 16:44:22,NFLX,SELL,293.0,706.46,711.5595,1494.1535,70724.43524
2025-04-18 16:47:15,AAPL,BUY,39.0,221.0626,220.8196,-9.477,70714.95824
2025-04-18 16:49:31,AAPL,BUY,139.2,197.5568,195.345,-307.88256,70407.07568
2025-04-18 16:51:56,TSLA,BUY,52.9,213.4193,214.4338,53.66705,70460.74273
2025-04-18 16:54:10,GOOGL,SELL,125.8,173.0011,171.9541,-131.7126,70329.03013
2025-04-18 16:56:18,GOOGL,SELL,92.7,161.4428,160.9146,-48.96414,70280.06599
2025-04-18 16:59:37,TSLA,BUY,207.7,394.474,396.7546,473.68062,70753.74661
2025-04-18 17:01:09,NFLX,SELL,300.3,707.0184,702.7911,-1269.45819,69484.28842
2025-04-18 17:03:33,MSFT,SELL,289.7,395.1546,395.767,177.41228,69661.7007
2025-04-18 17:06:01,NVDA,BUY,261.3,681.688,679.7186,-514.60422,69147.09648
2025-04-18 17:08:33,NFLX,BUY,88.0,696.6065,706.3736,859.5048,70006.60128
2025-04-18 17:11:50,NFLX,SELL,144.5,659.9981,659.8759,-17.6579,69988.94338
2025-04-18 17:15:15,NFLX,BUY,168.1,597.6075,589.6902,-1330.89813,68658.04525
2025-04-18 17:17:55,NVDA,SELL,280.1,565.3853,557.6274,-2172.98779,66485.05746
2025-04-18 17:20:18,TSLA,BUY,149.4,297.7443,300.1026,352.33002,66837.38748
2025-04-18 17:22:09,NVDA,BUY,5.4,628.7767,636.3911,41.11776,66878.50524
2025-04-18 17:24:38,GOOGL,BUY,75.4,190.3818,192.3115,145.49938,67024.00462
2025-04-18 17:27:49,META,BUY,94.7,475.8292,478.0516,210.46128,67234.4659
2025-04-18 17:29:36,GOOGL,BUY,78.8,171.949,172.2113,20.66924,67255.13514
2025-04-18 17:32:28,MSFT,BUY,321.5,383.0625,381.0433,-649.1728,66605.96234
2025-04-18 17:34:26,TSLA,SELL,10.9,360.9408,363.477,27.64458,66633.60692
2025-04-18 17:36:54,AAPL,SELL,31.7,181.713,179.6044,-66.84262,66566.7643
2025-04-18 17:39:15,AMZN,BUY,196.7,182.25,184.6469,471.47023,67038.23453
2025-04-18 17:41:43,NFLX,BUY,94.2,682.3695,688.0328,533.48286,67571.71739
2025-04-18 17:45:12,NVDA,BUY,247.8,637.1117,630.4242,-1657.1625,65914.55489
2025-04-18 17:48:41,META,SELL,264.3,489.0927,489.3996,81.11367,65995.66856
2025-04-18 17:50:59,META,BUY,60.5,521.8347,529.58,468.59065,66464.25921
2025-04-18 17:53:24,TSLA,SELL,304.9,152.2843,152.3386,16.55607,66480.81528
2025-04-18 17:55:04,NFLX,SELL,51.2,657.6433,649.5071,-416.57344,66064.24184
2025-04-18 17:58:17,NFLX,BUY,70.7,603.167,603.9765,57.23165,66121.47349
2025-04-18 18:01:40,NVDA,SELL,209.5,454.3415,457.2494,609.20505,66730.67854
2025-04-18 18:03:48,AMZN,SELL,313.9,205.0407,207.3953,739.10894,67469.78748
2025-04-18 18:06:52,META,SELL,172.5,468.1991,462.6265,-961.2735,66508.51398
2025-04-18 18:09:57,MSFT,BUY,243.0,403.4796,409.2313,1397.6631,67906.17708
2025-04-18 18:12:28,AMZN,BUY,302.6,214.2367,213.2373,-302.41844,67603.75864
2025-04-18 18:15:17,MSFT,BUY,50.0,458.6477,452.4189,-311.44,67292.31864
2025-04-18 18:17:24,MSFT,BUY,112.3,400.5989,406.5037,663.10904,67955.42768
2025-04-18 18:19:21,NVDA,SELL,219.8,907.5062,915.9757,1861.5961,69817.02378
2025-04-18 18:21:48,MSFT,BUY,157.5,380.1484,381.444,204.057,70021.08078
2025-04-18 18:25:06,TSLA,BUY,167.6,342.8829,342.0772,-135.03532,69886.04546
2025-04-18 18:27:56,AMZN,BUY,271.7,184.9912,182.8635,-578.09609,69307.94937
2025-04-18 18:30:29,NVDA,BUY,304.6,467.7188,461.266,-1965.52288,67342.42649
2025-04-18 18:32:02,AMZN,SELL,112.4,178.3513,180.6173,254.6984,67597.12489
2025-04-18 18:34:15,META,SELL,124.5,505.937,504.4268,-188.0199,67409.10499
2025-04-18 18:35:47,NVDA,SELL,248.6,554.0345,553.3593,-167.85472,67241.25027
2025-04-18 18:38:24,NVDA,BUY,122.5,816.0006,803.9604,-1474.9245,65766.32577
2025-04-18 18:40:21,MSFT,SELL,271.7,391.7654,386.1501,-1525.67701,64240.64876
2025-04-18 18:42:43,META,SELL,113.5,498.1633,502.5624,499.29785,64739.94661
2025-04-18 18:44:40,NFLX,BUY,62.3,661.8247,667.0379,324.78236,65064.72897
2025-04-18 18:47:33,AMZN,SELL,95.3,215.6912,214.1329,-148.50599,64916.22298
2025-04-18 18:50:33,AAPL,BUY,192.7,197.8709,199.6897,350.48276,65266.70574
2025-04-18 18:52:18,MSFT,BUY,97.0,389.1823,390.8509,161.8542,65428.55994
2025-04-18 18:54:22,AMZN,SELL,186.2,202.9626,203.181,40.66608,65469.22602
2025-04-18 18:57:32,META,SELL,246.4,474.7257,472.2842,-601.5856,64867.64042
2025-04-18 18:59:24,AAPL,SELL,135.9,197.6177,196.1754,-196.00857,64671.63185
2025-04-18 19:01:01,GOOGL,BUY,34.4,160.3061,161.6974,47.86072,64719.49257
2025-04-18 19:03:00,MSFT,SELL,50.6,411.2656,416.7168,275.83072,64995.32329
2025-04-18 19:06:03,NFLX,SELL,333.1,621.8771,626.3507,1490.15616,66485.47945
2025-04-18 19:09:30,MSFT,SELL,294.4,439.6318,438.8601,-227.18848,66258.29097
2025-04-18 19:11:01,META,SELL,80.1,489.1967,494.4905,424.03338,66682.32435
2025-04-18 19:14:31,GOOGL,BUY,198.0,159.7145,158.5422,-232.1154,66450.20895
2025-04-18 19:16:21,TSLA,SELL,78.2,230.7358,233.8314,242.07592,66692.28487
2025-04-18 19:18:05,AAPL,BUY,33.9,214.8029,215.2181,14.07528,66706.36015
2025-04-18 19:21:22,NVDA,SELL,177.6,466.3727,462.6822,-655.4328,66050.92735
2025-04-18 19:24:00,NFLX,SELL,241.2,587.3346,584.6162,-655.67808,65395.24927
2025-04-18 19:26:03,META,BUY,141.4,502.0345,502.068,4.7369,65399.98617
2025-04-18 19:28:54,META,BUY,60.9,465.0313,463.534,-91.18557,65308.8006
2025-04-18 19:31:23,MSFT,SELL,47.5,395.2838,395.3478,3.04,65311.8406
2025-04-18 19:34:48,AMZN,SELL,249.8,215.0709,214.1089,-240.3076,65071.533
2025-04-18 19:38:07,AMZN,SELL,29.0,198.8925,199.7887,25.9898,65097.5228
2025-04-18 19:40:10,META,BUY,6.1,476.5296,474.1514,-14.50702,65083.01578
2025-04-18 19:41:56,MSFT,BUY,241.9,390.2873,391.658,331.57233,65414.58811
2025-04-18 19:44:32,AMZN,BUY,214.3,187.397,186.5981,-171.20427,65243.38384
2025-04-18 19:46:09,NVDA,BUY,230.5,949.7966,955.5353,1322.77035,66566.15419
2025-04-18 19:48:02,MSFT,BUY,177.4,397.3162,392.18,-911.16188,65654.99231
2025-04-18 19:50:24,GOOGL,BUY,239.5,190.6933,193.0732,569.98605,66224.97836
2025-04-18 19:53:45,NVDA,BUY,240.9,722.6526,718.0895,-1099.25079,65125.72757
2025-04-18 19:55:17,TSLA,SELL,299.1,275.487,274.0634,-425.79876,64699.92881
2025-04-18 19:58:01,META,BUY,44.8,492.4021,485.2852,-318.83712,64381.09169
2025-04-18 19:59:42,NVDA,SELL,45.8,612.1287,606.4158,-261.65082,64119.44087
2025-04-18 20:01:55,NVDA,SELL,205.6,794.8523,792.2016,-544.98392,63574.45695
2025-04-18 20:04:24,TSLA,SELL,155.0,276.552,275.1272,-220.844,63353.61295
2025-04-18 20:06:31,TSLA,BUY,218.7,307.1106,303.6051,-766.65285,62586.9601
2025-04-18 20:08:34,NFLX,SELL,124.7,608.3625,615.4756,887.00357,63473.96367
2025-04-18 20:10:44,NVDA,BUY,317.7,504.7737,508.3663,1141.36902,64615.33269
2025-04-18 20:13:53,NFLX,SELL,289.2,613.4891,607.1235,-1840.93152,62774.40117
2025-04-18 20:16:39,AMZN,SELL,23.6,184.7646,186.0243,29.72892,62804.13009
2025-04-18 20:18:29,MSFT,SELL,336.5,440.6416,441.6543,340.77355,63144.90364
2025-04-18 20:21:13,MSFT,SELL,143.0,443.9921,438.637,-765.7793,62379.12434
2025-04-18 20:24:09,NFLX,BUY,112.5,654.0235,649.8069,-474.3675,61904.75684
2025-04-18 20:26:04,TSLA,SELL,92.8,197.6531,195.3003,-218.33984,61686.417
2025-04-18 20:29:11,AAPL,SELL,85.6,244.0869,247.2561,271.28352,61957.70052
2025-04-18 20:31:37,TSLA,SELL,15.1,305.6106,302.3036,-49.9357,61907.76482
2025-04-18 20:34:58,NFLX,BUY,282.3,605.7317,607.9221,618.34992,62526.11474
2025-04-18 20:36:28,GOOGL,BUY,33.7,174.4745,174.5404,2.22083,62528.33557
2025-04-18 20:39:57,AMZN,SELL,271.4,210.074,212.8366,749.76964,63278.10521
2025-04-18 20:41:30,NFLX,SELL,102.5,606.7582,605.7956,-98.6665,63179.43871
2025-04-18 20:43:05,AMZN,BUY,41.0,211.5324,211.5288,-0.1476,63179.29111
2025-04-18 20:44:35,GOOGL,SELL,245.9,192.238,189.8015,-599.13535,62580.15576
2025-04-18 20:46:56,MSFT,BUY,73.8,417.6495,423.1,402.2469,62982.40266
2025-04-18 20:49:46,TSLA,BUY,169.8,242.0834,240.6901,-236.58234,62745.82032
2025-04-18 20:52:07,NVDA,BUY,342.3,454.6317,456.3105,574.65324,63320.47356
2025-04-18 20:54:51,AMZN,SELL,230.8,214.0906,216.684,598.55672,63919.03028
2025-04-18 20:58:04,MSFT,SELL,350.0,388.6603,393.0842,1548.365,65467.39528
2025-04-18 21:00:36,GOOGL,SELL,145.8,155.1382,154.1139,-149.34294,65318.05234
2025-04-18 21:02:54,GOOGL,SELL,157.9,199.6715,197.9103,-278.09348,65039.95886
2025-04-18 21:05:12,AMZN,BUY,144.7,192.3632,190.0225,-338.69929,64701.25957
2025-04-18 21:07:48,NFLX,SELL,29.4,712.2644,704.5347,-227.25318,64474.00639
2025-04-18 21:10:21,AAPL,SELL,225.1,204.5744,203.436,-256.25384,64217.75255
2025-04-18 21:12:25,NVDA,BUY,299.0,618.3033,609.2155,-2717.2522,61500.50035
2025-04-18 21:13:58,MSFT,BUY,98.1,436.9082,440.4883,351.20781,61851.70816
2025-04-18 21:15:34,AAPL,BUY,33.2,215.5528,212.6134,-97.58808,61754.12008
2025-04-18 21:18:02,AMZN,SELL,201.2,173.9989,174.9727,195.92856,61950.04864
2025-04-18 21:19:44,AMZN,BUY,69.2,179.3551,179.3586,0.2422,61950.29084
2025-04-18 21:21:22,MSFT,SELL,169.9,404.763,409.0839,734.12091,62684.41175
2025-04-18 21:22:53,TSLA,SELL,183.5,158.0877,156.5722,-278.09425,62406.3175
2025-04-18 21:26:03,NFLX,SELL,99.7,620.385,614.1238,-624.24164,61782.07586
2025-04-18 21:28:59,AMZN,SELL,220.5,185.5485,183.724,-402.30225,61379.77361
2025-04-18 21:30:42,NFLX,SELL,5.5,629.3296,637.294,43.8042,61423.57781
2025-04-18 21:33:51,MSFT,SELL,272.0,394.6588,398.0177,913.6208,62337.19861
2025-04-18 21:36:50,AAPL,SELL,76.8,233.2141,234.5594,103.31904,62440.51765
2025-04-18 21:38:58,AMZN,SELL,129.2,187.3988,187.0585,-43.96676,62396.55089
2025-04-18 21:42:21,TSLA,BUY,253.2,288.0701,291.9972,994.34172,63390.89261
2025-04-18 21:44:32,META,BUY,101.1,548.9106,549.8513,95.10477,63485.99738
2025-04-18 21:48:01,MSFT,SELL,339.5,419.0732,417.5461,-518.45045,62967.54693
2025-04-18 21:51:02,AMZN,SELL,309.2,182.2661,184.3187,634.66392,63602.21085
2025-04-18 21:54:15,GOOGL,BUY,174.2,164.8908,163.5771,-228.84654,63373.36431
2025-04-18 21:57:02,MSFT,SELL,267.0,452.0843,445.5457,-1745.8062,61627.55811
2025-04-18 21:58:34,MSFT,BUY,240.3,442.2957,435.8773,-1542.34152,60085.21659
2025-04-18 22:00:26,GOOGL,BUY,278.3,183.9789,183.878,-28.08047,60057.13612
2025-04-18 22:02:13,AMZN,SELL,67.4,192.0835,190.0519,-136.92984,59920.20628
2025-04-18 22:04:04,AAPL,BUY,220.1,206.4319,203.9764,-540.45555,59379.75073
2025-04-18 22:06:00,NFLX,BUY,62.4,694.8752,687.5681,-455.96304,58923.78769
2025-04-18 22:07:48,NVDA,SELL,315.0,575.0623,571.0585,-1261.197,57662.59069
2025-04-18 22:11:10,META,BUY,92.7,495.7903,498.2815,230.93424,57893.52493
2025-04-18 22:13:49,AMZN,BUY,241.6,225.4608,223.1887,-548.93936,57344.58557
2025-04-18 22:15:43,MSFT,BUY,141.3,419.4209,423.9228,636.11847,57980.70404
2025-04-18 22:18:30,GOOGL,BUY,269.3,151.8364,152.7803,254.19227,58234.89631
2025-04-18 22:20:51,NVDA,BUY,328.2,921.432,913.8793,-2478.79614,55756.10017
2025-04-18 22:23:49,NFLX,BUY,233.4,589.2534,585.0101,-990.38622,54765.71395
2025-04-18 22:27:04,AMZN,SELL,96.1,200.2355,197.54,-259.03755,54506.6764
2025-04-18 22:29:40,GOOGL,SELL,65.4,190.733,188.8178,-125.25408,54381.42232
2025-04-18 22:31:53,GOOGL,BUY,228.5,150.4253,151.8054,315.35285,54696.77517
2025-04-18 22:34:30,NVDA,SELL,55.0,870.238,879.287,497.695,55194.47017
2025-04-18 22:36:06,TSLA,SELL,225.5,318.9241,316.4989,-546.8826,54647.58757
2025-04-18 22:38:34,GOOGL,BUY,136.7,190.3453,191.7538,192.54195,54840.12952
2025-04-18 22:41:41,NFLX,SELL,258.1,656.0274,648.0296,-2064.23218,52775.89734
2025-04-18 22:44:45,NFLX,SELL,119.7,699.7334,693.9876,-687.77226,52088.12508
2025-04-18 22:46:43,NVDA,SELL,254.6,831.7677,825.4457,-1609.5812,50478.54388
2025-04-18 22:49:48,AMZN,BUY,104.9,192.2215,192.7644,56.95021,50535.49409
2025-04-18 22:53:04,GOOGL,SELL,310.7,192.1954,194.7273,786.66133,51322.15542
2025-04-18 22:54:49,MSFT,BUY,58.4,416.0093,417.6565,96.19648,51418.3519
2025-04-18 22:57:28,TSLA,SELL,152.2,189.364,189.1058,-39.29804,51379.05386
2025-04-18 23:00:49,GOOGL,BUY,23.8,198.0697,197.7525,-7.54936,51371.5045
2025-04-18 23:03:19,TSLA,BUY,161.9,176.1493,177.172,165.57513,51537.07963
2025-04-18 23:06:40,AMZN,SELL,312.0,192.6643,190.421,-699.9096,50837.17003
2025-04-18 23:09:08,AMZN,SELL,345.8,183.9308,183.9755,15.45726,50852.62729
2025-04-18 23:12:18,GOOGL,BUY,174.6,182.3699,182.3053,-11.27916,50841.34813
2025-04-18 23:15:42,TSLA,BUY,297.8,156.612,157.7925,351.5529,51192.90103
2025-04-18 23:17:40,TSLA,BUY,46.6,293.5593,291.1318,-113.1215,51079.77953
2025-04-18 23:20:18,GOOGL,BUY,284.1,187.7076,184.9948,-770.70648,50309.07305
2025-04-18 23:23:06,NVDA,BUY,330.4,830.1375,823.4086,-2223.22856,48085.84449
2025-04-18 23:26:35,TSLA,BUY,157.2,337.5875,341.8572,671.19684,48757.04133
2025-04-18 23:28:33,AAPL,BUY,279.6,237.5613,238.0687,141.86904,48898.91037
2025-04-18 23:30:06,AMZN,BUY,346.2,209.8938,210.304,142.01124,49040.92161
2025-04-18 23:32:35,NVDA,BUY,50.9,795.1138,798.5044,172.58154,49213.50315
2025-04-18 23:35:51,GOOGL,BUY,246.7,186.7628,188.9062,528.77678,49742.27993
2025-04-18 23:38:34,META,BUY,18.5,550.9233,544.2154,-124.09615,49618.18378
2025-04-18 23:40:26,TSLA,SELL,318.2,390.9246,395.7406,1532.4512,51150.63498
2025-04-18 23:43:34,NVDA,BUY,320.1,870.182,872.2391,658.47771,51809.11269
2025-04-18 23:46:40,AMZN,SELL,190.5,196.595,197.2575,126.20625,51935.31894
2025-04-18 23:49:02,AMZN,SELL,46.4,221.3806,221.9558,26.68928,51962.00822
2025-04-18 23:51:16,AAPL,BUY,65.5,177.1644,178.643,96.8483,52058.85652
2025-04-18 23:53:28,GOOGL,BUY,178.9,158.6708,156.7785,-338.53247,51720.32405
2025-04-18 23:55:03,GOOGL,BUY,60.7,167.0699,164.6466,-147.09431,51573.22974
2025-04-18 23:58:06,GOOGL,BUY,133.5,186.1213,188.3901,302.8848,51876.11454
2025-04-18 23:59:50,NFLX,BUY,55.8,661.0912,668.8396,432.36072,52308.47526
2025-04-19 00:01:28,AAPL,SELL,138.2,182.1762,179.814,-326.45604,51982.01922
2025-04-19 00:04:48,NVDA,BUY,50.5,654.5502,656.1748,82.0423,52064.06152
2025-04-19 00:07:14,GOOGL,BUY,99.9,186.1866,186.2365,4.98501,52069.04653
2025-04-19 00:08:47,NFLX,BUY,225.3,676.7611,681.4464,1055.59809,53124.64462
2025-04-19 00:11:13,AMZN,BUY,85.1,213.5047,215.3775,159.37528,53284.0199
2025-04-19 00:14:11,META,SELL,59.6,457.4777,456.1128,-81.34804,53202.67186
2025-04-19 00:15:57,AAPL,SELL,270.1,195.7105,193.9082,-486.80123,52715.87063
2025-04-19 00:18:08,NVDA,BUY,9.4,917.986,906.5678,-107.33108,52608.53955
2025-04-19 00:19:42,GOOGL,SELL,45.3,178.595,181.1277,114.73131,52723.27086
2025-04-19 00:22:59,MSFT,SELL,239.2,395.0425,395.5165,113.3808,52836.65166
2025-04-19 00:24:35,NVDA,BUY,182.7,541.5145,534.3105,-1316.1708,51520.48086
2025-04-19 00:27:24,NVDA,BUY,228.7,765.825,774.4213,1965.97381,53486.45467
2025-04-19 00:30:45,NFLX,SELL,339.0,676.9657,673.9197,-1032.594,52453.86067
2025-04-19 00:33:53,AMZN,SELL,293.6,216.7151,218.074,398.97304,52852.83371
2025-04-19 00:36:00,AMZN,SELL,163.6,223.7389,225.2753,251.35504,53104.18875
2025-04-19 00:39:14,AAPL,SELL,201.1,187.6491,187.0157,-127.37674,52976.81201
2025-04-19 00:41:57,AMZN,BUY,134.7,225.4258,226.6501,164.91321,53141.72522
2025-04-19 00:43:54,GOOGL,SELL,34.5,179.4719,179.2169,-8.7975,53132.92772
2025-04-19 00:46:35,MSFT,SELL,314.7,457.539,458.9812,453.86034,53586.78806
2025-04-19 00:48:31,TSLA,SELL,66.0,280.3123,281.1541,55.5588,53642.34686
2025-04-19 00:50:10,MSFT,BUY,80.0,449.0243,454.3894,429.208,54071.55486
2025-04-19 00:53:22,AAPL,SELL,64.1,203.149,205.6079,157.61549,54229.17035
2025-04-19 00:56:22,NFLX,BUY,149.7,666.4954,660.3369,-921.92745,53307.2429
2025-04-19 00:59:34,AMZN,SELL,319.9,183.4558,181.7144,-557.07386,52750.16904
2025-04-19 01:01:36,TSLA,BUY,245.5,358.8458,357.2831,-383.64285,52366.52619
2025-04-19 01:03:13,TSLA,SELL,177.6,224.8057,225.0812,48.9288,52415.45499
2025-04-19 01:06:06,AAPL,BUY,142.1,194.4548,196.8715,343.41307,52758.86806
2025-04-19 01:08:29,META,SELL,210.9,519.5994,519.4465,-32.24661,52726.62145
2025-04-19 01:10:33,TSLA,BUY,32.7,371.058,370.7861,-8.89113,52717.73032
2025-04-19 01:13:05,META,SELL,259.0,505.9679,509.2008,837.3211,53555.05142
2025-04-19 01:15:38,AAPL,SELL,57.9,233.7947,230.7667,-175.3212,53379.73022
2025-04-19 01:18:13,AMZN,SELL,95.5,195.3725,197.7557,227.5956,53607.32582
2025-04-19 01:20:30,META,SELL,283.2,528.5302,526.104,-687.09984,52920.22598
2025-04-19 01:23:14,NVDA,SELL,303.3,478.3785,477.8303,-166.26906,52753.95692
2025-04-19 01:25:54,GOOGL,SELL,311.6,161.3379,163.0984,548.5718,53302.52872
2025-04-19 01:28:24,NFLX,BUY,285.1,601.1829,608.2963,2028.03034,55330.55906
2025-04-19 01:31:18,MSFT,BUY,97.8,462.8678,458.2679,-449.87022,54880.68884
2025-04-19 01:33:24,NFLX,SELL,193.3,667.5415,669.0749,296.40622,55177.09506
2025-04-19 01:35:36,AMZN,SELL,87.0,201.6377,201.2766,-31.4157,55145.67936
2025-04-19 01:37:54,GOOGL,SELL,32.8,166.7271,165.8235,-29.63808,55116.04128
2025-04-19 01:39:49,TSLA,SELL,171.6,251.6258,250.9037,-123.91236,54992.12892
2025-04-19 01:43:17,AMZN,BUY,77.0,199.8029,197.0363,-213.0282,54779.10072
2025-04-19 01:46:19,MSFT,BUY,177.3,424.7239,427.5779,506.0142,55285.11492
2025-04-19 01:48:24,TSLA,BUY,91.5,248.3394,247.2653,-98.28015,55186.83477
2025-04-19 01:51:20,MSFT,BUY,136.9,460.2664,461.8053,210.67541,55397.51018
2025-04-19 01:52:52,NFLX,SELL,283.7,664.8985,666.3074,399.70493,55797.21511
2025-04-19 01:55:30,NVDA,SELL,51.1,809.6385,798.3184,-578.45711,55218.758
2025-04-19 01:58:47,NVDA,SELL,328.8,906.3542,900.9178,-1787.48832,53431.26968
2025-04-19 02:01:22,META,BUY,191.4,498.5568,494.7078,-736.6986,52694.57108
2025-04-19 02:02:57,NFLX,SELL,297.1,635.3683,643.8627,2523.68624,55218.25732
2025-04-19 02:04:56,NFLX,BUY,32.7,648.284,650.3501,67.56147,55285.81879
2025-04-19 02:06:46,META,BUY,142.0,554.1236,550.1798,-560.0196,54725.79919
2025-04-19 02:10:14,AAPL,SELL,142.0,202.8366,203.3944,79.2076,54805.00679
2025-04-19 02:13:22,MSFT,SELL,129.3,399.0944,400.3564,163.1766,54968.18339
2025-04-19 02:15:34,NFLX,BUY,235.0,702.921,704.8283,448.2155,55416.39889
2025-04-19 02:18:12,AAPL,SELL,31.9,218.3146,217.6902,-19.91836,55396.48053
2025-04-19 02:20:55,GOOGL,SELL,72.0,183.8373,184.969,81.4824,55477.96293
2025-04-19 02:22:48,AAPL,SELL,164.2,223.3313,221.9469,-227.31848,55250.64445
2025-04-19 02:26:12,GOOGL,SELL,270.6,155.7363,153.5855,-582.00648,54668.63797
2025-04-19 02:29:23,NFLX,SELL,133.8,654.0461,654.8367,105.78228,54774.42025
2025-04-19 02:31:46,AMZN,BUY,248.6,225.9323,228.3286,595.72018,55370.14043
2025-04-19 02:33:55,AAPL,BUY,22.7,218.7494,218.5708,-4.05422,55366.08621
2025-04-19 02:35:35,NFLX,SELL,266.0,606.9405,605.137,-479.731,54886.35521
2025-04-19 02:38:17,AAPL,BUY,14.1,237.9319,238.5592,8.84493,54895.20014
2025-04-19 02:40:58,NFLX,SELL,150.7,646.2057,652.34,924.43901,55819.63915
2025-04-19 02:44:05,AMZN,SELL,273.8,182.1576,181.1142,-285.68292,55533.95623
2025-04-19 02:47:25,MSFT,BUY,288.1,418.0095,415.8644,-618.00331,54915.95292
2025-04-19 02:49:21,NVDA,BUY,128.4,568.964,571.539,330.63,55246.58292
2025-04-19 02:51:27,NFLX,BUY,222.4,653.7351,662.2844,1901.36432,57147.94724
2025-04-19 02:54:32,TSLA,SELL,321.1,255.7209,256.569,272.32491,57420.27215
2025-04-19 02:57:40,AAPL,BUY,296.3,213.1986,210.1378,-906.91504,56513.35711
2025-04-19 03:01:09,AAPL,BUY,146.2,173.5889,173.1626,-62.32506,56451.03205
2025-04-19 03:02:50,GOOGL,BUY,145.1,180.7773,180.8393,8.9962,56460.02825
2025-04-19 03:04:52,AMZN,BUY,273.5,208.7465,209.9663,333.6153,56793.64355
2025-04-19 03:07:06,TSLA,BUY,106.8,363.8792,365.0681,126.97452,56920.61807
2025-04-19 03:10:13,MSFT,SELL,45.2,387.294,391.6704,197.81328,57118.43135
2025-04-19 03:12:08,NFLX,BUY,343.2,645.2722,654.6947,3233.802,60352.23335
2025-04-19 03:13:58,GOOGL,BUY,45.1,193.2669,192.6545,-27.61924,60324.61411
2025-04-19 03:15:49,AMZN,BUY,78.3,209.4566,211.2573,140.99481,60465.60892
2025-04-19 03:17:22,AAPL,BUY,164.0,215.9964,213.5054,-408.524,60057.08492
2025-04-19 03:20:49,AMZN,SELL,107.1,198.0054,198.2384,24.9543,60082.03922
2025-04-19 03:23:30,META,SELL,266.9,508.7901,508.115,-180.18419,59901.85503
2025-04-19 03:26:57,NVDA,BUY,81.8,914.6751,927.3096,1033.5021,60935.35713
2025-04-19 03:30:16,NFLX,BUY,103.9,615.0971,621.3162,646.16449,61581.52162
2025-04-19 03:33:07,TSLA,BUY,41.7,263.1589,260.0372,-130.17489,61451.34673
2025-04-19 03:35:12,META,SELL,215.3,505.2665,512.1099,1473.38402,62924.73075
2025-04-19 03:37:40,NVDA,BUY,60.0,671.1172,668.9654,-129.108,62795.62275
2025-04-19 03:40:17,AMZN,SELL,344.2,179.6687,180.507,288.54286,63084.16561
2025-04-19 03:41:55,MSFT,BUY,200.5,441.3148,443.576,453.3706,63537.53621
2025-04-19 03:43:35,AMZN,SELL,86.6,185.9796,186.4075,37.05614,63574.59235
2025-04-19 03:45:05,AAPL,SELL,173.4,205.5633,205.9905,74.07648,63648.66883
2025-04-19 03:47:18,AMZN,SELL,56.0,191.4639,190.0842,-77.2632,63571.40563
2025-04-19 03:50:47,AAPL,BUY,75.7,174.0565,174.787,55.29885,63626.70448
2025-04-19 03:53:26,GOOGL,BUY,12.6,191.9697,192.7481,9.80784,63636.51232
2025-04-19 03:55:32,MSFT,BUY,282.5,395.5052,400.4619,1400.26775,65036.78007
2025-04-19 03:57:02,TSLA,SELL,19.0,246.1899,243.5626,-49.9187,64986.86137
2025-04-19 03:58:39,AMZN,SELL,238.8,192.781,190.9031,-448.44252,64538.41885
2025-04-19 04:00:51,META,SELL,227.0,542.2427,549.6074,1671.7869,66210.20575
2025-04-19 04:04:04,AMZN,SELL,11.1,225.6738,225.4029,-3.00699,66207.19876
2025-04-19 04:07:24,META,SELL,283.9,472.8494,475.658,797.36154,67004.5603
2025-04-19 04:09:46,TSLA,SELL,91.7,390.4305,394.3333,357.88676,67362.44706
2025-04-19 04:12:22,GOOGL,BUY,273.4,184.0879,185.6205,419.01284,67781.4599
2025-04-19 04:15:25,NVDA,SELL,224.3,496.5694,502.1784,1258.0987,69039.5586
2025-04-19 04:17:01,AMZN,SELL,242.0,207.4499,208.6802,297.7326,69337.2912
2025-04-19 04:19:28,META,BUY,63.7,502.3385,498.5508,-241.27649,69096.01471
2025-04-19 04:21:41,NVDA,BUY,245.4,679.5816,674.1632,-1329.67536,67766.33935
2025-04-19 04:24:01,MSFT,BUY,275.6,403.5241,402.6238,-248.12268,67518.21667
2025-04-19 04:26:09,NVDA,SELL,85.0,567.6385,574.3715,572.305,68090.52167
2025-04-19 04:27:39,AAPL,SELL,151.3,224.498,223.8975,-90.85565,67999.66602
2025-04-19 04:29:55,TSLA,BUY,315.2,286.3209,288.3794,648.8392,68648.50522
2025-04-19 04:31:35,NFLX,BUY,41.3,575.3583,576.8224,60.46733,68708.97255
2025-04-19 04:33:10,AAPL,BUY,19.9,188.8894,188.1163,-15.38469,68693.58786
2025-04-19 04:35:49,TSLA,BUY,205.1,358.4627,353.5269,-1012.33258,67681.25528
2025-04-19 04:38:11,TSLA,BUY,105.6,341.3319,340.3507,-103.61472,67577.64056
2025-04-19 04:40:48,META,SELL,58.6,481.251,483.7149,144.38454,67722.0251
2025-04-19 04:43:02,MSFT,SELL,155.0,409.6302,407.9861,-254.8355,67467.1896
2025-04-19 04:46:10,AMZN,SELL,175.5,227.496,228.051,97.4025,67564.5921
2025-04-19 04:48:23,TSLA,BUY,289.5,303.6101,305.5045,548.4288,68113.0209
2025-04-19 04:50:32,AMZN,BUY,64.7,225.9514,227.7344,115.3601,68228.381
2025-04-19 04:52:56,META,BUY,40.3,519.8458,519.9893,5.78305,68234.16405
2025-04-19 04:55:01,GOOGL,BUY,12.5,184.0518,182.2939,-21.97375,68212.1903
2025-04-19 04:58:28,NVDA,SELL,92.4,671.2887,663.6402,-706.7214,67505.4689
2025-04-19 05:00:35,NVDA,SELL,55.6,805.6547,798.7215,-385.48592,67119.98298
2025-04-19 05:02:34,AAPL,SELL,222.9,191.5724,191.3825,-42.32871,67077.65427
2025-04-19 05:06:00,GOOGL,SELL,306.3,187.0797,185.4953,-485.30172,66592.35255
2025-04-19 05:09:01,META,SELL,153.7,555.6972,562.0735,980.03731,67572.38986
2025-04-19 05:11:16,AMZN,SELL,207.4,224.2866,227.0353,570.08038,68142.47024
2025-04-19 05:12:54,NFLX,SELL,181.0,614.3601,614.2056,-27.9645,68114.50574
2025-04-19 05:15:05,AAPL,SELL,307.3,217.5219,218.6731,353.76376,68468.2695
2025-04-19 05:17:14,MSFT,BUY,113.1,410.2448,404.3507,-666.62271,67801.64679
2025-04-19 05:19:24,META,BUY,331.9,461.4064,464.4046,995.10258,68796.74937
2025-04-19 05:21:39,NFLX,BUY,47.3,594.2928,596.5319,105.90943,68902.6588
2025-04-19 05:24:15,META,SELL,196.4,543.5968,536.8518,-1324.718,67577.9408
2025-04-19 05:27:02,TSLA,BUY,162.4,271.46,268.4148,-494.54048,67083.40032
2025-04-19 05:28:33,AAPL,BUY,226.4,226.411,226.4586,10.77664,67094.17696
2025-04-19 05:30:48,META,BUY,225.5,521.1758,514.1175,-1591.64665,65502.53031
2025-04-19 05:32:26,AAPL,SELL,149.0,215.508,218.6435,467.1895,65969.71981
2025-04-19 05:33:57,NFLX,SELL,276.6,615.3995,622.3471,1921.70616,67891.42597
2025-04-19 05:37:01,AAPL,SELL,258.3,209.9442,207.3213,-677.49507,67213.9309
2025-04-19 05:39:59,MSFT,BUY,168.5,393.5022,397.2296,628.0669,67841.9978
2025-04-19 05:42:00,MSFT,SELL,292.0,454.7781,452.9424,-536.0244,67305.9734
2025-04-19 05:43:45,MSFT,BUY,216.5,446.1169,443.4309,-581.519,66724.4544
2025-04-19 05:46:52,TSLA,SELL,280.9,249.2745,247.4145,-522.474,66201.9804
2025-04-19 05:50:14,AAPL,SELL,101.5,187.3327,188.1534,83.30105,66285.28145
2025-04-19 05:52:34,NVDA,BUY,138.3,842.472,843.1043,87.44709,66372.72854
2025-04-19 05:55:57,GOOGL,BUY,77.2,178.9942,181.3547,182.2306,66554.95914
2025-04-19 05:57:29,NFLX,SELL,70.4,706.7224,703.7886,-206.53952,66348.41962
2025-04-19 06:00:09,AAPL,BUY,335.8,240.5441,240.1345,-137.54368,66210.87594
2025-04-19 06:02:52,GOOGL,BUY,128.5,169.8584,167.8371,-259.73705,65951.13889
2025-04-19 06:06:10,TSLA,SELL,264.2,230.2598,229.6503,-161.0299,65790.10899
2025-04-19 06:08:41,AAPL,SELL,98.2,218.8495,219.7026,83.77442,65873.88341
2025-04-19 06:11:03,AAPL,BUY,265.0,183.9637,186.4074,647.5805,66521.46391
2025-04-19 06:13:09,TSLA,SELL,287.4,350.1289,353.0809,848.4048,67369.86871
2025-04-19 06:15:35,AMZN,SELL,66.0,207.2141,205.979,-81.5166,67288.35211
2025-04-19 06:17:25,GOOGL,SELL,49.7,198.5693,199.6769,55.04772,67343.39983
2025-04-19 06:20:05,TSLA,SELL,208.8,341.2154,337.9074,-690.7104,66652.68943
2025-04-19 06:23:11,AMZN,SELL,328.9,222.7772,221.7806,-327.78174,66324.90769
2025-04-19 06:26:12,TSLA,SELL,7.7,259.2004,261.0088,13.92468,66338.83237
2025-04-19 06:29:19,NVDA,BUY,106.9,660.6062,665.0413,474.11219,66812.94456
2025-04-19 06:32:35,GOOGL,BUY,307.0,154.0244,153.2467,-238.7539,66574.19066
2025-04-19 06:34:49,AMZN,BUY,87.2,216.2452,215.987,-22.51504,66551.67562
2025-04-19 06:36:45,AMZN,SELL,338.3,179.6176,179.7265,36.84087,66588.51649
2025-04-19 06:40:02,NVDA,BUY,297.4,536.2816,533.5865,-801.52274,65786.99375
2025-04-19 06:43:11,NVDA,SELL,95.2,466.1872,472.2585,577.98776,66364.98151
2025-04-19 06:45:31,TSLA,BUY,306.6,206.6703,205.15,-466.12398,65898.85753
2025-04-19 06:47:29,GOOGL,BUY,256.3,177.8563,178.9888,290.25975,66189.11728
2025-04-19 06:49:16,MSFT,BUY,311.5,436.1246,440.6945,1423.52385,67612.64113
2025-04-19 06:52:11,MSFT,BUY,339.9,380.2667,377.0131,-1105.89864,66506.74249
2025-04-19 06:53:58,TSLA,BUY,170.1,213.1866,215.2814,356.32548,66863.06797
2025-04-19 06:55:54,AMZN,SELL,23.7,228.1747,224.9772,-75.78075,66787.28722
2025-04-19 06:57:36,NFLX,SELL,135.3,609.6584,604.1398,-746.66658,66040.62064
2025-04-19 07:00:18,AMZN,BUY,109.9,194.822,195.5398,78.88622,66119.50686
2025-04-19 07:01:57,GOOGL,SELL,80.8,197.4545,195.1692,-184.65224,65934.85462
2025-04-19 07:04:49,AMZN,SELL,139.5,218.4999,216.2818,-309.42495,65625.42967
2025-04-19 07:07:22,NVDA,SELL,305.7,873.0018,875.1374,652.85292,66278.28259
2025-04-19 07:09:11,NVDA,BUY,332.8,694.6949,686.5417,-2713.38496,63564.89763
2025-04-19 07:11:32,NVDA,BUY,181.7,854.7836,846.7,-1468.79012,62096.10751
2025-04-19 07:13:06,AAPL,BUY,213.9,193.1795,191.28,-406.30305,61689.80446
2025-04-19 07:15:35,GOOGL,BUY,94.4,184.1786,185.1586,92.512,61782.31646
2025-04-19 07:18:18,AAPL,BUY,305.6,238.2397,234.892,-1023.05712,60759.25934
2025-04-19 07:20:35,AMZN,SELL,67.6,195.2114,192.8433,-160.08356,60599.17578
2025-04-19 07:22:59,GOOGL,SELL,125.2,203.217,205.0667,231.58244,60830.75822
2025-04-19 07:24:54,NVDA,SELL,288.4,914.5201,912.1395,-686.56504,60144.19318
2025-04-19 07:26:51,NVDA,SELL,243.9,778.9545,769.8079,-2230.85574,57913.33744
2025-04-19 07:28:40,MSFT,BUY,345.8,456.2794,457.5651,444.59506,58357.9325
2025-04-19 07:31:12,META,BUY,130.6,483.0443,486.5159,453.39096,58811.32346
2025-04-19 07:34:19,META,BUY,194.1,470.7257,471.6375,176.98038,58988.30384
2025-04-19 07:36:16,NVDA,SELL,137.6,576.922,578.3068,190.54848,59178.85232
2025-04-19 07:39:19,NVDA,BUY,217.2,641.1441,634.7007,-1399.50648,57779.34584
2025-04-19 07:42:32,AMZN,BUY,232.0,233.9621,234.9389,226.6176,58005.96344
2025-04-19 07:45:20,TSLA,BUY,247.1,168.7115,169.8936,292.09691,58298.06035
2025-04-19 07:48:18,META,SELL,185.8,528.8274,533.9001,942.50766,59240.56801
2025-04-19 07:50:43,GOOGL,BUY,188.5,158.3295,158.1277,-38.0393,59202.52871
2025-04-19 07:52:25,META,SELL,264.8,482.3515,477.1867,-1367.63904,57834.88967
2025-04-19 07:54:58,AAPL,SELL,123.3,222.2161,223.6394,175.49289,58010.38256
2025-04-19 07:58:00,GOOGL,SELL,27.3,206.1279,203.5137,-71.36766,57939.0149
2025-04-19 08:01:13,AMZN,SELL,47.1,212.2104,209.8,-113.52984,57825.48506
2025-04-19 08:03:44,AMZN,BUY,14.8,195.4338,195.1048,-4.8692,57820.61586
2025-04-19 08:05:59,AAPL,BUY,118.5,230.9889,231.1542,19.58805,57840.20391
2025-04-19 08:09:16,NVDA,SELL,240.8,471.1525,468.971,-525.3052,57314.89871
2025-04-19 08:11:14,AAPL,BUY,304.6,178.0561,177.0486,-306.8845,57008.01421
2025-04-19 08:14:42,MSFT,SELL,57.0,413.4394,417.9331,256.1409,57264.15511
2025-04-19 08:17:32,NFLX,SELL,255.5,671.2647,672.6652,357.82775,57621.98286
2025-04-19 08:20:23,GOOGL,BUY,181.6,174.6084,173.7438,-157.01136,57464.9715
2025-04-19 08:21:54,META,SELL,325.3,497.0032,490.3352,-2169.1004,55295.8711
2025-04-19 08:25:03,MSFT,SELL,101.2,445.1229,441.2894,-387.9502,54907.9209
2025-04-19 08:26:38,META,SELL,59.8,466.7725,468.9168,128.22914,55036.15004
2025-04-19 08:29:57,NFLX,SELL,233.7,687.4075,696.6462,2159.08419,57195.23423
2025-04-19 08:32:35,META,SELL,244.4,556.1651,563.6917,1839.50104,59034.73527
2025-04-19 08:34:41,AAPL,BUY,212.8,176.1282,173.6709,-522.91344,58511.82183
2025-04-19 08:37:33,NVDA,SELL,165.0,477.647,476.0976,-255.651,58256.17083
2025-04-19 08:39:31,NFLX,BUY,43.3,632.7001,630.4519,-97.34706,58158.82377
2025-04-19 08:42:49,GOOGL,BUY,313.9,178.2407,178.0765,-51.54238,58107.28139
2025-04-19 08:45:14,MSFT,SELL,20.4,416.8236,416.7346,-1.8156,58105.46579
2025-04-19 08:48:26,TSLA,SELL,134.5,216.7676,214.2825,-334.24595,57771.21984
2025-04-19 08:51:14,AMZN,BUY,144.7,231.7316,232.6362,130.89562,57902.11546
2025-04-19 08:52:49,AAPL,SELL,196.1,216.6694,216.6893,3.90239,57906.01785
2025-04-19 08:55:56,META,SELL,52.3,551.4405,546.9873,-232.90236,57673.11549
2025-04-19 08:58:45,GOOGL,SELL,19.2,193.4736,194.1304,12.61056,57685.72605
2025-04-19 09:01:37,META,BUY,12.4,543.107,541.1204,-24.63384,57661.09221
2025-04-19 09:04:47,META,BUY,308.2,518.0931,521.5341,1060.5162,58721.60841
2025-04-19 09:07:58,AMZN,BUY,189.6,227.0913,229.5781,471.49728,59193.10569
2025-04-19 09:10:25,TSLA,BUY,194.7,256.0899,255.8387,-48.90864,59144.19705
2025-04-19 09:12:36,TSLA,SELL,91.7,219.1844,216.8605,-213.10163,58931.09542
2025-04-19 09:14:58,NFLX,SELL,139.5,627.1403,623.707,-478.94535,58452.15007
2025-04-19 09:17:56,META,BUY,77.1,499.2415,503.0659,294.86124,58747.01131
2025-04-19 09:20:45,MSFT,BUY,25.1,449.7862,445.8839,-97.94773,58649.06358
2025-04-19 09:21:43,MSFT,BUY,194.4,376.2222,381.4983,1025.67384,59674.73742
2025-04-19 09:22:34,TSLA,SELL,328.7,311.0824,310.5782,-165.73054,59509.00688
2025-04-19 09:23:27,GOOGL,BUY,159.3,199.2295,198.2442,-156.95829,59352.04859
2025-04-19 09:24:43,NVDA,SELL,124.7,766.8947,771.6875,597.66216,59949.71075
2025-04-19 09:25:23,AAPL,BUY,58.4,205.6419,203.358,-133.37976,59816.33099
2025-04-19 09:26:04,AAPL,BUY,103.6,180.6079,177.9773,-272.53016,59543.80083
2025-04-19 09:27:14,AMZN,BUY,168.0,212.6322,214.0617,240.156,59783.95683
2025-04-19 09:28:12,AAPL,BUY,190.8,237.7154,238.457,141.49728,59925.45411
2025-04-19 09:29:04,META,SELL,154.3,527.8578,522.2801,-860.63911,59064.815
2025-04-19 09:29:58,AAPL,BUY,251.4,204.0241,205.173,288.83346,59353.64846
2025-04-19 09:30:51,NVDA,BUY,292.6,872.5337,879.004,1893.20978,61246.85824
2025-04-19 09:31:43,META,BUY,102.9,478.8019,485.1524,653.46645,61900.32469
2025-04-19 09:32:49,AAPL,SELL,253.4,235.964,238.8395,728.6517,62628.97639
2025-04-19 09:34:03,AAPL,BUY,246.3,211.8034,208.7006,-764.21964,61864.75675
2025-04-19 09:35:22,AMZN,BUY,86.4,224.093,221.835,-195.0912,61669.66555
2025-04-19 09:36:41,GOOGL,SELL,205.4,183.0539,183.1781,25.51068,61695.17623
2025-04-19 09:37:30,TSLA,BUY,183.7,383.9945,385.137,209.87725,61905.05348
2025-04-19 09:38:14,TSLA,SELL,280.1,191.3975,189.3759,-566.25016,61338.80332
2025-04-19 09:39:25,AMZN,SELL,111.6,204.2213,206.612,266.80212,61605.60544
2025-04-19 09:40:12,TSLA,BUY,91.4,224.6911,227.6588,271.24778,61876.85322
2025-04-19 09:41:13,NVDA,SELL,176.1,594.9131,587.6333,-1281.97278,60594.88044
2025-04-19 09:42:14,AMZN,SELL,79.2,224.5583,221.4818,-243.6588,60351.22164
2025-04-19 09:43:02,NVDA,BUY,303.8,482.5685,476.3219,-1897.71708,58453.50456
2025-04-19 09:43:42,AMZN,BUY,204.4,217.8011,217.4393,-73.95192,58379.55264
2025-04-19 09:44:33,NVDA,SELL,298.3,908.3022,898.834,-2824.36406,55555.18858
2025-04-19 09:45:22,NFLX,BUY,75.2,626.543,630.0554,264.13248,55819.32106
2025-04-19 09:46:05,META,BUY,194.1,492.8399,486.4266,-1244.82153,54574.49953
2025-04-19 09:47:14,META,SELL,152.5,458.1096,457.684,-64.904,54509.59553
2025-04-19 09:48:28,GOOGL,BUY,63.7,173.3791,170.8816,-159.09075,54350.50478
2025-04-19 09:49:45,GOOGL,SELL,35.4,194.6836,194.9527,9.52614,54360.03092
2025-04-19 09:50:30,AMZN,BUY,322.7,185.5114,183.5638,-628.49052,53731.5404
2025-04-19 09:51:50,MSFT,BUY,45.0,385.2507,383.4538,-80.8605,53650.6799
2025-04-19 09:52:56,MSFT,SELL,179.2,450.4655,454.4403,712.28416,54362.96406
2025-04-19 09:53:37,TSLA,SELL,13.5,304.819,304.0559,-10.30185,54352.66221
2025-04-19 09:54:40,AMZN,SELL,227.0,204.9762,203.7498,-278.3928,54074.26941
2025-04-19 09:57:44,NFLX,BUY,320.5,647.5213,655.6121,2593.1014,56667.37081
2025-04-19 09:59:30,TSLA,SELL,197.8,275.4508,278.1676,537.38304,57204.75385
2025-04-19 10:02:45,GOOGL,SELL,60.6,187.9138,187.2742,-38.75976,57165.99409
2025-04-19 10:06:06,AMZN,SELL,23.8,181.7557,182.0392,6.7473,57172.74139
2025-04-19 10:07:58,AAPL,BUY,10.2,188.3475,189.75,14.3055,57187.04689
2025-04-19 10:09:46,NVDA,BUY,13.1,611.6978,618.2801,86.22813,57273.27502
2025-04-19 10:11:38,GOOGL,SELL,292.2,188.5566,189.9234,399.37896,57672.65398
2025-04-19 10:13:55,GOOGL,BUY,62.7,204.6705,204.8596,11.85657,57684.51055
2025-04-19 10:16:15,TSLA,SELL,82.5,170.1092,168.0675,-168.44025,57516.0703
2025-04-19 10:19:32,AMZN,BUY,228.5,215.7961,217.1891,318.3005,57834.3708
2025-04-19 10:22:06,MSFT,SELL,161.2,456.3112,458.5606,362.60328,58196.97408
2025-04-19 10:24:12,META,SELL,10.5,530.7819,527.155,-38.08245,58158.89163
2025-04-19 10:27:37,TSLA,SELL,45.8,290.2936,286.6475,-166.99138,57991.90025
2025-04-19 10:30:31,NFLX,BUY,129.4,631.2851,633.2229,250.75132,58242.65157
2025-04-19 10:33:48,TSLA,SELL,230.9,298.868,303.0381,962.87609,59205.52766
2025-04-19 10:36:56,AMZN,BUY,346.3,200.5349,198.5867,-674.66166,58530.866
2025-04-19 10:39:44,NVDA,SELL,121.0,823.8225,832.6236,1064.9331,59595.7991
2025-04-19 10:42:53,NFLX,BUY,134.1,700.3194,700.9788,88.42554,59684.22464
2025-04-19 10:45:32,AMZN,SELL,203.9,227.0084,228.1947,241.88657,59926.11121
2025-04-19 10:48:31,MSFT,SELL,261.3,436.5901,442.5574,1559.25549,61485.3667
2025-04-19 10:50:51,NFLX,BUY,308.1,660.4056,664.0366,1118.7111,62604.0778
2025-04-19 10:53:37,AAPL,SELL,19.0,199.396,200.7728,26.1592,62630.237
2025-04-19 10:56:05,NVDA,SELL,158.5,458.0157,457.3247,-109.5235,62520.7135
2025-04-19 10:57:44,META,BUY,272.5,468.8821,472.1536,891.48375,63412.19725
2025-04-19 11:01:03,GOOGL,BUY,199.9,170.469,171.0156,109.26534,63521.46259
2025-04-19 11:02:58,MSFT,BUY,276.2,410.9509,415.2633,1191.08488,64712.54747
2025-04-19 11:06:18,NFLX,BUY,50.3,602.5693,611.2835,438.32426,65150.87173
2025-04-19 11:09:47,META,BUY,314.7,540.2423,548.3325,2545.98594,67696.85767
2025-04-19 11:12:39,TSLA,BUY,175.4,182.5196,182.9241,70.9493,67767.80697
2025-04-19 11:15:39,NFLX,BUY,198.4,650.6637,644.5157,-1219.7632,66548.04377
2025-04-19 11:18:44,AMZN,BUY,174.4,234.6272,234.842,37.46112,66585.50489
2025-04-19 11:21:36,GOOGL,SELL,328.3,198.1125,198.8749,250.29592,66835.80081
2025-04-19 11:23:10,MSFT,SELL,109.0,402.523,397.8201,-512.6161,66323.18471
2025-04-19 11:24:57,AMZN,BUY,103.5,197.4755,196.1629,-135.8541,66187.33061
2025-04-19 11:27:26,MSFT,SELL,276.4,441.8812,440.7687,-307.495,65879.83561
2025-04-19 11:30:40,NVDA,BUY,131.6,451.4721,457.9067,846.79336,66726.62897
2025-04-19 11:33:33,GOOGL,BUY,304.3,192.0677,193.8707,548.6529,67275.28187
2025-04-19 11:35:27,NVDA,BUY,316.9,594.7215,587.7922,-2195.89517,65079.3867
2025-04-19 11:38:08,MSFT,SELL,81.1,425.3079,422.6632,-214.48517,64864.90153
2025-04-19 11:41:04,GOOGL,BUY,12.3,159.0723,157.3676,-20.96781,64843.93372
2025-04-19 11:42:36,TSLA,BUY,81.6,359.0863,362.2775,260.40192,65104.33564
2025-04-19 11:44:17,AAPL,BUY,166.5,219.5824,222.7071,520.26255,65624.59819
2025-04-19 11:47:28,META,BUY,79.2,458.2634,457.1129,-91.1196,65533.47859
2025-04-19 11:50:02,AMZN,SELL,326.3,191.1104,193.5561,798.03191,66331.5105
2025-04-19 11:52:53,GOOGL,SELL,182.6,196.4236,193.6013,-515.35198,65816.15852
2025-04-19 11:56:17,NVDA,BUY,85.4,711.9056,709.6449,-193.06378,65623.09474
2025-04-19 11:58:45,AAPL,SELL,271.7,217.419,217.6498,62.70836,65685.8031
2025-04-19 12:01:17,NVDA,BUY,106.5,908.2823,904.1594,-439.08885,65246.71425
2025-04-19 12:03:55,AMZN,SELL,79.1,223.208,225.3295,167.81065,65414.5249
2025-04-19 12:07:21,GOOGL,BUY,268.7,160.2786,160.4001,32.64705,65447.17195
2025-04-19 12:10:27,MSFT,SELL,87.5,384.0431,385.3058,110.48625,65557.6582
2025-04-19 12:13:49,MSFT,SELL,194.6,456.5812,454.5618,-392.97524,65164.68296
2025-04-19 12:16:37,MSFT,SELL,62.1,412.1842,417.4635,327.84453,65492.52749
2025-04-19 12:19:39,NVDA,BUY,190.0,468.3585,465.2589,-588.924,64903.60349
2025-04-19 12:21:12,NFLX,BUY,185.1,618.1771,621.1331,547.1556,65450.75909
2025-04-19 12:23:04,GOOGL,BUY,207.3,177.5588,177.9754,86.36118,65537.12027
2025-04-19 12:25:07,AMZN,SELL,331.0,225.6902,225.9214,76.5272,65613.64747
2025-04-19 12:27:59,AAPL,BUY,309.8,233.0805,232.4263,-202.67116,65410.97631
2025-04-19 12:31:01,AMZN,SELL,94.9,186.8679,185.2792,-150.76763,65260.20868
2025-04-19 12:32:55,NVDA,SELL,288.6,482.267,480.0552,-638.32548,64621.8832
2025-04-19 12:35:53,META,BUY,316.0,478.6366,479.3459,224.1388,64846.022
2025-04-19 12:37:37,NFLX,SELL,160.3,708.6356,699.2076,-1511.3084,63334.7136
2025-04-19 12:39:39,MSFT,BUY,345.7,426.2697,428.131,643.45141,63978.16501
2025-04-19 12:41:33,META,SELL,94.4,484.9981,479.252,-542.43184,63435.73317
2025-04-19 12:44:18,TSLA,BUY,114.4,340.914,340.3801,-61.07816,63374.65501
2025-04-19 12:46:45,AMZN,SELL,56.8,201.7275,203.2623,87.17664,63461.83165
2025-04-19 12:49:02,TSLA,SELL,83.3,252.1824,249.8395,-195.16357,63266.66808
2025-04-19 12:52:18,NVDA,SELL,175.9,594.9675,602.9623,1406.28532,64672.9534
2025-04-19 12:54:11,AAPL,SELL,25.7,192.8079,190.2226,-66.44221,64606.51119
2025-04-19 12:57:31,TSLA,SELL,310.3,283.9355,286.248,717.56875,65324.07994
2025-04-19 13:00:59,META,BUY,66.1,462.7902,456.768,-398.06742,64926.01252
2025-04-19 13:03:14,NFLX,SELL,140.7,619.0197,613.4501,-783.64272,64142.3698
2025-04-19 13:05:13,NFLX,BUY,90.3,598.0443,589.3626,-783.95751,63358.41229
2025-04-19 13:06:48,MSFT,SELL,241.7,445.6992,449.2388,855.52132,64213.93361
2025-04-19 13:08:44,AMZN,SELL,211.8,183.5732,185.2536,355.90872,64569.84233
2025-04-19 13:10:39,NFLX,BUY,281.1,668.5553,666.3403,-622.6365,63947.20583
2025-04-19 13:13:43,NFLX,SELL,51.1,596.717,602.1365,276.93645,64224.14228
2025-04-19 13:16:05,GOOGL,BUY,325.8,188.8679,191.0873,723.08052,64947.2228
2025-04-19 13:19:09,GOOGL,BUY,206.2,156.7918,156.4679,-66.78818,64880.43462
2025-04-19 13:21:31,META,SELL,162.9,474.7266,478.0934,548.45172,65428.88634
2025-04-19 13:24:39,GOOGL,SELL,108.0,179.0926,180.7654,180.6624,65609.54874
2025-04-19 13:27:11,GOOGL,BUY,335.9,155.4139,154.1264,-432.47125,65177.07749
2025-04-19 13:30:14,META,SELL,52.5,519.3141,522.3674,160.29825,65337.37574
2025-04-19 13:32:35,MSFT,SELL,81.2,390.4265,393.3931,240.88792,65578.26366
2025-04-19 13:34:09,GOOGL,BUY,271.1,170.2056,168.7562,-392.93234,65185.33132
2025-04-19 13:37:12,AAPL,SELL,149.5,205.2299,204.3986,-124.27935,65061.05197
2025-04-19 13:40:01,MSFT,BUY,196.2,381.2911,386.4321,1008.6642,66069.71617
2025-04-19 13:43:07,AAPL,SELL,156.0,173.7405,173.8758,21.1068,66090.82297
2025-04-19 13:45:19,AAPL,BUY,285.3,186.9718,188.0127,296.96877,66387.79174
2025-04-19 13:48:08,GOOGL,BUY,347.4,169.4397,168.6425,-276.94728,66110.84446
2025-04-19 13:49:42,AMZN,SELL,266.4,203.8586,202.3972,-389.31696,65721.5275
2025-04-19 13:52:49,MSFT,BUY,39.2,435.2821,439.8343,178.44624,65899.97374
2025-04-19 13:56:08,META,BUY,215.3,559.4267,562.8217,730.9435,66630.91724
2025-04-19 13:57:43,GOOGL,BUY,283.3,170.6139,169.2438,-388.14933,66242.76791
2025-04-19 14:00:07,GOOGL,SELL,134.4,189.6981,188.1654,-205.99488,66036.77303
2025-04-19 14:02:06,NFLX,BUY,129.6,645.7239,651.5748,758.27664,66795.04967
2025-04-19 14:03:37,AMZN,BUY,249.7,211.3648,209.9425,-355.14831,66439.90136
2025-04-19 14:06:12,NVDA,BUY,227.8,488.0911,492.3936,980.1095,67420.01086
2025-04-19 14:07:42,GOOGL,BUY,226.3,202.1442,202.0433,-22.83367,67397.17719
2025-04-19 14:10:26,META,BUY,152.1,553.215,546.0557,-1088.92953,66308.24766
2025-04-19 14:12:01,MSFT,BUY,14.0,395.0838,400.097,70.1848,66378.43246
2025-04-19 14:13:52,MSFT,SELL,117.4,401.9443,404.3144,278.24974,66656.6822
2025-04-19 14:16:22,NFLX,SELL,298.0,637.0698,646.4885,2806.7726,69463.4548
2025-04-19 14:18:37,GOOGL,BUY,265.2,170.2467,168.7201,-404.85432,69058.60048
2025-04-19 14:20:29,NVDA,SELL,45.9,471.6147,472.717,50.59557,69109.19605
2025-04-19 14:23:38,META,BUY,158.3,500.7364,498.7136,-320.20924,68788.98681
2025-04-19 14:27:00,AMZN,BUY,200.9,192.9172,194.8743,393.18139,69182.1682
2025-04-19 14:29:03,TSLA,SELL,21.6,158.145,157.9954,-3.23136,69178.93684
2025-04-19 14:31:52,MSFT,SELL,242.3,397.3584,401.8226,1081.67566,70260.6125
2025-04-19 14:35:05,MSFT,SELL,177.9,413.587,413.2312,-63.29682,70197.31568
2025-04-19 14:38:22,AAPL,SELL,85.1,196.5658,193.874,-229.07218,69968.2435
2025-04-19 14:41:23,AAPL,BUY,143.6,176.8006,176.6468,-22.08568,69946.15782
2025-04-19 14:44:53,TSLA,BUY,228.7,197.3299,194.4512,-658.35869,69287.79913
2025-04-19 14:46:54,META,SELL,115.3,535.6454,531.5997,-466.46921,68821.32992
2025-04-19 14:48:42,TSLA,SELL,340.3,178.3142,180.9479,896.24811,69717.57803
2025-04-19 14:51:35,META,BUY,63.4,526.0473,532.2698,394.5065,70112.08453
2025-04-19 14:53:38,TSLA,SELL,201.4,181.6596,183.7525,421.51006,70533.59459
2025-04-19 14:55:59,NFLX,SELL,139.4,626.668,625.6273,-145.07358,70388.52101
2025-04-19 14:58:22,NVDA,SELL,116.6,605.4004,607.2524,215.9432,70604.46421
2025-04-19 15:01:38,MSFT,SELL,340.6,399.9753,398.4243,-528.2706,70076.19361
2025-04-19 15:03:27,TSLA,BUY,243.9,323.92,320.0264,-949.64904,69126.54457
2025-04-19 15:06:46,TSLA,SELL,131.3,175.5575,175.5596,0.27573,69126.8203
2025-04-19 15:09:23,AMZN,SELL,285.6,180.2627,181.1223,245.50176,69372.32206
2025-04-19 15:10:55,META,BUY,25.7,516.8067,516.3789,-10.99446,69361.3276
2025-04-19 15:13:03,TSLA,SELL,232.6,180.4095,178.2692,-497.83378,68863.49382
2025-04-19 15:15:05,META,BUY,182.6,541.7996,542.252,82.60824,68946.10206
2025-04-19 15:17:43,TSLA,BUY,281.8,303.7763,300.5159,-918.78072,68027.32134
2025-04-19 15:20:54,GOOGL,BUY,31.2,176.1981,176.1958,-0.07176,68027.24958
2025-04-19 15:23:52,NFLX,BUY,67.3,680.7359,675.6652,-341.25811,67685.99147
2025-04-19 15:27:09,GOOGL,BUY,175.3,165.1331,166.4292,227.20633,67913.1978
2025-04-19 15:29:08,TSLA,BUY,235.4,207.6289,205.0776,-600.57602,67312.62178
2025-04-19 15:32:22,NVDA,BUY,227.5,782.7203,788.0936,1222.42575,68535.04753
2025-04-19 15:35:10,AMZN,SELL,96.1,177.2897,174.6727,-251.4937,68283.55383
2025-04-19 15:36:57,NVDA,BUY,195.3,928.7872,939.1207,2018.13255,70301.68638
2025-04-19 15:39:16,NFLX,SELL,70.5,607.1308,614.5627,523.94895,70825.63533
2025-04-19 15:41:14,AMZN,SELL,37.2,200.6646,198.6613,-74.52276,70751.11257
2025-04-19 15:44:39,AMZN,SELL,113.6,207.6686,207.0255,-73.05616,70678.05641
2025-04-19 15:48:03,GOOGL,BUY,120.0,159.4098,158.2157,-143.292,70534.76441
2025-04-19 15:50:26,AAPL,SELL,66.2,242.2141,244.863,175.35718,70710.12159
2025-04-19 15:52:24,MSFT,BUY,168.4,426.2964,423.1336,-532.61552,70177.50607
2025-04-19 15:55:23,META,BUY,118.0,504.1096,497.2816,-805.704,69371.80207
2025-04-19 15:58:24,NVDA,BUY,47.7,467.1162,473.922,324.63666,69696.43873
2025-04-19 16:00:51,MSFT,SELL,199.9,401.1028,395.7574,-1068.54546,68627.89327
2025-04-19 16:04:16,GOOGL,SELL,252.8,168.0534,167.468,-147.98912,68479.90415
2025-04-19 16:05:46,AAPL,SELL,195.3,243.51,246.5114,586.17342,69066.07757
2025-04-19 16:08:38,MSFT,BUY,268.8,431.0456,426.4496,-1235.4048,67830.67277
2025-04-19 16:10:34,GOOGL,BUY,246.5,172.7679,171.8448,-227.54415,67603.12862
2025-04-19 16:12:31,META,BUY,178.8,502.1846,500.8312,-241.98792,67361.1407
2025-04-19 16:14:25,AMZN,SELL,290.1,179.5538,179.9496,114.82158,67475.96228
2025-04-19 16:17:13,GOOGL,BUY,253.6,175.949,175.9449,-1.03976,67474.92252
2025-04-19 16:18:58,META,BUY,182.0,526.3566,520.8997,-993.1558,66481.76672
2025-04-19 16:20:53,AMZN,SELL,320.6,220.669,219.9542,-229.16488,66252.60184
2025-04-19 16:22:35,MSFT,BUY,214.1,454.7144,460.6407,1268.82083,67521.42267
2025-04-19 16:25:59,NFLX,SELL,289.0,691.2188,681.589,-2783.0122,64738.41047
2025-04-19 16:29:06,NFLX,BUY,120.3,593.235,599.582,763.5441,65501.95457
2025-04-19 16:32:19,META,SELL,77.8,526.1397,530.1551,312.39812,65814.35269
2025-04-19 16:33:58,AAPL,BUY,241.2,206.2064,207.0223,196.79508,66011.14777
2025-04-19 16:36:34,AAPL,BUY,221.2,192.6568,193.6414,217.79352,66228.94129
2025-04-19 16:38:36,GOOGL,SELL,105.1,164.2864,165.9328,173.03664,66401.97793
2025-04-19 16:40:51,TSLA,SELL,300.3,220.7012,221.3674,200.05986,66602.03779
2025-04-19 16:44:21,TSLA,SELL,204.9,290.7978,289.1047,-346.91619,66255.1216
2025-04-19 16:47:01,GOOGL,SELL,101.6,187.9505,186.8483,-111.98352,66143.13808
2025-04-19 16:48:31,META,BUY,265.8,457.3598,455.8253,-407.8701,65735.26798
2025-04-19 16:50:05,NFLX,SELL,186.6,585.643,594.0046,1560.27456,67295.54254
2025-04-19 16:52:54,TSLA,BUY,176.5,376.2794,379.6113,588.08035,67883.62289
2025-04-19 16:55:27,NVDA,BUY,11.9,724.7258,721.0236,-44.05618,67839.56671
2025-04-19 16:58:11,NVDA,BUY,317.7,545.1675,543.3256,-585.17163,67254.39508
2025-04-19 17:00:38,TSLA,SELL,111.1,182.5638,181.1073,-161.81715,67092.57793
2025-04-19 17:03:38,MSFT,SELL,82.4,427.1512,422.0761,-418.18824,66674.38969
2025-04-19 17:05:55,NVDA,BUY,94.7,514.692,514.8351,13.55157,66687.94126
2025-04-19 17:08:47,TSLA,SELL,172.7,346.0429,345.2377,-139.05804,66548.88322
2025-04-19 17:10:39,MSFT,BUY,293.2,391.2929,395.2858,1170.71828,67719.6015
2025-04-19 17:12:50,AMZN,SELL,264.6,190.1476,192.5465,634.74894,68354.35044
2025-04-19 17:14:21,MSFT,SELL,139.2,440.2106,442.7366,351.6192,68705.96964
2025-04-19 17:16:59,AAPL,BUY,171.3,203.7227,202.1752,-265.08675,68440.88289
2025-04-19 17:19:55,GOOGL,BUY,248.4,150.5154,152.5026,493.62048,68934.50337
2025-04-19 17:22:46,META,BUY,64.3,494.3282,499.7446,348.27452,69282.77789
2025-04-19 17:24:55,TSLA,BUY,109.7,316.9183,312.2505,-512.05766,68770.72023
2025-04-19 17:26:27,AAPL,BUY,334.4,172.067,172.3548,96.24032,68866.96055
2025-04-19 17:29:27,NVDA,SELL,34.3,554.1027,559.4914,184.83241,69051.79296
2025-04-19 17:32:13,TSLA,SELL,187.5,211.6195,214.2366,490.70625,69542.49921
2025-04-19 17:34:38,META,SELL,338.6,497.9468,503.8522,1999.56844,71542.06765
2025-04-19 17:37:52,NVDA,SELL,57.0,574.4826,579.0262,258.9852,71801.05285
2025-04-19 17:40:34,AMZN,BUY,315.0,199.0813,201.3744,722.3265,72523.37935
2025-04-19 17:43:28,TSLA,SELL,28.2,383.8665,387.4691,101.59332,72624.97267
2025-04-19 17:45:36,META,BUY,248.4,539.467,544.0636,1141.79544,73766.76811
2025-04-19 17:48:06,NVDA,BUY,190.7,585.707,583.773,-368.8138,73397.95431
2025-04-19 17:50:05,AAPL,SELL,14.9,238.6621,237.4725,-17.72504,73380.22927
2025-04-19 17:53:18,MSFT,BUY,73.4,387.3403,384.6073,-200.6022,73179.62707
2025-04-19 17:55:40,META,SELL,332.5,553.6269,553.4712,-51.77025,73127.85682
2025-04-19 17:57:41,GOOGL,BUY,251.1,159.8805,161.7202,461.94867,73589.80549
2025-04-19 17:59:32,MSFT,BUY,29.8,407.6142,412.8303,155.43978,73745.24527
2025-04-19 18:01:53,AMZN,SELL,285.5,185.3923,184.8148,-164.87625,73580.36902
2025-04-19 18:03:42,GOOGL,SELL,218.1,201.2368,202.4583,266.40915,73846.77817
2025-04-19 18:06:37,MSFT,SELL,153.2,387.4835,391.6219,634.00288,74480.78105
2025-04-19 18:09:21,AAPL,BUY,29.4,190.8108,191.8138,29.4882,74510.26925
2025-04-19 18:12:28,NFLX,BUY,63.4,614.2729,620.9939,426.1114,74936.38065
2025-04-19 18:15:14,GOOGL,SELL,55.8,184.1517,181.7115,-136.16316,74800.21749
2025-04-19 18:16:57,AMZN,BUY,134.4,215.5003,214.9604,-72.56256,74727.65493
2025-04-19 18:19:21,AAPL,SELL,14.3,170.7416,172.6812,27.73628,74755.39121
2025-04-19 18:21:11,AMZN,SELL,340.3,226.6227,229.2957,909.6219,75665.01311
2025-04-19 18:22:42,NFLX,BUY,77.4,591.6147,596.1701,352.58796,76017.60107
2025-04-19 18:24:48,GOOGL,SELL,274.9,179.726,180.9218,328.72542,76346.32649
2025-04-19 18:27:21,GOOGL,SELL,93.6,199.3869,197.4503,-181.26576,76165.06073
2025-04-19 18:29:52,AMZN,BUY,174.6,192.5872,192.8114,39.14532,76204.20605
2025-04-19 18:32:14,AAPL,BUY,101.5,217.513,214.9395,-261.21025,75942.9958
2025-04-19 18:35:15,GOOGL,SELL,103.9,182.2623,182.8108,56.98915,75999.98495
2025-04-19 18:38:31,AAPL,SELL,297.2,226.1315,223.5657,-762.55576,75237.42919
2025-04-19 18:40:45,META,BUY,17.7,531.3826,528.1034,-58.04184,75179.38735
2025-04-19 18:43:09,GOOGL,BUY,96.8,164.4502,164.4665,1.57784,75180.96519
2025-04-19 18:44:48,TSLA,SELL,30.6,351.341,348.979,-72.2772,75108.68799
2025-04-19 18:48:18,META,SELL,275.7,545.5001,549.6998,1157.85729,76266.54528
2025-04-19 18:50:56,META,SELL,121.0,452.9739,448.6574,-522.2965,75744.24878
2025-04-19 18:52:40,NFLX,BUY,108.3,649.5587,656.9723,802.89288,76547.14166
2025-04-19 18:55:48,GOOGL,BUY,134.5,154.2644,156.3275,277.48695,76824.62861
2025-04-19 18:57:35,TSLA,BUY,143.0,316.758,321.4361,668.9683,77493.59691
2025-04-19 19:00:43,NVDA,BUY,209.6,556.6359,556.1721,-97.21248,77396.38443
2025-04-19 19:04:13,META,BUY,326.2,548.4184,546.2042,-722.27204,76674.11239
2025-04-19 19:06:03,TSLA,SELL,285.3,248.6457,250.8819,637.98786,77312.10025
2025-04-19 19:08:01,NFLX,SELL,24.7,599.9536,606.2484,155.48156,77467.58181
2025-04-19 19:11:16,NFLX,BUY,257.8,683.0952,692.2883,2369.98118,79837.56299
2025-04-19 19:14:08,META,SELL,59.0,449.9831,447.4954,-146.7743,79690.78869
2025-04-19 19:16:11,NVDA,BUY,181.4,617.9216,618.4135,89.23066,79780.01935
2025-04-19 19:18:01,MSFT,SELL,263.4,448.3966,447.2089,-312.84018,79467.17917
2025-04-19 19:20:22,TSLA,BUY,329.4,355.3437,356.5084,383.65218,79850.83135
2025-04-19 19:22:15,AAPL,SELL,301.8,204.3503,206.7326,718.97814,80569.80949
2025-04-19 19:25:00,AAPL,SELL,327.6,201.8264,204.5794,901.8828,81471.69229
2025-04-19 19:28:27,NFLX,SELL,34.9,671.551,669.2125,-81.61365,81390.07864
2025-04-19 19:31:36,AAPL,SELL,332.2,185.8482,184.2894,-517.83336,80872.24528
2025-04-19 19:33:55,AMZN,SELL,85.3,205.88,204.2044,-142.92868,80729.3166
2025-04-19 19:36:47,MSFT,SELL,262.8,463.0146,462.5378,-125.30304,80604.01356
2025-04-19 19:38:51,NFLX,SELL,327.0,642.5834,647.7391,1685.9139,82289.92746
2025-04-19 19:41:12,AAPL,SELL,137.1,234.0357,234.7115,92.65218,82382.57964
2025-04-19 19:44:07,TSLA,SELL,271.7,254.405,250.7985,-979.88605,81402.69359
2025-04-19 19:45:46,GOOGL,BUY,299.4,185.642,186.3256,204.66984,81607.36343
2025-04-19 19:49:06,AMZN,SELL,56.6,176.748,177.9114,65.84844,81673.21187
2025-04-19 19:51:52,GOOGL,BUY,74.8,200.8314,203.2565,181.39748,81854.60935
2025-04-19 19:53:36,META,SELL,169.0,487.3856,482.3046,-858.689,80995.92035
2025-04-19 19:56:57,NFLX,SELL,244.0,630.2557,631.8067,378.444,81374.36435
2025-04-19 19:59:35,AMZN,BUY,83.1,215.4515,214.1803,-105.63672,81268.72763
2025-04-19 20:02:16,TSLA,SELL,289.7,372.6185,370.088,-733.08585,80535.64178
2025-04-19 20:04:33,GOOGL,SELL,279.2,208.5822,209.9696,387.36208,80923.00386
2025-04-19 20:06:28,AAPL,SELL,204.4,211.3563,212.7328,281.3566,81204.36046
2025-04-19 20:09:14,GOOGL,BUY,12.4,175.9035,174.2576,-20.40916,81183.9513
2025-04-19 20:12:25,NVDA,BUY,143.9,845.9683,855.4266,1361.04937,82545.00067
2025-04-19 20:15:11,AAPL,SELL,76.1,220.4697,221.1455,51.42838,82596.42905
2025-04-19 20:18:19,GOOGL,SELL,137.3,174.5243,175.4656,129.24049,82725.66954
2025-04-19 20:21:03,META,SELL,237.6,552.1881,557.8395,1342.77264,84068.44218
2025-04-19 20:23:34,NFLX,BUY,42.2,617.2878,618.7868,63.2578,84131.69998
2025-04-19 20:26:25,GOOGL,SELL,288.5,161.5409,163.7247,630.0263,84761.72628
2025-04-19 20:28:31,AMZN,BUY,17.0,193.5696,191.5509,-34.3179,84727.40838
2025-04-19 20:30:13,META,BUY,61.1,486.6706,492.8533,377.76297,85105.17135
2025-04-19 20:33:22,GOOGL,BUY,66.3,171.1327,172.7224,105.39711,85210.56846
2025-04-19 20:36:50,NVDA,SELL,71.7,541.5233,536.2324,-379.35753,84831.21093
2025-04-19 20:39:34,AAPL,BUY,168.1,228.6124,225.4897,-524.92587,84306.28506
2025-04-19 20:42:32,GOOGL,BUY,34.8,177.4888,177.0734,-14.45592,84291.82914
2025-04-19 20:44:40,GOOGL,BUY,331.7,161.5866,162.1618,190.79384,84482.62298
2025-04-19 20:46:37,AMZN,SELL,173.2,194.6395,193.9775,-114.6584,84367.96458
2025-04-19 20:48:20,NFLX,BUY,238.9,576.7703,579.1911,578.32912,84946.2937
2025-04-19 20:50:34,MSFT,SELL,244.7,456.0663,454.3491,-420.19884,84526.09486
2025-04-19 20:53:09,META,SELL,302.5,519.2433,513.7918,-1649.07875,82877.01611
2025-04-19 20:56:29,TSLA,BUY,316.3,346.4487,348.3084,588.22311,83465.23922
2025-04-19 20:59:21,GOOGL,SELL,51.8,181.8309,180.723,-57.38922,83407.85
2025-04-19 21:00:58,AAPL,BUY,349.9,184.1499,185.3509,420.2299,83828.0799
2025-04-19 21:04:27,GOOGL,BUY,101.8,160.7649,160.7628,-0.21378,83827.86612
2025-04-19 21:07:29,META,SELL,282.2,499.0231,505.8969,1939.78636,85767.65248
2025-04-19 21:10:53,AAPL,SELL,32.8,214.2578,211.9545,-75.54824,85692.10424
2025-04-19 21:13:18,GOOGL,BUY,83.0,166.4139,165.6299,-65.072,85627.03224
2025-04-19 21:16:40,META,SELL,263.0,517.6829,518.2945,160.8508,85787.88304
2025-04-19 21:19:36,AAPL,SELL,82.5,211.1326,208.6102,-208.098,85579.78504
2025-04-19 21:22:48,META,BUY,336.0,475.5474,482.1073,2204.1264,87783.91144
2025-04-19 21:26:08,TSLA,SELL,12.2,364.8203,361.9486,-35.03474,87748.8767
2025-04-19 21:29:07,NFLX,BUY,291.5,699.7784,708.7347,2610.76145,90359.63815
2025-04-19 21:31:54,AMZN,SELL,96.8,210.089,207.3903,-261.23416,90098.40399
2025-04-19 21:33:24,MSFT,SELL,346.9,431.8738,429.3083,-889.97195,89208.43204
2025-04-19 21:35:53,AMZN,BUY,288.8,191.5556,194.2625,781.75272,89990.18476
2025-04-19 21:38:11,META,SELL,142.5,462.2153,468.6214,912.86925,90903.05401
2025-04-19 21:39:52,NVDA,BUY,8.4,944.9722,948.3898,28.70784,90931.76185
2025-04-19 21:43:19,GOOGL,SELL,51.4,170.3716,171.7211,69.3643,91001.12615
2025-04-19 21:45:02,META,SELL,56.8,543.1562,544.0722,52.0288,91053.15495
2025-04-19 21:47:57,GOOGL,BUY,31.1,194.2629,193.2837,-30.45312,91022.70183
2025-04-19 21:49:41,NVDA,BUY,181.2,915.865,911.5132,-788.54616,90234.15567
2025-04-19 21:52:01,GOOGL,BUY,330.0,182.4103,180.1254,-754.017,89480.13867
2025-04-19 21:53:32,AMZN,BUY,26.2,230.2351,229.3071,-24.3136,89455.82507
2025-04-19 21:55:46,MSFT,SELL,194.7,400.7895,395.718,-987.42105,88468.40402
2025-04-19 21:59:08,META,SELL,59.0,542.3888,538.7214,-216.3766,88252.02742
2025-04-19 22:01:27,NFLX,BUY,183.1,678.1016,687.4735,1715.99489,89968.02231
2025-04-19 22:03:12,TSLA,BUY,213.5,376.5629,377.4778,195.33115,90163.35346
2025-04-19 22:06:13,MSFT,BUY,243.2,390.8109,391.8113,243.29728,90406.65074
2025-04-19 22:08:17,AMZN,SELL,34.6,176.2489,178.3872,73.98518,90480.63592
2025-04-19 22:10:31,MSFT,BUY,174.3,385.4293,389.7734,757.17663,91237.81255
2025-04-19 22:12:50,AMZN,SELL,282.3,183.0922,181.2687,-514.77405,90723.0385
2025-04-19 22:15:03,AAPL,SELL,279.4,196.2673,198.0637,501.91416,91224.95266
2025-04-19 22:18:03,GOOGL,BUY,181.6,166.3008,165.5229,-141.26664,91083.68602
2025-04-19 22:19:40,TSLA,SELL,329.2,179.6972,182.1519,808.08724,91891.77326
2025-04-19 22:21:10,GOOGL,BUY,302.4,164.972,164.0164,-288.97344,91602.79982
2025-04-19 22:22:59,AMZN,BUY,243.4,230.8039,233.4953,655.08676,92257.88658
2025-04-19 22:25:14,GOOGL,BUY,69.4,182.7247,182.0342,-47.9207,92209.96588
2025-04-19 22:27:45,TSLA,SELL,170.4,334.6667,337.5731,495.25056,92705.21644
2025-04-19 22:30:38,MSFT,BUY,217.3,433.8389,439.7364,1281.52675,93986.74319
2025-04-19 22:33:44,AAPL,BUY,34.6,212.9996,210.7209,-78.84302,93907.90017
2025-04-19 22:35:43,GOOGL,BUY,138.3,161.402,161.3495,-7.26075,93900.63942
2025-04-19 22:38:41,GOOGL,BUY,55.0,192.5861,190.0063,-141.889,93758.75042
2025-04-19 22:40:48,AAPL,BUY,9.6,223.0338,223.2646,2.21568,93760.9661
2025-04-19 22:42:44,MSFT,BUY,204.7,442.2566,448.4159,1260.80871,95021.77481
2025-04-19 22:44:52,NVDA,BUY,295.9,869.3124,879.7023,3074.37141,98096.14622
2025-04-19 22:48:02,NFLX,BUY,248.8,727.5506,731.4209,962.93064,99059.07686
2025-04-19 22:50:38,MSFT,BUY,54.2,385.1874,386.2057,55.19186,99114.26872
2025-04-19 22:53:17,GOOGL,BUY,30.1,176.9786,179.2606,68.6882,99182.95692
2025-04-19 22:56:44,TSLA,SELL,314.3,185.7967,185.2344,-176.73089,99006.22603
2025-04-19 22:59:48,TSLA,BUY,237.5,340.9007,340.7385,-38.5225,98967.70353
2025-04-19 23:02:16,META,SELL,310.0,461.9458,455.494,-2000.058,96967.64553
2025-04-19 23:04:53,NFLX,BUY,270.1,633.5881,640.0911,1756.4603,98724.10583
2025-04-19 23:07:42,AAPL,BUY,47.3,232.1829,229.1745,-142.29732,98581.80851
2025-04-19 23:10:43,GOOGL,SELL,120.6,170.1159,170.9969,106.2486,98688.05711
2025-04-19 23:13:42,AAPL,SELL,93.2,194.7153,192.9931,-160.50904,98527.54807
2025-04-19 23:15:34,NFLX,SELL,8.2,688.495,697.054,70.1838,98597.73187
2025-04-19 23:18:11,MSFT,BUY,99.3,426.0458,428.1471,208.65909,98806.39096
2025-04-19 23:20:22,NVDA,BUY,276.2,619.5515,625.7801,1720.33932,100526.73028
2025-04-19 23:23:42,META,SELL,239.8,523.5683,527.4237,924.52492,101451.2552
2025-04-19 23:26:57,NFLX,SELL,177.0,650.3697,650.2898,-14.1423,101437.1129
2025-04-19 23:28:57,AAPL,SELL,167.7,220.9066,218.4504,-411.90474,101025.20816
2025-04-19 23:30:37,AAPL,BUY,45.8,228.198,229.3182,51.30516,101076.51332
2025-04-19 23:33:01,MSFT,BUY,274.4,447.9355,447.6713,-72.49648,101004.01684
2025-04-19 23:35:07,META,BUY,35.7,458.6215,459.4442,29.37039,101033.38723
2025-04-19 23:38:28,NFLX,BUY,21.3,628.4664,619.3956,-193.20804,100840.17919
2025-04-19 23:40:32,AMZN,SELL,104.6,176.1201,177.1294,105.57278,100945.75197
2025-04-19 23:43:15,MSFT,BUY,282.0,430.8699,425.2496,-1584.9246,99360.82737
2025-04-19 23:46:03,TSLA,BUY,183.6,278.2027,276.2971,-349.86816,99010.95921
2025-04-19 23:49:23,AMZN,BUY,323.2,233.589,235.9947,777.52224,99788.48145
2025-04-19 23:51:08,NVDA,BUY,229.5,649.7549,657.8157,1849.9536,101638.43505
2025-04-19 23:53:15,GOOGL,BUY,122.4,192.0028,191.1543,-103.8564,101534.57865
2025-04-19 23:56:08,NVDA,BUY,118.7,813.8779,825.1995,1343.87392,102878.45257
2025-04-19 23:58:55,NFLX,BUY,261.3,614.5957,622.579,2086.03629,104964.48886
2025-04-20 00:01:12,AMZN,BUY,148.3,193.0256,191.1922,-271.89322,104692.59564
2025-04-20 00:03:10,NFLX,SELL,231.6,592.5688,597.7606,1202.42088,105895.01652
2025-04-20 00:05:43,GOOGL,SELL,111.3,186.5994,188.0554,162.0528,106057.06932
2025-04-20 00:09:11,GOOGL,BUY,43.3,173.7851,173.6046,-7.81565,106049.25367
2025-04-20 00:11:29,META,SELL,129.0,494.5838,500.9519,821.4849,106870.73857
2025-04-20 00:13:26,MSFT,SELL,211.2,382.6207,381.847,-163.40544,106707.33313
2025-04-20 00:15:34,NFLX,SELL,149.1,713.9989,709.8481,-618.88428,106088.44885
2025-04-20 00:18:10,AMZN,BUY,6.9,195.4106,195.8906,3.312,106091.76085
2025-04-20 00:21:00,TSLA,BUY,191.6,177.2583,178.1547,171.75024,106263.51109
2025-04-20 00:22:52,AAPL,BUY,17.3,208.5733,211.2027,45.48862,106308.99971
2025-04-20 00:24:25,NFLX,SELL,310.7,659.8039,656.6654,-975.13195,105333.86776
2025-04-20 00:26:16,NVDA,SELL,153.2,782.2027,783.2604,162.03964,105495.9074
2025-04-20 00:29:00,AAPL,BUY,324.7,236.8228,238.7296,619.13796,106115.04536
2025-04-20 00:32:06,META,SELL,16.1,554.9089,562.3295,119.47166,106234.51702
2025-04-20 00:34:22,AAPL,SELL,318.4,167.0148,167.7367,229.85296,106464.36998
2025-04-20 00:36:22,NFLX,BUY,163.7,619.3338,615.6548,-602.2523,105862.11768
2025-04-20 00:38:29,AAPL,SELL,186.6,191.6997,189.7732,-359.4849,105502.63278
2025-04-20 00:40:44,META,BUY,233.9,541.0031,546.6572,1322.49399,106825.12677
2025-04-20 00:43:58,MSFT,BUY,256.0,411.9256,416.5161,1175.168,108000.29477
2025-04-20 00:45:39,GOOGL,BUY,189.4,207.7031,205.6738,-384.34942,107615.94535
2025-04-20 00:47:17,NVDA,BUY,12.0,862.376,857.7847,-55.0956,107560.84975
2025-04-20 00:49:45,AAPL,BUY,304.2,193.2604,193.0271,-70.96986,107489.87989
2025-04-20 00:52:28,META,BUY,88.9,526.24,524.298,-172.6438,107317.23609
2025-04-20 00:55:53,NVDA,BUY,160.4,737.4314,742.0288,737.42296,108054.65905
2025-04-20 00:58:28,NFLX,SELL,138.0,609.7552,615.0802,734.85,108789.50905
2025-04-20 01:01:48,AMZN,SELL,338.3,199.8566,201.8922,688.64348,109478.15253
2025-04-20 01:05:06,GOOGL,BUY,19.4,163.6981,165.8448,41.64598,109519.79851
2025-04-20 01:08:09,TSLA,SELL,86.3,260.3374,263.3169,257.13085,109776.92936
2025-04-20 01:11:02,MSFT,SELL,21.1,403.2573,405.0173,37.136,109814.06536
2025-04-20 01:12:47,MSFT,BUY,207.7,427.8785,422.6127,-1093.70666,108720.3587
2025-04-20 01:14:34,TSLA,SELL,189.7,315.979,316.0045,4.83735,108725.19605
2025-04-20 01:17:37,AMZN,BUY,160.5,186.2848,187.1305,135.73485,108860.9309
2025-04-20 01:20:10,TSLA,SELL,232.6,349.4345,346.6638,-644.46482,108216.46608
2025-04-20 01:22:04,GOOGL,SELL,126.3,159.7647,161.4904,217.95591,108434.42199
2025-04-20 01:24:07,META,BUY,310.2,476.5267,479.1148,802.82862,109237.25061
2025-04-20 01:26:15,GOOGL,SELL,316.2,177.8331,179.3391,476.1972,109713.44781
2025-04-20 01:28:58,TSLA,BUY,214.2,313.6133,312.4899,-240.63228,109472.81553
2025-04-20 01:31:15,AAPL,SELL,289.6,184.3012,183.587,-206.83232,109265.98321
2025-04-20 01:33:23,TSLA,BUY,213.9,232.715,232.782,14.3313,109280.31451
2025-04-20 01:35:44,NFLX,SELL,98.9,581.0893,577.0944,-395.09561,108885.2189
2025-04-20 01:39:03,NFLX,SELL,289.5,690.64,699.0318,2429.4261,111314.645
2025-04-20 01:41:32,NFLX,SELL,11.0,641.3138,636.4254,-53.7724,111260.8726
2025-04-20 01:43:12,NFLX,BUY,106.3,603.7363,595.1565,-912.03274,110348.83986
2025-04-20 01:46:02,AAPL,SELL,63.9,165.7147,167.2576,98.59131,110447.43117
2025-04-20 01:47:44,MSFT,BUY,19.5,419.5605,423.0473,67.9926,110515.42377
2025-04-20 01:49:52,NVDA,SELL,303.4,548.2518,544.9149,-1012.41546,109503.00831
2025-04-20 01:51:32,NFLX,SELL,77.8,645.516,645.7498,18.18964,109521.19795
2025-04-20 01:53:16,NVDA,SELL,175.1,532.0768,527.7015,-766.11503,108755.08292
2025-04-20 01:56:07,NVDA,SELL,165.9,819.6693,819.6973,4.6452,108759.72812
2025-04-20 01:58:50,GOOGL,SELL,61.3,169.4792,171.5522,127.0749,108886.80302
2025-04-20 02:01:28,NFLX,BUY,259.2,687.5939,683.9555,-943.07328,107943.72974
2025-04-20 02:04:11,NFLX,BUY,23.6,627.3633,625.8765,-35.08848,107908.64126
2025-04-20 02:06:11,GOOGL,BUY,344.7,197.5974,196.0282,-540.90324,107367.73802
2025-04-20 02:08:46,AMZN,SELL,330.1,211.6892,209.2686,-799.04006,106568.69796
2025-04-20 02:10:54,MSFT,SELL,22.2,441.4649,446.5723,113.38428,106682.08224
2025-04-20 02:14:14,META,BUY,21.8,469.5523,470.5943,22.7156,106704.79784
2025-04-20 02:16:25,NFLX,BUY,152.7,654.2371,644.4432,-1495.52853,105209.26931
2025-04-20 02:19:08,NFLX,SELL,232.8,622.4951,629.9092,1726.00248,106935.27179
2025-04-20 02:21:01,META,SELL,303.9,482.0385,475.4719,-1995.58974,104939.68205
2025-04-20 02:23:03,GOOGL,SELL,301.7,192.8262,191.9822,-254.6348,104685.04725
2025-04-20 02:25:43,NVDA,SELL,186.4,472.6269,466.9238,-1063.05784,103621.98941
2025-04-20 02:27:48,AMZN,BUY,23.2,182.4957,182.443,-1.22264,103620.76677
2025-04-20 02:31:14,AMZN,BUY,12.1,226.6588,227.2672,7.36164,103628.12841
2025-04-20 02:34:04,NVDA,SELL,307.3,735.3015,725.0552,-3148.68799,100479.44042
2025-04-20 02:35:49,TSLA,SELL,184.2,238.8867,240.6952,333.1257,100812.56612
2025-04-20 02:38:39,AMZN,SELL,78.5,169.5311,170.2161,53.7725,100866.33862
2025-04-20 02:41:28,META,SELL,73.1,553.7737,560.6152,500.11365,101366.45227
2025-04-20 02:44:15,AAPL,SELL,337.4,204.0851,204.0421,-14.5082,101351.94407
2025-04-20 02:47:33,TSLA,SELL,71.3,242.4319,243.4329,71.3713,101423.31537
2025-04-20 02:49:26,NVDA,BUY,245.8,505.2651,500.8937,-1074.49012,100348.82525
2025-04-20 02:52:23,AAPL,BUY,337.7,207.6954,205.3124,-804.7391,99544.08615
2025-04-20 02:53:58,NVDA,SELL,14.0,697.4041,706.0963,121.6908,99665.77695
2025-04-20 02:55:32,GOOGL,SELL,275.6,184.5557,184.8825,90.06608,99755.84303
2025-04-20 02:58:08,AAPL,SELL,148.6,218.5379,219.8071,188.60312,99944.44615
2025-04-20 03:00:27,META,SELL,328.7,547.2577,552.558,1742.20861,101686.65476
2025-04-20 03:02:52,NFLX,BUY,67.1,666.0503,657.3789,-581.85094,101104.80382
2025-04-20 03:04:39,AMZN,BUY,23.8,191.3714,193.741,56.39648,101161.2003
2025-04-20 03:06:48,NVDA,BUY,170.1,595.5699,595.9481,64.33182,101225.53212
2025-04-20 03:08:49,AMZN,BUY,300.8,206.2029,208.1565,587.64288,101813.175
2025-04-20 03:10:41,NFLX,BUY,132.2,600.0039,602.9947,395.38376,102208.55876
2025-04-20 03:12:47,META,BUY,68.0,540.7647,533.2255,-512.6656,101695.89316
2025-04-20 03:14:45,TSLA,BUY,189.9,158.5726,158.0,-108.73674,101587.15642
2025-04-20 03:18:10,META,BUY,180.1,539.4029,539.2605,-25.64624,101561.51018
2025-04-20 03:20:21,NFLX,SELL,247.9,625.5851,617.9275,-1898.31904,99663.19114
2025-04-20 03:23:46,GOOGL,SELL,59.9,202.8877,200.4024,-148.86947,99514.32167
2025-04-20 03:26:57,META,BUY,6.1,483.3987,487.2008,23.19281,99537.51448
2025-04-20 03:28:59,AAPL,BUY,222.9,176.8882,174.4486,-543.78684,98993.72764
2025-04-20 03:30:51,META,SELL,94.2,519.2562,520.643,130.63656,99124.3642
2025-04-20 03:33:28,NFLX,SELL,174.6,621.441,619.0524,-417.04956,98707.31464
2025-04-20 03:36:33,NVDA,BUY,272.8,671.8772,661.9338,-2712.55952,95994.75512
2025-04-20 03:38:59,MSFT,SELL,313.5,401.1247,399.7396,-434.22885,95560.52627
2025-04-20 03:41:32,NVDA,SELL,25.9,543.5061,536.5631,-179.8237,95380.70257
2025-04-20 03:44:39,TSLA,BUY,320.2,198.0636,196.1442,-614.59188,94766.11069
2025-04-20 03:46:18,MSFT,SELL,308.7,418.2675,416.9859,-395.62992,94370.48077
2025-04-20 03:48:35,NFLX,SELL,43.4,651.3727,647.3833,-173.13996,94197.34081
2025-04-20 03:50:21,AMZN,SELL,172.8,176.5011,179.1265,453.66912,94651.00993
2025-04-20 03:53:29,MSFT,BUY,24.0,459.3376,461.0186,40.344,94691.35393
2025-04-20 03:56:33,AMZN,SELL,154.2,194.1274,191.7178,-371.56032,94319.79361
2025-04-20 03:58:17,META,BUY,106.6,514.5271,514.9123,41.06232,94360.85593
2025-04-20 04:01:02,AAPL,BUY,160.7,197.4274,199.2738,296.71648,94657.57241
2025-04-20 04:03:48,AMZN,BUY,277.4,197.9845,198.8477,239.45168,94897.02409
2025-04-20 04:05:18,GOOGL,BUY,184.9,196.8656,197.4765,112.95541,95009.9795
2025-04-20 04:06:53,NVDA,BUY,319.1,812.4158,820.7307,2653.28459,97663.26409
2025-04-20 04:09:32,NFLX,BUY,100.8,648.0478,651.2605,323.84016,97987.10425
2025-04-20 04:12:58,AMZN,SELL,106.6,228.5864,230.6844,223.6468,98210.75105
2025-04-20 04:15:01,GOOGL,SELL,33.7,184.4669,183.0801,-46.73516,98164.01589
2025-04-20 04:16:40,NFLX,BUY,342.6,692.0372,696.5897,1559.6865,99723.70239
2025-04-20 04:19:30,AAPL,SELL,61.6,221.6814,221.8978,13.33024,99737.03263
2025-04-20 04:21:54,META,SELL,342.8,447.6511,449.7619,723.58224,100460.61487
2025-04-20 04:23:53,MSFT,BUY,250.1,458.1265,459.3038,294.44273,100755.0576
2025-04-20 04:25:45,NFLX,SELL,129.8,662.7847,668.664,763.13314,101518.19074
2025-04-20 04:27:17,NVDA,BUY,287.9,682.5907,689.1146,1878.23081,103396.42155
2025-04-20 04:30:23,NVDA,BUY,170.9,588.4371,580.5612,-1345.99131,102050.43024
2025-04-20 04:32:00,AAPL,SELL,332.7,177.0134,176.2598,-250.72272,101799.70752
2025-04-20 04:35:00,NFLX,SELL,302.8,722.0565,727.6568,1695.77084,103495.47836
2025-04-20 04:36:45,GOOGL,BUY,344.5,189.7404,188.8222,-316.3199,103179.15846
2025-04-20 04:40:02,GOOGL,SELL,335.7,173.3488,173.5084,53.57772,103232.73618
2025-04-20 04:42:19,AAPL,SELL,224.4,207.7797,206.8644,-205.39332,103027.34286
2025-04-20 04:45:47,AAPL,SELL,91.4,178.3361,178.6449,28.22432,103055.56718
2025-04-20 04:47:26,NVDA,SELL,171.9,484.0963,481.2499,-489.29616,102566.27102
2025-04-20 04:50:43,MSFT,BUY,337.2,451.8476,446.7713,-1711.72836,100854.54266
2025-04-20 04:53:54,AMZN,SELL,33.1,190.1714,191.9163,57.75619,100912.29885
2025-04-20 04:56:00,AMZN,BUY,120.0,208.0641,205.0405,-362.832,100549.46685
2025-04-20 04:59:19,TSLA,BUY,9.7,278.8611,281.4386,25.00175,100574.4686
2025-04-20 05:02:13,AMZN,BUY,165.8,170.0736,172.5379,408.58094,100983.04954
2025-04-20 05:05:01,META,BUY,208.9,518.2274,520.0241,375.33063,101358.38017
2025-04-20 05:08:12,META,SELL,83.0,525.8489,528.9319,255.889,101614.26917
2025-04-20 05:09:55,GOOGL,BUY,31.4,195.7948,195.9083,3.5639,101617.83307
2025-04-20 05:12:22,AMZN,BUY,151.1,193.0141,192.933,-12.25421,101605.57886
2025-04-20 05:14:33,META,SELL,285.2,445.8649,444.9341,-265.46416,101340.1147
2025-04-20 05:17:12,NFLX,BUY,13.0,677.5241,678.5488,13.3211,101353.4358
2025-04-20 05:19:53,NFLX,BUY,27.8,667.0852,673.2554,171.53156,101524.96736
2025-04-20 05:23:13,NFLX,SELL,131.9,715.8357,706.8889,-1180.08292,100344.88444
2025-04-20 05:24:45,META,SELL,239.1,452.9438,447.2432,-1363.01346,98981.87098
2025-04-20 05:27:53,GOOGL,SELL,24.2,162.0672,162.1223,1.33342,98983.2044
2025-04-20 05:31:02,NFLX,BUY,134.2,673.8578,672.0651,-240.58034,98742.62406
2025-04-20 05:33:56,AAPL,SELL,53.5,206.636,205.3368,-69.5072,98673.11686
2025-04-20 05:35:38,NVDA,SELL,273.8,929.5971,932.7493,863.07236,99536.18922
2025-04-20 05:35:58,NFLX,SELL,314.5,587.4094,582.4728,-1552.5607,97983.62852
2025-04-20 05:36:26,NFLX,SELL,27.7,588.0065,584.3422,-101.50111,97882.12741
2025-04-20 05:36:38,MSFT,SELL,65.1,454.6601,460.6879,392.40978,98274.53719
2025-04-20 05:37:02,GOOGL,BUY,140.4,146.5032,147.5162,142.2252,98416.76239
2025-04-20 05:37:36,TSLA,SELL,246.2,148.1533,147.6916,-113.67054,98303.09185
2025-04-20 05:37:49,META,BUY,200.9,552.2491,556.899,934.16491,99237.25676
2025-04-20 05:38:19,NFLX,BUY,300.8,641.2178,634.8342,-1920.18688,97317.06988
2025-04-20 05:38:50,NFLX,BUY,340.0,600.315,593.7561,-2230.026,95087.04388
2025-04-20 05:39:11,META,SELL,205.8,492.3721,489.0366,-686.4459,94400.59798
2025-04-20 05:39:19,NFLX,SELL,168.1,615.439,618.5065,515.64675,94916.24473
2025-04-20 05:39:35,NFLX,BUY,183.2,713.3186,719.0533,1050.59704,95966.84177
2025-04-20 05:39:43,META,BUY,22.8,502.2236,508.5991,145.3614,96112.20317
2025-04-20 05:40:09,META,SELL,158.9,465.3801,462.5678,-446.87447,95665.3287
2025-04-20 05:40:36,AAPL,BUY,217.4,212.0847,211.7792,-66.4157,95598.913
2025-04-20 05:41:08,TSLA,BUY,55.4,213.2122,215.8368,145.40284,95744.31584
2025-04-20 05:41:21,MSFT,BUY,269.6,417.0171,416.8696,-39.766,95704.54984
2025-04-20 05:41:43,GOOGL,BUY,63.0,189.9433,188.8948,-66.0555,95638.49434
2025-04-20 05:42:14,AMZN,BUY,48.6,228.702,231.6074,141.20244,95779.69678
2025-04-20 05:42:40,NVDA,BUY,348.8,499.4099,505.3328,2065.90752,97845.6043
2025-04-20 05:43:03,AMZN,BUY,235.0,180.1966,181.9425,410.2865,98255.8908
2025-04-20 05:43:19,MSFT,SELL,79.3,389.3297,390.3719,82.64646,98338.53726
2025-04-20 05:43:49,AAPL,BUY,109.1,186.3846,186.1438,-26.27128,98312.26598
2025-04-20 05:44:14,NVDA,BUY,111.0,917.4176,924.2082,753.7566,99066.02258
2025-04-20 05:44:22,MSFT,SELL,141.8,428.2924,432.2664,563.5132,99629.53578
2025-04-20 05:44:41,AAPL,SELL,246.9,183.3968,183.6809,70.14429,99699.68007
2025-04-20 05:44:58,META,SELL,190.3,480.6413,475.8972,-902.80223,98796.87784
2025-04-20 05:45:14,MSFT,SELL,336.1,378.5721,377.5223,-352.83778,98444.04006
2025-04-20 05:45:24,GOOGL,SELL,281.4,155.275,155.4839,58.78446,98502.82452
2025-04-20 05:46:07,META,SELL,98.1,544.3472,551.0803,660.51711,99163.34163
2025-04-20 05:46:48,AAPL,BUY,98.3,202.5442,204.3699,179.46631,99342.80794
2025-04-20 05:47:35,AAPL,BUY,142.0,218.8876,215.9509,-417.0114,98925.79654
2025-04-20 05:48:21,TSLA,SELL,36.9,305.1505,307.2909,78.98076,99004.7773
2025-04-20 05:49:36,AMZN,SELL,21.3,183.3797,180.7311,-56.41518,98948.36212
2025-04-20 05:50:28,AAPL,SELL,79.0,181.2748,180.0851,-93.9863,98854.37582
2025-04-20 05:51:45,NFLX,SELL,155.3,582.0418,579.3185,-422.92849,98431.44733
2025-04-20 05:52:58,META,SELL,324.1,461.8052,456.5878,-1690.95934,96740.48799
2025-04-20 05:53:49,AMZN,SELL,174.8,222.6878,220.2661,-423.31316,96317.17483
2025-04-20 05:54:42,AAPL,SELL,11.0,176.2861,175.7007,-6.4394,96310.73543
2025-04-20 05:55:50,AMZN,SELL,204.0,213.0323,212.8759,-31.9056,96278.82983
2025-04-20 05:56:34,META,SELL,54.9,468.8726,462.8809,-328.94433,95949.8855
2025-04-20 05:57:19,AAPL,SELL,271.8,162.4523,163.2131,206.78544,96156.67094
2025-04-20 05:58:13,META,SELL,24.8,532.6986,524.8679,-194.20136,95962.46958
2025-04-20 05:59:26,NVDA,SELL,262.6,531.0953,524.9536,-1612.81042,94349.65916
2025-04-20 06:00:22,MSFT,SELL,201.3,409.8909,411.9257,409.60524,94759.2644
2025-04-20 06:01:10,MSFT,SELL,267.1,441.013,444.9606,1054.40396,95813.66836
2025-04-20 06:02:16,AMZN,BUY,202.1,217.5411,220.4851,594.9824,96408.65076
2025-04-20 06:03:06,AMZN,BUY,276.4,195.4249,196.2291,222.28088,96630.93164
2025-04-20 06:04:09,META,SELL,177.7,489.5435,483.3679,-1097.40412,95533.52752
2025-04-20 06:04:54,MSFT,BUY,327.2,415.0356,411.8108,-1055.15456,94478.37296
2025-04-20 06:06:05,NFLX,SELL,127.8,663.1853,661.2905,-242.15544,94236.21752
2025-04-20 06:07:02,META,SELL,157.2,502.0581,500.5031,-244.446,93991.77152
2025-04-20 06:07:58,AAPL,BUY,345.0,186.2047,186.6751,162.288,94154.05952
2025-04-20 06:08:55,TSLA,BUY,60.7,191.1814,192.7802,97.04716,94251.10668
2025-04-20 06:10:02,AMZN,SELL,104.0,190.9384,192.207,131.9344,94383.04108
2025-04-20 06:11:22,MSFT,BUY,10.6,410.1768,405.1942,-52.81556,94330.22552
2025-04-20 06:12:38,NVDA,SELL,39.6,923.7579,933.2575,376.18416,94706.40968
2025-04-20 06:13:57,NVDA,SELL,143.1,633.3005,638.3087,716.67342,95423.0831
2025-04-20 06:14:40,NFLX,BUY,162.8,655.9163,650.1017,-946.61688,94476.46622
2025-04-20 06:15:22,TSLA,SELL,269.1,269.8115,270.1264,84.73959,94561.20581
2025-04-20 06:16:07,TSLA,BUY,232.0,284.9836,283.5464,-333.4304,94227.77541
2025-04-20 06:17:00,NFLX,SELL,77.3,708.8121,706.0989,-209.73036,94018.04505
2025-04-20 06:18:07,AMZN,BUY,256.2,178.5751,176.8354,-445.71114,93572.33391
2025-04-20 06:18:49,NFLX,SELL,277.9,570.4011,565.117,-1468.45139,92103.88252
2025-04-20 06:19:38,AAPL,SELL,260.5,187.7273,189.6709,506.3078,92610.19032
2025-04-20 06:20:54,MSFT,SELL,43.4,382.7008,384.9339,96.91654,92707.10686
2025-04-20 06:21:59,NFLX,SELL,34.8,709.1901,701.0645,-282.77088,92424.33598
2025-04-20 06:23:09,TSLA,BUY,90.9,191.3744,188.7577,-237.85803,92186.47795
2025-04-20 06:24:11,NVDA,BUY,249.5,651.2704,657.6499,1591.68525,93778.1632
2025-04-20 06:25:56,GOOGL,BUY,121.6,189.2799,190.1562,106.55808,93884.72128
2025-04-20 06:28:05,AAPL,BUY,195.8,180.9208,183.5579,516.34418,94401.06546
2025-04-20 06:29:57,META,BUY,10.0,461.6702,457.9936,-36.766,94364.29946
2025-04-20 06:31:42,NFLX,BUY,75.4,656.6475,647.6169,-680.90724,93683.39222
2025-04-20 06:33:53,META,SELL,42.0,470.7593,466.506,-178.6386,93504.75362
2025-04-20 06:35:38,NVDA,BUY,249.4,937.6843,929.1853,-2119.6506,91385.10302
2025-04-20 06:37:56,META,SELL,336.2,462.1776,463.6286,487.8262,91872.92922
2025-04-20 06:41:24,META,BUY,10.0,459.1885,464.1485,49.6,91922.52922
2025-04-20 06:43:43,TSLA,BUY,256.1,363.8716,361.595,-583.03726,91339.49196
2025-04-20 06:46:42,MSFT,BUY,93.9,411.4517,412.1662,67.09155,91406.58351
2025-04-20 06:49:09,NFLX,BUY,26.3,666.3035,664.8175,-39.0818,91367.50171
2025-04-20 06:51:40,AMZN,BUY,336.4,227.585,225.7796,-607.33656,90760.16515
2025-04-20 06:53:41,META,SELL,43.3,454.3178,453.5423,-33.57915,90726.586
2025-04-20 06:55:14,TSLA,SELL,118.1,311.1157,309.586,-180.65757,90545.92843
2025-04-20 06:57:49,NVDA,SELL,318.1,733.3388,743.6913,3293.13025,93839.05868
2025-04-20 07:01:02,META,BUY,172.8,471.3673,475.147,653.13216,94492.19084
2025-04-20 07:02:32,NFLX,BUY,247.3,642.3578,636.687,-1402.38884,93089.802
2025-04-20 07:05:18,TSLA,SELL,113.2,354.9936,356.8342,208.35592,93298.15792
2025-04-20 07:08:29,NVDA,SELL,38.7,658.0367,656.8913,-44.32698,93253.83094
2025-04-20 07:11:57,NVDA,SELL,204.2,822.4541,815.157,-1490.06782,91763.76312
2025-04-20 07:14:09,AMZN,SELL,67.6,171.6004,172.4684,58.6768,91822.43992
2025-04-20 07:16:15,NVDA,SELL,201.7,754.9257,757.5981,539.02308,92361.463
2025-04-20 07:18:05,GOOGL,BUY,56.4,174.9251,176.2124,72.60372,92434.06672
2025-04-20 07:21:16,AAPL,SELL,9.7,227.1742,229.2724,20.35254,92454.41926
2025-04-20 07:22:52,MSFT,SELL,320.5,407.6934,407.2079,-155.60275,92298.81651
2025-04-20 07:25:11,AMZN,BUY,218.2,183.1426,185.5283,520.55974,92819.37625
2025-04-20 07:27:56,MSFT,SELL,50.1,454.3933,451.4485,-147.53448,92671.84177
2025-04-20 07:31:19,NFLX,BUY,208.7,633.3697,635.1166,364.57803,93036.4198
2025-04-20 07:33:17,META,BUY,150.7,492.7505,487.5022,-790.91881,92245.50099
2025-04-20 07:35:56,MSFT,BUY,245.9,424.2375,423.859,-93.07315,92152.42784
2025-04-20 07:38:30,GOOGL,SELL,129.2,167.0848,165.8639,-157.74028,91994.68756
2025-04-20 07:41:31,TSLA,BUY,179.0,310.2782,310.6737,70.7945,92065.48206
2025-04-20 07:44:46,META,SELL,290.1,506.3795,505.9969,-110.99226,91954.4898
2025-04-20 07:48:08,AMZN,BUY,340.0,223.2699,221.8957,-467.228,91487.2618
2025-04-20 07:50:14,MSFT,SELL,255.8,426.0441,426.8872,215.66498,91702.92678
2025-04-20 07:53:01,AAPL,BUY,142.7,211.5951,213.0143,202.51984,91905.44662
2025-04-20 07:55:10,GOOGL,SELL,192.1,160.9722,159.0235,-374.34527,91531.10135
2025-04-20 07:57:16,AMZN,BUY,5.7,218.2262,220.0552,10.4253,91541.52665
2025-04-20 07:59:08,NVDA,BUY,43.0,794.4864,801.2991,292.9461,91834.47275
2025-04-20 08:02:01,MSFT,SELL,242.2,413.6989,413.8993,48.53688,91883.00963
2025-04-20 08:05:28,MSFT,SELL,179.9,455.6699,457.5718,342.15181,92225.16144
2025-04-20 08:07:01,AMZN,SELL,304.1,205.4917,208.1195,799.11398,93024.27542
2025-04-20 08:09:48,NFLX,BUY,237.6,597.1428,599.579,578.84112,93603.11654
2025-04-20 08:12:19,AMZN,SELL,261.6,230.9718,232.7074,454.03296,94057.1495
2025-04-20 08:14:39,NFLX,BUY,273.0,693.9435,688.0664,-1604.4483,92452.7012
2025-04-20 08:16:12,AMZN,SELL,231.3,182.4526,183.8958,333.81216,92786.51336
2025-04-20 08:18:02,NFLX,BUY,43.3,641.3065,641.4903,7.95854,92794.4719
2025-04-20 08:19:49,TSLA,BUY,340.8,400.594,403.9655,1149.0072,93943.4791
2025-04-20 08:23:17,GOOGL,SELL,348.5,158.1288,159.5215,485.35595,94428.83505
2025-04-20 08:26:14,META,BUY,179.7,524.476,522.368,-378.8076,94050.02745
2025-04-20 08:28:43,MSFT,BUY,26.9,448.4294,446.5898,-49.48524,94000.54221
2025-04-20 08:32:11,NFLX,SELL,276.4,603.3287,602.2224,-305.78132,93694.76089
2025-04-20 08:34:04,NFLX,SELL,320.1,632.265,638.122,1874.8257,95569.58659
2025-04-20 08:37:21,AMZN,BUY,255.2,187.7332,190.4212,685.9776,96255.56419
2025-04-20 08:39:48,MSFT,BUY,242.7,395.8537,395.9008,11.43117,96266.99536
2025-04-20 08:42:45,META,SELL,162.3,471.8761,474.5206,429.20235,96696.19771
2025-04-20 08:46:03,META,BUY,221.1,459.9451,453.7519,-1369.31652,95326.88119
2025-04-20 08:48:29,AAPL,SELL,70.2,231.8299,233.8809,143.9802,95470.86139
2025-04-20 08:51:15,NFLX,BUY,29.3,642.41,640.7523,-48.57061,95422.29078
2025-04-20 08:53:29,META,SELL,286.7,475.1486,475.1033,-12.98751,95409.30327
2025-04-20 08:55:05,NVDA,BUY,334.7,554.5787,552.8014,-594.86231,94814.44096
2025-04-20 08:57:41,META,BUY,162.5,460.1626,454.8693,-860.16125,93954.27971
2025-04-20 09:01:10,AMZN,BUY,28.0,189.4213,192.0766,74.3484,94028.62811
2025-04-20 09:04:00,META,SELL,139.6,512.5282,514.6609,297.72492,94326.35303
2025-04-20 09:05:45,GOOGL,BUY,25.0,181.2148,183.3167,52.5475,94378.90053
2025-04-20 09:07:46,AMZN,BUY,64.5,170.5047,172.0187,97.653,94476.55353
2025-04-20 09:10:23,GOOGL,BUY,169.5,197.3915,196.6395,-127.464,94349.08953
2025-04-20 09:13:08,AMZN,SELL,169.5,202.0244,199.1171,-492.78735,93856.30218
2025-04-20 09:15:32,AMZN,SELL,168.1,178.9905,181.4888,419.96423,94276.26641
2025-04-20 09:17:11,MSFT,SELL,296.8,397.0729,392.2719,-1424.9368,92851.32961
2025-04-20 09:19:23,NFLX,BUY,15.4,701.8848,696.8359,-77.75306,92773.57655
2025-04-20 09:21:10,GOOGL,BUY,15.4,156.2481,154.9783,-19.55492,92754.02163
2025-04-20 09:23:45,NVDA,SELL,154.6,546.6711,539.6939,-1078.67512,91675.34651
2025-04-20 09:26:34,NFLX,BUY,75.8,636.5713,645.7377,694.81312,92370.15963
2025-04-20 09:28:45,TSLA,SELL,170.7,164.7517,166.2227,251.0997,92621.25933
2025-04-20 09:30:24,NVDA,SELL,231.8,879.461,878.6045,-198.5367,92422.72263
2025-04-20 09:33:05,TSLA,SELL,325.7,335.7707,335.0454,-236.23021,92186.49242
2025-04-20 09:36:06,TSLA,SELL,195.3,221.127,219.33,-350.9541,91835.53832
2025-04-20 09:38:11,TSLA,BUY,19.0,316.5531,318.6912,40.6239,91876.16222
2025-04-20 09:41:00,TSLA,SELL,71.2,194.1158,195.5991,105.61096,91981.77318
2025-04-20 09:42:58,AAPL,SELL,105.3,182.6565,180.7191,-204.00822,91777.76496
2025-04-20 09:44:41,NFLX,SELL,326.4,599.9131,592.1152,-2545.23456,89232.5304
2025-04-20 09:46:21,AMZN,BUY,200.4,190.2178,191.5418,265.3296,89497.86
2025-04-20 09:49:42,META,SELL,87.8,511.6769,506.6804,-438.6927,89059.1673
2025-04-20 09:51:38,META,SELL,146.2,506.7281,510.0097,479.76992,89538.93722
2025-04-20 09:55:04,AMZN,SELL,336.5,206.8664,206.4883,-127.23065,89411.70657
2025-04-20 09:58:23,NVDA,BUY,234.7,759.1011,758.9109,-44.63994,89367.06663
2025-04-20 10:00:47,NFLX,BUY,93.6,600.728,596.2747,-416.82888,88950.23775
2025-04-20 10:03:59,AMZN,BUY,195.8,170.3144,171.0919,152.2345,89102.47225
2025-04-20 10:06:11,GOOGL,SELL,284.1,165.2283,166.7434,430.43991,89532.91216
2025-04-20 10:08:10,TSLA,SELL,308.1,352.6841,352.4121,-83.8032,89449.10896
2025-04-20 10:11:20,AMZN,SELL,326.0,221.443,224.7571,1080.3966,90529.50556
2025-04-20 10:14:01,META,BUY,180.1,541.7425,549.8448,1459.22423,91988.72979
2025-04-20 10:16:27,META,BUY,212.2,463.1043,463.7549,138.05732,92126.78711
2025-04-20 10:18:09,NVDA,SELL,20.2,718.7516,710.3969,-168.76494,91958.02217
2025-04-20 10:20:37,TSLA,SELL,84.5,220.1828,222.5424,199.3862,92157.40837
2025-04-20 10:23:54,MSFT,SELL,340.8,408.7419,404.2524,-1530.0216,90627.38677
2025-04-20 10:27:20,AAPL,SELL,255.6,175.7626,174.5632,-306.56664,90320.82013
2025-04-20 10:30:16,MSFT,SELL,225.7,407.8691,411.0061,708.0209,91028.84103
2025-04-20 10:32:02,AAPL,SELL,307.9,201.5852,199.6054,-609.58042,90419.26061
2025-04-20 10:33:33,TSLA,BUY,263.3,288.0558,288.1628,28.1731,90447.43371
2025-04-20 10:36:26,GOOGL,SELL,158.6,169.4221,169.2079,-33.97212,90413.46159
2025-04-20 10:38:16,MSFT,SELL,277.2,401.8985,407.3411,1508.68872,91922.15031
2025-04-20 10:41:18,NVDA,BUY,197.7,869.6197,864.0717,-1096.8396,90825.31071
2025-04-20 10:44:20,TSLA,SELL,302.3,203.7748,203.5513,-67.56405,90757.74666
2025-04-20 10:47:50,AAPL,BUY,8.2,191.8625,189.4934,-19.42662,90738.32004
2025-04-20 10:49:41,NFLX,BUY,114.8,688.109,698.0953,1146.42724,91884.74728
2025-04-20 10:53:07,NVDA,BUY,235.2,612.7281,621.7828,2129.66544,94014.41272
2025-04-20 10:55:57,AMZN,SELL,96.4,176.4935,173.952,-245.0006,93769.41212
2025-04-20 10:59:11,META,SELL,328.0,457.4453,461.7342,1406.7592,95176.17132
2025-04-20 11:01:47,AAPL,BUY,38.2,202.2323,202.2619,1.13072,95177.30204
2025-04-20 11:05:16,TSLA,SELL,342.9,245.5148,244.2197,-444.08979,94733.21225
2025-04-20 11:07:59,NFLX,SELL,241.0,647.4667,650.0611,625.2504,95358.46265
2025-04-20 11:11:07,TSLA,SELL,209.7,186.9202,186.7435,-37.05399,95321.40866
2025-04-20 11:13:29,GOOGL,BUY,98.6,166.1865,165.5545,-62.3152,95259.09346
2025-04-20 11:15:49,META,BUY,223.8,556.7668,551.3553,-1211.0937,94047.99976
2025-04-20 11:17:46,GOOGL,BUY,162.2,160.458,158.1881,-368.17778,93679.82198
2025-04-20 11:19:35,AAPL,SELL,67.1,229.0968,231.2678,145.6741,93825.49608
2025-04-20 11:21:54,META,BUY,185.6,493.3483,489.8718,-645.2384,93180.25768
2025-04-20 11:25:15,TSLA,SELL,141.0,184.6317,183.4754,-163.0383,93017.21938
2025-04-20 11:26:45,META,SELL,214.9,550.9724,558.7685,1675.38189,94692.60127
2025-04-20 11:30:06,NVDA,BUY,70.1,493.4565,497.0185,249.6962,94942.29747
2025-04-20 11:31:40,AMZN,SELL,117.2,186.3251,186.2042,-14.16948,94928.12799
2025-04-20 11:33:36,AMZN,SELL,148.1,203.5804,202.2564,-196.0844,94732.04359
2025-04-20 11:35:39,TSLA,SELL,228.9,315.1963,317.6338,557.94375,95289.98734
2025-04-20 11:39:04,AAPL,SELL,264.2,241.956,243.5253,414.60906,95704.5964
2025-04-20 11:42:12,AMZN,BUY,81.2,206.1573,203.3936,-224.41244,95480.18396
2025-04-20 11:44:38,TSLA,SELL,50.8,397.0247,392.5584,-226.88804,95253.29592
2025-04-20 11:48:04,TSLA,SELL,12.4,348.2517,350.0595,22.41672,95275.71264
2025-04-20 11:51:25,TSLA,SELL,235.0,262.1394,263.9043,414.7515,95690.46414
2025-04-20 11:53:07,GOOGL,BUY,9.0,173.737,173.773,0.324,95690.78814
2025-04-20 11:56:20,MSFT,SELL,265.5,396.1648,390.4342,-1521.4743,94169.31384
2025-04-20 11:59:50,GOOGL,SELL,211.5,163.2633,162.6718,-125.10225,94044.21159
2025-04-20 12:02:59,META,SELL,336.4,467.1376,467.4469,104.04852,94148.26011
2025-04-20 12:05:24,TSLA,BUY,20.5,327.0459,329.1508,43.15045,94191.41056
2025-04-20 12:07:41,NFLX,SELL,155.7,658.7314,655.7701,-461.07441,93730.33615
2025-04-20 12:10:14,MSFT,BUY,213.0,384.0066,378.9972,-1067.0022,92663.33395
2025-04-20 12:13:33,NFLX,BUY,234.7,630.843,630.2815,-131.78405,92531.5499
2025-04-20 12:15:58,NVDA,SELL,28.4,520.7941,513.4056,-209.8334,92321.7165
2025-04-20 12:18:23,AMZN,SELL,117.5,223.089,220.64,-287.7575,92033.959
2025-04-20 12:20:04,META,BUY,83.7,478.7779,484.2552,458.45001,92492.40901
2025-04-20 12:23:21,TSLA,SELL,342.6,330.1251,333.8744,1284.51018,93776.91919
2025-04-20 12:26:13,META,BUY,262.9,520.9671,516.9934,-1044.68573,92732.23346
2025-04-20 12:29:16,NVDA,BUY,244.0,622.2844,623.0129,177.754,92909.98746
2025-04-20 12:31:07,AMZN,BUY,36.9,188.454,188.0499,-14.91129,92895.07617
2025-04-20 12:34:24,AAPL,BUY,124.9,195.8544,193.299,-319.16946,92575.90671
2025-04-20 12:36:58,AAPL,SELL,251.9,165.5631,166.1212,140.58539,92716.4921
2025-04-20 12:39:41,META,SELL,128.0,466.7959,461.3736,-694.0544,92022.4377
2025-04-20 12:42:36,AAPL,BUY,306.8,211.459,211.8338,114.98864,92137.42634
2025-04-20 12:44:35,GOOGL,SELL,27.6,190.9589,189.1074,-51.1014,92086.32494
2025-04-20 12:46:26,META,BUY,337.6,562.9484,570.0422,2394.86688,94481.19182
2025-04-20 12:49:22,AAPL,BUY,32.8,188.09,185.6454,-80.18288,94401.00894
2025-04-20 12:52:15,NVDA,BUY,20.6,730.1407,723.7188,-132.29114,94268.7178
2025-04-20 12:54:34,TSLA,BUY,212.7,316.1195,316.9672,180.30579,94449.02359
2025-04-20 12:57:32,NFLX,SELL,164.3,603.6228,608.0163,721.85205,95170.87564
2025-04-20 12:59:57,AMZN,BUY,170.2,172.5715,170.6969,-319.05692,94851.81872
2025-04-20 13:03:05,NFLX,SELL,137.9,681.891,675.6116,-865.92926,93985.88946
2025-04-20 13:05:49,AMZN,BUY,303.2,185.724,186.2434,157.48208,94143.37154
2025-04-20 13:07:51,NFLX,SELL,288.9,602.8923,610.4415,2180.96388,96324.33542
2025-04-20 13:10:02,AMZN,SELL,29.5,221.7319,224.1713,71.9623,96396.29772
2025-04-20 13:11:43,NVDA,SELL,308.9,822.1957,813.5109,-2682.73472,93713.563
2025-04-20 13:14:20,META,BUY,125.0,474.7587,470.679,-509.9625,93203.6005
2025-04-20 13:16:02,NVDA,BUY,246.3,477.5435,479.9948,603.75519,93807.35569
2025-04-20 13:18:35,MSFT,BUY,219.1,439.258,442.1173,626.47263,94433.82832
2025-04-20 13:21:10,MSFT,BUY,132.8,451.7778,455.0478,434.256,94868.08432
2025-04-20 13:24:00,MSFT,BUY,330.9,387.8473,388.8457,330.37056,95198.45488
2025-04-20 13:26:40,NVDA,BUY,78.6,705.2584,707.0515,140.93766,95339.39254
2025-04-20 13:28:38,NVDA,BUY,213.6,751.9713,758.8615,1471.74672,96811.13926
2025-04-20 13:31:28,META,BUY,288.8,464.8946,469.8934,1443.65344,98254.7927
2025-04-20 13:34:03,MSFT,SELL,46.1,429.5107,424.5915,-226.77512,98028.01758
2025-04-20 13:36:03,NVDA,SELL,348.4,906.3311,910.2546,1366.9474,99394.96498
2025-04-20 13:38:39,META,BUY,198.6,558.4094,558.5014,18.2712,99413.23618
2025-04-20 13:40:55,GOOGL,SELL,155.3,196.6077,198.4963,293.29958,99706.53576
2025-04-20 13:42:29,GOOGL,SELL,95.1,177.1962,176.0464,-109.34598,99597.18978
2025-04-20 13:44:19,NVDA,SELL,344.8,916.1951,917.0099,280.94304,99878.13282
2025-04-20 13:47:21,META,SELL,69.1,514.4845,518.8155,299.2721,100177.40492
2025-04-20 13:50:29,GOOGL,BUY,283.6,196.0519,196.5037,128.13048,100305.5354
2025-04-20 13:53:55,NFLX,SELL,226.0,720.9963,730.222,2085.0082,102390.5436
2025-04-20 13:56:35,TSLA,BUY,203.9,214.2843,213.557,-148.29647,102242.24713
2025-04-20 13:59:44,NVDA,SELL,219.9,541.2223,538.5573,-586.0335,101656.21363
2025-04-20 14:01:59,META,SELL,41.8,517.0651,520.4843,142.92256,101799.13619
2025-04-20 14:03:35,NVDA,SELL,88.4,719.3262,714.5185,-425.00068,101374.13551
2025-04-20 14:06:03,NVDA,BUY,94.9,908.108,899.6642,-801.31662,100572.81889
2025-04-20 14:09:00,GOOGL,BUY,292.1,187.9997,187.2065,-231.69372,100341.12517
2025-04-20 14:11:45,META,SELL,105.5,543.3974,550.7711,777.92535,101119.05052
2025-04-20 14:14:39,META,SELL,244.3,485.2612,478.8361,-1569.65193,99549.39859
2025-04-20 14:17:51,NFLX,SELL,137.5,587.0713,586.7788,-40.21875,99509.17984
2025-04-20 14:19:33,AMZN,BUY,313.5,228.3704,229.3327,301.68105,99810.86089
2025-04-20 14:23:00,META,BUY,120.5,494.478,492.2641,-266.77495,99544.08594
2025-04-20 14:25:15,MSFT,BUY,210.5,443.3741,441.5415,-385.7623,99158.32364
2025-04-20 14:27:23,AMZN,BUY,98.6,194.2248,195.9838,173.4374,99331.76104
2025-04-20 14:29:58,AMZN,SELL,156.7,216.795,215.3916,-219.91278,99111.84826
2025-04-20 14:32:08,GOOGL,SELL,229.7,179.5207,177.5279,-457.74616,98654.1021
2025-04-20 14:35:19,META,BUY,329.6,525.4826,525.111,-122.47936,98531.62274
2025-04-20 14:37:18,TSLA,BUY,246.5,252.5077,256.0389,870.4408,99402.06354
2025-04-20 14:40:25,TSLA,SELL,72.3,259.0178,257.0813,-140.00895,99262.05459
2025-04-20 14:43:54,TSLA,SELL,277.4,167.6175,166.8027,-226.02552,99036.02907
2025-04-20 14:45:38,NVDA,BUY,349.7,555.867,561.9411,2124.11277,101160.14184
2025-04-20 14:48:43,AAPL,SELL,173.0,219.3607,222.4874,540.9191,101701.06094
2025-04-20 14:50:49,META,BUY,12.0,465.2791,468.6988,41.0364,101742.09734
2025-04-20 14:52:37,META,BUY,119.4,540.2809,532.9642,-873.61398,100868.48336
2025-04-20 14:55:13,NFLX,BUY,158.5,636.154,628.2099,-1259.13985,99609.34351
2025-04-20 14:58:24,NFLX,SELL,102.1,644.3669,647.9931,370.23502,99979.57853
2025-04-20 15:00:12,TSLA,SELL,183.9,365.2867,360.7685,-830.89698,99148.68155
2025-04-20 15:02:32,MSFT,SELL,109.7,399.4,396.1272,-359.02616,98789.65539
2025-04-20 15:04:12,AAPL,SELL,194.7,211.5636,210.0158,-301.35666,98488.29873
2025-04-20 15:05:51,MSFT,SELL,316.1,381.3677,379.7181,-521.43856,97966.86017
2025-04-20 15:08:56,AAPL,BUY,198.3,217.3474,218.9128,310.41882,98277.27899
2025-04-20 15:10:43,GOOGL,SELL,279.4,183.1676,181.9043,-352.96602,97924.31297
2025-04-20 15:12:46,META,BUY,187.4,490.1967,493.0269,530.37948,98454.69245
2025-04-20 15:15:37,NVDA,SELL,84.7,939.2682,938.4937,-65.60015,98389.0923
2025-04-20 15:18:06,AMZN,SELL,68.8,197.4656,199.1968,119.10656,98508.19886
2025-04-20 15:20:09,GOOGL,BUY,287.6,167.6929,168.6389,272.0696,98780.26846
2025-04-20 15:22:48,TSLA,SELL,240.9,168.5998,168.6644,15.56214,98795.8306
2025-04-20 15:25:50,AAPL,SELL,268.3,200.0724,202.6964,704.0192,99499.8498
2025-04-20 15:29:06,NVDA,SELL,329.2,570.3626,573.1668,923.14264,100422.99244
2025-04-20 15:31:10,AAPL,SELL,336.5,223.2377,222.1409,-369.0732,100053.91924
2025-04-20 15:33:48,META,BUY,264.5,473.4645,471.5879,-496.3607,99557.55854
2025-04-20 15:37:15,TSLA,SELL,162.9,213.4153,215.9109,406.53324,99964.09178
2025-04-20 15:39:26,NFLX,SELL,56.7,679.3728,669.4995,-559.81611,99404.27567
2025-04-20 15:42:39,TSLA,SELL,120.2,297.6522,297.8291,21.26338,99425.53905
2025-04-20 15:45:01,TSLA,BUY,139.7,315.4041,316.9135,210.86318,99636.40223
2025-04-20 15:47:27,NVDA,BUY,328.1,699.604,700.3907,258.11627,99894.5185
2025-04-20 15:49:46,TSLA,SELL,258.9,288.9096,289.4904,150.36912,100044.88762
2025-04-20 15:53:15,MSFT,BUY,203.9,415.4454,420.4918,1028.96096,101073.84858
2025-04-20 15:55:15,NVDA,BUY,50.0,896.413,893.8264,-129.33,100944.51858
2025-04-20 15:56:45,NVDA,BUY,56.7,760.0583,766.6762,375.23493,101319.75351
2025-04-20 15:59:45,META,SELL,146.9,525.164,531.8785,986.36005,102306.11356
2025-04-20 16:03:08,NVDA,BUY,258.6,523.4369,525.7045,586.40136,102892.51492
2025-04-20 16:04:40,NFLX,SELL,232.9,664.8742,665.2855,95.79177,102988.30669
2025-04-20 16:07:14,TSLA,SELL,104.0,295.8169,293.7054,-219.596,102768.71069
2025-04-20 16:08:44,TSLA,BUY,348.5,280.7245,279.072,-575.89625,102192.81444
2025-04-20 16:11:38,GOOGL,BUY,298.5,197.3757,199.5341,644.2824,102837.09684
2025-04-20 16:13:44,NVDA,BUY,66.5,844.6773,853.9522,616.78085,103453.87769
2025-04-20 16:15:48,MSFT,SELL,279.0,454.129,457.9771,1073.6199,104527.49759
2025-04-20 16:18:09,META,SELL,165.6,493.7631,489.8184,-653.24232,103874.25527
2025-04-20 16:21:26,AAPL,BUY,52.3,233.5778,230.1576,-178.87646,103695.37881
2025-04-20 16:24:41,NFLX,BUY,176.1,637.2775,630.5887,-1177.89768,102517.48113
2025-04-20 16:26:15,NVDA,BUY,34.0,770.8272,782.3168,390.6464,102908.12753
2025-04-20 16:29:25,NVDA,SELL,8.5,718.5724,719.3793,6.85865,102914.98618
2025-04-20 16:32:22,META,SELL,288.2,557.2745,551.3967,-1693.98196,101221.00422
2025-04-20 16:35:03,NFLX,SELL,349.5,625.1088,619.0189,-2128.42005,99092.58417
2025-04-20 16:38:10,TSLA,BUY,51.0,324.6991,326.9418,114.3777,99206.96187
2025-04-20 16:39:56,AMZN,SELL,137.3,211.9782,209.0498,-402.06932,98804.89255
2025-04-20 16:41:38,TSLA,SELL,23.9,226.9458,229.052,50.33818,98855.23073
2025-04-20 16:43:23,NVDA,SELL,39.0,581.1081,577.1706,-153.5625,98701.66823
2025-04-20 16:46:40,AAPL,BUY,104.2,196.0447,194.1724,-195.09366,98506.57457
2025-04-20 16:48:38,MSFT,SELL,260.1,388.6367,385.0772,-925.82595,97580.74862
2025-04-20 16:51:40,AAPL,BUY,51.8,210.434,211.3023,44.97794,97625.72656
2025-04-20 16:54:41,NFLX,BUY,52.4,621.0509,612.41,-452.78316,97172.9434
2025-04-20 16:57:42,AMZN,BUY,243.2,199.9517,197.5109,-593.60256,96579.34084
2025-04-20 16:59:22,NFLX,BUY,178.3,675.6133,677.8567,399.99822,96979.33906
2025-04-20 17:01:30,MSFT,BUY,303.4,443.8604,449.6158,1746.18836,98725.52742
2025-04-20 17:04:21,NFLX,BUY,220.6,676.5126,680.7008,923.91692,99649.44434
2025-04-20 17:07:04,GOOGL,BUY,234.3,173.9492,172.6005,-316.00041,99333.44393
2025-04-20 17:09:50,AAPL,BUY,155.1,195.4414,193.178,-351.05334,98982.39059
2025-04-20 17:12:17,TSLA,BUY,323.9,313.6748,310.0019,-1189.65231,97792.73828
2025-04-20 17:15:47,AMZN,BUY,55.2,213.6835,212.9171,-42.30528,97750.433
2025-04-20 17:18:37,TSLA,BUY,65.9,308.1373,305.257,-189.81177,97560.62123
2025-04-20 17:21:10,NVDA,SELL,75.6,838.0303,839.617,119.95452,97680.57575
2025-04-20 17:23:38,MSFT,SELL,48.6,464.9398,468.1423,155.6415,97836.21725
2025-04-20 17:26:43,NFLX,SELL,308.7,626.9754,631.0527,1258.66251,99094.87976
2025-04-20 17:29:07,GOOGL,BUY,287.1,190.0462,188.0071,-585.42561,98509.45415
2025-04-20 17:32:30,AMZN,SELL,160.4,214.6407,217.7137,492.9092,99002.36335
2025-04-20 17:34:41,NVDA,BUY,271.4,774.9094,767.1234,-2113.1204,96889.24295
2025-04-20 17:37:25,GOOGL,BUY,194.1,177.2401,176.8431,-77.0577,96812.18525
2025-04-20 17:39:55,META,BUY,289.8,517.9318,524.7984,1989.94068,98802.12593
2025-04-20 17:42:56,MSFT,BUY,144.2,422.5982,416.4366,-888.50272,97913.62321
2025-04-20 17:44:37,META,SELL,93.2,537.6776,537.9982,29.87992,97943.50313
2025-04-20 17:47:34,TSLA,BUY,280.1,223.2043,220.9675,-626.52768,97316.97545
2025-04-20 17:49:37,AAPL,BUY,290.9,201.544,200.2768,-368.62848,96948.34697
2025-04-20 17:52:42,MSFT,SELL,234.0,422.7697,416.8796,-1378.2834,95570.06357
2025-04-20 17:55:07,AMZN,SELL,55.2,217.7892,220.033,123.85776,95693.92133
2025-04-20 17:56:52,MSFT,SELL,334.3,432.7673,429.1686,-1203.04541,94490.87592
2025-04-20 17:59:07,NVDA,BUY,12.2,727.4615,734.4048,84.70826,94575.58418
2025-04-20 18:01:58,MSFT,SELL,22.4,420.8497,417.1802,-82.1968,94493.38738
2025-04-20 18:04:59,MSFT,BUY,19.9,420.0387,422.4026,47.04161,94540.42899
2025-04-20 18:07:15,META,SELL,22.9,473.1479,469.716,-78.59051,94461.83848
2025-04-20 18:09:53,NFLX,SELL,130.8,627.8081,629.9949,286.03344,94747.87192
2025-04-20 18:12:37,GOOGL,SELL,91.6,187.8591,190.3564,228.75268,94976.6246
2025-04-20 18:15:59,AMZN,SELL,246.4,214.2144,215.5291,323.94208,95300.56668
2025-04-20 18:19:02,MSFT,BUY,35.0,426.5426,432.1809,197.3405,95497.90718
2025-04-20 18:22:08,NVDA,BUY,311.6,872.0388,880.0493,2496.0718,97993.97898
2025-04-20 18:24:51,AMZN,SELL,53.5,227.3851,227.4783,4.9862,97998.96518
2025-04-20 18:27:42,NFLX,SELL,156.2,716.8513,712.4622,-685.57742,97313.38776
2025-04-20 18:31:08,META,BUY,122.7,448.6423,452.9974,534.37077,97847.75853
2025-04-20 18:33:50,AMZN,SELL,250.0,213.9543,215.071,279.175,98126.93353
2025-04-20 18:35:28,META,BUY,9.6,513.019,519.4541,61.77696,98188.71049
2025-04-20 18:38:30,NFLX,BUY,46.5,623.5121,617.2299,-292.1223,97896.58819
2025-04-20 18:41:56,AMZN,SELL,313.1,196.4564,196.0678,-121.67066,97774.91753
2025-04-20 18:44:13,NFLX,SELL,304.4,609.8537,612.2123,717.95784,98492.87537
2025-04-20 18:45:43,TSLA,SELL,306.0,356.4031,357.2687,264.8736,98757.74897
2025-04-20 18:47:23,NFLX,SELL,234.9,691.9714,681.8555,-2376.22491,96381.52406
2025-04-20 18:50:13,NFLX,SELL,139.5,671.6723,666.9297,-661.5927,95719.93136
2025-04-20 18:53:16,GOOGL,BUY,55.2,166.3369,168.6073,125.32608,95845.25744
2025-04-20 18:55:50,NVDA,SELL,246.5,852.1464,851.0527,-269.59705,95575.66039
2025-04-20 18:58:44,META,BUY,322.5,542.9795,549.2848,2033.45925,97609.11964
2025-04-20 19:01:00,META,SELL,78.4,536.7766,528.9445,-614.03664,96995.083
2025-04-20 19:03:19,NFLX,SELL,45.0,648.2966,640.8002,-337.338,96657.745
2025-04-20 19:04:56,META,SELL,68.4,497.7979,503.553,393.64884,97051.39384
2025-04-20 19:08:20,META,BUY,151.0,477.2016,474.1005,-468.2661,96583.12774
2025-04-20 19:11:47,MSFT,SELL,176.3,379.8639,376.5158,-590.27003,95992.85771
2025-04-20 19:14:55,AMZN,SELL,177.4,203.6023,202.3178,-227.8703,95764.98741
2025-04-20 19:16:52,NVDA,BUY,332.3,659.6652,668.6811,2995.98357,98760.97098
2025-04-20 19:20:22,META,SELL,131.9,491.2388,493.9426,356.63122,99117.6022
2025-04-20 19:22:28,NFLX,BUY,39.4,617.365,622.5491,204.25354,99321.85574
2025-04-20 19:25:24,NFLX,SELL,221.6,661.5106,669.1812,1699.80496,101021.6607
2025-04-20 19:28:15,TSLA,SELL,299.3,180.059,180.3519,87.66497,101109.32567
2025-04-20 19:30:33,TSLA,SELL,110.5,359.9051,364.2421,479.2385,101588.56417
2025-04-20 19:33:45,TSLA,BUY,102.7,365.39,361.7611,-372.68803,101215.87614
2025-04-20 19:36:23,META,SELL,320.9,467.2871,467.2776,-3.04855,101212.82759
2025-04-20 19:39:13,MSFT,BUY,155.2,409.5323,407.5251,-311.51744,100901.31015
2025-04-20 19:41:41,NVDA,BUY,295.1,643.3734,646.8526,1026.71192,101928.02207
2025-04-20 19:45:10,GOOGL,BUY,72.4,174.4216,175.9265,108.95476,102036.97683
2025-04-20 19:47:27,GOOGL,SELL,245.9,158.4802,157.3336,-281.94894,101755.02789
2025-04-20 19:49:49,NFLX,SELL,141.3,666.9892,660.1143,-971.42337,100783.60452
2025-04-20 19:52:50,MSFT,BUY,248.4,401.0278,406.02,1240.06248,102023.667
2025-04-20 19:56:04,NFLX,SELL,153.5,601.8935,594.4422,-1143.77455,100879.89245
2025-04-20 19:58:42,MSFT,SELL,224.5,381.4752,384.9071,770.46155,101650.354
2025-04-20 20:00:15,NFLX,SELL,225.0,657.5917,651.7452,-1315.4625,100334.8915
2025-04-20 20:01:47,GOOGL,BUY,45.0,167.7209,166.4077,-59.094,100275.7975
2025-04-20 20:04:07,META,SELL,236.0,452.3593,458.8972,1542.9444,101818.7419
2025-04-20 20:06:45,NFLX,BUY,238.5,667.4549,661.4328,-1436.27085,100382.47105
2025-04-20 20:08:22,META,SELL,130.6,523.4142,530.4839,923.30282,101305.77387
2025-04-20 20:11:26,AAPL,BUY,330.6,179.4898,177.8437,-544.20066,100761.57321
2025-04-20 20:14:42,GOOGL,SELL,327.0,180.5301,181.9597,467.4792,101229.05241
2025-04-20 20:16:19,AMZN,SELL,141.6,187.8451,187.2178,-88.82568,101140.22673
2025-04-20 20:19:10,AAPL,BUY,71.9,222.4115,222.5861,12.55374,101152.78047
2025-04-20 20:22:39,META,BUY,295.8,521.9158,525.8638,1167.8184,102320.59887
2025-04-20 20:24:10,AMZN,BUY,313.7,207.1039,208.0513,297.19938,102617.79825
2025-04-20 20:27:31,GOOGL,SELL,274.8,176.7043,179.3262,720.49812,103338.29637
2025-04-20 20:30:49,TSLA,BUY,79.3,220.042,217.1813,-226.85351,103111.44286
2025-04-20 20:33:35,MSFT,SELL,235.9,422.2878,418.8665,-807.08467,102304.35819
2025-04-20 20:36:41,AMZN,SELL,218.1,202.9216,205.2277,502.96041,102807.3186
2025-04-20 20:38:54,GOOGL,BUY,209.0,178.911,181.3882,517.7348,103325.0534
2025-04-20 20:41:40,NFLX,BUY,158.6,636.2112,641.8082,887.6842,104212.7376
2025-04-20 20:42:04,MSFT,SELL,151.5,401.702,403.3906,255.8229,104468.5605
2025-04-20 20:42:25,NVDA,BUY,291.6,636.5541,634.8586,-494.4078,103974.1527
2025-04-20 20:42:52,META,BUY,88.6,555.2126,563.0982,698.66416,104672.81686
2025-04-20 20:43:24,NVDA,SELL,120.0,644.5524,649.6588,612.768,105285.58486
2025-04-20 20:43:33,TSLA,BUY,248.4,228.6775,225.4798,-794.30868,104491.27618
2025-04-20 20:43:49,NVDA,BUY,116.0,941.4005,932.9606,-979.0284,103512.24778
2025-04-20 20:44:02,AAPL,BUY,132.5,191.3129,189.5587,-232.4315,103279.81628
2025-04-20 20:44:24,AAPL,BUY,287.9,176.9147,177.5354,178.69953,103458.51581
2025-04-20 20:44:39,META,BUY,215.9,491.2337,486.6203,-996.03306,102462.48275
2025-04-20 20:45:11,MSFT,SELL,242.2,387.4378,385.2254,-535.84328,101926.63947
2025-04-20 20:45:43,NVDA,BUY,142.4,787.3164,776.6902,-1513.17088,100413.46859
2025-04-20 20:46:09,TSLA,SELL,194.5,158.1613,157.6187,-105.5357,100307.93289
2025-04-20 20:46:30,GOOGL,SELL,116.4,159.4299,160.1204,80.3742,100388.30709
2025-04-20 20:47:03,NVDA,SELL,246.9,628.7189,620.6275,-1997.76666,98390.54043
2025-04-20 20:47:14,NFLX,SELL,145.7,604.1128,602.1069,-292.25963,98098.2808
2025-04-20 20:47:24,TSLA,BUY,12.4,359.6302,356.1758,-42.83456,98055.44624
2025-04-20 20:47:44,GOOGL,BUY,83.9,171.0492,169.9363,-93.37231,97962.07393
2025-04-20 20:47:53,AAPL,SELL,262.6,216.0449,214.1475,-498.25724,97463.81669
2025-04-20 20:48:05,TSLA,SELL,123.5,187.6521,188.8855,152.3249,97616.14159
2025-04-20 20:48:29,TSLA,SELL,319.3,189.1255,190.9055,568.354,98184.49559
2025-04-20 20:48:57,AAPL,SELL,81.9,202.8085,203.1632,29.04993,98213.54552
2025-04-20 20:50:47,AAPL,BUY,124.4,233.142,233.111,-3.8564,98209.68912
2025-04-20 20:53:14,NVDA,BUY,341.7,929.5292,936.3143,2318.46867,100528.15779
2025-04-20 20:55:33,META,SELL,23.8,496.5783,498.3025,41.03596,100569.19375
2025-04-20 20:57:06,GOOGL,BUY,179.2,170.1057,168.7792,-237.7088,100331.48495
2025-04-20 20:59:33,GOOGL,SELL,122.9,195.4292,195.4736,5.45676,100336.94171
2025-04-20 21:02:10,MSFT,SELL,96.6,430.5751,424.512,-585.69546,99751.24625
2025-04-20 21:05:14,NFLX,SELL,332.8,611.0513,611.269,72.45056,99823.69681
2025-04-20 21:08:04,AMZN,BUY,85.5,178.6562,179.0925,37.30365,99861.00046
2025-04-20 21:10:43,TSLA,SELL,228.8,341.8808,344.9691,706.60304,100567.6035
2025-04-20 21:12:46,NVDA,BUY,291.3,883.5129,884.0705,162.42888,100730.03238
2025-04-20 21:16:01,TSLA,BUY,349.9,334.2125,338.6203,1542.28922,102272.3216
2025-04-20 21:18:00,NFLX,SELL,151.2,644.9268,650.0086,768.36816,103040.68976
2025-04-20 21:19:31,TSLA,SELL,146.9,201.1701,201.7874,90.68137,103131.37113
2025-04-20 21:21:43,AMZN,SELL,79.6,211.2446,212.3973,91.75492,103223.12605
2025-04-20 21:24:50,TSLA,SELL,320.7,207.1802,206.8304,-112.18086,103110.94519
2025-04-20 21:26:30,META,SELL,286.1,503.1376,499.48,-1046.43936,102064.50583
2025-04-20 21:29:59,GOOGL,BUY,276.6,167.4283,166.1745,-346.80108,101717.70475
2025-04-20 21:32:43,MSFT,SELL,205.2,414.0234,419.5426,1132.53984,102850.24459
2025-04-20 21:34:49,TSLA,SELL,74.8,212.6947,212.7374,3.19396,102853.43855
2025-04-20 21:37:58,TSLA,SELL,269.3,279.3314,279.168,-44.00362,102809.43493
2025-04-20 21:40:19,AMZN,SELL,258.0,187.4347,186.7834,-168.0354,102641.39953
2025-04-20 21:41:57,AMZN,BUY,238.1,207.4777,209.9697,593.3452,103234.74473
2025-04-20 21:45:04,AMZN,BUY,317.0,173.9742,172.0415,-612.6659,102622.07883
2025-04-20 21:48:22,AMZN,SELL,67.2,188.9072,191.3095,161.43456,102783.51339
2025-04-20 21:51:30,NFLX,SELL,195.3,647.6656,644.4639,-625.29201,102158.22138
2025-04-20 21:53:53,META,SELL,273.7,554.1263,552.9048,-334.32455,101823.89683
2025-04-20 21:55:51,MSFT,BUY,153.2,387.55,385.4752,-317.85936,101506.03747
2025-04-20 21:58:06,AMZN,SELL,300.9,205.9204,208.7413,848.80881,102354.84628
2025-04-20 22:00:14,AMZN,BUY,75.2,201.063,200.5266,-40.33728,102314.509
2025-04-20 22:02:04,GOOGL,SELL,321.6,202.8859,204.6485,566.85216,102881.36116
2025-04-20 22:05:20,TSLA,BUY,8.9,377.8055,378.8506,9.30139,102890.66255
2025-04-20 22:07:11,NVDA,BUY,100.4,795.2132,795.442,22.97152,102913.63407
2025-04-20 22:10:11,NVDA,BUY,246.1,912.7147,906.4899,-1531.92328,101381.71079
2025-04-20 22:13:17,GOOGL,SELL,252.8,195.1032,196.5281,360.21472,101741.92551
2025-04-20 22:15:00,META,BUY,297.0,481.4498,486.3525,1456.1019,103198.02741
2025-04-20 22:17:27,AAPL,SELL,318.0,180.1788,178.927,-398.0724,102799.95501
2025-04-20 22:19:53,GOOGL,SELL,340.1,190.6941,189.6409,-358.19332,102441.76169
2025-04-20 22:22:30,TSLA,SELL,165.3,187.2398,188.5638,218.8572,102660.61889
2025-04-20 22:25:36,META,BUY,84.5,460.2436,455.6145,-391.15895,102269.45994
2025-04-20 22:28:37,AMZN,SELL,226.2,175.1765,173.2352,-439.12206,101830.33788
2025-04-20 22:31:52,TSLA,BUY,165.3,225.5811,227.2493,275.75346,102106.09134
2025-04-20 22:34:43,NVDA,SELL,324.9,770.0205,759.8741,-3296.56536,98809.52598
2025-04-20 22:37:51,NFLX,SELL,91.6,609.1515,606.6369,-230.33736,98579.18862
2025-04-20 22:40:39,MSFT,SELL,122.0,411.1522,410.7529,-48.7146,98530.47402
2025-04-20 22:43:06,NFLX,BUY,339.5,679.6068,670.9661,-2933.51765,95596.95637
2025-04-20 22:45:58,NVDA,BUY,344.8,789.6818,797.1762,2584.06912,98181.02549
2025-04-20 22:49:09,NVDA,BUY,109.5,695.3821,693.197,-239.26845,97941.75704
2025-04-20 22:50:45,AAPL,SELL,336.9,194.5633,194.9254,121.99149,98063.74853
2025-04-20 22:53:53,MSFT,BUY,205.6,425.2387,423.4085,-376.28912,97687.45941
2025-04-20 22:56:36,MSFT,BUY,179.9,409.5896,415.6027,1081.75669,98769.2161
2025-04-20 22:59:50,AMZN,SELL,32.4,215.5219,218.4,93.25044,98862.46654
2025-04-20 23:01:41,TSLA,SELL,159.3,184.4079,186.5402,339.67539,99202.14193
2025-04-20 23:03:15,AAPL,BUY,57.5,201.6294,203.1588,87.9405,99290.08243
2025-04-20 23:04:53,MSFT,BUY,105.2,407.8689,403.6301,-445.92176,98844.16067
2025-04-20 23:07:22,META,BUY,151.2,549.8797,556.7732,1042.2972,99886.45787
2025-04-20 23:10:50,NFLX,SELL,226.8,629.037,627.4246,-365.69232,99520.76555
2025-04-20 23:13:41,META,SELL,28.2,460.8577,460.026,-23.45394,99497.31161
2025-04-20 23:15:17,NFLX,SELL,85.6,660.0754,669.4051,798.62232,100295.93393
2025-04-20 23:17:51,MSFT,SELL,37.1,438.3478,434.4799,-143.49909,100152.43484
2025-04-20 23:19:34,GOOGL,BUY,334.3,194.0319,195.1301,367.12826,100519.5631
2025-04-20 23:21:48,META,BUY,32.9,524.5586,529.6031,165.96405,100685.52715
2025-04-20 23:24:29,GOOGL,SELL,35.5,190.6821,190.7101,0.994,100686.52115
2025-04-20 23:27:09,AAPL,SELL,178.7,175.2382,174.015,-218.58584,100467.93531
2025-04-20 23:29:38,AAPL,SELL,143.8,200.0256,199.0936,-134.0216,100333.91371
2025-04-20 23:32:54,MSFT,BUY,248.9,381.6895,386.3129,1150.76426,101484.67797
2025-04-20 23:34:32,AMZN,BUY,154.5,199.1746,198.1499,-158.31615,101326.36182
2025-04-20 23:36:45,TSLA,BUY,148.9,197.995,198.2441,37.09099,101363.45281
2025-04-20 23:40:15,AAPL,SELL,33.4,199.7678,198.0014,-58.99776,101304.45505
2025-04-20 23:42:03,GOOGL,SELL,345.0,150.0796,148.7023,-475.1685,100829.28655
2025-04-20 23:44:27,MSFT,BUY,99.9,391.2085,395.5223,430.94862,101260.23517
2025-04-20 23:45:57,AAPL,BUY,248.3,202.3413,201.7761,-140.33916,101119.89601
2025-04-20 23:49:23,MSFT,BUY,313.7,412.7784,413.8681,341.83889,101461.7349
2025-04-20 23:51:42,MSFT,BUY,40.1,462.4613,457.4871,-199.46542,101262.26948
2025-04-20 23:54:43,GOOGL,SELL,209.3,165.1268,163.3793,-365.75175,100896.51773
2025-04-20 23:57:03,MSFT,BUY,184.6,388.9938,387.7174,-235.62344,100660.89429
2025-04-20 23:59:15,NVDA,SELL,125.5,745.2234,738.3344,-864.5695,99796.32479
2025-04-21 00:01:49,MSFT,SELL,321.9,406.7959,406.1445,-209.68566,99586.63913
2025-04-21 00:05:09,MSFT,SELL,48.0,402.0787,403.522,69.2784,99655.91753
2025-04-21 00:07:45,GOOGL,BUY,73.2,188.1481,188.1006,-3.477,99652.44053
2025-04-21 00:09:31,MSFT,BUY,295.7,431.9681,434.6067,780.23402,100432.67455
2025-04-21 00:11:41,AMZN,BUY,115.0,221.8725,221.0235,-97.635,100335.03955
2025-04-21 00:14:54,AMZN,BUY,107.6,215.0181,213.9567,-114.20664,100220.83291
2025-04-21 00:17:05,NFLX,BUY,292.8,616.7826,615.3211,-427.9272,99792.90571
2025-04-21 00:18:40,GOOGL,BUY,226.1,189.4446,187.5017,-439.28969,99353.61602
2025-04-21 00:21:24,AAPL,SELL,287.3,222.8271,220.1402,-771.94637,98581.66965
2025-04-21 00:23:52,META,SELL,242.5,533.0397,536.8719,929.3085,99510.97815
2025-04-21 00:27:19,TSLA,BUY,122.9,219.6872,222.8996,394.80396,99905.78211
2025-04-21 00:30:06,AMZN,BUY,165.8,198.0138,197.24,-128.29604,99777.48607
2025-04-21 00:32:34,NVDA,BUY,74.4,905.8259,915.9867,755.96352,100533.44959
2025-04-21 00:34:22,AMZN,SELL,254.7,183.8642,186.3428,631.29942,101164.74901
2025-04-21 00:36:07,MSFT,BUY,311.2,400.386,397.8648,-784.59744,100380.15157
2025-04-21 00:39:31,NVDA,SELL,21.0,742.3574,751.8119,198.5445,100578.69607
2025-04-21 00:42:15,AAPL,BUY,112.6,238.2112,236.3227,-212.6451,100366.05097
2025-04-21 00:45:44,TSLA,BUY,180.3,294.5125,298.1457,655.06596,101021.11693
2025-04-21 00:48:27,NFLX,BUY,155.2,652.536,643.18,-1452.0512,99569.06573
2025-04-21 00:50:30,TSLA,BUY,98.0,194.6362,196.7487,207.025,99776.09073
2025-04-21 00:53:13,META,SELL,136.2,517.7445,524.0372,857.06574,100633.15647
2025-04-21 00:54:59,AMZN,SELL,321.1,185.7569,184.8147,-302.54042,100330.61605
2025-04-21 00:57:49,NVDA,BUY,215.1,730.2242,736.2879,1304.30187,101634.91792
2025-04-21 00:59:22,NFLX,BUY,118.2,692.6933,702.8476,1200.23826,102835.15618
2025-04-21 01:01:05,NFLX,SELL,149.8,663.2198,671.8599,1294.28698,104129.44316
2025-04-21 01:04:15,MSFT,SELL,31.0,459.1794,464.5657,166.9753,104296.41846
2025-04-21 01:07:09,NFLX,BUY,340.8,588.4454,593.8496,1841.75136,106138.16982
2025-04-21 01:09:58,NFLX,BUY,38.1,639.4526,640.5282,40.98036,106179.15018
2025-04-21 01:12:29,AMZN,BUY,130.4,201.6515,202.12,61.0924,106240.24258
2025-04-21 01:14:26,AAPL,BUY,116.2,193.8439,195.9287,242.25376,106482.49634
2025-04-21 01:17:31,AAPL,SELL,50.0,190.71,191.2215,25.575,106508.07134
2025-04-21 01:20:09,NVDA,SELL,338.5,864.4846,873.1736,2941.2265,109449.29784
2025-04-21 01:21:44,GOOGL,SELL,275.8,196.91,196.4086,-138.28612,109311.01172
2025-04-21 01:24:52,GOOGL,SELL,237.6,171.9054,169.8218,-495.06336,108815.94836
2025-04-21 01:27:31,GOOGL,BUY,244.3,182.8823,182.5484,-81.57177,108734.37659
2025-04-21 01:29:45,GOOGL,SELL,114.2,190.6957,188.3737,-265.1724,108469.20419
2025-04-21 01:32:25,AMZN,BUY,218.9,216.0699,217.5764,329.77285,108798.97704
2025-04-21 01:35:54,MSFT,BUY,66.4,382.2824,379.9005,-158.15816,108640.81888
2025-04-21 01:38:17,META,SELL,209.3,472.5716,476.5447,831.56983,109472.38871
2025-04-21 01:40:26,AAPL,BUY,235.2,182.0765,182.0936,4.02192,109476.41063
2025-04-21 01:43:54,MSFT,SELL,112.6,396.1445,392.3016,-432.71054,109043.70009
2025-04-21 01:46:40,MSFT,BUY,221.7,390.8506,389.0506,-399.06,108644.64009
2025-04-21 01:48:30,MSFT,SELL,164.6,405.6697,409.1218,568.21566,109212.85575
2025-04-21 01:51:14,MSFT,SELL,85.8,415.3947,411.6212,-323.7663,108889.08945
2025-04-21 01:53:37,AAPL,BUY,52.7,183.9688,185.8561,99.46071,108988.55016
2025-04-21 01:55:13,TSLA,BUY,41.9,311.9124,312.2815,15.46529,109004.01545
2025-04-21 01:57:06,NVDA,BUY,231.8,678.4217,687.2333,2042.52888,111046.54433
2025-04-21 01:57:40,AAPL,BUY,220.8,179.8113,177.8489,-433.29792,110613.24641
2025-04-21 01:58:11,META,SELL,157.8,555.9898,548.9415,-1112.22174,109501.02467
2025-04-21 01:58:39,AMZN,SELL,255.3,184.1219,186.1303,512.74452,110013.76919
2025-04-21 01:59:09,TSLA,BUY,164.2,295.6227,296.7635,187.31936,110201.08855
2025-04-21 01:59:27,TSLA,SELL,244.3,306.0831,302.2569,-934.74066,109266.34789
2025-04-21 02:00:01,NFLX,BUY,299.6,671.9996,665.1775,-2043.90116,107222.44673
2025-04-21 02:00:10,AAPL,BUY,162.2,241.1868,244.1199,475.74882,107698.19555
2025-04-21 02:00:42,NFLX,BUY,200.3,720.7327,710.82,-1985.51381,105712.68174
2025-04-21 02:01:08,GOOGL,BUY,208.3,185.2017,184.8618,-70.80117,105641.88057
2025-04-21 02:01:25,NVDA,SELL,132.6,912.2491,899.4279,-1700.09112,103941.78945
2025-04-21 02:01:42,AAPL,SELL,278.7,195.523,195.7463,62.23371,104004.02316
2025-04-21 02:01:53,GOOGL,SELL,278.9,194.7751,195.0996,90.50305,104094.52621
2025-04-21 02:02:10,NVDA,SELL,59.9,917.9274,905.9601,-716.84127,103377.68494
2025-04-21 02:02:28,NVDA,SELL,218.1,819.3462,822.1511,611.74869,103989.43363
2025-04-21 02:02:37,NFLX,BUY,329.8,696.6386,700.4588,1259.90196,105249.33559
2025-04-21 02:03:06,AMZN,SELL,29.2,196.4278,196.8825,13.27724,105262.61283
2025-04-21 02:03:29,NVDA,SELL,228.1,807.6631,800.1869,-1705.32122,103557.29161
2025-04-21 02:04:03,AMZN,BUY,119.1,236.0445,236.2389,23.15304,103580.44465
2025-04-21 02:04:28,AAPL,BUY,168.9,205.2446,204.3224,-155.75958,103424.68507
2025-04-21 02:04:51,TSLA,SELL,318.7,357.5252,361.7832,1357.0246,104781.70967
2025-04-21 02:05:13,AAPL,BUY,40.7,233.6061,235.0757,59.81272,104841.52239
2025-04-21 02:05:22,AMZN,BUY,247.9,218.8039,216.879,-477.18271,104364.33968
2025-04-21 02:05:41,NVDA,SELL,27.6,714.6778,722.3827,212.65524,104576.99492
2025-04-21 02:06:08,GOOGL,BUY,137.5,145.6688,147.2085,211.70875,104788.70367
2025-04-21 02:06:19,META,BUY,89.7,458.8862,459.1715,25.59141,104814.29508
2025-04-21 02:06:49,GOOGL,SELL,94.2,169.067,169.1933,11.89746,104826.19254
2025-04-21 02:07:06,NVDA,SELL,63.0,586.1526,590.466,271.7442,105097.93674
2025-04-21 02:07:26,MSFT,SELL,245.3,437.9467,439.065,274.31899,105372.25573
2025-04-21 02:07:37,NVDA,BUY,306.3,541.6816,548.4113,2061.30711,107433.56284
2025-04-21 02:08:05,AMZN,BUY,298.6,190.8948,192.2744,411.94856,107845.5114
2025-04-21 02:08:18,GOOGL,SELL,35.7,178.886,179.8413,34.10421,107879.61561
2025-04-21 02:08:37,META,BUY,45.2,549.5539,544.6908,-219.81212,107659.80349
2025-04-21 02:09:11,GOOGL,SELL,167.7,159.1243,161.2408,354.93705,108014.74054
2025-04-21 02:09:38,GOOGL,BUY,160.5,181.0732,183.3691,368.49195,108383.23249
2025-04-21 02:10:01,MSFT,SELL,278.0,430.8623,425.0281,-1621.9076,106761.32489
2025-04-21 02:10:28,TSLA,SELL,98.8,385.2851,391.0311,567.7048,107329.02969
2025-04-21 02:10:58,META,SELL,303.6,449.5591,454.734,1571.09964,108900.12933
2025-04-21 02:11:19,TSLA,BUY,184.7,353.159,356.9906,707.69652,109607.82585
2025-04-21 02:11:51,GOOGL,BUY,13.8,167.5774,167.8725,4.07238,109611.89823
2025-04-21 02:12:20,TSLA,SELL,46.6,368.1995,365.6394,-119.30066,109492.59757
2025-04-21 02:12:49,AAPL,SELL,331.1,199.8334,197.6553,-721.16891,108771.42866
2025-04-21 02:13:15,GOOGL,BUY,295.0,158.9766,157.6619,-387.8365,108383.59216
2025-04-21 02:13:47,TSLA,BUY,47.9,315.1257,311.9133,-153.87396,108229.7182
2025-04-21 02:14:22,META,SELL,20.8,499.0374,503.1778,86.12032,108315.83852
2025-04-21 02:14:36,AAPL,BUY,265.2,229.4396,232.6763,858.37284,109174.21136
2025-04-21 02:15:07,AMZN,SELL,22.9,224.4798,223.6605,-18.76197,109155.44939
2025-04-21 02:15:41,GOOGL,BUY,318.1,172.7075,173.934,390.14965,109545.59904
2025-04-21 02:15:49,GOOGL,SELL,54.9,181.0243,180.6778,-19.02285,109526.57619
2025-04-21 02:15:58,AAPL,BUY,277.1,178.2927,179.4559,322.32272,109848.89891
2025-04-21 02:16:09,NFLX,BUY,239.5,637.6042,640.6522,729.996,110578.89491
2025-04-21 02:16:30,GOOGL,SELL,239.4,185.8193,185.7769,-10.15056,110568.74435
2025-04-21 02:16:41,META,SELL,165.9,466.6424,471.5351,811.69893,111380.44328
2025-04-21 02:17:02,NFLX,SELL,206.1,692.495,695.473,613.7658,111994.20908
2025-04-21 02:17:28,MSFT,BUY,348.8,388.1775,392.5626,1529.52288,113523.73196
2025-04-21 02:17:53,AAPL,SELL,83.7,207.8628,205.2333,-220.08915,113303.64281
2025-04-21 02:18:28,GOOGL,BUY,146.4,202.9121,204.0836,171.5076,113475.15041
2025-04-21 02:18:59,AAPL,SELL,342.2,241.7008,240.6893,-346.1353,113129.01511
2025-04-21 02:20:39,NVDA,SELL,160.5,872.2017,876.1284,630.23535,113759.25046
2025-04-21 02:22:25,NFLX,SELL,123.7,675.7163,683.6638,983.10575,114742.35621
2025-04-21 02:24:28,NVDA,BUY,312.8,845.2559,853.776,2665.08728,117407.44349
2025-04-21 02:26:32,TSLA,BUY,110.9,218.2571,219.3143,117.24348,117524.68697
2025-04-21 02:28:37,TSLA,BUY,209.8,364.0559,367.8876,803.89066,118328.57763
2025-04-21 02:30:17,TSLA,SELL,291.1,262.087,261.9967,-26.28633,118302.2913
2025-04-21 02:32:35,NVDA,SELL,28.6,698.2134,703.252,144.10396,118446.39526
2025-04-21 02:34:59,NVDA,BUY,257.0,480.5197,480.0539,-119.7106,118326.68466
2025-04-21 02:37:39,META,SELL,337.7,547.7223,541.5198,-2094.58425,116232.10041
2025-04-21 02:40:52,MSFT,SELL,202.4,432.2604,427.5066,-962.16912,115269.93129
2025-04-21 02:43:18,META,BUY,175.6,555.498,560.7618,924.32328,116194.25457
2025-04-21 02:46:10,META,BUY,251.2,457.176,451.7154,-1371.70272,114822.55185
2025-04-21 02:48:48,META,BUY,265.3,482.3536,488.3441,1589.27965,116411.8315
2025-04-21 02:50:31,MSFT,SELL,162.3,417.4284,413.4255,-649.67067,115762.16083
2025-04-21 02:53:29,TSLA,SELL,128.3,274.4492,277.614,406.04384,116168.20467
2025-04-21 02:55:52,NFLX,SELL,251.3,589.735,584.1376,-1406.62662,114761.57805
2025-04-21 02:59:21,AAPL,BUY,151.4,178.8642,178.6025,-39.62138,114721.95667
2025-04-21 03:01:37,META,SELL,32.2,559.7022,553.9863,-184.05198,114537.90469
2025-04-21 03:03:27,AMZN,SELL,291.0,200.3247,199.4338,-259.2519,114278.65279
2025-04-21 03:06:50,MSFT,BUY,341.8,433.0361,438.9837,2032.88968,116311.54247
2025-04-21 03:09:49,AAPL,BUY,305.6,202.7157,204.5564,562.51792,116874.06039
2025-04-21 03:13:12,TSLA,BUY,204.0,354.5971,354.6152,3.6924,116877.75279
2025-04-21 03:15:37,GOOGL,BUY,322.8,172.1048,169.9582,-692.92248,116184.83031
2025-04-21 03:17:16,NVDA,SELL,83.5,464.7909,466.7678,165.07115,116349.90146
2025-04-21 03:19:38,META,SELL,152.1,539.4546,540.4343,149.01237,116498.91383
2025-04-21 03:22:09,AMZN,SELL,105.0,204.6453,202.6145,-213.234,116285.67983
2025-04-21 03:24:36,AAPL,SELL,191.3,232.368,235.4274,585.26322,116870.94305
2025-04-21 03:27:06,MSFT,SELL,28.8,439.7817,433.7454,-173.84544,116697.09761
2025-04-21 03:30:09,MSFT,BUY,208.5,419.9239,425.9935,1265.5116,117962.60921
2025-04-21 03:33:26,AMZN,SELL,198.5,193.4378,194.2862,168.4074,118131.01661
2025-04-21 03:36:10,META,BUY,112.0,556.1027,562.8261,753.0208,118884.03741
2025-04-21 03:38:54,NFLX,SELL,98.5,716.7105,721.5145,473.194,119357.23141
2025-04-21 03:41:24,AAPL,BUY,196.7,160.489,158.5063,-389.99709,118967.23432
2025-04-21 03:44:02,TSLA,SELL,53.7,353.0142,349.6387,-181.26435,118785.96997
2025-04-21 03:46:51,GOOGL,SELL,220.3,168.2667,166.3846,-414.62663,118371.34334
2025-04-21 03:49:33,NVDA,BUY,122.5,725.9902,730.3735,536.95425,118908.29759
2025-04-21 03:52:16,TSLA,SELL,266.3,274.7437,276.8996,574.11617,119482.41376
2025-04-21 03:54:25,MSFT,SELL,320.5,415.7653,413.2151,-817.3391,118665.07466
2025-04-21 03:57:33,AAPL,BUY,143.5,221.2181,222.714,214.66165,118879.73631
2025-04-21 03:59:08,TSLA,SELL,79.1,175.453,175.0453,-32.24907,118847.48724
2025-04-21 04:02:19,AMZN,SELL,176.9,195.7014,195.0927,-107.67903,118739.80821
2025-04-21 04:03:49,GOOGL,BUY,198.5,161.9126,161.2913,-123.32805,118616.48016
2025-04-21 04:05:36,META,BUY,216.0,492.3613,490.7328,-351.756,118264.72416
2025-04-21 04:07:47,TSLA,BUY,288.1,273.3105,277.199,1120.27685,119385.00101
2025-04-21 04:09:24,TSLA,BUY,117.3,260.8763,262.1695,151.69236,119536.69337
2025-04-21 04:12:04,AAPL,SELL,330.0,179.7244,182.1886,813.186,120349.87937
2025-04-21 04:13:37,AAPL,SELL,51.6,192.6484,193.2118,29.07144,120378.95081
2025-04-21 04:16:15,NVDA,BUY,289.1,745.5641,754.6976,2640.49485,123019.44566
2025-04-21 04:18:49,AAPL,BUY,20.6,219.8103,220.8174,20.74626,123040.19192
2025-04-21 04:21:59,GOOGL,SELL,61.8,164.0062,162.2516,-108.43428,122931.75764
2025-04-21 04:25:24,AMZN,BUY,255.7,185.1447,182.5979,-651.21676,122280.54088
2025-04-21 04:28:42,NVDA,SELL,209.5,644.2014,653.2104,1887.3855,124167.92638
2025-04-21 04:30:47,MSFT,SELL,103.9,446.798,452.1972,560.97688,124728.90326
2025-04-21 04:33:18,MSFT,BUY,262.6,433.7437,430.091,-959.19902,123769.70424
2025-04-21 04:35:08,META,BUY,56.7,541.6909,536.4943,-294.64722,123475.05702
2025-04-21 04:37:35,NFLX,SELL,323.8,590.6134,593.2789,863.0889,124338.14592
2025-04-21 04:41:04,NFLX,BUY,80.5,621.2199,627.1813,479.8927,124818.03862
2025-04-21 04:43:53,AAPL,BUY,348.9,231.0782,231.5933,179.71839,124997.75701
2025-04-21 04:45:41,AMZN,BUY,83.1,191.5684,191.2082,-29.93262,124967.82439
2025-04-21 04:48:54,GOOGL,SELL,180.4,159.4175,159.4785,11.0044,124978.82879
2025-04-21 04:50:43,TSLA,BUY,14.2,297.9662,293.8193,-58.88598,124919.94281
2025-04-21 04:53:53,MSFT,BUY,131.9,405.7117,404.9671,-98.21274,124821.73007
2025-04-21 04:55:33,AMZN,SELL,257.9,194.7446,193.4833,-325.28927,124496.4408
2025-04-21 04:57:21,GOOGL,BUY,69.9,170.3558,169.9897,-25.59039,124470.85041
2025-04-21 05:00:32,NVDA,BUY,126.8,937.3518,936.9352,-52.82488,124418.02553
2025-04-21 05:03:30,GOOGL,BUY,85.0,180.6278,179.7623,-73.5675,124344.45803
2025-04-21 05:06:16,NVDA,BUY,55.1,507.7228,503.3907,-238.69871,124105.75932
2025-04-21 05:09:43,META,SELL,261.1,485.3987,483.6692,-451.57245,123654.18687
2025-04-21 05:12:01,GOOGL,SELL,170.2,198.3289,200.2393,325.15008,123979.33695
2025-04-21 05:14:17,AAPL,BUY,83.1,234.819,236.8567,169.33287,124148.66982
2025-04-21 05:16:33,META,BUY,76.0,532.2173,524.5073,-585.96,123562.70982
2025-04-21 05:19:40,AMZN,BUY,257.0,212.8859,210.0441,-730.3426,122832.36722
2025-04-21 05:22:43,AMZN,BUY,13.2,179.6406,180.513,11.51568,122843.8829
2025-04-21 05:25:37,MSFT,BUY,162.0,385.8174,391.3295,892.9602,123736.8431
2025-04-21 05:28:51,MSFT,BUY,190.9,430.6773,434.5441,738.17212,124475.01522
2025-04-21 05:31:41,META,SELL,10.7,473.9409,477.4962,38.04171,124513.05693
2025-04-21 05:34:30,META,SELL,263.4,501.1101,507.4597,1672.48464,126185.54157
2025-04-21 05:37:05,GOOGL,SELL,39.0,195.7024,196.0588,13.8996,126199.44117
2025-04-21 05:38:56,NFLX,BUY,205.7,598.9929,599.4509,94.2106,126293.65177
2025-04-21 05:40:52,NVDA,SELL,55.5,457.8937,458.8358,52.28655,126345.93832
2025-04-21 05:43:18,NFLX,BUY,261.8,596.6681,602.9001,1631.5376,127977.47592
2025-04-21 05:45:12,MSFT,BUY,88.7,429.0445,423.6612,-477.49871,127499.97721
2025-04-21 05:48:42,TSLA,SELL,243.4,359.8588,357.0211,-690.69618,126809.28103
2025-04-21 05:51:02,AAPL,BUY,111.6,213.0017,212.2174,-87.52788,126721.75315
2025-04-21 05:53:59,AAPL,BUY,272.5,198.6571,200.6172,534.12725,127255.8804
2025-04-21 05:57:14,AMZN,SELL,55.8,218.6685,219.3577,38.45736,127294.33776
2025-04-21 06:00:03,META,SELL,11.5,546.6712,545.5647,-12.72475,127281.61301
2025-04-21 06:02:40,TSLA,BUY,69.6,216.847,213.6145,-224.982,127056.63101
2025-04-21 06:05:03,TSLA,BUY,327.7,346.8674,344.8491,-661.39691,126395.2341
2025-04-21 06:06:57,AAPL,BUY,163.5,218.3455,216.8218,-249.12495,126146.10915
2025-04-21 06:08:42,TSLA,SELL,39.8,196.012,196.6027,23.50986,126169.61901
2025-04-21 06:10:32,TSLA,SELL,60.6,367.5455,370.1467,157.63272,126327.25173
2025-04-21 06:13:54,MSFT,BUY,234.0,439.933,434.4618,-1280.2608,125046.99093
2025-04-21 06:16:43,GOOGL,BUY,220.2,189.4914,191.4291,426.68154,125473.67247
2025-04-21 06:18:39,MSFT,BUY,338.6,389.9744,384.5836,-1825.32488,123648.34759
2025-04-21 06:21:45,AAPL,BUY,298.7,226.8883,230.1051,960.85816,124609.20575
2025-04-21 06:22:12,GOOGL,SELL,58.3,178.5355,179.468,54.36475,124663.5705
2025-04-21 06:22:21,GOOGL,SELL,318.5,188.8688,188.3326,-170.7797,124492.7908
2025-04-21 06:22:50,NVDA,BUY,31.5,947.6854,942.968,-148.5981,124344.1927
2025-04-21 06:23:21,AMZN,BUY,117.8,186.2759,184.6816,-187.80854,124156.38416
2025-04-21 06:23:54,NVDA,BUY,66.6,685.8866,691.5568,377.63532,124534.01948
2025-04-21 06:24:23,NFLX,BUY,57.6,657.414,655.0082,-138.57408,124395.4454
2025-04-21 06:24:38,MSFT,SELL,111.5,448.2202,445.1711,-339.97465,124055.47075
2025-04-21 06:24:54,NVDA,BUY,278.7,702.5267,711.4334,2482.29729,126537.76804
2025-04-21 06:25:23,AMZN,BUY,155.5,244.6596,243.9127,-116.14295,126421.62509
2025-04-21 06:25:47,GOOGL,SELL,172.3,165.9186,163.5839,-402.26881,126019.35628
2025-04-21 06:26:09,MSFT,BUY,188.1,444.1166,444.7195,113.40549,126132.76177
2025-04-21 06:26:29,NVDA,BUY,288.7,667.1705,657.8165,-2700.4998,123432.26197
2025-04-21 06:27:02,AAPL,BUY,64.8,177.7137,177.8182,6.7716,123439.03357
2025-04-21 06:27:31,NVDA,BUY,300.2,793.6536,802.0897,2532.51722,125971.55079
2025-04-21 06:27:49,META,BUY,289.4,476.3217,471.0524,-1524.93542,124446.61537
2025-04-21 06:28:21,MSFT,BUY,47.0,413.1049,407.8519,-246.891,124199.72437
2025-04-21 06:28:49,AMZN,BUY,121.4,190.4713,189.8455,-75.97212,124123.75225
2025-04-21 06:29:11,GOOGL,SELL,42.3,155.7309,156.9686,52.35471,124176.10696
2025-04-21 06:29:39,MSFT,SELL,14.7,455.0072,450.5364,-65.72076,124110.3862
2025-04-21 06:29:56,NVDA,BUY,90.9,799.3636,800.9729,146.28537,124256.67157
2025-04-21 06:30:07,META,SELL,56.8,473.2518,477.0232,214.21552,124470.88709
2025-04-21 06:30:41,META,SELL,43.3,484.6178,485.4811,37.38089,124508.26798
2025-04-21 06:31:09,AAPL,SELL,152.3,216.9144,218.3035,211.55993,124719.82791
2025-04-21 06:31:21,AMZN,SELL,134.6,233.2791,235.3616,280.3045,125000.13241
2025-04-21 06:31:49,NFLX,SELL,154.4,631.2278,624.7439,-1001.11416,123999.01825
2025-04-21 06:32:16,TSLA,BUY,295.4,292.5372,289.5538,-881.29636,123117.72189
2025-04-21 06:32:38,AMZN,SELL,119.6,209.0511,209.3319,33.58368,123151.30557
2025-04-21 06:32:55,NFLX,SELL,284.9,617.2193,613.413,-1084.41487,122066.8907
2025-04-21 06:33:24,MSFT,BUY,129.9,386.472,386.6078,17.64042,122084.53112
2025-04-21 06:33:59,MSFT,BUY,96.1,405.6449,401.131,-433.78579,121650.74533
2025-04-21 06:34:31,TSLA,SELL,27.9,246.5566,245.1739,-38.57733,121612.168
2025-04-21 06:34:54,TSLA,SELL,51.4,361.6995,365.2317,181.55508,121793.72308
2025-04-21 06:35:27,GOOGL,SELL,55.0,181.2798,183.1854,104.808,121898.53108
2025-04-21 06:35:58,TSLA,BUY,21.8,161.0261,159.5328,-32.55394,121865.97714
2025-04-21 06:37:09,GOOGL,BUY,129.3,185.7782,183.4873,-296.21337,121569.76377
2025-04-21 06:38:01,MSFT,BUY,300.3,418.2097,415.8115,-720.17946,120849.58431
2025-04-21 06:39:20,NFLX,SELL,47.3,632.1683,625.7455,-303.79844,120545.78587
2025-04-21 06:40:07,TSLA,SELL,131.4,197.6783,198.2465,74.66148,120620.44735
2025-04-21 06:41:04,TSLA,SELL,154.4,251.0713,252.6232,239.61336,120860.06071
2025-04-21 06:42:24,TSLA,SELL,34.5,227.5789,226.8895,-23.7843,120836.27641
2025-04-21 06:43:29,NFLX,SELL,275.8,711.0901,706.2385,-1338.07128,119498.20513
2025-04-21 06:44:13,AMZN,BUY,160.2,190.1614,188.6529,-241.6617,119256.54343
2025-04-21 06:45:26,GOOGL,BUY,124.3,195.6607,194.317,-167.02191,119089.52152
2025-04-21 06:46:32,NVDA,SELL,235.6,762.9882,760.6643,-547.51084,118542.01068
2025-04-21 06:47:44,AAPL,BUY,71.8,181.7091,182.5012,56.87278,118598.88346
2025-04-21 06:48:37,META,BUY,76.3,559.768,553.9672,-442.60104,118156.28242
2025-04-21 06:49:43,TSLA,BUY,167.1,315.1842,314.6706,-85.82256,118070.45986
2025-04-21 06:50:48,META,BUY,215.1,478.038,477.0968,-202.45212,117868.00774
2025-04-21 06:51:56,META,BUY,153.9,496.2668,494.5469,-264.69261,117603.31513
2025-04-21 06:52:38,NFLX,SELL,27.4,660.3941,655.173,-143.05814,117460.25699
2025-04-21 06:53:55,AMZN,BUY,229.5,227.9513,224.9938,-678.74625,116781.51074
2025-04-21 06:54:40,NFLX,BUY,215.3,613.9542,615.0487,235.64585,117017.15659
2025-04-21 06:55:55,MSFT,SELL,158.7,435.3142,440.7827,867.85095,117885.00754
2025-04-21 06:56:54,AAPL,SELL,335.3,223.7363,227.0737,1119.03022,119004.03776
2025-04-21 06:57:36,TSLA,SELL,227.6,246.3667,242.7688,-818.88204,118185.15572
2025-04-21 06:58:40,AAPL,SELL,325.5,213.2209,210.8115,-784.2597,117400.89602
2025-04-21 06:59:32,NVDA,SELL,97.7,546.4232,546.9821,54.60453,117455.50055
2025-04-21 07:00:26,NVDA,BUY,100.7,828.3453,825.5184,-284.66883,117170.83172
2025-04-21 07:01:29,AAPL,SELL,118.3,196.2518,193.8728,-281.4357,116889.39602
2025-04-21 07:02:19,META,BUY,42.7,485.2084,491.5205,269.52667,117158.92269
2025-04-21 07:03:25,GOOGL,SELL,92.0,190.0571,191.9218,171.5524,117330.47509
2025-04-21 07:04:11,GOOGL,BUY,347.5,174.7208,175.6077,308.19775,117638.67284
2025-04-21 07:04:57,MSFT,SELL,188.2,416.3259,418.7748,460.88298,118099.55582
2025-04-21 07:05:47,MSFT,SELL,246.5,453.5078,454.6574,283.3764,118382.93222
2025-04-21 07:06:31,AMZN,SELL,118.6,173.9182,173.3576,-66.48716,118316.44506
2025-04-21 07:07:12,TSLA,BUY,262.0,362.9799,364.9337,511.8956,118828.34066
2025-04-21 07:08:31,GOOGL,SELL,197.1,168.2916,167.3338,-188.78238,118639.55828
2025-04-21 07:09:12,AAPL,SELL,112.1,193.4211,190.9222,-280.12669,118359.43159
2025-04-21 07:10:18,MSFT,SELL,27.9,411.3922,415.6623,119.13579,118478.56738
2025-04-21 07:11:06,TSLA,BUY,282.5,244.6008,241.7333,-810.06875,117668.49863
2025-04-21 07:12:03,MSFT,BUY,137.7,451.5294,451.5177,-1.61109,117666.88754
2025-04-21 07:13:14,NFLX,BUY,30.4,605.9618,614.3332,254.49056,117921.3781
2025-04-21 07:14:11,TSLA,SELL,336.6,208.8615,210.0255,391.8024,118313.1805
2025-04-21 07:14:53,MSFT,SELL,37.3,464.0377,458.9851,-188.46198,118124.71852
2025-04-21 07:15:39,AMZN,BUY,341.6,183.2495,180.7244,-862.57416,117262.14436
2025-04-21 07:16:52,AMZN,BUY,139.8,209.0914,207.1844,-266.5986,116995.54576
2025-04-21 07:18:12,MSFT,SELL,346.8,430.7962,434.3358,1227.53328,118223.07904
2025-04-21 07:19:11,AMZN,SELL,253.3,173.0961,173.1591,15.9579,118239.03694
2025-04-21 07:20:01,NFLX,BUY,61.5,592.0821,600.1641,497.043,118736.07994
2025-04-21 07:20:51,NVDA,BUY,68.9,923.84,918.6046,-360.71906,118375.36088
2025-04-21 07:21:45,AAPL,BUY,243.6,201.0847,203.4473,575.52936,118950.89024
2025-04-21 07:23:05,TSLA,SELL,242.0,367.2081,369.766,619.0118,119569.90204
2025-04-21 07:24:19,NVDA,BUY,17.3,844.5006,841.429,-53.13868,119516.76336
2025-04-21 07:25:13,NFLX,SELL,317.1,611.2312,615.058,1213.47828,120730.24164
2025-04-21 07:26:10,NFLX,BUY,189.8,713.8205,715.1844,258.86822,120989.10986
2025-04-21 07:27:23,AMZN,BUY,202.3,172.8315,172.5111,-64.81692,120924.29294
2025-04-21 07:28:08,AMZN,SELL,7.1,196.752,193.8274,-20.76466,120903.52828
2025-04-21 07:29:59,TSLA,BUY,26.0,288.5847,291.8563,85.0616,120988.58988
2025-04-21 07:33:08,META,BUY,44.7,457.9785,451.8769,-272.74152,120715.84836
2025-04-21 07:35:00,TSLA,BUY,16.9,340.1075,340.5226,7.01519,120722.86355
2025-04-21 07:38:22,GOOGL,BUY,309.6,200.3514,200.7976,138.14352,120861.00707
2025-04-21 07:41:12,TSLA,SELL,327.7,271.5032,268.0348,-1136.59468,119724.41239
2025-04-21 07:43:53,TSLA,SELL,151.9,260.5408,261.822,194.61428,119919.02667
2025-04-21 07:47:16,NFLX,BUY,12.9,614.8307,622.1427,94.3248,120013.35147
2025-04-21 07:50:28,MSFT,SELL,281.3,429.4716,428.8867,-164.53237,119848.8191
2025-04-21 07:52:54,NFLX,BUY,325.6,674.7527,681.9476,2342.65944,122191.47854
2025-04-21 07:54:57,NVDA,BUY,191.3,795.6787,803.7054,1535.50771,123726.98625
2025-04-21 07:57:42,AAPL,SELL,229.9,220.542,223.1924,609.32696,124336.31321
2025-04-21 07:59:26,NFLX,BUY,238.2,659.9485,667.4504,1786.95258,126123.26579
2025-04-21 08:01:31,MSFT,BUY,280.1,464.0578,460.8075,-910.40903,125212.85676
2025-04-21 08:04:11,GOOGL,SELL,189.7,179.0095,176.9938,-382.37829,124830.47847
2025-04-21 08:06:40,TSLA,BUY,202.9,176.2052,173.6696,-514.47324,124316.00523
2025-04-21 08:08:17,GOOGL,BUY,235.6,179.5361,178.5753,-226.36448,124089.64075
2025-04-21 08:11:29,GOOGL,BUY,119.3,179.628,182.2426,311.92178,124401.56253
2025-04-21 08:13:20,TSLA,BUY,29.8,212.7399,214.7312,59.34074,124460.90327
2025-04-21 08:15:39,GOOGL,BUY,172.3,179.0318,177.1446,-325.16456,124135.73871
2025-04-21 08:17:53,TSLA,SELL,271.3,381.3002,376.9645,-1176.27541,122959.4633
2025-04-21 08:20:52,NFLX,BUY,214.0,679.1566,669.9169,-1977.2958,120982.1675
2025-04-21 08:23:39,AAPL,BUY,99.3,211.0518,212.4919,143.00193,121125.16943
2025-04-21 08:27:07,META,BUY,5.0,472.2879,466.3844,-29.5175,121095.65193
2025-04-21 08:30:29,NFLX,BUY,36.8,645.0682,652.6873,280.38288,121376.03481
2025-04-21 08:32:06,AMZN,SELL,181.4,219.7148,220.2445,96.08758,121472.12239
2025-04-21 08:34:53,NFLX,SELL,100.1,609.185,606.0001,-318.80849,121153.3139
2025-04-21 08:37:13,AAPL,SELL,312.6,193.2142,195.1105,592.78338,121746.09728
2025-04-21 08:40:15,TSLA,BUY,305.2,192.9486,192.7492,-60.85688,121685.2404
2025-04-21 08:43:32,NFLX,SELL,183.8,712.2403,718.9436,1232.06654,122917.30694
2025-04-21 08:45:44,AAPL,BUY,83.1,237.2474,239.9223,222.28419,123139.59113
2025-04-21 08:48:52,META,BUY,294.0,489.4801,486.4061,-903.756,122235.83513
2025-04-21 08:51:00,META,SELL,312.9,555.6765,554.8133,-270.09528,121965.73985
2025-04-21 08:52:38,TSLA,BUY,303.8,372.3697,377.8597,1667.862,123633.60185
2025-04-21 08:55:19,GOOGL,SELL,99.3,194.9718,197.5154,252.57948,123886.18133
2025-04-21 08:58:05,AAPL,BUY,218.8,243.9465,242.8465,-240.68,123645.50133
2025-04-21 09:01:01,META,SELL,160.8,467.7708,464.2645,-563.81304,123081.68829
2025-04-21 09:02:32,AAPL,SELL,327.8,204.8925,204.3568,-175.60246,122906.08583
2025-04-21 09:05:09,AMZN,BUY,63.4,201.5208,203.6232,133.29216,123039.37799
2025-04-21 09:07:46,NVDA,BUY,52.7,590.4348,595.9829,292.38487,123331.76286
2025-04-21 09:09:20,AAPL,BUY,156.8,187.8121,186.0912,-269.83712,123061.92574
2025-04-21 09:12:25,NFLX,BUY,310.6,593.7086,587.4487,-1944.32494,121117.6008
2025-04-21 09:14:26,AMZN,BUY,307.5,197.1992,194.5731,-807.52575,120310.07505
2025-04-21 09:16:34,TSLA,BUY,255.9,266.0562,265.9193,-35.03271,120275.04234
2025-04-21 09:19:23,AAPL,BUY,38.4,236.1103,235.1901,-35.33568,120239.70666
2025-04-21 09:20:53,META,SELL,311.1,457.396,461.5511,1292.65161,121532.35827
2025-04-21 09:23:42,AAPL,BUY,253.9,216.642,218.5572,486.26928,122018.62755
2025-04-21 09:26:34,GOOGL,SELL,167.9,170.4236,170.976,92.74796,122111.37551
2025-04-21 09:29:39,META,SELL,45.7,523.3516,522.752,-27.40172,122083.97379
2025-04-21 09:32:47,GOOGL,BUY,239.4,154.3302,154.728,95.23332,122179.20711
2025-04-21 09:34:34,GOOGL,BUY,332.6,194.8553,195.7353,292.688,122471.89511
2025-04-21 09:36:54,AMZN,BUY,108.9,207.1226,209.9162,304.22304,122776.11815
2025-04-21 09:39:48,GOOGL,SELL,71.5,169.5371,170.7036,83.40475,122859.5229
2025-04-21 09:41:29,AAPL,BUY,67.2,194.8743,196.2092,89.70528,122949.22818
2025-04-21 09:44:10,META,SELL,349.9,469.8038,466.8555,-1031.61017,121917.61801
2025-04-21 09:45:55,NVDA,BUY,262.2,911.2709,900.621,-2792.40378,119125.21423
2025-04-21 09:49:24,META,BUY,233.2,468.8028,465.0838,-867.2708,118257.94343
2025-04-21 09:51:12,TSLA,SELL,183.5,395.1943,389.3117,-1079.4571,117178.48633
2025-04-21 09:53:19,META,SELL,187.4,559.8464,565.1076,985.94888,118164.43521
2025-04-21 09:56:39,TSLA,BUY,213.7,278.9985,280.0368,221.88471,118386.31992
2025-04-21 09:58:22,GOOGL,BUY,346.2,179.2795,181.6091,806.50752,119192.82744
2025-04-21 10:00:54,GOOGL,BUY,60.9,160.3134,161.443,68.79264,119261.62008
2025-04-21 10:03:05,TSLA,SELL,298.7,321.2648,320.5483,-214.01855,119047.60153
2025-04-21 10:06:20,NVDA,BUY,305.3,464.3198,458.1444,-1885.34962,117162.25191
2025-04-21 10:08:40,NVDA,BUY,38.0,870.8712,871.0385,6.3574,117168.60931
2025-04-21 10:11:57,GOOGL,BUY,78.2,193.8668,195.5494,131.57932,117300.18863
2025-04-21 10:14:27,NVDA,SELL,162.9,646.3369,650.2948,644.74191,117944.93054
2025-04-21 10:16:11,GOOGL,SELL,185.9,182.1739,182.6875,95.47824,118040.40878
2025-04-21 10:18:29,MSFT,SELL,193.3,413.6661,412.8416,-159.37585,117881.03293
2025-04-21 10:20:51,NFLX,SELL,326.5,587.9716,587.0047,-315.69285,117565.34008
2025-04-21 10:24:17,AAPL,BUY,127.2,196.0625,193.6227,-310.34256,117254.99752
2025-04-21 10:27:25,GOOGL,BUY,58.0,172.4796,171.9782,-29.0812,117225.91632
2025-04-21 10:29:23,AAPL,SELL,196.2,209.5514,210.3123,149.28858,117375.2049
2025-04-21 10:31:26,MSFT,SELL,36.8,407.8373,406.7869,-38.65472,117336.55018
2025-04-21 10:33:53,AMZN,BUY,49.2,181.8371,182.6571,40.344,117376.89418
2025-04-21 10:36:15,AAPL,BUY,169.3,218.5864,218.6676,13.74716,117390.64134
2025-04-21 10:38:16,GOOGL,BUY,178.3,159.023,161.283,402.958,117793.59934
2025-04-21 10:40:47,AAPL,SELL,214.7,214.3257,216.6297,494.6688,118288.26814
2025-04-21 10:44:04,MSFT,SELL,210.6,430.9767,433.3997,510.2838,118798.55194
2025-04-21 10:46:03,NVDA,BUY,234.6,750.0918,758.8104,2045.38356,120843.9355
2025-04-21 10:48:00,META,SELL,318.8,549.4149,542.2892,-2271.67316,118572.26234
2025-04-21 10:49:47,META,BUY,27.8,561.8898,563.3683,41.1023,118613.36464
2025-04-21 10:51:34,MSFT,SELL,200.5,411.0629,407.2538,-763.72455,117849.64009
2025-04-21 10:54:15,NVDA,SELL,166.2,671.5933,674.1414,423.49422,118273.13431
2025-04-21 10:57:45,MSFT,SELL,232.9,446.8322,442.301,-1055.31648,117217.81783
2025-04-21 11:00:53,GOOGL,SELL,323.9,149.4668,147.6148,-599.8628,116617.95503
2025-04-21 11:04:07,NVDA,SELL,102.5,772.4259,767.0431,-551.737,116066.21803
2025-04-21 11:07:35,GOOGL,BUY,145.1,187.1159,189.36,325.61891,116391.83694
2025-04-21 11:10:43,GOOGL,SELL,185.0,166.7689,167.7552,182.4655,116574.30244
2025-04-21 11:12:16,NFLX,SELL,84.2,616.0819,624.7724,731.7401,117306.04254
2025-04-21 11:15:16,TSLA,SELL,247.1,251.7371,249.1201,-646.6607,116659.38184
2025-04-21 11:17:49,MSFT,SELL,256.0,405.8895,402.2645,-928.0,115731.38184
2025-04-21 11:21:10,META,BUY,9.9,523.0373,527.6786,45.94887,115777.33071
2025-04-21 11:23:50,AAPL,BUY,303.6,234.2355,235.1254,270.17364,116047.50435
2025-04-21 11:27:06,NFLX,BUY,55.8,708.5569,712.4294,216.0855,116263.58985
2025-04-21 11:28:57,NVDA,SELL,259.7,603.7793,600.7965,-774.63316,115488.95669
2025-04-21 11:31:47,AMZN,BUY,171.2,185.547,188.1805,450.8552,115939.81189
2025-04-21 11:33:52,META,BUY,315.8,485.9388,479.4605,-2045.84714,113893.96475
2025-04-21 11:36:28,NVDA,SELL,186.2,845.0721,850.5696,1023.6345,114917.59925
2025-04-21 11:39:46,TSLA,BUY,225.2,195.3051,192.4822,-635.71708,114281.88217
2025-04-21 11:41:24,TSLA,SELL,110.4,245.2654,244.8988,-40.47264,114241.40953
2025-04-21 11:43:41,META,SELL,104.0,517.4228,520.114,279.8848,114521.29433
2025-04-21 11:45:13,GOOGL,SELL,226.8,188.6851,191.3459,603.46944,115124.76377
2025-04-21 11:48:37,TSLA,SELL,94.3,241.9618,245.3867,322.96807,115447.73184
2025-04-21 11:51:20,META,BUY,46.4,543.1887,544.0838,41.53264,115489.26448
2025-04-21 11:53:40,AMZN,BUY,26.3,220.6604,222.0893,37.58007,115526.84455
2025-04-21 11:55:46,NVDA,SELL,250.8,632.8507,642.3266,2376.55572,117903.40027
2025-04-21 11:59:04,META,BUY,52.6,453.5183,449.1247,-231.10336,117672.29691
2025-04-21 12:01:28,NFLX,SELL,109.3,646.6144,644.198,-264.11252,117408.18439
2025-04-21 12:04:47,AMZN,BUY,346.7,222.2887,224.2073,665.17862,118073.36301
2025-04-21 12:06:25,AMZN,BUY,229.2,203.1559,205.9702,645.03756,118718.40057
2025-04-21 12:09:06,META,BUY,231.7,478.1023,479.7223,375.354,119093.75457
2025-04-21 12:12:21,AAPL,BUY,264.0,230.6452,230.9102,69.96,119163.71457
2025-04-21 12:14:52,AMZN,BUY,180.4,191.8071,189.9294,-338.73708,118824.97749
2025-04-21 12:17:16,GOOGL,BUY,190.9,184.3023,185.9776,319.81477,119144.79226
2025-04-21 12:19:58,AMZN,BUY,92.6,198.8817,199.4949,56.78232,119201.57458
2025-04-21 12:22:37,TSLA,SELL,114.5,184.1929,185.3777,135.6596,119337.23418
2025-04-21 12:25:36,NFLX,SELL,15.9,585.7472,580.195,-88.27998,119248.9542
2025-04-21 12:27:33,AAPL,BUY,231.3,222.5287,221.4303,-254.05992,118994.89428
2025-04-21 12:30:47,NFLX,BUY,51.5,712.1769,706.0756,-314.21695,118680.67733
2025-04-21 12:32:53,AAPL,BUY,20.6,223.786,226.8474,63.06484,118743.74217
2025-04-21 12:35:34,NFLX,SELL,267.5,641.6916,646.6682,1331.2405,120074.98267
2025-04-21 12:38:51,TSLA,BUY,31.6,276.6778,273.1075,-112.82148,119962.16119
2025-04-21 12:40:36,MSFT,BUY,274.7,390.9018,385.4338,-1502.0596,118460.10159
2025-04-21 12:43:58,AAPL,SELL,324.8,198.0417,197.8261,-70.02688,118390.07471
2025-04-21 12:46:25,AAPL,SELL,321.5,166.844,164.6006,-721.2531,117668.82161
2025-04-21 12:48:12,GOOGL,SELL,332.3,157.2328,154.9752,-750.20048,116918.62113
2025-04-21 12:51:01,TSLA,SELL,58.9,387.0121,389.2579,132.27762,117050.89875
2025-04-21 12:52:34,NFLX,BUY,258.1,715.0459,722.1525,1834.21346,118885.11221
2025-04-21 12:54:53,AMZN,BUY,286.2,210.0707,209.9841,-24.78492,118860.32729
2025-04-21 12:57:34,AAPL,BUY,145.1,180.0186,180.335,45.90964,118906.23693
2025-04-21 12:59:33,META,SELL,114.6,509.5687,504.6038,-568.97754,118337.25939
2025-04-21 13:01:37,NFLX,SELL,306.7,627.2453,625.5885,-508.14056,117829.11883
2025-04-21 13:04:44,GOOGL,BUY,53.1,189.0712,188.1997,-46.27665,117782.84218
2025-04-21 13:07:43,AMZN,SELL,226.3,225.4835,223.089,-541.87535,117240.96683
2025-04-21 13:10:43,AAPL,BUY,210.4,207.9928,209.3223,279.7268,117520.69363
2025-04-21 13:13:05,MSFT,BUY,154.6,421.1864,424.3245,485.15026,118005.84389
2025-04-21 13:14:59,META,BUY,316.4,493.4214,487.534,-1862.77336,116143.07053
2025-04-21 13:16:29,NVDA,SELL,280.4,574.6385,568.5759,-1699.95304,114443.11749
2025-04-21 13:18:00,META,SELL,176.2,449.1231,451.7317,459.63532,114902.75281
2025-04-21 13:21:18,NFLX,SELL,52.7,703.9102,700.3322,-188.5606,114714.19221
2025-04-21 13:24:16,NVDA,SELL,145.9,705.0672,701.0204,-590.42812,114123.76409
2025-04-21 13:27:16,AAPL,SELL,246.2,219.856,220.6434,193.85788,114317.62197
2025-04-21 13:30:10,TSLA,SELL,323.6,182.425,183.6642,401.00512,114718.62709
2025-04-21 13:31:43,NFLX,BUY,294.7,633.6162,626.5481,-2082.96907,112635.65802
2025-04-21 13:35:00,META,BUY,38.5,530.4386,527.8939,-97.97095,112537.68707
2025-04-21 13:36:59,AAPL,SELL,83.3,235.2405,231.9481,-274.25692,112263.43015
2025-04-21 13:40:17,MSFT,SELL,149.5,413.709,418.9814,788.2238,113051.65395
2025-04-21 13:43:06,META,SELL,23.4,526.7849,519.7781,-163.95912,112887.69483
2025-04-21 13:45:55,AAPL,BUY,199.3,204.7845,202.6715,-421.1209,112466.57393
2025-04-21 13:48:58,META,SELL,44.8,465.6452,463.3925,-100.92096,112365.65297
2025-04-21 13:52:16,GOOGL,BUY,345.9,211.9809,210.4434,-531.82125,111833.83172
2025-04-21 13:55:27,AAPL,SELL,221.2,227.9138,226.0899,-403.44668,111430.38504
2025-04-21 13:57:40,GOOGL,BUY,230.1,170.7976,170.9715,40.01439,111470.39943
2025-04-21 14:01:09,AMZN,SELL,76.8,182.6468,180.2298,-185.6256,111284.77383
2025-04-21 14:04:34,NFLX,BUY,242.6,659.386,666.4952,1724.69192,113009.46575
2025-04-21 14:06:27,META,BUY,91.9,484.7369,490.9249,568.6772,113578.14295
2025-04-21 14:09:23,AAPL,BUY,149.4,222.7614,220.335,-362.50416,113215.63879
2025-04-21 14:12:34,AAPL,SELL,248.5,206.3955,205.1377,-312.5633,112903.07549
2025-04-21 14:15:50,TSLA,SELL,144.4,227.4569,229.171,247.51604,113150.59153
2025-04-21 14:18:14,NFLX,BUY,162.4,624.8546,625.9423,176.64248,113327.23401
2025-04-21 14:20:27,META,BUY,26.5,558.4518,554.2251,-112.00755,113215.22646
2025-04-21 14:23:40,MSFT,BUY,131.8,402.6141,402.2964,-41.87286,113173.3536
2025-04-21 14:26:40,NVDA,SELL,249.2,917.5213,910.4234,-1768.79668,111404.55692
2025-04-21 14:27:13,AMZN,BUY,278.4,220.3194,222.0776,489.48288,111894.0398
2025-04-21 14:27:39,MSFT,SELL,149.8,441.2832,446.3851,764.26462,112658.30442
2025-04-21 14:28:05,GOOGL,BUY,85.2,180.7667,180.0289,-62.86056,112595.44386
2025-04-21 14:28:13,NVDA,SELL,270.5,829.7342,830.2414,137.1976,112732.64146
2025-04-21 14:28:27,NFLX,SELL,127.7,595.2135,594.7199,-63.03272,112669.60874
2025-04-21 14:28:59,GOOGL,SELL,254.0,176.4413,176.2587,-46.3804,112623.22834
2025-04-21 14:29:08,META,SELL,130.5,562.8867,563.0263,18.2178,112641.44614
2025-04-21 14:29:29,TSLA,BUY,218.6,181.2824,178.9092,-518.78152,112122.66462
2025-04-21 14:29:39,AMZN,SELL,295.1,186.3284,185.2756,-310.68128,111811.98334
2025-04-21 14:29:48,NVDA,BUY,123.2,699.0044,694.2196,-589.48736,111222.49598
2025-04-21 14:30:09,AMZN,BUY,30.5,181.6651,179.6836,-60.43575,111162.06023
2025-04-21 14:30:36,MSFT,BUY,236.4,419.6234,416.7888,-670.09944,110491.96079
2025-04-21 14:30:53,META,BUY,344.4,514.1072,519.2974,1787.50488,112279.46567
2025-04-21 14:31:21,AMZN,SELL,62.1,180.5298,178.4469,-129.34809,112150.11758
2025-04-21 14:31:47,AAPL,SELL,242.4,204.0822,201.0942,-724.2912,111425.82638
2025-04-21 14:32:19,TSLA,BUY,159.9,335.0779,335.5001,67.50978,111493.33616
2025-04-21 14:32:29,GOOGL,BUY,228.0,156.9922,158.6945,388.1244,111881.46056
2025-04-21 14:32:51,AMZN,SELL,114.6,220.3249,217.4304,-331.7097,111549.75086
2025-04-21 14:33:20,NVDA,BUY,149.0,935.9533,941.9249,889.7684,112439.51926
2025-04-21 14:33:46,MSFT,BUY,223.8,390.1523,386.2342,-876.87078,111562.64848
2025-04-21 14:34:18,NFLX,BUY,171.1,704.2384,698.0862,-1052.64142,110510.00706
2025-04-21 14:34:46,AMZN,SELL,57.2,191.5463,193.8373,131.0452,110641.05226
2025-04-21 14:35:04,NVDA,SELL,266.8,686.7821,689.6771,772.386,111413.43826
2025-04-21 14:36:42,META,SELL,123.7,513.3494,509.3654,-492.8208,110920.61746
2025-04-21 14:38:48,NFLX,SELL,83.9,677.5465,673.9458,-302.09873,110618.51873
2025-04-21 14:41:04,NFLX,SELL,202.2,658.608,655.4102,-646.59516,109971.92357
2025-04-21 14:42:46,TSLA,BUY,262.0,375.2824,372.4909,-731.373,109240.55057
2025-04-21 14:45:29,NFLX,SELL,271.7,610.9615,612.9349,536.17278,109776.72335
2025-04-21 14:47:12,AAPL,BUY,259.1,191.4267,189.7479,-434.97708,109341.74627
2025-04-21 14:50:39,AAPL,BUY,152.2,179.4058,181.2088,274.4166,109616.16287
2025-04-21 14:54:03,GOOGL,SELL,76.4,169.2288,169.6078,28.9556,109645.11847
2025-04-21 14:56:59,AAPL,BUY,212.4,177.5314,178.2656,155.94408,109801.06255
2025-04-21 14:59:50,NVDA,BUY,230.3,944.5713,953.268,2002.85001,111803.91256
2025-04-21 15:01:32,TSLA,BUY,299.4,379.2038,376.7401,-737.63178,111066.28078
2025-04-21 15:04:53,GOOGL,BUY,275.2,191.7209,189.0585,-732.69248,110333.5883
2025-04-21 15:08:14,TSLA,BUY,146.6,290.2201,289.1799,-152.49332,110181.09498
2025-04-21 15:10:50,AAPL,SELL,55.4,220.5245,219.7175,-44.7078,110136.38718
2025-04-21 15:14:12,NVDA,BUY,137.8,909.1802,922.1582,1788.3684,111924.75558
2025-04-21 15:17:21,META,SELL,326.5,477.1626,475.1542,-655.7426,111269.01298
2025-04-21 15:20:03,MSFT,BUY,185.8,404.2147,404.4937,51.8382,111320.85118
2025-04-21 15:21:39,GOOGL,BUY,227.0,159.6783,158.168,-342.8381,110978.01308
2025-04-21 15:24:36,TSLA,SELL,214.1,375.391,371.6254,-806.21496,110171.79812
2025-04-21 15:26:52,MSFT,BUY,55.5,460.4445,459.1294,-72.98805,110098.81007
2025-04-21 15:30:16,MSFT,SELL,28.9,444.8406,444.6656,-5.0575,110093.75257
2025-04-21 15:33:24,TSLA,BUY,184.0,362.1092,366.8544,873.1168,110966.86937
2025-04-21 15:35:14,MSFT,BUY,181.8,423.8681,426.1478,414.44946,111381.31883
2025-04-21 15:37:59,NVDA,BUY,233.2,701.7387,701.8464,25.11564,111406.43447
2025-04-21 15:40:30,NVDA,SELL,191.3,472.436,470.3276,-403.33692,111003.09755
2025-04-21 15:43:56,GOOGL,SELL,311.8,181.0587,183.0956,635.10542,111638.20297
2025-04-21 15:47:10,NVDA,SELL,169.1,728.7443,726.6649,-351.62654,111286.57643
2025-04-21 15:48:58,TSLA,BUY,204.0,257.9475,258.5282,118.4628,111405.03923
2025-04-21 15:51:00,META,SELL,71.6,535.5064,528.8909,-473.6698,110931.36943
2025-04-21 15:53:13,GOOGL,BUY,216.1,200.3447,203.1925,615.40958,111546.77901
2025-04-21 15:55:42,TSLA,BUY,134.7,233.0588,232.6023,-61.49055,111485.28846
2025-04-21 15:58:31,NFLX,BUY,279.1,634.0636,640.7966,1879.1803,113364.46876
2025-04-21 16:00:57,AMZN,SELL,46.9,210.0617,210.4789,19.56668,113384.03544
2025-04-21 16:03:35,NVDA,SELL,322.9,706.619,713.4512,2206.11738,115590.15282
2025-04-21 16:06:12,TSLA,BUY,139.6,185.3963,185.0562,-47.47796,115542.67486
2025-04-21 16:08:19,AAPL,SELL,120.8,232.6605,230.075,-312.3284,115230.34646
2025-04-21 16:11:19,NVDA,BUY,330.2,761.7869,767.8222,1992.85606,117223.20252
2025-04-21 16:13:30,MSFT,SELL,203.7,392.154,386.8692,-1076.51376,116146.68876
2025-04-21 16:16:41,GOOGL,BUY,146.3,200.2731,200.1265,-21.44758,116125.24118
2025-04-21 16:19:35,MSFT,SELL,91.2,444.8137,450.9704,561.49104,116686.73222
2025-04-21 16:22:58,AAPL,SELL,77.2,233.262,233.2683,0.48636,116687.21858
2025-04-21 16:25:19,NVDA,BUY,186.0,550.2896,555.6435,995.8254,117683.04398
2025-04-21 16:28:39,META,SELL,222.1,555.6389,551.0356,-1022.39293,116660.65105
2025-04-21 16:30:11,AMZN,BUY,326.7,192.3702,193.2292,280.6353,116941.28635
2025-04-21 16:32:37,NFLX,BUY,242.2,645.4634,652.3345,1664.18042,118605.46677
2025-04-21 16:34:44,GOOGL,BUY,237.4,178.2488,179.1505,214.06358,118819.53035
2025-04-21 16:37:36,NFLX,BUY,207.0,698.4109,692.8047,-1160.4834,117659.04695
2025-04-21 16:40:59,AMZN,BUY,92.2,202.9033,199.9548,-271.8517,117387.19525
2025-04-21 16:44:11,META,BUY,139.1,510.3172,508.4417,-260.88205,117126.3132
2025-04-21 16:45:50,TSLA,SELL,212.5,287.2694,286.8979,-78.94375,117047.36945
2025-04-21 16:48:39,AAPL,SELL,115.4,196.6525,198.726,239.2819,117286.65135
2025-04-21 16:51:14,MSFT,BUY,106.4,458.6294,458.3897,-25.50408,117261.14727
2025-04-21 16:52:56,AMZN,BUY,130.3,206.8588,208.4809,211.35963,117472.5069
2025-04-21 16:53:44,NVDA,BUY,143.5,890.8772,883.8388,-1010.0104,116462.4965
2025-04-21 16:54:35,TSLA,BUY,287.9,206.5271,204.2999,-641.21088,115821.28562
2025-04-21 16:55:34,GOOGL,BUY,344.1,184.9551,186.2061,430.4691,116251.75472
2025-04-21 16:56:19,NVDA,BUY,55.8,692.2843,688.6955,-200.25504,116051.49968
2025-04-21 16:57:37,TSLA,BUY,131.5,197.2116,194.3726,-373.3285,115678.17118
2025-04-21 16:58:47,TSLA,BUY,232.2,293.3577,290.1142,-753.1407,114925.03048
2025-04-21 16:59:53,NVDA,BUY,85.8,921.6302,931.4681,844.09182,115769.1223
2025-04-21 17:01:04,AAPL,SELL,214.2,230.7103,228.271,-522.49806,115246.62424
2025-04-21 17:02:09,AAPL,BUY,189.7,208.7008,209.3894,130.62742,115377.25166
2025-04-21 17:02:56,MSFT,BUY,241.2,402.4123,406.3508,949.9662,116327.21786
2025-04-21 17:03:37,NVDA,BUY,133.3,717.2383,722.7093,729.2843,117056.50216
2025-04-21 17:04:32,AAPL,BUY,63.7,188.3621,185.6582,-172.23843,116884.26373
2025-04-21 17:05:18,NFLX,BUY,24.1,728.105,734.8375,162.25325,117046.51698
2025-04-21 17:06:27,META,BUY,330.3,500.9621,500.7941,-55.4904,116991.02658
2025-04-21 17:07:17,NVDA,BUY,55.4,515.2619,509.659,-310.40066,116680.62592
2025-04-21 17:08:10,AAPL,SELL,324.4,222.3968,222.5095,36.55988,116717.1858
2025-04-21 17:09:01,AAPL,SELL,156.1,232.0412,231.5664,-74.11628,116643.06952
2025-04-21 17:09:42,GOOGL,SELL,309.3,162.5285,163.4503,285.11274,116928.18226
2025-04-21 17:10:48,NVDA,SELL,12.9,480.1304,474.1156,-77.59092,116850.59134
2025-04-21 17:11:35,AAPL,SELL,262.9,234.4249,237.8083,889.49586,117740.0872
2025-04-21 17:12:39,AMZN,SELL,92.9,192.9848,194.0437,98.37181,117838.45901
2025-04-21 17:13:23,MSFT,SELL,38.4,400.2722,395.7623,-173.18016,117665.27885
2025-04-21 17:14:41,AMZN,SELL,262.2,193.366,191.3484,-529.01472,117136.26413
2025-04-21 17:15:51,NVDA,BUY,258.8,762.2652,754.7076,-1955.90688,115180.35725
2025-04-21 17:16:46,META,SELL,75.3,504.5953,509.4363,364.5273,115544.88455
2025-04-21 17:17:45,MSFT,SELL,25.7,436.4304,430.7527,-145.91689,115398.96766
2025-04-21 17:18:37,NFLX,BUY,125.8,678.4821,683.774,665.72102,116064.68868
2025-04-21 17:19:25,AMZN,BUY,179.3,225.6861,228.2259,455.38614,116520.07482
2025-04-21 17:20:12,NVDA,BUY,14.2,821.3569,821.9183,7.97188,116528.0467
2025-04-21 17:23:20,AAPL,BUY,303.6,224.9667,222.8162,-652.8918,115875.1549
2025-04-21 17:26:14,MSFT,SELL,243.0,383.2774,377.5803,-1384.3953,114490.7596
2025-04-21 17:27:50,MSFT,SELL,301.7,413.5709,419.0342,1648.27761,116139.03721
2025-04-21 17:30:36,GOOGL,SELL,155.3,180.2586,178.6059,-256.66431,115882.3729
2025-04-21 17:32:35,NVDA,SELL,157.4,728.0063,725.0893,-459.1358,115423.2371
2025-04-21 17:35:18,TSLA,SELL,42.0,265.7184,265.6469,-3.003,115420.2341
2025-04-21 17:37:30,META,SELL,92.2,506.8947,509.7927,267.1956,115687.4297
2025-04-21 17:39:19,MSFT,SELL,329.3,439.2342,443.3189,1345.09171,117032.52141
2025-04-21 17:41:01,NFLX,SELL,247.6,578.3766,580.3987,500.67196,117533.19337
2025-04-21 17:43:53,MSFT,SELL,11.7,398.4149,397.5863,-9.69462,117523.49875
2025-04-21 17:45:59,MSFT,SELL,124.8,387.9765,391.5345,444.0384,117967.53715
2025-04-21 17:47:37,GOOGL,BUY,341.5,186.2475,188.0357,610.6703,118578.20745
2025-04-21 17:49:37,NVDA,BUY,123.1,594.6572,594.2512,-49.9786,118528.22885
2025-04-21 17:51:27,NFLX,SELL,40.6,690.0713,680.9705,-369.49248,118158.73637
2025-04-21 17:53:46,GOOGL,BUY,191.1,190.2465,187.9761,-433.87344,117724.86293
2025-04-21 17:56:55,NFLX,SELL,202.2,585.724,580.9597,-963.34146,116761.52147
2025-04-21 18:00:21,NFLX,SELL,218.4,687.925,683.3052,-1008.96432,115752.55715
2025-04-21 18:03:27,META,SELL,344.5,480.9766,474.6388,-2183.3721,113569.18505
2025-04-21 18:06:28,AMZN,BUY,233.2,221.8472,219.4061,-569.26452,112999.92053
2025-04-21 18:09:01,TSLA,SELL,17.0,236.5912,238.8031,37.6023,113037.52283
2025-04-21 18:12:20,TSLA,SELL,194.4,325.7202,324.8897,-161.4492,112876.07363
2025-04-21 18:14:57,TSLA,SELL,295.5,215.2741,218.1582,852.25155,113728.32518
2025-04-21 18:16:49,TSLA,BUY,160.9,292.1531,292.0573,-15.41422,113712.91096
2025-04-21 18:18:29,MSFT,SELL,132.7,461.9458,467.3706,719.87096,114432.78192
2025-04-21 18:21:19,TSLA,BUY,24.5,186.4087,186.3733,-0.8673,114431.91462
2025-04-21 18:23:45,NVDA,SELL,270.0,662.3823,665.2751,781.056,115212.97062
2025-04-21 18:25:34,GOOGL,BUY,161.7,170.7794,172.7751,322.70469,115535.67531
2025-04-21 18:27:05,META,SELL,208.8,480.4204,475.306,-1067.88672,114467.78859
2025-04-21 18:30:29,NFLX,BUY,283.6,641.0553,638.1182,-832.96156,113634.82703
2025-04-21 18:32:41,GOOGL,SELL,61.1,190.7733,188.6137,-131.95156,113502.87547
2025-04-21 18:36:00,TSLA,BUY,115.6,371.5803,370.6816,-103.88972,113398.98575
2025-04-21 18:38:10,NFLX,BUY,101.0,586.2875,591.5325,529.745,113928.73075
2025-04-21 18:41:00,NVDA,SELL,301.0,528.063,530.6259,771.4329,114700.16365
2025-04-21 18:43:30,NFLX,BUY,72.3,605.1043,601.2198,-280.84935,114419.3143
2025-04-21 18:45:38,AMZN,BUY,208.4,182.3427,180.4303,-398.54416,114020.77014
2025-04-21 18:47:20,GOOGL,BUY,282.7,158.4883,156.4708,-570.34725,113450.42289
2025-04-21 18:49:05,META,BUY,247.9,515.6105,516.9123,322.71622,113773.13911
2025-04-21 18:52:33,NFLX,SELL,243.1,598.4443,598.4294,-3.62219,113769.51692
2025-04-21 18:54:20,AMZN,BUY,95.7,210.9465,212.5787,156.20154,113925.71846
2025-04-21 18:55:57,NFLX,SELL,37.0,689.5581,699.0987,353.0022,114278.72066
2025-04-21 18:57:52,AAPL,SELL,71.3,192.2339,190.6949,-109.7307,114168.98996
2025-04-21 18:59:35,NFLX,BUY,99.3,669.3078,664.2158,-505.6356,113663.35436
2025-04-21 19:02:31,NFLX,BUY,217.3,711.4069,712.5372,245.61419,113908.96855
2025-04-21 19:04:31,NVDA,BUY,84.3,552.5457,555.3398,235.54263,114144.51118
2025-04-21 19:07:36,TSLA,SELL,216.3,352.9455,353.4692,113.27631,114257.78749
2025-04-21 19:10:52,NFLX,BUY,120.3,618.8643,627.1218,993.37725,115251.16474
2025-04-21 19:13:06,NFLX,SELL,51.0,648.256,646.3767,-95.8443,115155.32044
2025-04-21 19:16:28,MSFT,SELL,18.2,399.5134,397.0329,-45.1451,115110.17534
2025-04-21 19:19:41,GOOGL,BUY,320.0,169.075,167.2517,-583.456,114526.71934
2025-04-21 19:21:16,AMZN,BUY,150.6,200.3496,198.9678,-208.09908,114318.62026
2025-04-21 19:23:11,GOOGL,SELL,87.6,182.315,182.7103,34.62828,114353.24854
2025-04-21 19:24:43,AMZN,SELL,161.5,225.3796,223.3459,-328.44255,114024.80599
2025-04-21 19:28:03,TSLA,SELL,38.8,304.2921,305.0796,30.555,114055.36099
2025-04-21 19:30:36,GOOGL,BUY,79.7,180.1658,181.1085,75.13319,114130.49418
2025-04-21 19:32:08,TSLA,BUY,83.7,274.9457,271.3958,-297.12663,113833.36755
2025-04-21 19:34:32,MSFT,BUY,199.5,448.4455,442.6853,-1149.1599,112684.20765
2025-04-21 19:36:33,MSFT,BUY,289.5,395.1896,390.6474,-1314.9669,111369.24075
2025-04-21 19:39:07,META,BUY,217.4,509.9054,509.4811,-92.24282,111276.99793
2025-04-21 19:41:16,AAPL,SELL,270.1,239.3902,239.3609,-7.91393,111269.084
2025-04-21 19:42:57,META,SELL,279.4,538.4606,536.043,-675.47744,110593.60656
2025-04-21 19:45:59,META,BUY,125.5,516.8919,524.2073,918.0827,111511.68926
2025-04-21 19:49:02,AMZN,BUY,314.6,192.3865,192.7909,127.22424,111638.9135
2025-04-21 19:51:53,NVDA,BUY,22.3,802.8308,792.378,-233.09744,111405.81606
2025-04-21 19:54:55,NVDA,SELL,14.1,620.7337,622.4053,23.56956,111429.38562
2025-04-21 19:57:25,MSFT,SELL,234.1,424.2373,421.698,-594.45013,110834.93549
2025-04-21 19:59:36,NVDA,BUY,32.0,762.8732,765.0086,68.3328,110903.26829
2025-04-21 20:02:57,TSLA,BUY,305.9,276.1561,274.6428,-462.91847,110440.34982
2025-04-21 20:05:24,NVDA,SELL,73.9,875.2623,886.048,797.06323,111237.41305
2025-04-21 20:08:31,META,BUY,136.2,545.1232,544.5969,-71.68206,111165.73099
2025-04-21 20:10:09,NVDA,BUY,273.5,624.2374,616.6481,-2075.67355,109090.05744
2025-04-21 20:11:58,AMZN,SELL,329.2,179.2148,178.215,-329.13416,108760.92328
2025-04-21 20:14:36,NVDA,SELL,74.0,607.579,611.3075,275.909,109036.83228
2025-04-21 20:17:29,NFLX,SELL,111.9,667.6409,665.5366,-235.47117,108801.36111
2025-04-21 20:19:32,AMZN,BUY,109.5,172.066,172.6057,59.09715,108860.45826
2025-04-21 20:21:12,NFLX,BUY,219.6,604.48,608.3037,839.68452,109700.14278
2025-04-21 20:22:56,TSLA,SELL,268.3,219.2697,218.6503,-166.18502,109533.95776
2025-04-21 20:24:56,TSLA,BUY,13.8,323.0323,326.5829,48.99828,109582.95604
2025-04-21 20:27:34,META,SELL,12.6,522.284,516.5797,-71.87418,109511.08186
2025-04-21 20:29:40,MSFT,BUY,289.6,452.3429,451.8669,-137.8496,109373.23226
2025-04-21 20:31:43,MSFT,SELL,171.5,413.7945,410.0849,-636.1964,108737.03586
2025-04-21 20:33:50,NFLX,BUY,254.2,672.7273,667.4204,-1349.01398,107388.02188
2025-04-21 20:37:08,TSLA,SELL,116.4,370.9142,375.2227,501.5094,107889.53128
2025-04-21 20:38:46,NVDA,BUY,233.2,634.5884,630.7354,-898.5196,106991.01168
2025-04-21 20:40:55,NVDA,BUY,14.3,452.8498,458.6435,82.84991,107073.86159
2025-04-21 20:43:27,META,SELL,128.8,546.7065,542.0166,-604.05912,106469.80247
2025-04-21 20:45:11,GOOGL,SELL,204.0,154.458,154.259,-40.596,106429.20647
2025-04-21 20:47:59,NVDA,SELL,92.0,727.2759,720.1695,-653.7888,105775.41767
2025-04-21 20:49:31,GOOGL,SELL,26.0,160.6643,160.4106,-6.5962,105768.82147
2025-04-21 20:52:00,GOOGL,SELL,16.2,167.4862,169.2268,28.19772,105797.01919
2025-04-21 20:54:52,AAPL,SELL,128.4,235.1946,235.3013,13.70028,105810.71947
2025-04-21 20:56:46,META,SELL,346.6,475.1397,468.2124,-2401.00218,103409.71729
2025-04-21 20:59:50,META,BUY,302.9,466.122,459.4198,-2030.09638,101379.62091
2025-04-21 21:02:43,AAPL,SELL,157.9,221.6072,222.744,179.50072,101559.12163
2025-04-21 21:04:56,NFLX,SELL,177.7,702.0373,702.8868,150.95615,101710.07778
2025-04-21 21:08:19,TSLA,BUY,321.3,352.0027,348.4392,-1144.95255,100565.12523
2025-04-21 21:11:02,NVDA,BUY,108.0,610.9033,611.2696,39.5604,100604.68563
2025-04-21 21:12:48,META,BUY,59.1,533.2518,529.8123,-203.27445,100401.41118
2025-04-21 21:16:01,GOOGL,BUY,268.8,192.4266,190.1158,-621.14304,99780.26814
2025-04-21 21:18:00,AMZN,BUY,172.7,231.5898,234.2389,457.49957,100237.76771
2025-04-21 21:21:18,MSFT,SELL,168.3,390.3549,393.4763,525.33162,100763.09933
2025-04-21 21:24:45,NVDA,BUY,127.9,846.9287,849.6401,346.78806,101109.88739
2025-04-21 21:26:56,GOOGL,SELL,155.3,170.572,169.8675,-109.40885,101000.47854
2025-04-21 21:29:10,AMZN,BUY,15.4,179.4321,179.8348,6.20158,101006.68012
2025-04-21 21:32:34,GOOGL,SELL,243.1,194.2936,194.694,97.33724,101104.01736
2025-04-21 21:34:04,MSFT,BUY,54.9,461.3705,456.1585,-286.1388,100817.87856
2025-04-21 21:37:00,GOOGL,BUY,186.2,189.6871,190.7885,205.08068,101022.95924
2025-04-21 21:39:38,GOOGL,BUY,259.3,193.1446,196.0154,744.39844,101767.35768
2025-04-21 21:41:11,TSLA,SELL,293.7,177.2379,174.7415,-733.19268,101034.165
2025-04-21 21:43:17,AAPL,BUY,206.3,230.5766,229.7869,-162.91511,100871.24989
2025-04-21 21:46:11,GOOGL,SELL,194.5,182.778,180.8012,-384.4876,100486.76229
2025-04-21 21:48:05,GOOGL,SELL,107.0,165.0133,164.5336,-51.3279,100435.43439
2025-04-21 21:49:49,GOOGL,SELL,63.4,192.2,190.2422,-124.12452,100311.30987
2025-04-21 21:52:51,TSLA,SELL,212.7,320.7847,318.1233,-566.07978,99745.23009
2025-04-21 21:55:17,AMZN,BUY,189.6,214.0346,216.9414,551.12928,100296.35937
2025-04-21 21:58:04,AAPL,BUY,190.9,206.0224,206.4759,86.57315,100382.93252
2025-04-21 22:01:30,GOOGL,SELL,225.1,167.0002,168.3634,306.85632,100689.78884
2025-04-21 22:04:03,TSLA,BUY,16.7,205.2901,202.8935,-40.02322,100649.76562
2025-04-21 22:07:07,NVDA,BUY,32.2,874.0069,868.4067,-180.32644,100469.43918
2025-04-21 22:09:27,MSFT,SELL,331.4,411.3664,405.8061,-1842.68342,98626.75576
2025-04-21 22:12:13,NVDA,BUY,231.3,792.0924,803.2143,2572.49547,101199.25123
2025-04-21 22:14:57,TSLA,BUY,31.0,255.7343,254.4099,-41.0564,101158.19483
2025-04-21 22:17:34,GOOGL,BUY,320.2,182.7503,180.4223,-745.4256,100412.76923
2025-04-21 22:20:13,NFLX,SELL,172.3,624.6848,622.3399,-404.02627,100008.74296
2025-04-21 22:22:16,AMZN,SELL,314.4,230.6674,227.8014,-901.0704,99107.67256
2025-04-21 22:23:58,GOOGL,SELL,318.6,169.5188,170.0326,163.69668,99271.36924
2025-04-21 22:27:09,GOOGL,BUY,90.7,162.6448,164.5499,172.79257,99444.16181
2025-04-21 22:28:57,NVDA,BUY,143.4,795.8786,802.0786,889.08,100333.24181
2025-04-21 22:32:25,TSLA,SELL,47.1,199.5975,200.2164,29.15019,100362.392
2025-04-21 22:35:03,NFLX,SELL,39.9,599.5413,603.1975,145.88238,100508.27438
2025-04-21 22:37:39,META,BUY,96.0,481.4232,477.2887,-396.912,100111.36238
2025-04-21 22:40:35,GOOGL,SELL,256.4,156.5327,155.3789,-295.83432,99815.52806
2025-04-21 22:43:19,TSLA,BUY,58.9,354.9115,355.8151,53.22204,99868.7501
2025-04-21 22:45:17,AMZN,SELL,91.6,198.0189,196.2979,-157.6436,99711.1065
2025-04-21 22:48:43,TSLA,SELL,215.8,393.8362,398.684,1046.15524,100757.26174
2025-04-21 22:50:14,AAPL,BUY,307.2,223.1363,223.0716,-19.87584,100737.3859
2025-04-21 22:52:54,META,SELL,13.1,485.0322,485.5751,7.11199,100744.49789
2025-04-21 22:55:26,NVDA,SELL,319.0,614.1437,617.6163,1107.7594,101852.25729
2025-04-21 22:58:42,AAPL,BUY,116.7,201.4656,204.4631,349.80825,102202.06554
2025-04-21 23:00:16,MSFT,SELL,74.6,404.5447,400.1048,-331.21654,101870.849
2025-04-21 23:02:19,META,SELL,128.6,537.6675,536.7964,-112.02346,101758.82554
2025-04-21 23:04:51,META,SELL,32.8,533.3791,530.9638,-79.22184,101679.6037
2025-04-21 23:06:47,AMZN,BUY,293.0,215.1765,217.4818,675.4529,102355.0566
2025-04-21 23:09:05,MSFT,BUY,137.8,406.5106,408.9223,332.33226,102687.38886
2025-04-21 23:12:01,NVDA,SELL,6.8,727.2798,737.4156,68.92344,102756.3123
2025-04-21 23:14:04,NFLX,SELL,297.6,649.0874,647.3357,-521.30592,102235.00638
2025-04-21 23:16:56,AMZN,BUY,330.5,183.6278,183.0543,-189.54175,102045.46463
2025-04-21 23:19:48,MSFT,SELL,213.3,453.7667,457.1612,724.04685,102769.51148
2025-04-21 23:22:43,AAPL,BUY,336.6,191.0819,192.7745,569.72916,103339.24064
2025-04-21 23:25:31,MSFT,SELL,70.4,436.7621,431.8413,-346.42432,102992.81632
2025-04-21 23:27:19,AMZN,BUY,80.5,216.8807,219.6087,219.604,103212.42032
2025-04-21 23:29:14,NVDA,SELL,220.7,849.5193,838.1472,-2509.82247,100702.59785
2025-04-21 23:31:43,META,BUY,96.2,517.024,522.7418,550.05236,101252.65021
2025-04-21 23:33:24,NVDA,SELL,242.8,828.0901,816.5146,-2810.5314,98442.11881
2025-04-21 23:36:11,GOOGL,SELL,28.1,159.9552,161.5992,46.1964,98488.31521
2025-04-21 23:39:19,TSLA,SELL,306.9,270.5844,270.4744,-33.759,98454.55621
2025-04-21 23:41:58,NFLX,BUY,325.0,666.5258,675.5432,2930.655,101385.21121
2025-04-21 23:44:27,META,BUY,258.3,465.1166,462.9156,-568.5183,100816.69291
2025-04-21 23:47:11,GOOGL,BUY,290.7,177.6943,175.6214,-602.59203,100214.10088
2025-04-21 23:49:26,MSFT,BUY,313.6,393.8143,388.1534,-1775.25824,98438.84264
2025-04-21 23:51:50,META,SELL,267.4,506.8192,507.3013,128.91354,98567.75618
2025-04-21 23:54:08,AMZN,SELL,162.2,183.8837,183.9769,15.11704,98582.87322
2025-04-21 23:56:04,AAPL,BUY,13.7,230.4894,230.0602,-5.88004,98576.99318
2025-04-21 23:57:58,AAPL,BUY,227.6,194.4684,194.2224,-55.9896,98521.00358
2025-04-21 23:59:59,NVDA,SELL,277.8,581.3327,575.4857,-1624.2966,96896.70698
2025-04-22 00:02:16,GOOGL,BUY,24.7,167.1557,168.4274,31.41099,96928.11797
2025-04-22 00:05:03,NVDA,SELL,188.0,530.0659,537.2907,1358.2624,98286.38037
2025-04-22 00:08:19,NFLX,SELL,177.0,625.8907,630.5293,821.0322,99107.41257
2025-04-22 00:11:20,TSLA,BUY,339.2,217.7277,214.7448,-1011.79968,98095.61289
2025-04-22 00:13:06,TSLA,SELL,325.0,163.1357,162.031,-359.0275,97736.58539
2025-04-22 00:16:28,AAPL,SELL,74.0,182.5628,179.8731,-199.0378,97537.54759
2025-04-22 00:18:11,NFLX,BUY,224.0,628.6911,636.8392,1825.1744,99362.72199
2025-04-22 00:21:31,GOOGL,BUY,188.8,156.296,154.1271,-409.48832,98953.23367
2025-04-22 00:23:25,AMZN,BUY,304.8,202.9917,202.2888,-214.24392,98738.98975
2025-04-22 00:25:34,AAPL,SELL,176.0,187.0279,188.2774,219.912,98958.90175
2025-04-22 00:27:25,NVDA,BUY,192.1,788.1293,777.798,-1984.64273,96974.25902
2025-04-22 00:30:08,NFLX,SELL,214.1,627.9325,622.2133,-1224.48072,95749.7783
2025-04-22 00:32:02,NFLX,SELL,214.9,595.0865,590.9329,-892.60864,94857.16966
2025-04-22 00:33:42,GOOGL,SELL,183.8,159.2056,157.6751,-281.3059,94575.86376
2025-04-22 00:36:31,NFLX,SELL,201.2,649.9571,654.2982,873.42932,95449.29308
2025-04-22 00:39:54,GOOGL,BUY,189.4,168.1089,167.4153,-131.36784,95317.92524
2025-04-22 00:43:07,TSLA,SELL,346.5,329.3005,330.27,335.93175,95653.85699
2025-04-22 00:45:32,NFLX,BUY,225.8,588.7842,597.3712,1938.9446,97592.80159
2025-04-22 00:47:40,GOOGL,SELL,322.9,195.9401,198.8756,947.87295,98540.67454
2025-04-22 00:50:16,TSLA,BUY,281.0,169.3648,169.3936,8.0928,98548.76734
2025-04-22 00:52:03,META,SELL,55.5,460.4214,453.5814,-379.62,98169.14734
2025-04-22 00:55:26,TSLA,SELL,169.4,279.44,277.9569,-251.23714,97917.9102
2025-04-22 00:58:06,TSLA,BUY,64.7,245.1916,244.2824,-58.82524,97859.08496
2025-04-22 01:00:33,NVDA,BUY,162.3,671.836,676.0709,687.32427,98546.40923
2025-04-22 01:02:53,MSFT,SELL,32.8,459.6693,465.5991,194.49744,98740.90667
2025-04-22 01:05:48,GOOGL,BUY,190.9,196.4093,199.0744,508.76759,99249.67426
2025-04-22 01:07:25,NFLX,SELL,228.6,678.029,683.8695,1335.1383,100584.81256
2025-04-22 01:10:13,NVDA,BUY,87.9,572.0564,575.3719,291.43245,100876.24501
2025-04-22 01:13:12,NFLX,SELL,33.3,675.7067,685.0938,312.59043,101188.83544
2025-04-22 01:15:54,GOOGL,BUY,53.9,162.9501,164.6351,90.8215,101279.65694
2025-04-22 01:18:23,MSFT,BUY,28.2,390.7164,387.6931,-85.25706,101194.39988
2025-04-22 01:20:30,AAPL,BUY,345.3,233.1974,231.3964,-621.8853,100572.51458
2025-04-22 01:23:56,TSLA,SELL,105.3,281.6882,279.5283,-227.43747,100345.07711
2025-04-22 01:26:40,MSFT,BUY,93.9,435.9235,434.9999,-86.72604,100258.35107
2025-04-22 01:29:24,META,SELL,304.6,546.1203,547.6101,453.79308,100712.14415
2025-04-22 01:31:51,AMZN,BUY,220.3,208.3604,211.0275,587.56213,101299.70628
2025-04-22 01:33:43,MSFT,BUY,226.7,382.3417,386.0599,842.91594,102142.62222
2025-04-22 01:35:20,META,BUY,29.6,528.9753,531.9174,87.08616,102229.70838
2025-04-22 01:36:58,GOOGL,BUY,43.8,184.6268,183.2361,-60.91266,102168.79572
2025-04-22 01:38:57,NVDA,BUY,101.5,720.0274,730.7752,1090.9017,103259.69742
2025-04-22 01:41:50,GOOGL,SELL,240.2,190.7493,191.8268,258.8155,103518.51292
2025-04-22 01:44:03,MSFT,BUY,125.1,439.142,438.3435,-99.89235,103418.62057
2025-04-22 01:47:14,META,SELL,50.9,522.4365,518.1209,-219.66404,103198.95653
2025-04-22 01:50:11,NVDA,SELL,310.0,855.1248,857.1608,631.16,103830.11653
2025-04-22 01:51:54,NVDA,SELL,320.5,902.2509,897.1705,-1628.2682,102201.84833
2025-04-22 01:54:41,TSLA,BUY,198.4,234.3443,237.107,548.11968,102749.96801
2025-04-22 01:57:58,NVDA,BUY,18.5,853.7366,851.7797,-36.20265,102713.76536
2025-04-22 02:00:46,TSLA,BUY,189.0,187.7664,188.6233,161.9541,102875.71946
2025-04-22 02:02:44,META,SELL,26.5,485.6541,491.0273,142.3898,103018.10926
2025-04-22 02:06:05,TSLA,BUY,28.4,257.5677,258.1498,16.53164,103034.6409
2025-04-22 02:09:27,NVDA,SELL,136.7,649.0435,653.6664,631.95043,103666.59133
2025-04-22 02:12:39,TSLA,SELL,295.3,238.937,241.88,869.0679,104535.65923
2025-04-22 02:15:09,MSFT,SELL,297.9,419.7637,416.1345,-1081.13868,103454.52055
2025-04-22 02:17:34,GOOGL,SELL,73.5,162.4181,164.796,174.77565,103629.2962
2025-04-22 02:19:57,META,SELL,76.8,523.3366,530.9747,586.60608,104215.90228
2025-04-22 02:23:00,AMZN,BUY,216.7,181.361,182.7598,303.11996,104519.02224
2025-04-22 02:26:22,NVDA,BUY,179.3,648.1828,656.361,1466.35126,105985.3735