timestamp,asset,side,quantity,entry_price,exit_price,profit_loss,balance
2025-03-01 09:30:00,TSLA,BUY,287.7,1373.43640408,1380.55287621,2047.40903292,12047.40903292
2025-03-01 09:30:20,AAPL,BUY,89.0,630.4633775,638.14509388,683.67275769,12731.08179061
2025-03-01 09:31:20,AAPL,BUY,266.5,297.48428137,301.24260929,1001.59438972,13732.67618033
2025-03-01 09:31:40,MSFT,BUY,292.5,169.98728061,171.03091375,305.2626938,14037.93887413
2025-03-01 09:32:00,NFLX,SELL,103.1,2930.30497872,2919.44133734,1120.04142626,15157.98030039
2025-03-01 09:32:20,MSFT,SELL,181.2,1134.42362606,1130.19694738,765.87417799,15923.85447838
2025-03-01 09:32:30,TSLA,SELL,122.8,1568.61306338,1555.90314237,1560.77830014,17484.63277852
2025-03-01 09:33:00,TSLA,BUY,141.6,1093.29180502,1096.04031729,389.18933712,17873.82211564
2025-03-01 09:33:30,AAPL,SELL,246.3,1650.63794634,1651.52966327,-219.62988156,17654.19223408
2025-03-01 09:33:40,NVDA,SELL,61.6,2114.20953413,2090.11180454,1484.42014288,19138.61237696
2025-03-01 09:33:50,AMZN,BUY,92.6,2165.65249646,2155.24629904,-963.61388168,18174.99849528
2025-03-01 09:34:50,MSFT,SELL,160.0,2426.39229014,2420.73018242,905.93723594,19080.93573121
2025-03-01 09:35:20,TSLA,BUY,173.8,514.92999847,518.31842287,588.90816119,19669.8438924
2025-03-01 09:35:30,TSLA,SELL,180.0,1159.8176587,1148.49001051,2038.9766742,21708.8205666
2025-03-01 09:35:40,TSLA,BUY,96.2,1958.81494977,1970.38710478,1113.24131238,22822.06187898
2025-03-01 09:36:40,AMZN,SELL,99.0,400.87450698,401.42408438,-54.40816279,22767.65371619
2025-03-01 09:37:00,NVDA,BUY,131.3,253.7727823,250.77111318,-394.11915459,22373.5345616
2025-03-01 09:37:30,NFLX,BUY,139.2,2917.70753112,2900.90517217,-2338.88836509,20034.64619651
2025-03-01 09:37:50,NFLX,BUY,185.7,1055.17733294,1057.9130614,508.02477647,20542.67097298
2025-03-01 09:38:10,AMZN,SELL,296.7,353.47218851,352.3832615,323.08464425,20865.75561724
2025-03-01 09:38:30,NVDA,BUY,99.7,2725.63221561,2748.11321971,2241.35610901,23107.11172625
2025-03-01 09:38:50,AAPL,SELL,68.5,2722.31917873,2742.60111256,-1389.31246752,21717.79925873
2025-03-01 09:39:50,AAPL,BUY,79.0,1318.78347705,1322.27839497,276.09851561,21993.89777433
2025-03-01 09:40:20,NFLX,SELL,65.9,1225.0532845,1234.6140426,-630.05395861,21363.84381572
2025-03-01 09:41:20,NFLX,SELL,131.3,1157.33989383,1164.86284223,-987.7631239,20376.08069183
2025-03-01 09:41:40,TSLA,BUY,168.1,3116.52332476,3150.33735422,5684.13835292,26060.21904474
2025-03-01 09:42:10,MSFT,SELL,228.3,506.62043619,508.08515938,-334.39630528,25725.82273946
2025-03-01 09:43:10,TSLA,BUY,173.4,2721.28841185,2754.77194053,5806.04387356,31531.86661302
2025-03-01 09:44:10,AAPL,BUY,156.9,1877.2916199,1878.59892175,205.11566088,31736.9822739
2025-03-01 09:44:30,TSLA,SELL,177.1,1168.81033566,1166.01447261,495.14734674,32232.12962064
2025-03-01 09:44:40,AMZN,SELL,112.3,3185.72601135,3223.39133535,-4229.81588551,28002.31373513
2025-03-01 09:45:10,MSFT,BUY,69.2,877.91376267,874.27379021,-251.88609418,27750.42764095
2025-03-01 09:45:20,MSFT,SELL,90.3,1085.15493991,1093.10176495,-717.59830113,27032.82933982
2025-03-01 09:45:50,NVDA,SELL,96.6,2832.48506146,2839.93452231,-719.61791873,26313.21142109
2025-03-01 09:46:10,AAPL,SELL,184.8,3134.70059487,3117.09478486,3253.55368948,29566.76511057
2025-03-01 09:46:30,AAPL,SELL,156.8,874.97955264,872.68597122,359.63356785,29926.39867842
2025-03-01 09:46:50,NVDA,BUY,265.2,2881.25020414,2881.36806932,31.25784677,29957.65652519
2025-03-01 09:47:00,NVDA,SELL,105.5,1519.19741071,1516.34633738,300.78823577,30258.44476095
2025-03-01 09:47:10,NVDA,SELL,134.4,507.54224893,506.88737443,88.01513314,30346.45989409
2025-03-01 09:47:30,TSLA,BUY,225.8,1863.88811393,1869.91295864,1360.40993678,31706.86983087
2025-03-01 09:47:40,AMZN,BUY,292.9,1336.34064809,1315.82759233,-6008.27403067,25698.5958002
2025-03-01 09:48:00,NFLX,SELL,59.2,1068.45768088,1068.23104925,13.41659256,25712.01239276
2025-03-01 09:48:20,MSFT,SELL,175.7,2172.51873553,2169.17547313,587.41120363,26299.42359639
2025-03-01 09:48:40,MSFT,BUY,172.4,592.64256511,594.07224343,246.47654301,26545.90013939
2025-03-01 09:49:10,NFLX,SELL,110.5,3451.21154398,3482.7645303,-3486.60498851,23059.29515088
2025-03-01 09:50:10,MSFT,SELL,232.1,907.96764957,913.42949652,-1267.69467631,21791.60047457
2025-03-01 09:50:20,TSLA,BUY,208.1,1350.46265125,1356.80287994,1319.40159128,23111.00206585
2025-03-01 09:50:50,MSFT,BUY,258.8,406.98521818,414.11708267,1845.72652905,24956.72859491
2025-03-01 09:51:10,AAPL,BUY,96.6,1190.6522209,1191.60142186,91.69281209,25048.421407
2025-03-01 09:51:30,AAPL,SELL,54.1,2403.71883026,2394.03711898,523.78058042,25572.20198741
2025-03-01 09:51:40,TSLA,SELL,106.6,1841.11639822,1825.46979992,1667.92737856,27240.12936597
2025-03-01 09:52:40,MSFT,BUY,146.7,2449.18830955,2458.46764591,1361.27864354,28601.40800951
2025-03-01 09:53:40,AMZN,SELL,84.4,3284.8819617,3264.29880481,1737.21844164,30338.62645115
2025-03-01 09:54:00,AAPL,SELL,269.3,3243.95830215,3235.60026911,2250.81829616,32589.44474732
2025-03-01 09:54:30,AMZN,SELL,215.0,977.00153423,978.77936387,-382.23337275,32207.21137457
2025-03-01 09:54:40,NFLX,BUY,110.5,1900.81196641,1920.68902712,2196.41520881,34403.62658338
2025-03-01 09:54:50,NFLX,SELL,274.3,416.54941054,417.41544274,-237.55263191,34166.07395147
2025-03-01 09:55:00,TSLA,BUY,137.3,1252.70128957,1260.53641372,1075.76254682,35241.83649829
2025-03-01 09:56:00,AMZN,BUY,274.3,2568.24930816,2573.39593288,1411.71915982,36653.55565811
2025-03-01 09:56:30,TSLA,BUY,71.0,2282.90759692,2289.23487092,449.23645366,37102.79211177
2025-03-01 09:57:30,MSFT,BUY,274.6,649.53762792,651.06052071,418.18636093,37520.9784727
2025-03-01 09:57:40,MSFT,BUY,90.2,117.20938508,116.53955555,-60.41862301,37460.55984969
2025-03-01 09:57:50,TSLA,BUY,223.0,1965.69488385,1946.96097033,-4177.66271418,33282.89713551
2025-03-01 09:58:50,AMZN,BUY,109.3,2521.40935258,2534.65287586,1447.51709388,34730.41422939
2025-03-01 09:59:50,AAPL,BUY,236.6,1206.35897374,1215.65639325,2199.76945578,36930.18368517
2025-03-01 10:00:50,AMZN,SELL,192.1,2335.88383382,2343.59750017,-1481.79530643,35448.38837874
2025-03-01 10:01:50,AMZN,SELL,141.9,418.49421062,415.5161575,422.58573665,35870.97411539
2025-03-01 10:02:10,NVDA,BUY,148.3,3408.23588616,3385.99209504,-3298.75422252,32572.21989287
2025-03-01 10:02:20,NFLX,BUY,207.8,3132.9582876,3133.28416268,67.71684148,32639.93673435
2025-03-01 10:02:50,AAPL,SELL,173.1,2061.47320773,2085.44458018,-4149.44457156,28490.49216279
2025-03-01 10:03:10,MSFT,BUY,230.6,763.82615851,757.28235289,-1509.00157685,26981.49058594
2025-03-01 10:03:30,MSFT,BUY,288.5,3297.5591868,3310.28703756,3671.98494487,30653.47553081
2025-03-01 10:03:50,AAPL,BUY,142.5,3210.53892675,3222.69370927,1732.05650944,32385.53204025
2025-03-01 10:04:00,AAPL,SELL,263.3,3376.3079221,3374.34077943,517.94866714,32903.48070739
2025-03-01 10:04:30,NVDA,BUY,146.3,1101.12623304,1097.19287842,-575.44978051,32328.03092688
2025-03-01 10:05:00,NVDA,SELL,189.2,676.27533873,680.90862981,-876.61867192,31451.41225496
2025-03-01 10:05:20,NFLX,SELL,224.0,3282.92623215,3259.71312204,5199.73666292,36651.14891788
2025-03-01 10:06:20,AAPL,BUY,297.5,2191.02457078,2193.71909465,801.62085257,37452.76977045
2025-03-01 10:07:20,MSFT,BUY,179.6,576.2856518,577.93515358,296.2505192,37749.02028965
2025-03-01 10:07:30,TSLA,SELL,225.6,2469.85351938,2480.93396447,-2499.74841197,35249.27187769
2025-03-01 10:07:50,NVDA,BUY,123.4,1322.26991415,1327.71803926,672.29863838,35921.57051606
2025-03-01 10:08:10,NVDA,BUY,278.3,3048.04588317,3060.57422839,3486.63847473,39408.20899079
2025-03-01 10:09:10,MSFT,SELL,175.4,1838.56415613,1846.96110677,-1472.82514231,37935.38384848
2025-03-01 10:09:20,MSFT,SELL,248.9,2486.68738268,2509.27775667,-5622.74408788,32312.6397606
2025-03-01 10:09:30,TSLA,SELL,134.5,3126.01816218,3106.69123692,2599.47144676,34912.11120736
2025-03-01 10:09:40,AAPL,BUY,59.0,2066.15247939,2062.23805258,-230.9511819,34681.16002546
2025-03-01 10:10:10,MSFT,BUY,185.7,1683.03326165,1692.27325146,1715.86610814,36397.0261336
2025-03-01 10:10:40,NFLX,SELL,59.3,203.70084979,201.07275705,155.84589993,36552.87203353
2025-03-01 10:11:40,AAPL,BUY,140.0,2896.84190624,2898.33157867,208.55413942,36761.42617295
2025-03-01 10:12:40,NVDA,BUY,104.0,2717.97808054,2694.54378707,-2437.16652011,34324.25965284
2025-03-01 10:12:50,TSLA,SELL,71.3,2217.82761778,2218.63618167,-57.65060472,34266.60904811
2025-03-01 10:13:10,AMZN,SELL,209.4,1938.15941347,1928.05617069,2115.61903819,36382.22808631
2025-03-01 10:13:20,AAPL,BUY,294.0,2568.71053466,2527.09449388,-12235.11598703,24147.11209928
2025-03-01 10:13:30,NVDA,BUY,117.7,2803.63306221,2807.81505807,492.22091176,24639.33301104
2025-03-01 10:14:30,AAPL,SELL,69.6,1592.5028304,1598.93637977,-447.77503606,24191.55797498
2025-03-01 10:15:00,AAPL,SELL,93.3,1490.44001101,1500.76286046,-963.1218536,23228.43612138
2025-03-01 10:15:20,TSLA,BUY,112.6,631.88594508,640.81047085,1004.90160158,24233.33772295
2025-03-01 10:15:50,MSFT,SELL,120.0,2344.67108084,2352.26747209,-911.56694972,23321.77077323
2025-03-01 10:16:10,TSLA,BUY,234.5,3346.54195425,3403.35703223,13323.13578495,36644.90655818
2025-03-01 10:16:30,AMZN,BUY,111.9,1526.64021225,1539.24983613,1411.01691174,38055.92346991
2025-03-01 10:16:50,NVDA,SELL,239.5,1310.30710741,1314.95942542,-1114.23016313,36941.69330678
2025-03-01 10:17:10,TSLA,BUY,74.5,1712.1910189,1722.80159065,790.48759565,37732.18090243
2025-03-01 10:18:10,AAPL,SELL,168.4,1771.4939754,1767.91459173,602.76820978,38334.94911221
2025-03-01 10:18:30,AMZN,SELL,204.0,1454.91609695,1440.39273826,2962.7651739,41297.71428611
2025-03-01 10:19:00,TSLA,BUY,61.3,2259.31841295,2285.36877519,1596.88720535,42894.60149146
2025-03-01 10:19:10,TSLA,SELL,264.1,1810.66327917,1789.8643762,5492.99027406,48387.59176552
2025-03-01 10:19:40,AAPL,SELL,90.7,2339.5583475,2343.28404168,-337.92046208,48049.67130344
2025-03-01 10:20:10,MSFT,SELL,196.4,190.13845584,189.22546136,179.31211617,48228.98341961
2025-03-01 10:20:40,AAPL,BUY,193.9,3296.78282084,3338.61284479,8110.8416428,56339.82506241
2025-03-01 10:21:10,MSFT,SELL,186.4,1658.05982767,1641.64085045,3060.49735407,59400.32241648
2025-03-01 10:21:20,MSFT,SELL,146.5,3300.98034984,3308.40073891,-1087.08699889,58313.23541759
2025-03-01 10:21:50,NVDA,SELL,129.7,342.04140476,340.33749262,220.99740561,58534.2328232
2025-03-01 10:22:00,MSFT,BUY,55.8,2972.5760573,2958.56060477,-782.06225084,57752.17057236
2025-03-01 10:22:30,NFLX,SELL,224.2,501.76041391,505.17078751,-764.60576087,56987.56481148
2025-03-01 10:22:40,MSFT,BUY,269.4,2238.40567905,2252.96180052,3921.41912262,60908.9839341
2025-03-01 10:23:10,AAPL,SELL,94.4,1058.91754674,1064.25134697,-503.51074164,60405.47319247
2025-03-01 10:23:40,AAPL,SELL,251.7,2652.09015558,2651.64669229,111.61971077,60517.09290324
2025-03-01 10:24:10,AMZN,SELL,244.1,1364.8614917,1366.14257671,-312.71285319,60204.38005005
2025-03-01 10:25:10,NVDA,BUY,282.7,1258.73203686,1256.54001843,-619.68361146,59584.69643859
2025-03-01 10:25:30,NFLX,SELL,238.6,2652.96163049,2676.28173312,-5564.17648759,54020.519951
2025-03-01 10:25:50,MSFT,SELL,275.6,450.62115404,455.32736498,-1297.03173319,52723.48821781
2025-03-01 10:26:50,AAPL,SELL,273.9,1188.1686435,1188.36829235,-54.68381949,52668.80439832
2025-03-01 10:27:20,AMZN,SELL,52.7,1423.2857077,1426.97675839,-194.51837143,52474.28602688
2025-03-01 10:28:20,AMZN,BUY,193.4,3332.06429959,3328.59513939,-670.93558314,51803.35044374
2025-03-01 10:29:20,NFLX,BUY,162.1,2248.24652138,2230.15232075,-2933.06992167,48870.28052207
2025-03-01 10:29:30,MSFT,SELL,238.1,2386.56275066,2363.38085214,5519.61003866,54389.89056073
2025-03-01 10:29:40,TSLA,SELL,247.4,2791.36874867,2791.0952666,67.65946461,54457.55002534
2025-03-01 10:30:00,TSLA,BUY,187.4,295.69978406,293.57724067,-397.76463149,54059.78539385
2025-03-01 10:30:10,TSLA,SELL,271.9,1601.20370467,1590.62939131,2875.15580193,56934.94119578
2025-03-01 10:30:20,AMZN,BUY,240.4,586.17171898,584.66462065,-362.30643853,56572.63475725
2025-03-01 10:31:20,AMZN,BUY,75.3,2201.94141528,2206.25663158,324.93578786,56897.57054511
2025-03-01 10:31:40,NFLX,BUY,255.5,347.39422164,345.9853486,-359.96706136,56537.60348375
2025-03-01 10:31:50,AMZN,BUY,70.3,2501.22357233,2472.24771081,-2037.00306467,54500.60041907
2025-03-01 10:32:10,NFLX,SELL,286.8,2863.51852868,2831.2761399,9247.11709949,63747.71751857
2025-03-01 10:32:20,TSLA,BUY,238.3,3452.403617,3432.56074157,-4728.55721366,59019.16030491
2025-03-01 10:33:20,AMZN,SELL,189.6,2742.29951415,2737.61682599,887.8376758,59906.99798071
2025-03-01 10:34:20,NFLX,SELL,276.6,1542.35483144,1542.12019352,64.90084898,59971.89882968
2025-03-01 10:35:20,TSLA,SELL,167.2,138.60239221,137.49076846,185.86349026,60157.76231995
2025-03-01 10:36:20,TSLA,SELL,79.7,291.43113732,292.18353921,-59.96643116,60097.79588879
2025-03-01 10:37:20,TSLA,SELL,195.8,2636.5525895,2619.10428641,3416.37774516,63514.17363395
2025-03-01 10:38:20,NFLX,SELL,143.7,3371.38666481,3390.00060282,-2674.82289113,60839.35074282
2025-03-01 10:38:40,NVDA,SELL,290.8,860.22585097,857.46472919,802.93421211,61642.28495493
2025-03-01 10:38:50,TSLA,BUY,292.5,141.32521395,141.57857329,74.10760797,61716.3925629
2025-03-01 10:39:50,TSLA,BUY,188.5,350.9083201,350.94367033,6.66351753,61723.05608043
2025-03-01 10:40:00,AMZN,SELL,180.8,3395.6286211,3435.04897925,-7127.20075238,54595.85532805
2025-03-01 10:41:00,AAPL,BUY,206.9,1645.43962021,1658.066998,2612.60446475,57208.4597928
2025-03-01 10:42:00,MSFT,BUY,275.3,2086.66866054,2123.22380577,10063.63148127,67272.09127407
2025-03-01 10:43:00,AAPL,SELL,97.0,1043.09602214,1036.35096033,654.2709955,67926.36226957
2025-03-01 10:43:30,AMZN,SELL,138.3,1676.5745768,1666.39263663,1408.16232499,69334.52459455
2025-03-01 10:43:50,TSLA,SELL,296.6,3412.94234606,3417.04862864,-1217.92341311,68116.60118144
2025-03-01 10:44:50,AAPL,SELL,184.0,2473.74982767,2492.55871411,-3460.83510632,64655.76607512
2025-03-01 10:45:20,NFLX,SELL,90.7,2428.08598668,2416.87981323,1016.39993245,65672.16600757
2025-03-01 10:45:40,AMZN,BUY,255.6,3197.15242728,3163.38453286,-8631.07381355,57041.09219403
2025-03-01 10:45:50,AMZN,BUY,266.5,3271.2768434,3319.20651261,12773.25684263,69814.34903665
2025-03-01 10:46:00,AMZN,BUY,56.6,253.74347836,256.13768027,135.51182811,69949.86086476
2025-03-01 10:47:00,AAPL,SELL,87.6,3456.73883967,3443.76429808,1136.56984364,71086.4307084
2025-03-01 10:48:00,TSLA,SELL,145.2,2120.0444322,2118.10179571,282.07081829,71368.50152669
2025-03-01 10:48:30,AMZN,SELL,118.4,1510.38630795,1525.34295442,-1770.86694262,69597.63458407
2025-03-01 10:49:30,AAPL,SELL,266.2,291.67668861,291.68892433,-3.25714858,69594.37743549
2025-03-01 10:49:40,MSFT,BUY,286.2,2714.55721161,2715.57746369,291.99614441,69886.3735799
2025-03-01 10:50:10,NFLX,BUY,111.8,2988.8011283,2963.27388715,-2853.94556074,67032.42801916
2025-03-01 10:50:20,AAPL,BUY,201.5,3343.77349268,3339.9648147,-767.44861366,66264.97940551
2025-03-01 10:50:40,AAPL,BUY,217.9,877.38553871,866.61746201,-2346.36391404,63918.61549146
2025-03-01 10:51:00,AMZN,BUY,217.9,486.09581348,491.06440031,1082.65507089,65001.27056235
2025-03-01 10:51:20,NFLX,SELL,243.1,1869.04618307,1886.67947028,-4286.65211946,60714.61844289
2025-03-01 10:51:50,MSFT,BUY,190.2,1976.48325183,1977.55084501,203.05622312,60917.67466601
2025-03-01 10:52:10,NVDA,BUY,150.9,3080.62224904,3096.52752511,2400.10615961,63317.78082562
2025-03-01 10:52:20,NVDA,SELL,103.2,2493.87121154,2521.17673826,-2817.93035794,60499.85046769
2025-03-01 10:53:20,NFLX,BUY,53.6,563.663017,568.43577491,255.81982431,60755.670292
2025-03-01 10:53:30,NFLX,BUY,159.4,1433.62975334,1413.45870329,-3215.26537779,57540.4049142
2025-03-01 10:53:40,NVDA,BUY,137.1,3174.13956128,3212.28908891,5230.30023859,62770.70515279
2025-03-01 10:53:50,MSFT,SELL,205.5,1448.24545989,1449.10391933,-176.41341385,62594.29173894
2025-03-01 10:54:20,MSFT,SELL,287.4,3032.03660974,2990.71886641,11874.71943365,74469.01117259
2025-03-01 10:54:30,AMZN,SELL,295.0,1661.06157121,1660.32342603,217.75282931,74686.7640019
2025-03-01 10:54:40,NVDA,SELL,132.2,1774.90151958,1756.37908039,2448.66646085,77135.43046275
2025-03-01 10:55:00,TSLA,SELL,82.2,357.93531557,359.85291121,-157.62636167,76977.80410108
2025-03-01 10:56:00,AMZN,SELL,88.0,535.35585246,536.92593659,-138.16740365,76839.63669743
2025-03-01 10:56:30,TSLA,BUY,136.4,718.39228696,712.99066784,-736.78084705,76102.85585038
2025-03-01 10:57:00,AMZN,BUY,168.5,3149.08059368,3124.24754757,-4184.36826879,71918.48758159
2025-03-01 10:58:00,MSFT,SELL,60.2,753.78266395,756.82219615,-182.97983855,71735.50774304
2025-03-01 10:58:30,AMZN,SELL,119.6,674.37921445,673.80178204,69.06091511,71804.56865815
2025-03-01 10:58:50,TSLA,SELL,141.1,801.53464258,794.8963819,936.65858182,72741.22723997
2025-03-01 10:59:20,NVDA,SELL,222.6,1811.61872091,1801.47763427,2257.40588566,74998.63312563
2025-03-01 10:59:30,TSLA,BUY,280.2,3070.16732196,3075.422955,1472.62837669,76471.26150232
2025-03-01 10:59:50,AMZN,SELL,119.2,307.66506351,309.1767246,-180.19000243,76291.07149989
2025-03-01 11:00:10,AMZN,SELL,102.3,727.37146581,731.77938176,-450.92980141,75840.14169848
2025-03-01 11:01:10,AAPL,BUY,171.1,1359.60514949,1343.12465693,-2819.81227787,73020.32942061
2025-03-01 11:01:40,AMZN,BUY,236.9,1672.61803485,1690.90810326,4332.91720604,77353.24662666
2025-03-01 11:02:10,MSFT,SELL,113.1,224.72288983,225.7594142,-117.23090682,77236.01571983
2025-03-01 11:03:10,MSFT,SELL,183.0,1839.70330319,1844.28416669,-838.29802039,76397.71769944
2025-03-01 11:04:10,MSFT,SELL,161.9,464.38483856,458.41676403,966.23126489,77363.94896433
2025-03-01 11:04:40,AMZN,SELL,144.3,1015.42698523,1017.07980496,-238.50188718,77125.44707714
2025-03-01 11:05:10,TSLA,BUY,130.5,168.24207244,167.37182635,-113.56711557,77011.87996158
2025-03-01 11:05:30,AAPL,BUY,272.6,507.19124819,502.80283473,-1196.28150797,75815.59845361
2025-03-01 11:05:50,NFLX,SELL,219.8,2118.21434208,2118.07923998,29.69544279,75845.2938964
2025-03-01 11:06:20,MSFT,SELL,184.3,395.5289795,400.21186586,-863.05595611,74982.23794029
2025-03-01 11:06:30,TSLA,SELL,236.4,2095.25980127,2077.8733999,4110.14528375,79092.38322404
2025-03-01 11:06:50,TSLA,SELL,140.8,1064.83807972,1063.21664074,228.29860836,79320.68183239
2025-03-01 11:07:00,MSFT,BUY,192.7,2296.11862053,2270.42840414,-4950.50469768,74370.17713471
2025-03-01 11:07:30,AAPL,SELL,88.2,446.06040691,448.0693532,-177.18906316,74192.98807156
2025-03-01 11:07:50,AMZN,BUY,90.2,936.25627651,931.81921627,-400.22283345,73792.76523811
2025-03-01 11:08:00,NVDA,SELL,274.2,689.470224,684.70465673,1306.71854711,75099.48378521
2025-03-01 11:09:00,NVDA,BUY,181.1,372.79473525,373.6013343,146.07508725,75245.55887246
2025-03-01 11:09:10,AMZN,BUY,149.5,480.93226737,480.73897835,-28.89670895,75216.66216351
2025-03-01 11:09:20,AMZN,BUY,266.4,3396.19947314,3380.52882922,-4174.65953816,71042.00262535
2025-03-01 11:09:30,TSLA,SELL,217.2,681.01779713,685.13327607,-893.88202766,70148.12059769
2025-03-01 11:09:40,AAPL,SELL,189.2,3259.87836303,3216.34189779,8237.0992235,78385.2198212
2025-03-01 11:10:00,MSFT,SELL,96.8,2716.27597285,2728.08330273,-1142.94953251,77242.27028869
2025-03-01 11:11:00,AMZN,SELL,156.4,1200.50940377,1184.87836376,2444.69465814,79686.96494683
2025-03-01 11:12:00,MSFT,BUY,202.7,490.44520411,490.63386837,38.24224384,79725.20719067
2025-03-01 11:12:10,TSLA,BUY,195.3,1081.34388102,1080.77224113,-111.64127001,79613.56592066
2025-03-01 11:12:40,AAPL,BUY,63.0,1910.80407068,1892.2919532,-1166.26340082,78447.30251984
2025-03-01 11:13:00,MSFT,BUY,83.6,1244.45454586,1254.47283115,837.52865001,79284.83116985
2025-03-01 11:13:20,AMZN,SELL,220.4,965.7782262,961.32102935,982.36618609,80267.19735594
2025-03-01 11:14:20,AAPL,BUY,198.9,2684.77472362,2631.68825419,-10558.89877118,69708.29858477
2025-03-01 11:14:50,NVDA,SELL,282.4,1286.15210625,1277.95267816,2315.5184927,72023.81707747
2025-03-01 11:15:00,TSLA,SELL,291.3,2924.10598648,2932.78814544,-2529.11290546,69494.70417201
2025-03-01 11:15:20,AAPL,BUY,95.3,3290.35755319,3274.45893542,-1515.13827339,67979.56589862
2025-03-01 11:15:40,NVDA,BUY,235.3,326.08730905,329.13370033,716.81586828,68696.3817669
2025-03-01 11:15:50,TSLA,SELL,248.8,575.22608053,576.39687657,-291.29405376,68405.08771315
2025-03-01 11:16:20,AAPL,SELL,90.9,785.53288816,788.01172921,-225.32665101,68179.76106214
2025-03-01 11:16:50,AMZN,SELL,180.8,2361.67055037,2353.71673716,1438.0494273,69617.81048944
2025-03-01 11:17:50,AAPL,BUY,269.3,1320.02364602,1332.70869227,3416.08295499,73033.89344443
2025-03-01 11:18:50,NVDA,SELL,144.2,1593.05868914,1587.85798499,749.9415385,73783.83498293
2025-03-01 11:19:00,TSLA,BUY,125.3,1673.11127128,1673.35779926,30.88995621,73814.72493914
2025-03-01 11:19:30,AAPL,BUY,274.9,889.5231635,901.45300207,3279.51262328,77094.23756242
2025-03-01 11:20:30,NFLX,SELL,185.9,1405.23015267,1407.87889412,-492.40103587,76601.83652654
2025-03-01 11:21:00,MSFT,SELL,285.0,497.45333841,500.52109412,-874.31037829,75727.52614825
2025-03-01 11:22:00,AAPL,SELL,133.7,2234.20738044,2240.25754982,-808.90764544,74918.61850282
2025-03-01 11:22:30,NVDA,SELL,183.4,2208.24737016,2200.91090261,1345.50814863,76264.12665145
2025-03-01 11:22:40,TSLA,SELL,247.1,3139.23478237,3127.69844867,2850.62805925,79114.7547107
2025-03-01 11:23:40,AMZN,SELL,236.0,944.86307537,938.43918285,1516.03863382,80630.79334452
2025-03-01 11:24:40,MSFT,BUY,192.5,214.0102781,214.83033095,157.86017282,80788.65351734
2025-03-01 11:25:40,NVDA,SELL,255.3,1263.07794563,1266.44947561,-860.7516018,79927.90191554
2025-03-01 11:26:10,AMZN,BUY,261.6,476.14790565,475.11990257,-268.9256062,79658.97630934
2025-03-01 11:27:10,AAPL,BUY,87.5,2810.80424365,2788.795338,-1925.7792441,77733.19706524
2025-03-01 11:27:40,AMZN,SELL,230.6,879.45474379,885.5729762,-1410.86439451,76322.33267074
2025-03-01 11:27:50,NVDA,BUY,185.7,2459.42471119,2486.09742518,4953.12298887,81275.45565961
2025-03-01 11:28:20,NFLX,SELL,136.4,956.11680028,942.51148578,1855.76489832,83131.22055792
2025-03-01 11:28:30,NFLX,BUY,286.8,1670.81973239,1690.81669524,5735.12894518,88866.3495031
2025-03-01 11:28:50,MSFT,BUY,196.6,621.39477059,633.55299052,2390.30603674,91256.65553985
2025-03-01 11:29:50,TSLA,BUY,268.0,161.57462499,161.7416559,44.76428444,91301.41982429
2025-03-01 11:30:50,AAPL,BUY,191.3,3269.20216044,3281.7822918,2406.57912854,93707.99895283
2025-03-01 11:31:50,NFLX,SELL,88.1,2504.61135667,2509.09729642,-395.2112927,93312.78766013
2025-03-01 11:32:20,AMZN,SELL,201.7,2059.38042457,2085.62824338,-5294.1850545,88018.60260563
2025-03-01 11:32:40,MSFT,BUY,281.4,3276.84785021,3263.44644229,-3771.15618939,84247.44641624
2025-03-01 11:33:40,MSFT,BUY,78.3,1632.85386277,1633.58178788,56.99653582,84304.44295206
2025-03-01 11:33:50,AMZN,SELL,149.8,2110.33648153,2128.80937977,-2767.24015541,81537.20279665
2025-03-01 11:34:20,AAPL,SELL,133.8,286.18957199,283.87234225,310.04533972,81847.24813637
2025-03-01 11:34:50,MSFT,SELL,280.0,1927.14504999,1901.63185924,7143.69340972,88990.94154609
2025-03-01 11:35:10,MSFT,SELL,136.7,1277.57638084,1274.14445604,469.1441211,89460.0856672
2025-03-01 11:35:40,MSFT,SELL,163.1,863.656398,875.18808695,-1880.8184677,87579.2671995
2025-03-01 11:36:40,NVDA,BUY,94.1,578.91386929,566.42374864,-1175.32035335,86403.94684615
2025-03-01 11:37:00,AMZN,BUY,140.6,3210.47606363,3209.08156468,-196.06655302,86207.88029313
2025-03-01 11:38:00,NVDA,SELL,208.1,2074.00039095,2069.53898895,928.41775508,87136.29804821
2025-03-01 11:39:00,NFLX,BUY,299.2,390.18887147,386.7348387,-1033.4466032,86102.85144501
2025-03-01 11:40:00,AAPL,BUY,198.8,1807.46303513,1807.66444857,40.04099225,86142.89243726
2025-03-01 11:40:30,AAPL,SELL,274.5,813.67901652,813.52197591,43.10764942,86186.00008668
2025-03-01 11:40:40,AMZN,BUY,97.7,797.47477764,797.26581838,-20.41531921,86165.58476747
2025-03-01 11:41:00,NFLX,BUY,66.4,2020.45985309,2011.67610963,-583.24056614,85582.34420132
2025-03-01 11:41:10,NVDA,SELL,163.3,2736.79389676,2678.75263283,9478.1384009,95060.48260222
2025-03-01 11:42:10,AAPL,SELL,189.9,1462.59440698,1475.36586151,-2425.29921608,92635.18338614
2025-03-01 11:43:10,NVDA,SELL,95.5,627.81683616,620.74755985,675.11588782,93310.29927396
2025-03-01 11:43:20,AAPL,BUY,152.2,2289.59844701,2275.35134397,-2168.40908266,91141.8901913
2025-03-01 11:43:50,NFLX,BUY,89.0,186.31360925,187.70824619,124.12268838,91266.01287968
2025-03-01 11:44:50,AAPL,BUY,105.5,192.12637451,194.08076868,206.18858422,91472.2014639
2025-03-01 11:45:50,NFLX,SELL,218.0,885.6543084,881.93795933,810.16409711,92282.36556101
2025-03-01 11:46:00,NVDA,BUY,109.5,2319.3367667,2328.416962,994.28138538,93276.64694639
2025-03-01 11:46:30,NVDA,SELL,110.8,438.10073538,440.59251206,-276.08885604,93000.55809035
2025-03-01 11:46:50,MSFT,SELL,149.3,2922.74753953,2933.13529553,-1550.89197146,91449.66611889
2025-03-01 11:47:10,TSLA,BUY,101.2,2371.48946434,2382.74173142,1138.72942814,92588.39554703
2025-03-01 11:48:10,NFLX,BUY,71.4,144.20653994,143.84943097,-25.49758029,92562.89796674
2025-03-01 11:49:10,MSFT,BUY,56.6,806.8132675,808.91829509,119.14456185,92682.04252859
2025-03-01 11:49:30,NFLX,SELL,273.2,1532.84347201,1517.50138179,4191.45904988,96873.50157847
2025-03-01 11:50:30,NFLX,BUY,135.5,2879.30810991,2863.08392991,-2198.37639038,94675.12518809
2025-03-01 11:51:30,NVDA,BUY,117.0,2107.00280455,2083.26174934,-2777.70345984,91897.42172825
2025-03-01 11:51:40,NVDA,SELL,152.4,2222.10628669,2185.09613928,5640.34646461,97537.76819286
2025-03-01 11:52:40,NVDA,SELL,287.1,1101.18358244,1116.12846165,-4290.67482082,93247.09337204
2025-03-01 11:53:10,AMZN,SELL,85.0,2696.25970014,2695.44791669,69.0015934,93316.09496545
2025-03-01 11:53:20,AMZN,SELL,250.0,3141.47757144,3169.20555638,-6931.99623377,86384.09873167
2025-03-01 11:53:50,NVDA,BUY,55.6,1545.7259152,1549.53213256,211.62568562,86595.72441729
2025-03-01 11:54:50,AAPL,BUY,114.5,2253.82594741,2222.99057223,-3530.6504584,83065.0739589
2025-03-01 11:55:50,NVDA,BUY,258.7,573.81065185,573.89527254,21.89137437,83086.96533326
2025-03-01 11:56:20,NFLX,BUY,118.1,683.70957188,685.6107314,224.52693834,83311.49227161
2025-03-01 11:56:50,NFLX,BUY,278.6,162.52830026,162.78294343,70.94358755,83382.43585916
2025-03-01 11:57:00,NFLX,BUY,188.5,1031.78775034,1023.71196596,-1522.28535518,81860.15050398
2025-03-01 11:57:30,AMZN,BUY,257.4,2314.8293204,2319.57064148,1220.41604782,83080.5665518
2025-03-01 11:58:00,TSLA,BUY,216.3,2141.75732547,2158.59481038,3641.94798569,86722.51453749
2025-03-01 11:58:30,NFLX,SELL,278.6,696.26234732,686.00849601,2856.72297424,89579.23751173
2025-03-01 11:58:50,TSLA,SELL,61.7,1864.32019796,1845.23586849,1177.50312839,90756.74064012
2025-03-01 11:59:20,TSLA,SELL,234.5,665.36345377,666.35759601,-233.12635427,90523.61428584
2025-03-01 12:00:20,NVDA,SELL,147.3,934.18697292,928.54162176,831.56022584,91355.17451168
2025-03-01 12:00:30,AAPL,BUY,138.9,1081.55870502,1073.11499133,-1172.83183211,90182.34267957
2025-03-01 12:00:50,NFLX,SELL,169.0,2025.77577701,2042.85131324,-2885.7656235,87296.57705608
2025-03-01 12:01:20,AMZN,BUY,284.2,2356.48196223,2340.30032522,-4598.82123799,82697.75581809
2025-03-01 12:01:50,AAPL,SELL,115.6,206.02265921,207.17689684,-133.42986991,82564.32594818
2025-03-01 12:02:20,NFLX,SELL,62.9,2123.26496438,2166.75086683,-2735.26326395,79829.06268422
2025-03-01 12:03:20,NFLX,SELL,242.7,1236.42922878,1235.47905864,230.60629344,80059.66897766
2025-03-01 12:03:30,TSLA,SELL,68.8,462.43406065,462.3046217,8.9054003,80068.57437797
2025-03-01 12:03:40,MSFT,SELL,158.7,2440.56814785,2475.14222487,-5486.90602312,74581.66835484
2025-03-01 12:04:00,AAPL,SELL,254.8,937.76691301,942.51132144,-1208.87526687,73372.79308798
2025-03-01 12:04:30,AMZN,BUY,197.6,1025.29346658,1033.27069637,1576.30060548,74949.09369345
2025-03-01 12:04:50,AAPL,SELL,72.9,1327.3112496,1326.52087897,57.61801837,75006.71171182
2025-03-01 12:05:50,AAPL,BUY,185.5,729.45195805,733.07396187,671.88170766,75678.59341948
2025-03-01 12:06:10,AMZN,SELL,233.1,3068.01584198,3081.75540968,-3202.69323075,72475.90018873
2025-03-01 12:07:10,NFLX,BUY,262.3,2453.74031936,2474.9559613,5564.86288123,78040.76306996
2025-03-01 12:08:10,AAPL,SELL,172.4,948.87123012,952.13244907,-562.23414605,77478.52892391
2025-03-01 12:09:10,NVDA,BUY,192.0,713.95617343,715.14241268,227.75793623,77706.28686014
2025-03-01 12:09:40,AMZN,SELL,58.5,3212.6602118,3184.87567313,1625.39551235,79331.68237249
2025-03-01 12:10:00,NVDA,BUY,292.8,3242.94706428,3270.26961591,8000.04311773,87331.72549022
2025-03-01 12:10:30,NFLX,SELL,168.6,3310.50606299,3311.25604823,-126.44751264,87205.27797758
2025-03-01 12:10:40,NVDA,BUY,257.2,1184.94160903,1185.22368333,72.5495106,87277.82748818
2025-03-01 12:10:50,AMZN,BUY,199.1,225.82595803,225.04099382,-156.28637513,87121.54111305
2025-03-01 12:11:10,NFLX,BUY,224.1,361.64088554,360.7464113,-200.4516781,86921.08943495
2025-03-01 12:11:20,NVDA,BUY,231.2,1255.57487681,1253.69782608,-433.97412942,86487.11530553
2025-03-01 12:11:40,MSFT,BUY,247.7,1934.27039408,1927.46592394,-1685.46725343,84801.64805209
2025-03-01 12:11:50,MSFT,BUY,206.5,1183.75850997,1186.28749417,522.23523699,85323.88328909
2025-03-01 12:12:10,TSLA,SELL,56.1,892.06221416,898.4110623,-356.17038058,84967.71290851
2025-03-01 12:12:30,MSFT,BUY,55.3,3058.33617126,3060.34938807,111.33088936,85079.04379786
2025-03-01 12:13:00,TSLA,BUY,249.7,3292.83017494,3320.89774238,7008.47158944,92087.51538731
2025-03-01 12:13:30,TSLA,BUY,137.7,3492.97597581,3478.52096678,-1990.45474344,90097.06064386
2025-03-01 12:13:40,AAPL,SELL,206.9,1731.57710903,1751.10025916,-4039.33976165,86057.72088221
2025-03-01 12:14:00,NVDA,BUY,296.0,3070.50218823,3059.5588565,-3239.22619344,82818.49468877
2025-03-01 12:14:20,AAPL,BUY,234.4,1532.61380774,1550.43362468,4176.9650909,86995.45977967
2025-03-01 12:15:20,AAPL,BUY,77.6,911.84229561,902.03488089,-761.05538247,86234.40439721
2025-03-01 12:16:20,NVDA,BUY,108.4,1107.44760955,1099.30873833,-882.25363994,85352.15075726
2025-03-01 12:17:20,TSLA,BUY,54.5,243.11684476,243.04938492,-3.67656144,85348.47419582
2025-03-01 12:17:50,NFLX,BUY,219.9,1406.71060034,1409.34637912,579.60775286,85928.08194868
2025-03-01 12:18:00,AMZN,SELL,287.5,842.06321874,848.69411224,-1906.38188042,84021.70006827
2025-03-01 12:18:10,NFLX,SELL,166.9,3312.08887579,3306.41887523,946.32309413,84968.0231624
2025-03-01 12:18:20,AAPL,SELL,91.8,2185.59872332,2188.50910519,-267.17305568,84700.85010672
2025-03-01 12:18:40,TSLA,SELL,178.2,2166.30510259,2174.83950008,-1520.82963236,83180.02047436
2025-03-01 12:19:10,MSFT,SELL,94.1,884.27735984,879.86912736,414.81467601,83594.83515037
2025-03-01 12:20:10,MSFT,SELL,137.5,2750.58721013,2738.36410405,1680.67708544,85275.51223581
2025-03-01 12:20:20,NFLX,BUY,292.3,296.66510032,300.0364126,985.43458,86260.94681581
2025-03-01 12:20:40,AMZN,BUY,88.5,2466.47010138,2455.20827203,-996.67189766,85264.27491815
2025-03-01 12:21:40,AMZN,SELL,106.1,2873.83262497,2878.49795935,-494.99197787,84769.28294028
2025-03-01 12:22:40,AAPL,SELL,195.0,2115.99577846,2090.33731327,5003.40071176,89772.68365204
2025-03-01 12:23:40,NFLX,SELL,269.4,411.05524715,409.0401271,542.87334228,90315.55699432
2025-03-01 12:24:10,TSLA,SELL,288.9,3121.74347155,3112.06103305,2797.25648528,93112.8134796
2025-03-01 12:24:20,AAPL,BUY,252.4,3031.2338987,3047.20351249,4030.73051933,97143.54399893
2025-03-01 12:25:20,NFLX,SELL,152.1,395.7549837,402.11937141,-968.02337157,96175.52062736
2025-03-01 12:25:40,AAPL,SELL,114.9,1367.14095784,1366.77864391,41.62987072,96217.15049807
2025-03-01 12:25:50,NVDA,SELL,105.0,375.55713409,380.94880615,-566.12556687,95651.02493121
2025-03-01 12:26:00,NVDA,SELL,69.0,2423.07979644,2422.76144454,21.9662812,95672.9912124
2025-03-01 12:26:30,MSFT,BUY,198.1,1733.99436291,1750.47970081,3265.74543732,98938.73664972
2025-03-01 12:26:50,AMZN,BUY,137.0,2903.91528415,2919.7565251,2170.25001026,101108.98665998
2025-03-01 12:27:00,MSFT,SELL,269.7,1007.89611858,1022.78643174,-4015.9174609,97093.06919908
2025-03-01 12:27:10,NVDA,BUY,214.6,2811.24847346,2829.7011077,3959.93530685,101053.00450593
2025-03-01 12:28:10,MSFT,BUY,220.0,2471.40296968,2481.43239805,2206.47424257,103259.4787485
2025-03-01 12:28:40,TSLA,SELL,238.2,2203.27868593,2200.3330243,701.65660148,103961.13534998
2025-03-01 12:29:10,NVDA,SELL,235.9,1239.40410448,1240.85880484,-343.16381521,103617.97153477
2025-03-01 12:29:20,TSLA,SELL,254.5,646.58364656,646.73233402,-37.84095844,103580.13057633
2025-03-01 12:29:30,NFLX,BUY,121.8,121.71196384,122.95678693,151.61945297,103731.7500293
2025-03-01 12:29:40,MSFT,BUY,295.3,2197.55152248,2173.64469101,-7059.68733123,96672.06269807
2025-03-01 12:30:40,AMZN,SELL,185.0,2255.61939054,2269.08550265,-2491.23074041,94180.83195767
2025-03-01 12:31:00,NVDA,SELL,76.7,2751.47434351,2756.96372597,-421.03563464,93759.79632303
2025-03-01 12:31:10,AAPL,BUY,135.5,3374.17281312,3416.75361288,5769.69836806,99529.49469109
2025-03-01 12:31:30,MSFT,BUY,283.0,2250.91443666,2242.87536571,-2275.05707715,97254.43761394
2025-03-01 12:31:40,AMZN,SELL,227.0,1123.27612762,1125.02026086,-395.91824662,96858.51936733
2025-03-01 12:32:40,AMZN,SELL,195.5,328.99204499,332.13733167,-614.90354486,96243.61582246
2025-03-01 12:33:10,MSFT,BUY,267.9,255.52291496,252.4092417,-834.15306729,95409.46275517
2025-03-01 12:33:40,AAPL,SELL,292.2,3409.8624952,3394.61572205,4455.10711677,99864.56987194
2025-03-01 12:34:40,NFLX,SELL,56.1,2678.09486616,2686.17653965,-453.3818827,99411.18798923
2025-03-01 12:34:50,AMZN,BUY,130.9,175.2200752,177.4145651,287.25872856,99698.4467178
2025-03-01 12:35:00,NVDA,BUY,161.5,2423.20428046,2421.92966995,-205.84959778,99492.59712001
2025-03-01 12:35:20,NVDA,SELL,299.3,1030.33066536,1018.39520035,3572.28467561,103064.88179562
2025-03-01 12:35:50,AAPL,SELL,248.7,656.32099205,644.776012,2871.23653948,105936.1183351
2025-03-01 12:36:50,TSLA,SELL,105.2,2458.51956766,2463.31467826,-504.44563547,105431.67269963
2025-03-01 12:37:10,MSFT,SELL,118.3,2325.33812856,2314.84474018,1241.36784541,106673.04054505
2025-03-01 12:37:20,NFLX,BUY,87.8,3332.93611165,3350.27274354,1522.15627966,108195.19682471
2025-03-01 12:38:20,AMZN,BUY,209.6,1527.07287755,1525.86128738,-253.94930037,107941.24752434
2025-03-01 12:38:50,AMZN,SELL,118.6,1451.82095307,1451.2914912,62.79417775,108004.04170209
2025-03-01 12:39:50,AAPL,SELL,107.5,3139.93729251,3146.0498574,-657.10072603,107346.94097606
2025-03-01 12:40:00,NVDA,BUY,57.8,824.55599369,816.30027902,-477.18030783,106869.76066822
2025-03-01 12:41:00,NFLX,SELL,168.3,3038.81804945,3073.91675296,-5907.11179974,100962.64886848
2025-03-01 12:41:10,AAPL,BUY,96.4,3391.85765491,3401.15745963,896.50117473,101859.15004321
2025-03-01 12:42:10,AMZN,BUY,261.2,2721.13427179,2731.0773665,2597.13633749,104456.28638071
2025-03-01 12:43:10,NVDA,SELL,206.6,2687.48156921,2691.70674538,-872.92139718,103583.36498353
2025-03-01 12:43:30,TSLA,BUY,170.4,2808.22678932,2824.15513609,2714.19028898,106297.55527251
2025-03-01 12:43:40,MSFT,BUY,81.3,498.84784247,496.14850775,-219.45591309,106078.09935942
2025-03-01 12:44:10,NFLX,BUY,172.9,781.78407078,793.04764312,1947.4716581,108025.57101753
2025-03-01 12:44:30,TSLA,SELL,195.5,318.31038606,320.45107064,-418.50383557,107607.06718196
2025-03-01 12:44:50,MSFT,BUY,163.8,1155.23066034,1149.1992105,-987.95148455,106619.11569742
2025-03-01 12:45:00,NFLX,SELL,68.1,139.50983569,139.00502625,34.37752301,106653.49322043
2025-03-01 12:46:00,MSFT,SELL,122.9,2140.06986361,2098.57169481,5100.12494546,111753.61816589
2025-03-01 12:46:30,NFLX,SELL,265.0,2462.93841283,2443.88559133,5048.99769686,116802.61586275
2025-03-01 12:46:50,AAPL,SELL,296.7,922.95305393,922.6007712,104.52228744,116907.1381502
2025-03-01 12:47:50,NVDA,SELL,174.7,584.48484587,591.51455406,-1228.0900221,115679.04812809
2025-03-01 12:48:00,MSFT,BUY,52.4,2002.80552386,2016.86301219,736.6123888,116415.66051689
2025-03-01 12:48:30,AMZN,BUY,179.4,1209.96844803,1207.57583336,-429.23507205,115986.42544485
2025-03-01 12:48:40,NVDA,BUY,69.6,212.89056989,211.72906577,-80.84068687,115905.58475798
2025-03-01 12:48:50,MSFT,SELL,83.2,1449.53913909,1470.38567493,-1734.4317822,114171.15297577
2025-03-01 12:49:50,MSFT,BUY,100.0,2821.99477697,2836.46241863,1446.76416588,115617.91714165
2025-03-01 12:50:50,MSFT,BUY,76.1,669.44077968,676.93506444,570.31506995,116188.2322116
2025-03-01 12:51:20,AMZN,BUY,284.1,207.39289241,208.92699204,435.83770525,116624.06991685
2025-03-01 12:51:30,AAPL,SELL,185.3,276.70236441,278.24796475,-286.39974191,116337.67017494
2025-03-01 12:51:40,NFLX,BUY,250.4,2527.89556925,2535.85308895,1992.5629326,118330.23310755
2025-03-01 12:51:50,NFLX,SELL,253.7,1254.13065465,1267.3481289,-3353.27321867,114976.95988887
2025-03-01 12:52:50,MSFT,BUY,210.9,1637.88216736,1640.47132631,546.05362264,115523.01351151
2025-03-01 12:53:20,NVDA,SELL,232.9,1889.76904718,1879.92081054,2293.65431348,117816.66782499
2025-03-01 12:54:20,NVDA,BUY,104.8,3064.06412641,3052.20286861,-1243.05981779,116573.60800721
2025-03-01 12:54:50,NVDA,BUY,134.2,3417.94186978,3432.23804023,1918.54607367,118492.15408087
2025-03-01 12:55:50,NVDA,BUY,174.5,2339.6064367,2328.86857893,-1873.75618184,116618.39789903
2025-03-01 12:56:20,MSFT,BUY,229.8,1988.23607319,1988.84055228,138.90929481,116757.30719384
2025-03-01 12:56:50,NFLX,SELL,220.1,778.44433316,779.19183481,-164.52511288,116592.78208096
2025-03-01 12:57:10,NFLX,BUY,57.7,345.47459053,344.7632541,-41.04411207,116551.7379689
2025-03-01 12:57:40,AMZN,SELL,231.8,3052.12651839,3011.38468079,9443.95795575,125995.69592465
2025-03-01 12:58:00,NFLX,BUY,156.4,2625.20217208,2599.45911063,-4026.21481044,121969.48111421
2025-03-01 12:59:00,NVDA,BUY,60.0,3458.0085167,3417.49795024,-2430.63398756,119538.84712665
2025-03-01 12:59:30,TSLA,BUY,194.7,3047.90708682,3088.96672797,7994.31213305,127533.15925971
2025-03-01 13:00:00,AMZN,BUY,268.4,1754.67440084,1748.23286109,-1728.90926946,125804.24999024
2025-03-01 13:00:20,TSLA,BUY,155.4,3162.38633764,3178.88951331,2564.59349871,128368.84348896
2025-03-01 13:00:50,AAPL,BUY,102.7,3202.0353751,3161.65406748,-4147.16029191,124221.68319705
2025-03-01 13:01:20,MSFT,BUY,207.9,2218.08638412,2206.98596723,-2307.77667039,121913.90652666
2025-03-01 13:02:20,TSLA,BUY,277.3,2533.80487992,2541.82799132,2224.80879014,124138.7153168
2025-03-01 13:02:40,AMZN,BUY,109.4,710.92257016,710.77723443,-15.89972849,124122.81558831
2025-03-01 13:03:40,NFLX,BUY,267.7,940.58565297,949.41006969,2362.29635667,126485.11194497
2025-03-01 13:04:40,NVDA,SELL,178.7,1614.03786701,1628.87107773,-2650.69475668,123834.41718829
2025-03-01 13:05:00,TSLA,SELL,147.8,655.98116679,646.85141099,1349.37790663,125183.79509492
2025-03-01 13:06:00,TSLA,SELL,114.5,3396.00189594,3360.82796997,4027.41452351,129211.20961843
2025-03-01 13:07:00,NVDA,SELL,82.7,2729.80862733,2755.15930717,-2096.50122213,127114.7083963
2025-03-01 13:08:00,TSLA,BUY,163.4,3397.39155327,3399.47950562,341.17141404,127455.87981034
2025-03-01 13:08:20,NVDA,BUY,257.2,1245.81079987,1233.02387531,-3288.79699485,124167.08281549
2025-03-01 13:09:20,NVDA,BUY,112.2,1565.01758045,1583.8073041,2108.20699364,126275.28980913
2025-03-01 13:09:30,AAPL,BUY,91.9,667.94248686,672.48568066,417.51951008,126692.80931921
2025-03-01 13:10:00,MSFT,BUY,234.1,224.68285157,224.10472453,-135.33954093,126557.46977828
2025-03-01 13:11:00,TSLA,SELL,251.4,2970.1795265,3019.52604124,-12405.71380556,114151.75597272
2025-03-01 13:11:30,AAPL,SELL,267.1,2090.20483895,2085.87322978,1156.97281024,115308.72878296
2025-03-01 13:11:40,MSFT,SELL,64.3,1017.14867916,1015.55094324,102.73441948,115411.46320244
2025-03-01 13:12:00,AAPL,SELL,284.2,1905.9763952,1917.14755275,-3174.8429748,112236.62022764
2025-03-01 13:12:20,NVDA,BUY,176.8,1174.93075692,1174.17206578,-134.13659366,112102.48363398
2025-03-01 13:12:50,TSLA,BUY,87.1,241.34772077,243.11694954,154.09982554,112256.58345952
2025-03-01 13:13:00,AMZN,BUY,178.9,1646.11550916,1650.67838959,816.29930918,113072.88276869
2025-03-01 13:14:00,MSFT,BUY,216.7,1762.07837287,1777.70001267,3385.2093439,116458.0921126
2025-03-01 13:14:10,NVDA,BUY,218.4,786.30173722,779.76029852,-1428.65021127,115029.44190132
2025-03-01 13:14:30,NFLX,SELL,73.5,3397.70095676,3380.74591361,1246.195672,116275.63757332
2025-03-01 13:14:40,NVDA,BUY,94.3,3051.68366488,3098.41181062,4406.46414266,120682.10171598
2025-03-01 13:15:10,AAPL,BUY,259.5,2454.92823757,2457.88237851,766.59957435,121448.70129032
2025-03-01 13:16:10,MSFT,SELL,204.5,1790.39419763,1795.62159012,-1069.00176408,120379.69952624
2025-03-01 13:16:20,AMZN,BUY,192.7,3054.27694723,3081.2896062,5205.33938406,125585.0389103
2025-03-01 13:16:40,TSLA,SELL,214.7,833.29551815,841.20869442,-1698.9589448,123886.0799655
2025-03-01 13:17:40,MSFT,SELL,212.8,1439.13897922,1442.62325518,-741.45392348,123144.62604202
2025-03-01 13:18:00,AMZN,BUY,62.1,3498.00666762,3476.898972,-1310.78789805,121833.83814397
2025-03-01 13:18:10,NVDA,BUY,151.7,3422.39222635,3431.19070984,1334.72994518,123168.56808914
2025-03-01 13:18:20,AMZN,BUY,234.6,2027.85528735,2034.70004121,1605.7792552,124774.34734434
2025-03-01 13:19:20,NVDA,BUY,151.0,3086.95290842,3116.32762351,4435.58197741,129209.92932176
2025-03-01 13:19:50,AAPL,SELL,240.6,2846.6762026,2818.71938697,6726.40984005,135936.33916181
2025-03-01 13:20:10,NFLX,BUY,158.9,2812.56640612,2809.19007569,-536.49890455,135399.84025726
2025-03-01 13:20:40,AAPL,SELL,51.4,1951.26293307,1953.2231945,-100.75743757,135299.08281968
2025-03-01 13:21:10,NFLX,BUY,141.6,1203.59182166,1218.94488769,2173.99414979,137473.07696947
2025-03-01 13:22:10,AMZN,BUY,162.2,1421.09754432,1411.46862678,-1561.81042465,135911.26654483
2025-03-01 13:22:30,NFLX,SELL,143.3,907.65004497,919.57304604,-1708.56605356,134202.70049127
2025-03-01 13:22:40,TSLA,BUY,165.9,2206.26717643,2224.09058682,2956.90378325,137159.60427452
2025-03-01 13:23:00,AAPL,SELL,265.8,1391.27165261,1363.45283405,7394.24197213,144553.84624665
2025-03-01 13:23:30,AMZN,SELL,135.3,187.18302374,190.61362821,-464.16078393,144089.68546273
2025-03-01 13:24:00,NFLX,BUY,149.7,1392.66510387,1404.05788913,1705.49995272,145795.18541545
2025-03-01 13:24:30,AAPL,SELL,241.2,2166.8773155,2209.17046866,-10201.10854166,135594.07687378
2025-03-01 13:25:00,NVDA,SELL,229.5,2864.15151163,2881.54100338,-3990.88835463,131603.18851916
2025-03-01 13:26:00,AMZN,SELL,281.8,927.83980836,929.92701313,-588.17430571,131015.01421345
2025-03-01 13:26:30,TSLA,SELL,283.6,304.90912698,303.07000151,521.57598514,131536.59019858
2025-03-01 13:27:30,MSFT,SELL,114.2,1751.96398123,1748.03012023,449.24692629,131985.83712487
2025-03-01 13:27:40,AMZN,BUY,126.8,1068.56786667,1070.10569955,194.9972085,132180.83433337
2025-03-01 13:28:40,TSLA,SELL,202.6,1158.44617713,1171.34665495,-2613.63680581,129567.19752757
2025-03-01 13:29:10,AAPL,SELL,118.2,2534.91229236,2514.98813739,2355.03511719,131922.23264476
2025-03-01 13:29:40,AMZN,SELL,220.3,715.90778842,714.62125544,283.42321393,132205.65585869
2025-03-01 13:30:00,AMZN,SELL,181.3,716.89038217,713.44146472,625.288732,132830.94459069
2025-03-01 13:31:00,NFLX,SELL,114.1,2028.86154674,2034.05189289,-592.21849642,132238.72609427
2025-03-01 13:32:00,NFLX,BUY,170.9,3373.95137581,3379.99517901,1032.88596782,133271.61206209
2025-03-01 13:32:10,NFLX,SELL,208.3,247.60261171,250.30472957,-562.8511514,132708.76091068
2025-03-01 13:32:40,NFLX,BUY,200.4,3334.7713635,3336.07486081,261.22086028,132969.98177097
2025-03-01 13:32:50,MSFT,SELL,103.0,875.47122463,875.75551949,-29.28237066,132940.6994003
2025-03-01 13:33:00,AAPL,BUY,152.8,2177.33536209,2155.66890283,-3310.63497557,129630.06442473
2025-03-01 13:33:30,AMZN,BUY,118.7,2753.78675183,2738.5218466,-1811.944251,127818.12017373
2025-03-01 13:33:50,AMZN,SELL,155.9,2896.88868295,2881.28046401,2433.32133267,130251.4415064
2025-03-01 13:34:20,AAPL,BUY,162.9,2221.1217039,2226.07914381,807.56696165,131059.00846805
2025-03-01 13:34:50,NVDA,SELL,92.0,2094.4687748,2105.0881819,-976.98545305,130082.023015
2025-03-01 13:35:10,AAPL,BUY,73.9,836.91532031,839.68583874,204.74131224,130286.76432723
2025-03-01 13:35:30,MSFT,SELL,210.5,180.37119256,181.76204076,-292.77354743,129993.99077981
2025-03-01 13:35:40,NVDA,SELL,147.7,888.62012679,904.33464863,-2321.03487572,127672.95590408
2025-03-01 13:36:00,NVDA,SELL,174.2,2121.21953963,2107.58137806,2375.76774666,130048.72365074
2025-03-01 13:36:20,TSLA,BUY,229.4,1555.87869075,1576.28082602,4680.24983183,134728.97348258
2025-03-01 13:37:20,NFLX,SELL,297.8,2454.2829145,2465.4544781,-3326.89163978,131402.08184279
2025-03-01 13:37:30,NFLX,SELL,69.9,1032.1462663,1045.59221426,-939.87176219,130462.2100806
2025-03-01 13:38:00,AAPL,SELL,273.5,391.23804863,389.41744298,497.93564407,130960.14572467
2025-03-01 13:38:30,TSLA,BUY,138.7,870.63176757,863.563932,-980.30879339,129979.83693128
2025-03-01 13:39:00,TSLA,BUY,179.8,336.04106534,336.66955867,113.00310162,130092.84003289
2025-03-01 13:39:20,TSLA,BUY,212.7,3092.26889771,3053.77891599,-8186.81911157,121906.02092133
2025-03-01 13:40:20,NVDA,SELL,131.1,1912.05647427,1930.83545384,-2461.92422066,119444.09670067
2025-03-01 13:41:20,MSFT,BUY,215.5,3480.07382815,3446.39670775,-7257.41944726,112186.67725341
2025-03-01 13:41:30,NVDA,SELL,232.7,1996.46361906,1985.20337489,2620.25881794,114806.93607135
2025-03-01 13:42:30,AMZN,SELL,289.4,2011.80917398,2010.91160005,259.75789722,115066.69396858
2025-03-01 13:42:40,NFLX,BUY,109.7,520.72706166,521.00005148,29.94698289,115096.64095147
2025-03-01 13:43:40,AMZN,SELL,78.5,332.02347915,327.46697802,357.6853388,115454.32629027
2025-03-01 13:44:40,MSFT,BUY,65.2,1914.79198935,1931.68388425,1101.3515476,116555.67783787
2025-03-01 13:45:40,TSLA,SELL,50.5,2325.22676675,2335.64899835,-526.32269599,116029.35514188
2025-03-01 13:46:40,AAPL,BUY,39.8,1058.35819794,1068.85486681,417.76742076,116447.12256264
2025-03-01 13:47:40,TSLA,SELL,101.1,1350.29914545,1350.67108835,-37.60342729,116409.51913535
2025-03-01 13:48:40,TSLA,SELL,118.2,313.89863708,313.96200321,-7.48987716,116402.02925819
2025-03-01 13:49:40,NFLX,BUY,312.6,1976.86741041,1972.17782914,-1465.96310372,114936.06615447
2025-03-01 13:50:40,MSFT,SELL,190.9,186.78491326,185.27682959,287.893173,115223.95932747
2025-03-01 13:51:40,AAPL,SELL,141.8,310.34259223,306.31400507,571.25365976,115795.21298723
2025-03-01 13:52:40,NFLX,SELL,59.7,1429.12537771,1413.50460937,932.55986977,116727.772857
2025-03-01 13:53:40,NFLX,SELL,87.0,1541.42640007,1510.0182721,2732.50713322,119460.27999022
2025-03-01 13:54:40,MSFT,BUY,84.6,2306.54073571,2305.93287972,-51.42461725,119408.85537297
2025-03-01 13:55:40,NFLX,BUY,134.1,1013.49590434,1011.58039011,-256.87045835,119151.98491462
2025-03-01 13:56:40,MSFT,BUY,341.8,2183.33605626,2168.02472642,-5233.41254027,113918.57237435
2025-03-01 13:57:40,NFLX,SELL,220.9,294.20627932,296.53885884,-515.26681553,113403.30555882
2025-03-01 13:58:40,MSFT,BUY,308.5,516.45883597,516.0733668,-118.91723783,113284.38832099
2025-03-01 13:59:40,AAPL,BUY,346.7,1638.33298563,1636.56019307,-614.62718145,112669.76113953
2025-03-01 14:00:40,NFLX,SELL,358.6,418.05921458,417.54699061,183.683516,112853.44465553
2025-03-01 14:01:40,TSLA,SELL,119.4,1555.0070506,1564.8967348,-1180.8282933,111672.61636223
2025-03-01 14:02:40,NFLX,BUY,85.3,519.61270542,514.11207339,-469.20391249,111203.41244974
2025-03-01 14:03:40,NFLX,SELL,120.5,982.0826135,978.40272801,443.42620175,111646.83865149
2025-03-01 14:04:40,NVDA,SELL,37.6,161.94857668,161.86919747,2.98465809,111649.82330958
2025-03-01 14:05:40,NFLX,SELL,76.2,2417.97318677,2427.08225948,-694.1113404,110955.71196918
2025-03-01 14:06:40,AMZN,BUY,85.8,848.3587194,840.33832034,-688.15023982,110267.56172936
2025-03-01 14:07:40,AAPL,BUY,164.8,1637.98315526,1634.2210552,-619.99408949,109647.56763987
2025-03-01 14:08:40,AMZN,SELL,295.1,1587.01109175,1582.37545483,1367.97645639,111015.54409626
2025-03-01 14:09:40,TSLA,SELL,149.3,239.59310921,242.56802549,-444.15500087,110571.38909539
2025-03-01 14:10:40,TSLA,SELL,110.4,238.67334639,237.11704725,171.81542549,110743.20452087
2025-03-01 14:11:40,NFLX,SELL,28.1,1761.18722007,1754.63168113,184.21064412,110927.415165
2025-03-01 14:12:40,NVDA,SELL,149.6,1322.61310756,1326.49159581,-580.22184174,110347.19332326
2025-03-01 14:13:40,NVDA,BUY,101.1,835.00868989,843.12148107,820.20318873,111167.39651199
2025-03-01 14:14:40,AAPL,SELL,88.1,1628.42024534,1618.91940086,837.02439885,112004.42091084
2025-03-01 14:15:40,TSLA,BUY,85.8,1166.50211754,1166.35767308,-12.39333541,111992.02757543
2025-03-01 14:16:40,AAPL,SELL,148.1,2499.85989714,2495.15378089,696.97581782,112689.00339325
2025-03-01 14:17:40,AMZN,SELL,55.7,155.65760279,153.79668323,103.65321931,112792.65661256
2025-03-01 14:18:40,TSLA,SELL,31.7,2304.84048705,2290.10205124,467.20841535,113259.86502791
2025-03-01 14:19:40,MSFT,SELL,52.0,135.15024647,135.40930241,-13.47090879,113246.39411913
2025-03-01 14:20:40,TSLA,SELL,161.3,2930.03388924,2932.73963124,-436.43618534,112809.95793378
2025-03-01 14:21:40,AMZN,SELL,111.9,418.23497616,419.86461097,-182.3561351,112627.60179868
2025-03-01 14:22:40,NVDA,SELL,169.6,1417.69427022,1418.91841705,-207.61530137,112419.98649731
2025-03-01 14:23:40,AAPL,SELL,68.3,535.14112761,533.1791184,134.0052292,112553.99172651
2025-03-01 14:24:40,AMZN,BUY,97.8,2238.33552442,2225.21998463,-1282.69979212,111271.29193439
2025-03-01 14:25:40,MSFT,SELL,158.1,1432.39562838,1422.27173254,1600.58793132,112871.87986572
2025-03-01 14:26:40,AAPL,SELL,191.3,2687.04559793,2680.74349874,1205.59157459,114077.47144031
2025-03-01 14:27:40,MSFT,SELL,90.3,2095.59064765,2108.58231099,-1173.1471991,112904.32424121
2025-03-01 14:28:40,MSFT,BUY,169.0,838.54480393,848.4283467,1670.31872772,114574.64296893
2025-03-01 14:29:40,AAPL,SELL,179.5,2012.1263744,2008.04462591,732.67385311,115307.31682205
2025-03-01 14:30:40,NVDA,SELL,124.7,1946.34207828,1948.59987547,-281.54730938,115025.76951266
2025-03-01 14:31:40,AMZN,SELL,148.8,535.49010237,534.00835341,220.48424528,115246.25375794
2025-03-01 14:32:40,AMZN,BUY,137.6,1585.44357036,1584.1330304,-180.33029752,115065.92346042
2025-03-01 14:33:40,MSFT,BUY,7.4,306.64451052,307.23431104,4.36452385,115070.28798428
2025-03-01 14:34:40,MSFT,SELL,148.8,2873.85405507,2857.37068737,2452.7251129,117523.01309717
2025-03-01 14:35:40,AMZN,SELL,156.1,1114.13936626,1109.84093838,670.98459197,118193.99768915
2025-03-01 14:36:40,MSFT,SELL,41.1,2017.9747721,2031.95635223,-574.64294329,117619.35474586
2025-03-01 14:37:40,MSFT,BUY,9.1,868.63464214,872.62581554,36.31967795,117655.67442381
2025-03-01 14:38:40,AAPL,SELL,193.7,338.29783568,340.3209374,-391.87480266,117263.79962115
2025-03-01 14:39:40,NVDA,SELL,79.5,1911.52434968,1906.20271283,423.07012941,117686.86975056
2025-03-01 14:40:40,TSLA,BUY,28.7,696.49306037,701.81494344,152.73804421,117839.60779477
2025-03-01 14:41:40,MSFT,SELL,108.4,1967.32233527,1974.76107621,-806.35951795,117033.24827682
2025-03-01 14:42:40,AAPL,BUY,193.9,221.65854795,221.16699992,-95.31116391,116937.93711291
2025-03-01 14:43:40,TSLA,SELL,122.4,2941.91395514,2958.5039982,-2030.62127052,114907.31584239
2025-03-01 14:44:40,AMZN,SELL,150.9,1789.0257088,1795.62986213,-996.56673759,113910.7491048
2025-03-01 14:45:40,MSFT,BUY,71.0,471.47766446,474.4774584,212.98536953,114123.73447433
2025-03-01 14:46:40,MSFT,SELL,48.8,2791.44255695,2779.65137526,575.40966615,114699.14414048
2025-03-01 14:47:40,AMZN,SELL,124.5,1374.27447011,1362.13717628,1511.09308177,116210.23722225
2025-03-01 14:48:40,NVDA,SELL,51.9,2834.91992946,2834.61866785,15.63547732,116225.87269957
2025-03-01 14:49:40,MSFT,SELL,130.9,2672.08221061,2671.05595335,134.33707545,116360.20977502
2025-03-01 14:50:40,AAPL,SELL,164.1,929.12968879,929.28242975,-25.0647914,116335.14498362
2025-03-01 14:51:40,NFLX,BUY,94.8,2289.62159336,2295.14622074,523.73467523,116858.87965884
2025-03-01 14:52:40,AMZN,SELL,147.1,2541.79580338,2552.76214332,-1613.14860482,115245.73105402
2025-03-01 14:53:40,NFLX,BUY,111.3,614.54343146,618.76372815,469.71902127,115715.4500753
2025-03-01 14:54:40,AMZN,SELL,187.8,2955.54224462,2964.40426,-1664.28648741,114051.16358789
2025-03-01 14:55:40,NFLX,BUY,46.6,2471.57745659,2465.99963897,-259.92630099,113791.2372869
2025-03-01 14:56:40,AAPL,SELL,168.9,1566.97280956,1570.95944704,-673.34306983,113117.89421707
2025-03-01 14:57:40,MSFT,SELL,104.1,1812.00830233,1829.24244869,-1794.07463634,111323.81958073
2025-03-01 14:58:40,NFLX,BUY,115.2,962.89050882,967.48032682,528.74703281,111852.56661354
2025-03-01 14:59:40,MSFT,BUY,153.4,1945.24492654,1950.89740354,867.08997159,112719.65658512
2025-03-01 15:00:40,AAPL,SELL,95.0,564.20774137,564.18228641,2.41822102,112722.07480614
2025-03-01 15:01:40,AMZN,BUY,44.8,2420.20580923,2412.33384232,-352.66411764,112369.41068851
2025-03-01 15:02:40,NFLX,BUY,147.9,1709.74635298,1701.23281581,-1259.15214693,111110.25854158
2025-03-01 15:03:40,MSFT,SELL,157.8,1130.61524919,1134.25923722,-575.02131142,110535.23723016
2025-03-01 15:04:40,NFLX,BUY,6.0,1707.25689098,1702.26403261,-29.95715027,110505.2800799
2025-03-01 15:05:40,TSLA,BUY,76.7,2878.41309235,2890.62159988,936.39252784,111441.67260774
2025-03-01 15:06:40,NVDA,SELL,34.0,1048.10168738,1052.93543467,-164.34740779,111277.32519995
2025-03-01 15:07:40,AMZN,SELL,76.8,2989.36957912,2986.78626828,198.39827217,111475.72347213
2025-03-01 15:08:40,TSLA,SELL,145.8,1400.97082977,1403.94568433,-433.7337953,111041.98967683
2025-03-01 15:09:40,MSFT,SELL,85.5,1235.42452472,1242.42067717,-598.17103454,110443.81864229
2025-03-01 15:10:40,NVDA,SELL,5.6,2117.29262484,2103.25861315,78.59046546,110522.40910775
2025-03-01 15:11:40,AMZN,BUY,23.1,2403.1722607,2420.74646844,405.9641986,110928.37330635
2025-03-01 15:12:40,TSLA,SELL,98.8,1805.78657415,1802.49780703,324.93019112,111253.30349747
2025-03-01 15:13:40,NVDA,BUY,114.5,1781.95298354,1785.37924525,392.30696583,111645.6104633
2025-03-01 15:14:40,NVDA,SELL,122.7,1725.91427381,1736.47740873,-1296.09665549,110349.5138078
2025-03-01 15:15:40,TSLA,SELL,165.9,882.48008837,885.97703463,-580.14338468,109769.37042312
2025-03-01 15:16:40,AMZN,SELL,20.0,1544.94147856,1545.17179363,-4.60630134,109764.76412178
2025-03-01 15:17:40,NFLX,SELL,143.0,2376.20123362,2373.19262961,430.23037429,110194.99449607
2025-03-01 15:18:40,AAPL,SELL,105.9,2386.98339755,2375.74441614,1190.20813084,111385.20262691
2025-03-01 15:19:40,AMZN,SELL,89.6,1051.75898547,1051.79232907,-2.98758686,111382.21504005
2025-03-01 15:20:40,TSLA,SELL,48.0,356.94124607,359.9992505,-146.78421275,111235.4308273
2025-03-01 15:21:40,NVDA,BUY,187.0,2995.20778304,3007.65005116,2326.70413825,113562.13496556
2025-03-01 15:22:40,AMZN,SELL,87.1,1963.43907865,1977.3896441,-1215.09425063,112347.04071492
2025-03-01 15:23:40,AMZN,BUY,84.9,443.17495368,444.90798425,147.13429519,112494.17501011
2025-03-01 15:24:40,MSFT,SELL,79.8,2535.42662834,2561.85320649,-2108.84093603,110385.33407408
2025-03-01 15:25:40,MSFT,SELL,75.6,634.98113409,640.51576785,-418.41831247,109966.91576162
2025-03-01 15:26:40,AAPL,BUY,10.1,1070.08273735,1071.90661979,18.42121266,109985.33697427
2025-03-01 15:27:40,AAPL,BUY,188.4,966.30416341,958.72621596,-1427.68529862,108557.65167565
2025-03-01 15:28:40,TSLA,BUY,88.8,851.96060071,855.00039659,269.9338739,108827.58554956
2025-03-01 15:29:40,AMZN,SELL,99.2,1428.74197154,1426.36525327,235.77045219,109063.35600174
2025-03-01 15:30:40,AMZN,BUY,20.7,487.09192001,487.51200049,8.69566594,109072.05166769
2025-03-01 15:31:40,TSLA,BUY,147.3,1366.86703758,1380.34606607,1985.46089608,111057.51256376
2025-03-01 15:32:40,MSFT,BUY,36.0,2319.98740707,2310.72618625,-333.40394968,110724.10861408
2025-03-01 15:33:40,NFLX,SELL,133.1,2278.98774948,2284.70563745,-761.0508878,109963.05772629
2025-03-01 15:34:40,NFLX,BUY,18.4,2874.18240114,2875.61727812,26.40173645,109989.45946274
2025-03-01 15:35:40,NVDA,SELL,53.2,858.94648283,858.93070506,0.83937757,109990.29884031
2025-03-01 15:36:40,NFLX,BUY,53.7,2728.13828351,2743.32834776,815.70645043,110806.00529074
2025-03-01 15:37:40,AAPL,BUY,156.5,1404.24554311,1400.01048634,-662.78638388,110143.21890686
2025-03-01 15:38:40,NFLX,BUY,100.1,289.56185694,286.34158124,-322.34959759,109820.86930927
2025-03-01 15:39:40,TSLA,SELL,180.5,1107.29564615,1113.29743989,-1083.32376973,108737.54553954
2025-03-01 15:40:40,TSLA,BUY,134.4,163.28785065,163.50583235,29.29674072,108766.84228026
2025-03-01 15:41:40,AMZN,SELL,15.2,2816.7851399,2826.86837464,-153.26516816,108613.5771121
2025-03-01 15:42:40,NFLX,SELL,55.7,1314.50062532,1321.03543303,-363.98878975,108249.58832235
2025-03-01 15:43:40,AAPL,BUY,115.2,674.483135,670.92763283,-409.59385076,107839.9944716
2025-03-01 15:44:40,MSFT,BUY,194.5,1445.4042114,1435.17702396,-1989.18795552,105850.80651607
2025-03-01 15:45:40,NVDA,SELL,34.5,430.87777618,433.81795547,-101.43618552,105749.37033055
2025-03-01 15:46:40,NFLX,SELL,53.9,753.41909686,754.92807927,-81.33415211,105668.03617844
2025-03-01 15:47:40,TSLA,SELL,27.4,1617.83364299,1628.74299737,-298.91631002,105369.11986841
2025-03-01 15:48:40,TSLA,BUY,145.9,2594.40511071,2599.28832019,712.46026231,106081.58013073
2025-03-01 15:49:40,TSLA,SELL,20.9,1676.26083029,1674.86091917,29.25814243,106110.83827316
2025-03-01 15:50:40,NVDA,BUY,99.5,1429.07186043,1433.62030895,452.57062754,106563.4089007
2025-03-01 15:51:40,NFLX,SELL,85.3,1440.6571269,1448.60908488,-678.30201588,105885.10688482
2025-03-01 15:52:40,NVDA,BUY,111.4,1987.82305474,1990.01754885,244.46664411,106129.57352893
2025-03-01 15:53:40,MSFT,SELL,94.6,2438.57048998,2432.13262802,609.02174099,106738.59526992
2025-03-01 15:54:40,AMZN,SELL,158.3,250.67407491,250.11511662,88.48309734,106827.07836726
2025-03-01 15:55:40,AMZN,BUY,69.4,577.64842495,575.91781336,-120.10444466,106706.9739226
2025-03-01 15:56:40,TSLA,SELL,106.3,2294.5793665,2300.58060103,-637.93123114,106069.04269146
2025-03-01 15:57:40,TSLA,BUY,174.8,2650.78737936,2650.09348935,-121.29197436,105947.7507171
2025-03-01 15:58:40,AMZN,BUY,93.0,792.50901301,796.80088431,399.14403111,106346.89474821
2025-03-01 15:59:40,NVDA,SELL,102.1,1662.23521406,1663.25053063,-103.66382127,106243.23092694
2025-03-01 16:00:40,MSFT,BUY,133.1,405.87372987,405.41436686,-61.14121654,106182.08971041
2025-03-01 16:01:40,NFLX,SELL,193.1,2349.27436768,2365.11371239,-3058.57746238,103123.51224803
2025-03-01 16:02:40,TSLA,BUY,107.0,690.92273147,694.78923503,413.71588125,103537.22812928
2025-03-01 16:03:40,AAPL,SELL,128.7,1775.02076106,1770.8659337,534.72628059,104071.95440987
2025-03-01 16:04:40,TSLA,SELL,82.2,2413.95106289,2417.18401336,-265.74852877,103806.20588109
2025-03-01 16:05:40,MSFT,SELL,140.7,558.06898622,561.00658791,-413.3205575,103392.88532359
2025-03-01 16:06:40,AAPL,SELL,66.8,2400.45791627,2398.84030371,108.0565193,103500.94184289
2025-03-01 16:07:40,MSFT,BUY,179.3,634.25203379,633.60621153,-115.79593122,103385.14591167
2025-03-01 16:08:40,TSLA,SELL,34.7,1997.44840174,2020.04478566,-784.094522,102601.05138967
2025-03-01 16:09:40,AMZN,SELL,177.1,342.04584647,340.56216632,262.75975456,102863.81114424
2025-03-01 16:10:40,NFLX,SELL,103.5,2430.45025278,2431.91288084,-151.38200372,102712.42914051
2025-03-01 16:11:40,MSFT,BUY,135.2,2953.91992521,2963.55519544,1302.68853618,104015.11767669
2025-03-01 16:12:40,TSLA,BUY,37.4,1940.54669244,1940.67142821,4.66511781,104019.7827945
2025-03-01 16:13:40,AMZN,SELL,7.5,570.47687677,573.85903449,-25.36618292,103994.41661157
2025-03-01 16:14:40,MSFT,BUY,107.8,1723.29148255,1730.00915859,724.16547653,104718.5820881
2025-03-01 16:15:40,MSFT,BUY,147.6,330.27909546,331.14739312,128.1607345,104846.7428226
2025-03-01 16:16:40,MSFT,BUY,172.3,643.49463788,644.6801512,204.26394374,105051.00676634
2025-03-01 16:17:40,NVDA,SELL,66.3,2159.70411601,2176.09192423,-1086.51168502,103964.49508132
2025-03-01 16:18:40,NFLX,BUY,165.2,1466.38690691,1452.2959926,-2327.81904309,101636.67603824
2025-03-01 16:19:40,MSFT,SELL,166.5,1533.21609703,1530.08970085,520.54496342,102157.22100166
2025-03-01 16:20:40,MSFT,SELL,38.9,1072.10333738,1077.68159839,-216.99435355,101940.22664811
2025-03-01 16:21:40,AAPL,SELL,51.8,391.84868772,393.31172056,-75.78510131,101864.44154679
2025-03-01 16:22:40,MSFT,SELL,72.8,511.71877031,516.36357938,-338.14210083,101526.29944596
2025-03-01 16:23:40,MSFT,BUY,126.1,1988.32799616,1987.11193009,-153.34593107,101372.95351489
2025-03-01 16:24:40,AMZN,SELL,169.1,1121.88734517,1125.27393091,-572.67164884,100800.28186605
2025-03-01 16:25:40,AAPL,SELL,29.6,1939.01220106,1940.71663538,-50.4512559,100749.83061015
2025-03-01 16:26:40,AAPL,BUY,68.4,2060.91493002,2058.18816132,-186.51097866,100563.31963149
2025-03-01 16:27:40,AAPL,BUY,171.9,607.15616781,608.37400061,209.34545775,100772.66508924
2025-03-01 16:28:40,NVDA,BUY,168.2,758.82071537,762.88532828,683.66789114,101456.33298039
2025-03-01 16:29:40,AAPL,BUY,105.0,2113.03666318,2100.92917778,-1271.2859668,100185.04701359
2025-03-01 16:30:40,AMZN,BUY,46.5,985.40096242,988.91838983,163.5603746,100348.60738818
2025-03-01 16:31:40,AMZN,BUY,154.4,2626.49299856,2631.47784303,769.65998512,101118.2673733
2025-03-01 16:32:40,TSLA,SELL,134.7,2386.49729543,2393.77394831,-980.16514257,100138.10223073
2025-03-01 16:33:40,AMZN,SELL,114.3,2045.12370453,2044.70181949,48.22145975,100186.32369048
2025-03-01 16:34:40,AMZN,SELL,92.2,421.86946072,424.6265478,-254.20342926,99932.12026122
2025-03-01 16:35:40,NFLX,BUY,79.2,1685.27983854,1685.95073864,53.13528759,99985.2555488
2025-03-01 16:36:40,NVDA,BUY,26.6,2932.72095268,2927.8038327,-130.7953916,99854.46015721
2025-03-01 16:37:40,MSFT,SELL,184.0,2245.72195022,2246.95110928,-226.16526588,99628.29489133
2025-03-01 16:38:40,TSLA,BUY,172.4,912.1082557,915.36040412,560.67038907,100188.9652804
2025-03-01 16:39:40,AAPL,BUY,162.0,2286.48952043,2285.80875616,-110.28381197,100078.68146844
2025-03-01 16:40:40,NVDA,SELL,192.7,152.21901124,151.65927248,107.86165911,100186.54312754
2025-03-01 16:41:40,NFLX,SELL,59.9,2505.24452809,2521.35302639,-964.8990481,99221.64407945
2025-03-01 16:42:40,AMZN,BUY,27.0,2630.98613474,2638.44876002,201.49088255,99423.134962
2025-03-01 16:43:40,AMZN,SELL,52.2,379.94996357,383.82200264,-202.12043939,99221.01452262
2025-03-01 16:44:40,NVDA,BUY,96.4,135.9717052,136.65152423,65.53455426,99286.54907688
2025-03-01 16:45:40,NFLX,BUY,63.5,961.98964236,955.17726168,-432.58617308,98853.9629038
2025-03-01 16:46:40,NFLX,SELL,14.4,2255.26027632,2268.23149141,-186.78549728,98667.17740652
2025-03-01 16:47:40,AAPL,BUY,41.1,2687.6772446,2713.35280503,1055.26553341,99722.44293993
2025-03-01 16:48:40,AAPL,BUY,51.7,329.01057035,329.45482043,22.96772919,99745.41066912
2025-03-01 16:49:40,AAPL,SELL,167.1,284.55863693,286.4963081,-323.78485204,99421.62581709
2025-03-01 16:50:40,NFLX,BUY,27.4,1837.03767371,1847.83208531,295.76687784,99717.39269492
2025-03-01 16:51:40,NFLX,BUY,116.5,2649.03881082,2658.32493915,1081.83395056,100799.22664548
2025-03-01 16:52:40,AMZN,BUY,88.9,1600.59442009,1596.96046507,-323.05860159,100476.16804389
2025-03-01 16:53:40,TSLA,BUY,122.4,2344.25100162,2325.13793761,-2339.43903466,98136.72900923
2025-03-01 16:54:40,MSFT,SELL,91.5,2688.31754087,2712.67743802,-2228.93058917,95907.79842006
2025-03-01 16:55:40,NFLX,SELL,142.0,1815.92177069,1829.67660137,-1953.18595727,93954.61246279
2025-03-01 16:56:40,MSFT,SELL,104.9,788.55705829,788.37544379,19.05136111,93973.6638239
2025-03-01 16:57:40,NVDA,BUY,132.2,1514.234499,1509.36436807,-643.83130895,93329.83251496
2025-03-01 16:58:40,MSFT,BUY,122.1,2856.5400525,2860.01935322,424.82261849,93754.65513344
2025-03-01 16:59:40,NVDA,SELL,18.8,1938.90169099,1957.27327933,-345.38586068,93409.26927276
2025-03-01 17:00:40,MSFT,BUY,75.6,837.73558444,836.01081634,-130.39246838,93278.87680439
2025-03-01 17:01:40,NFLX,SELL,59.0,506.0698829,506.48223675,-24.32887687,93254.54792752
2025-03-01 17:02:40,AMZN,BUY,69.6,2917.44480361,2899.84798053,-1224.73888633,92029.8090412
2025-03-01 17:03:40,NVDA,SELL,59.7,1871.26220612,1872.35590674,-65.29392703,91964.51511416
2025-03-01 17:04:40,MSFT,SELL,105.7,700.27847747,699.89609364,40.41797094,92004.9330851
2025-03-01 17:05:40,AMZN,SELL,116.5,2427.49847078,2420.79667663,780.7590186,92785.6921037
2025-03-01 17:06:40,NVDA,SELL,62.2,1586.73640527,1587.052699,-19.67346959,92766.01863411
2025-03-01 17:07:40,MSFT,SELL,125.3,352.56902371,354.10506131,-192.46551133,92573.55312278
2025-03-01 17:08:40,TSLA,SELL,72.3,430.13134108,432.87559439,-198.40951423,92375.14360856
2025-03-01 17:09:40,NFLX,BUY,141.9,1531.28508299,1532.97953912,240.44332507,92615.58693363
2025-03-01 17:10:40,AMZN,BUY,30.6,2979.1688331,2971.59568512,-231.73832796,92383.84860567
2025-03-01 17:11:40,AMZN,SELL,85.1,1323.30171776,1314.6095152,739.70643803,93123.5550437
2025-03-01 17:12:40,MSFT,BUY,144.2,2732.07190741,2713.20434584,-2720.70237969,90402.852664
2025-03-01 17:13:40,TSLA,SELL,191.2,2488.99211424,2502.61982288,-2605.61789247,87797.23477154
2025-03-01 17:14:40,NVDA,BUY,5.3,2481.4750194,2477.96297475,-18.61383661,87778.62093493
2025-03-01 17:15:40,AMZN,SELL,16.6,847.06093897,848.52971304,-24.38164959,87754.23928534
2025-03-01 17:16:40,MSFT,BUY,138.9,1851.00681355,1850.37256007,-88.09780851,87666.14147683
2025-03-01 17:17:40,NVDA,SELL,77.0,1423.08587597,1418.1677465,378.69596903,88044.83744585
2025-03-01 17:18:40,MSFT,BUY,86.7,450.97250141,451.12750749,13.43902779,88058.27647364
2025-03-01 17:19:40,AAPL,BUY,74.2,332.52204084,332.9823376,34.15402001,88092.43049366
2025-03-01 17:20:40,MSFT,BUY,135.4,2831.00456369,2818.40094444,-1706.53004764,86385.90044601
2025-03-01 17:21:40,TSLA,SELL,7.0,1821.6162945,1836.28879787,-102.70752353,86283.19292248
2025-03-01 17:22:40,AAPL,BUY,183.1,1944.67853459,1955.89093488,2052.9904944,88336.18341688
2025-03-01 17:23:40,TSLA,BUY,28.5,2199.52186085,2204.8790621,152.68023567,88488.86365255
2025-03-01 17:24:40,AMZN,BUY,18.0,2717.11459113,2704.29352989,-230.77910231,88258.08455024
2025-03-01 17:25:40,MSFT,BUY,87.3,133.94917112,134.1558277,18.0411198,88276.12567004
2025-03-01 17:26:40,TSLA,SELL,99.8,955.6180522,953.95181311,166.29066073,88442.41633077
2025-03-01 17:27:40,NVDA,SELL,113.9,456.70955586,457.37828118,-76.16781436,88366.24851641
2025-03-01 17:28:40,MSFT,SELL,147.2,1095.1853242,1101.58918602,-942.64845939,87423.60005702
2025-03-01 17:29:40,NVDA,SELL,88.8,2108.22919734,2114.84054467,-587.08764295,86836.51241407
2025-03-01 17:30:40,AMZN,SELL,58.7,2051.60320494,2063.9187976,-722.92528899,86113.58712508
2025-03-01 17:31:40,NFLX,SELL,160.7,1394.61659756,1391.33492379,527.36497542,86640.9521005
2025-03-01 17:32:40,NVDA,BUY,172.2,2485.02488364,2485.8411057,140.5534388,86781.5055393
2025-03-01 17:33:40,NVDA,SELL,118.5,1024.71377313,1029.89271893,-613.705077,86167.8004623
2025-03-01 17:34:40,MSFT,BUY,122.2,1176.40002797,1183.64986492,885.93007484,87053.73053714
2025-03-01 17:35:40,TSLA,BUY,37.5,1186.20337236,1194.0720829,295.07664514,87348.80718228
2025-03-01 17:36:40,MSFT,SELL,32.8,1348.53508154,1347.80664143,23.89283565,87372.70001793
2025-03-01 17:37:40,TSLA,BUY,10.0,547.93326695,550.61720993,26.8394298,87399.53944772
2025-03-01 17:38:40,TSLA,SELL,129.2,1972.88492023,1969.31234104,461.57723149,87861.11667921
2025-03-01 17:39:40,TSLA,SELL,65.7,1287.9237952,1287.86440984,3.90161771,87865.01829692
2025-03-01 17:40:40,NFLX,SELL,123.1,2063.64985523,2052.97718573,1313.80561527,89178.82391218
2025-03-01 17:41:40,AMZN,SELL,93.5,2965.30430185,2959.48542207,544.06525942,89722.88917161
2025-03-01 17:42:40,TSLA,SELL,32.4,2095.99528376,2093.12545386,92.98248876,89815.87166036
2025-03-01 17:43:40,TSLA,SELL,193.0,1565.81984194,1567.27251352,-280.36561482,89535.50604554
2025-03-01 17:44:40,MSFT,BUY,12.6,1214.19946766,1214.87721584,8.53962704,89544.04567257
2025-03-01 17:45:40,AAPL,BUY,9.6,564.07231574,563.59282317,-4.60312874,89539.44254384
2025-03-01 17:46:40,NFLX,BUY,94.4,2293.01948046,2301.74349604,823.54707131,90362.98961515
2025-03-01 17:47:40,AAPL,SELL,191.4,436.80298458,436.59445414,39.9127261,90402.90234125
2025-03-01 17:48:40,NFLX,BUY,178.2,1010.50348039,1017.44121652,1236.30457774,91639.20691899
2025-03-01 17:49:40,NFLX,BUY,61.2,2953.63817331,2962.05075793,514.85017875,92154.05709774
2025-03-01 17:50:40,TSLA,SELL,80.9,2887.29290768,2867.50230273,1601.05994093,93755.11703867
2025-03-01 17:51:40,AAPL,SELL,35.1,1670.08206131,1662.34317268,271.63499071,94026.75202938
2025-03-01 17:52:40,AMZN,BUY,110.6,1705.76330754,1712.91089163,790.52280073,94817.27483011
2025-03-01 17:53:40,MSFT,SELL,64.0,1377.27991591,1382.106211,-308.88288625,94508.39194387
2025-03-01 17:54:40,AAPL,SELL,43.0,852.07120222,852.20692089,-5.83590298,94502.55604088
2025-03-01 17:55:40,NVDA,BUY,193.5,883.71830718,882.51605006,-232.63675342,94269.91928747
2025-03-01 17:56:40,NFLX,SELL,72.7,1717.35559613,1709.86154553,544.81747834,94814.7367658
2025-03-01 17:57:40,TSLA,BUY,127.1,1387.72687269,1390.77464607,387.37199727,95202.10876308
2025-03-01 17:58:40,AAPL,BUY,83.3,1517.8037122,1527.67671902,822.42146786,96024.53023094
2025-03-01 17:59:40,TSLA,SELL,44.3,1899.91539149,1920.41877923,-908.30007698,95116.23015396
2025-03-01 18:00:40,NVDA,SELL,12.7,1245.89945547,1263.6182846,-225.02913003,94891.20102393
2025-03-01 18:01:40,AMZN,BUY,193.0,760.4742347,755.51985788,-956.1947256,93935.00629832
2025-03-01 18:02:40,AMZN,SELL,145.8,2737.41837172,2755.01704726,-2565.88689373,91369.11940459
2025-03-01 18:03:40,TSLA,BUY,159.1,478.89179709,479.60530553,113.51919271,91482.6385973
2025-03-01 18:04:40,NFLX,BUY,159.9,461.9803605,463.87811089,303.45028723,91786.08888453
2025-03-01 18:05:40,NFLX,BUY,34.0,2837.72207209,2835.31553712,-81.82218902,91704.26669551
2025-03-01 18:06:40,AMZN,SELL,196.3,1441.75925469,1451.3184808,-1876.47608465,89827.79061086
2025-03-01 18:07:40,MSFT,SELL,78.2,1807.32141418,1808.66431071,-105.01450851,89722.77610236
2025-03-01 18:08:40,NFLX,BUY,44.6,928.77231102,926.93491475,-81.94787374,89640.82822862
2025-03-01 18:09:40,TSLA,BUY,101.0,1582.69884038,1595.1581471,1258.38997888,90899.2182075
2025-03-01 18:10:40,AMZN,SELL,173.8,1774.10918478,1775.39635421,-223.71004716,90675.50816034
2025-03-01 18:11:40,AAPL,BUY,154.1,2499.80487411,2505.87382632,935.2255363,91610.73369664
2025-03-01 18:12:40,TSLA,SELL,191.4,1763.23395922,1763.25742416,-4.49118923,91606.24250741
2025-03-01 18:13:40,AAPL,BUY,90.6,2576.48970417,2577.11742359,56.87137899,91663.1138864
2025-03-01 18:14:40,NVDA,BUY,179.2,2556.2096772,2566.35216406,1817.53364612,93480.64753252
2025-03-01 18:15:40,NVDA,BUY,185.6,1917.11828217,1890.85003641,-4875.38641283,88605.26111969
2025-03-01 18:16:40,TSLA,BUY,98.0,155.43667385,156.46575223,100.84968173,88706.11080142
2025-03-01 18:17:40,NFLX,SELL,31.2,2108.34405146,2120.44095441,-377.42337209,88328.68742933
2025-03-01 18:18:40,AAPL,SELL,74.9,968.24720628,966.18136748,154.73132634,88483.41875567
2025-03-01 18:19:40,MSFT,BUY,191.7,711.04439521,714.82143984,724.05945369,89207.47820936
2025-03-01 18:20:40,AMZN,SELL,199.6,125.70352683,126.42828625,-144.66198131,89062.81622805
2025-03-01 18:21:40,NFLX,BUY,7.8,954.3962494,957.79907966,26.54207597,89089.35830402
2025-03-01 18:22:40,NFLX,BUY,167.7,2239.82160383,2234.87740376,-829.14235229,88260.21595172
2025-03-01 18:23:40,NFLX,SELL,154.9,2284.94097455,2292.16050312,-1118.30497631,87141.91097541
2025-03-01 18:24:40,AAPL,SELL,154.4,2009.76749544,2015.30890886,-855.59423121,86286.31674419
2025-03-01 18:25:40,AAPL,SELL,100.1,356.95367051,359.22059446,-226.91908722,86059.39765697
2025-03-01 18:26:40,MSFT,SELL,84.5,325.18307055,324.4104709,65.28467064,86124.68232761
2025-03-01 18:27:40,NVDA,BUY,26.6,1111.57954851,1111.88790807,8.20236416,86132.88469177
2025-03-01 18:28:40,NVDA,SELL,189.8,2443.88210903,2423.18713611,3927.90586035,90060.79055212
2025-03-01 18:29:40,TSLA,SELL,102.6,322.9000183,323.56728103,-68.46115592,89992.3293962
2025-03-01 18:30:40,AMZN,SELL,142.9,2404.09507902,2387.17554031,2417.80208263,92410.13147883
2025-03-01 18:31:40,NFLX,SELL,59.8,773.91453686,771.73703243,130.21476503,92540.34624386
2025-03-01 18:32:40,MSFT,SELL,186.2,2430.09995556,2442.6085894,-2329.10762065,90211.2386232
2025-03-01 18:33:40,TSLA,BUY,97.9,1032.33753362,1032.36940116,3.11983249,90214.35845569
2025-03-01 18:34:40,NVDA,BUY,129.9,755.48409367,756.4659685,127.54554146,90341.90399715
2025-03-01 18:35:40,NFLX,BUY,131.3,1137.66084393,1140.37630918,356.54058739,90698.44458454
2025-03-01 18:36:40,AMZN,SELL,178.3,456.46996755,450.03485444,1147.38066774,91845.82525228
2025-03-01 18:37:40,AAPL,BUY,126.8,1799.00788652,1802.46062831,437.80765912,92283.63291141
2025-03-01 18:38:40,NVDA,SELL,138.1,308.14983806,309.70156138,-214.29299122,92069.33992018
2025-03-01 18:39:40,NVDA,BUY,161.8,2485.35090371,2475.73823498,-1555.32980092,90514.01011926
2025-03-01 18:40:40,AAPL,BUY,106.4,1702.25280548,1707.29501419,536.49100682,91050.50112608
2025-03-01 18:41:40,AMZN,SELL,101.9,887.0872033,885.7168149,139.64257728,91190.14370336
2025-03-01 18:42:40,AAPL,BUY,31.1,924.39486949,922.89694123,-46.58556894,91143.55813442
2025-03-01 18:43:40,MSFT,BUY,66.9,2271.07117897,2275.07229394,267.67459171,91411.23272613
2025-03-01 18:44:40,MSFT,SELL,104.7,100.39060971,100.32641257,6.72144085,91417.95416698
2025-03-01 18:45:40,AMZN,BUY,5.7,2534.08162783,2538.58203876,25.65234231,91443.60650929
2025-03-01 18:46:40,AMZN,SELL,149.5,815.78922069,813.92058822,279.36055397,91722.96706326
2025-03-01 18:47:40,AAPL,BUY,57.7,1144.67836452,1144.08469982,-34.25445347,91688.71260979
2025-03-01 18:48:40,MSFT,BUY,66.1,2543.86451627,2549.74798302,388.89715265,92077.60976244
2025-03-01 18:49:40,AMZN,BUY,182.4,1358.07051677,1360.74313104,487.48484316,92565.0946056
2025-03-01 18:50:40,NVDA,SELL,193.0,1194.22235649,1197.0010871,-536.29500727,92028.79959833
2025-03-01 18:51:40,AMZN,BUY,80.6,1532.06071733,1529.12866981,-236.32302993,91792.4765684
2025-03-01 18:52:40,TSLA,SELL,142.3,1934.86444837,1946.13887918,-1604.35150367,90188.12506474
2025-03-01 18:53:40,AMZN,SELL,153.4,2901.53776487,2922.3727025,-3196.07943137,86992.04563337
2025-03-01 18:54:40,AAPL,SELL,142.0,2857.24085242,2851.27419213,847.26576098,87839.31139435
2025-03-01 18:55:40,TSLA,SELL,130.6,2367.2892037,2365.91531361,179.43004635,88018.7414407
2025-03-01 18:56:40,MSFT,BUY,75.2,239.73943594,239.97980824,18.07599686,88036.81743757
2025-03-01 18:57:40,AAPL,BUY,94.3,1354.91449446,1360.34232764,511.84466943,88548.662107
2025-03-01 18:58:40,AAPL,SELL,76.9,705.75989962,704.67253464,83.61836656,88632.28047356
2025-03-01 18:59:40,MSFT,SELL,86.2,2325.9461227,2326.55342353,-52.3493311,88579.93114246
2025-03-01 19:00:40,NVDA,SELL,170.8,2484.32167177,2494.5348069,-1744.40348075,86835.52766171
2025-03-01 19:01:40,AMZN,BUY,176.6,1469.61723207,1462.71860543,-1218.29746455,85617.23019716
2025-03-01 19:02:40,NVDA,BUY,137.2,725.64796961,720.73620811,-673.89367773,84943.33651943
2025-03-01 19:03:40,NVDA,BUY,132.1,496.14262059,498.6677128,333.56468121,85276.90120063
2025-03-01 19:04:40,AMZN,SELL,66.5,2241.93262858,2230.84165456,737.54977291,86014.45097354
2025-03-01 19:05:40,NFLX,SELL,43.8,2168.29996152,2188.27729999,-875.00742491,85139.44354863
2025-03-01 19:06:40,MSFT,BUY,61.0,2681.62350764,2677.00958666,-281.4491802,84857.99436843
2025-03-01 19:07:40,AMZN,SELL,105.6,423.38541573,423.46418044,-8.31755282,84849.67681562
2025-03-01 19:08:40,AMZN,SELL,167.9,876.01876251,875.8934922,21.03288542,84870.70970103
2025-03-01 19:09:40,MSFT,BUY,83.8,1529.3072949,1523.23327343,-509.00299888,84361.70670215
2025-03-01 19:10:40,MSFT,BUY,121.1,1639.7192674,1641.20107858,179.44733494,84541.15403709
2025-03-01 19:11:40,MSFT,BUY,106.2,2894.14779857,2893.2377218,-96.65015345,84444.50388364
2025-03-01 19:12:40,NFLX,SELL,65.8,2064.87257563,2074.3233045,-621.85795981,83822.64592383
2025-03-01 19:13:40,NFLX,BUY,195.3,1611.7585382,1619.15800661,1445.11618151,85267.76210533
2025-03-01 19:14:40,NVDA,BUY,8.3,464.09562281,466.12107821,16.81127978,85284.57338511
2025-03-01 19:15:40,AMZN,SELL,56.8,448.60096445,450.37700737,-100.87923787,85183.69414724
2025-03-01 19:16:40,NFLX,SELL,62.2,150.90185376,151.12960714,-14.16625978,85169.52788746
2025-03-01 19:17:40,NVDA,BUY,77.5,1109.47722019,1119.17971027,751.9429811,85921.47086856
2025-03-01 19:18:40,AMZN,SELL,63.5,103.92551457,104.11505437,-12.0357767,85909.43509186
2025-03-01 19:19:40,AMZN,SELL,9.6,2556.47639825,2559.6833407,-30.78664744,85878.64844442
2025-03-01 19:20:40,AMZN,SELL,157.7,2705.82575356,2705.51184727,49.50302203,85928.15146644
2025-03-01 19:21:40,AAPL,SELL,64.1,1254.21534957,1264.81261288,-679.28457861,85248.86688784
2025-03-01 19:22:40,MSFT,BUY,49.5,290.51509097,290.65562073,6.95622315,85255.82311099
2025-03-01 19:23:40,TSLA,SELL,97.4,2267.58877913,2251.22598536,1593.73611336,86849.55922435
2025-03-01 19:24:40,NFLX,BUY,191.8,267.7489034,268.04461397,56.71728828,86906.27651264
2025-03-01 19:25:40,NFLX,SELL,19.7,2892.02821573,2898.25621159,-122.69151843,86783.58499421
2025-03-01 19:26:40,NVDA,SELL,48.9,1160.47416996,1159.45761559,49.7095087,86833.29450291
2025-03-01 19:27:40,AAPL,BUY,157.4,1904.99956054,1903.8783245,-176.48255238,86656.81195053
2025-03-01 19:28:40,TSLA,BUY,33.7,1777.06535832,1783.26928673,209.07238736,86865.88433789
2025-03-01 19:29:40,NVDA,SELL,136.5,1225.68054777,1233.89352081,-1121.0708197,85744.81351819
2025-03-01 19:30:40,MSFT,BUY,64.9,723.77195018,721.52378514,-145.905911,85598.90760719
2025-03-01 19:31:40,AAPL,SELL,367.0,1227.97184358,1231.89794631,-1440.87970264,84158.02790455
2025-03-01 19:32:40,NVDA,SELL,118.7,1798.53124064,1783.21443401,1818.10494716,85976.13285171
2025-03-01 19:33:40,AAPL,BUY,144.5,422.25964217,429.77833338,1086.45088042,87062.58373213
2025-03-01 19:34:40,NFLX,BUY,51.4,1371.18333747,1394.7847703,1213.11364732,88275.69737945
2025-03-01 19:35:40,NVDA,SELL,55.7,282.97412314,282.70846663,14.7970672,88290.49444665
2025-03-01 19:36:40,TSLA,SELL,79.8,2036.71717812,1994.13602659,3397.97589226,91688.47033891
2025-03-01 19:37:40,AMZN,BUY,41.5,205.35986234,207.98865409,109.09485729,91797.56519621
2025-03-01 19:38:40,NFLX,SELL,47.2,1169.29993298,1163.6133938,268.40464929,92065.9698455
2025-03-01 19:39:40,AAPL,SELL,45.6,2405.50474123,2415.84114562,-471.34004004,91594.62980545
2025-03-01 19:40:40,NFLX,BUY,149.3,2383.43154487,2346.76693339,-5474.02649411,86120.60331134
2025-03-01 19:41:40,NVDA,BUY,278.1,1148.7901256,1152.41979003,1009.40967809,87130.01298943
2025-03-01 19:42:40,TSLA,BUY,100.9,275.39574886,276.17594085,78.72137138,87208.73436081
2025-03-01 19:43:40,TSLA,BUY,41.0,1917.54449712,1915.95740306,-65.07085647,87143.66350434
2025-03-01 19:44:40,MSFT,SELL,113.4,1244.56025552,1251.37773442,-773.10210727,86370.56139707
2025-03-01 19:45:40,AMZN,BUY,148.8,1699.84114971,1678.35608124,-3196.97818895,83173.58320813
2025-03-01 19:46:40,AMZN,BUY,331.5,1456.20474989,1450.64565582,-1842.83968394,81330.74352419
2025-03-01 19:47:40,NFLX,SELL,207.1,121.69232579,121.56985739,25.36320574,81356.10672993
2025-03-01 19:48:40,AAPL,BUY,49.7,2322.86576424,2294.40213462,-1414.64239179,79941.46433814
2025-03-01 19:49:40,MSFT,SELL,130.2,872.00797518,875.88024688,-504.16977485,79437.2945633
2025-03-01 19:50:40,AAPL,BUY,128.6,1849.26746145,1840.14968961,-1172.54545865,78264.74910465
2025-03-01 19:51:40,NVDA,BUY,298.7,1254.13635185,1252.13576165,-597.5762916,77667.17281304
2025-03-01 19:52:40,AAPL,BUY,186.7,384.40629664,386.59653906,408.91826002,78076.09107306
2025-03-01 19:53:40,NVDA,BUY,25.8,2483.81203702,2477.27708393,-168.60178953,77907.48928354
2025-03-01 19:54:40,AAPL,SELL,68.3,1926.41901639,1949.10534939,-1549.47654364,76358.01273989
2025-03-01 19:55:40,AMZN,SELL,385.3,2304.22343715,2289.46762324,5685.41509902,82043.42783892
2025-03-01 19:56:40,AMZN,SELL,66.4,1485.09420649,1474.4584542,706.21395252,82749.64179144
2025-03-01 19:57:40,AAPL,SELL,66.6,1453.7776692,1462.6684361,-592.12507539,82157.51671605
2025-03-01 19:58:40,AMZN,BUY,51.3,1675.9145769,1674.4539463,-74.93034952,82082.58636653
2025-03-01 19:59:40,NFLX,SELL,111.7,630.04667911,624.00739516,674.58801705,82757.17438358
2025-03-01 20:00:40,MSFT,BUY,42.8,186.4451639,185.57570917,-37.21266256,82719.96172102
2025-03-01 20:01:40,TSLA,SELL,95.6,2381.10200938,2393.42865568,-1178.42738657,81541.53433446
2025-03-01 20:02:40,TSLA,SELL,274.0,1147.87405544,1163.4333886,-4263.25728505,77278.27704941
2025-03-01 20:03:40,TSLA,SELL,205.9,777.99055833,777.94325918,9.73889527,77288.01594469
2025-03-01 20:04:40,TSLA,SELL,143.0,2245.82632608,2239.75791578,867.78267257,78155.79861726
2025-03-01 20:05:40,MSFT,BUY,81.9,1972.87720722,1987.2690525,1178.69212863,79334.49074589
2025-03-01 20:06:40,AMZN,SELL,46.6,1294.09564515,1278.21509738,740.03352594,80074.52427183
2025-03-01 20:07:40,AMZN,BUY,131.2,895.75527776,897.79104909,267.09319776,80341.61746959
2025-03-01 20:08:40,TSLA,SELL,29.3,596.98194211,582.39294235,427.4576928,80769.07516239
2025-03-01 20:09:40,TSLA,BUY,128.7,2046.10859442,2047.72611144,208.17444081,80977.2496032
2025-03-01 20:10:40,AMZN,BUY,110.2,897.25847948,901.85418801,506.44708077,81483.69668397
2025-03-01 20:11:40,NVDA,BUY,133.9,463.82817952,468.34241864,604.45661786,82088.15330183
2025-03-01 20:12:40,TSLA,BUY,56.7,1393.82692657,1386.10844482,-437.63791495,81650.51538687
2025-03-01 20:13:40,AMZN,SELL,119.5,406.88032293,406.17491287,84.29650301,81734.81188988
2025-03-01 20:14:40,NFLX,SELL,74.2,100.02792341,99.31958841,52.55845755,81787.37034743
2025-03-01 20:15:40,NFLX,SELL,49.4,2435.38759113,2433.70077291,83.32882043,81870.69916786
2025-03-01 20:16:40,TSLA,BUY,59.5,830.07692713,834.32223898,252.59605547,82123.29522332
2025-03-01 20:17:40,AAPL,BUY,130.3,1880.5511847,1859.22733966,-2778.49700856,79344.79821477
2025-03-01 20:18:40,AAPL,SELL,59.4,1114.31007283,1125.17123598,-645.15309111,78699.64512366
2025-03-01 20:19:40,MSFT,SELL,154.5,2060.27071961,2040.01724936,3129.1611542,81828.80627786
2025-03-01 20:20:40,AMZN,SELL,137.3,990.25841958,983.94295565,867.11319748,82695.91947533
2025-03-01 20:21:40,MSFT,BUY,105.9,1517.53080159,1535.43968147,1896.55037991,84592.46985524
2025-03-01 20:22:40,AAPL,SELL,90.8,288.29395916,285.85095625,221.82466437,84814.29451961
2025-03-01 20:23:40,MSFT,SELL,95.9,1973.51612182,1980.8233158,-700.75990209,84113.53461753
2025-03-01 20:24:40,AAPL,SELL,25.5,2385.33228567,2396.91080984,-295.25236628,83818.28225124
2025-03-01 20:25:40,TSLA,SELL,314.3,811.74378929,799.95100061,3706.47348436,87524.7557356
2025-03-01 20:26:40,NFLX,BUY,33.3,1921.61267805,1954.20516492,1085.3298127,88610.0855483
2025-03-01 20:27:40,AAPL,SELL,141.3,986.27384852,1012.89265675,-3761.23760385,84848.84794446
2025-03-01 20:28:40,NVDA,BUY,110.6,2086.0151677,2077.90889475,-896.55378761,83952.29415685
2025-03-01 20:29:40,AAPL,BUY,308.4,2310.38685063,2345.40515818,10799.64604737,94751.94020422
2025-03-01 20:30:40,NFLX,SELL,132.0,1849.55454797,1861.66998939,-1599.23826679,93152.70193743
2025-03-01 20:31:40,NFLX,SELL,64.9,568.5774471,564.85026348,241.8942167,93394.59615413
2025-03-01 20:32:40,MSFT,BUY,147.2,905.46509025,908.14120235,393.92370153,93788.51985566
2025-03-01 20:33:40,TSLA,BUY,93.1,1844.93622788,1856.02508522,1032.37261864,94820.8924743
2025-03-01 20:34:40,AAPL,SELL,84.5,2373.01760106,2347.32895491,2170.69059956,96991.58307386
2025-03-01 20:35:40,NVDA,BUY,115.5,1986.89356543,1977.98453869,-1028.99258819,95962.59048566
2025-03-01 20:36:40,NFLX,SELL,23.3,1022.45209246,1007.46206167,349.26771736,96311.85820302
2025-03-01 20:37:40,MSFT,SELL,126.2,1791.6904241,1784.14156148,952.6664634,97264.52466642
2025-03-01 20:38:40,MSFT,BUY,145.7,1411.43275859,1410.11104839,-192.57317576,97071.95149066
2025-03-01 20:39:40,AMZN,BUY,132.1,1824.28947357,1811.62363197,-1673.15767652,95398.79381414
2025-03-01 20:40:40,NFLX,BUY,340.0,530.21346858,519.40767234,-3673.97072017,91724.82309397
2025-03-01 20:41:40,TSLA,BUY,359.6,416.11606859,419.80883838,1327.92001612,93052.74311009
2025-03-01 20:42:40,NFLX,SELL,60.3,477.45569963,479.95819306,-150.90035395,92901.84275614
2025-03-01 20:43:40,TSLA,SELL,123.6,1714.4871861,1706.72379308,959.55537696,93861.39813311
2025-03-01 20:44:40,TSLA,SELL,101.2,701.1229571,708.0693299,-702.97292744,93158.42520566
2025-03-01 20:45:40,AMZN,SELL,21.6,2274.60894516,2277.68252137,-66.38924619,93092.03595948
2025-03-01 20:46:40,AAPL,BUY,115.6,1717.64780574,1688.47163898,-3372.76487724,89719.27108224
2025-03-01 20:47:40,MSFT,SELL,205.9,836.26383885,838.50324913,-461.0945769,89258.17650534
2025-03-01 20:48:40,NVDA,SELL,200.2,1591.10187772,1580.49977634,2122.54069694,91380.71720228
2025-03-01 20:49:40,AMZN,SELL,121.9,264.04768074,267.42842827,-412.11312287,90968.60407941
2025-03-01 20:50:40,AAPL,BUY,76.3,785.81997902,777.13767414,-662.45986286,90306.14421655
2025-03-01 20:51:40,AMZN,SELL,212.2,235.80557475,238.1924706,-506.49929922,89799.64491733
2025-03-01 20:52:40,AAPL,SELL,292.5,2366.67659847,2388.11061653,-6269.45028264,83530.19463469
2025-03-01 20:53:40,AMZN,BUY,225.5,577.5811335,584.53318481,1567.68757047,85097.88220516
2025-03-01 20:54:40,NVDA,SELL,33.2,1902.25551607,1883.85341895,610.94962432,85708.83182948
2025-03-01 20:55:40,NVDA,SELL,147.4,1136.84542623,1125.91538704,1611.0877758,87319.91960527
2025-03-01 20:56:40,MSFT,BUY,87.4,262.00611204,261.20080837,-70.38354077,87249.53606451
2025-03-01 20:57:40,AMZN,SELL,111.6,1870.9239636,1853.4905102,1945.57339964,89195.10946415
2025-03-01 20:58:40,NFLX,BUY,65.0,1114.54872855,1098.42258681,-1048.19921277,88146.91025138
2025-03-01 20:59:40,AAPL,SELL,82.8,592.7990529,588.73825169,336.23433994,88483.14459132
2025-03-01 21:00:40,AAPL,BUY,57.4,744.48101456,745.12529287,36.98157502,88520.12616634
2025-03-01 21:01:40,AMZN,BUY,30.0,1548.72928134,1548.14711251,-17.46506502,88502.66110132
2025-03-01 21:02:40,AMZN,BUY,143.7,281.40067325,279.73474728,-239.3935616,88263.26753972
2025-03-01 21:03:40,TSLA,SELL,287.1,1537.70700916,1532.40976845,1520.83780905,89784.10534877
2025-03-01 21:04:40,NVDA,BUY,54.8,1656.41156828,1666.85121647,572.09272057,90356.19806934
2025-03-01 21:05:40,NVDA,SELL,99.3,1795.91168771,1775.55616087,2021.30381474,92377.50188407
2025-03-01 21:06:40,NVDA,BUY,55.2,850.97774611,857.92083372,383.25843586,92760.76031993
2025-03-01 21:07:40,AMZN,SELL,33.8,2372.16094942,2375.58506364,-115.73506061,92645.02525932
2025-03-01 21:08:40,NFLX,BUY,142.8,471.58867023,473.45771123,266.89905473,92911.92431405
2025-03-01 21:09:40,NFLX,BUY,96.4,586.31832192,587.52924688,116.733166,93028.65748005
2025-03-01 21:10:40,AAPL,BUY,108.4,1782.7350266,1777.27180535,-592.213184,92436.44429605
2025-03-01 21:11:40,AMZN,BUY,52.9,1499.02253633,1496.93695745,-110.32712299,92326.11717306
2025-03-01 21:12:40,MSFT,BUY,387.3,1180.61019074,1191.37638786,4169.74814504,96495.8653181
2025-03-01 21:13:40,NFLX,SELL,107.4,552.4974538,550.28376497,237.75018026,96733.61549836
2025-03-01 21:14:40,AAPL,SELL,33.2,2444.81669065,2441.85364774,98.37302477,96831.98852312
2025-03-01 21:15:40,AAPL,SELL,117.3,322.30115932,321.47310695,97.13054352,96929.11906664
2025-03-01 21:16:40,TSLA,SELL,76.4,2294.91679324,2283.6008382,864.53896488,97793.65803152
2025-03-01 21:17:40,TSLA,SELL,21.2,1836.27476284,1807.88743522,601.81134564,98395.46937716
2025-03-01 21:18:40,NFLX,BUY,99.7,1514.68957476,1495.5584937,-1907.36878208,96488.10059508
2025-03-01 21:19:40,NVDA,SELL,31.9,1813.72653611,1823.17128171,-301.28738466,96186.81321042
2025-03-01 21:20:40,NVDA,BUY,363.2,578.24880752,573.59165466,-1691.47791912,94495.3352913
2025-03-01 21:21:40,TSLA,BUY,174.3,749.93518729,744.5245028,-943.08230622,93552.25298508
2025-03-01 21:22:40,MSFT,BUY,237.7,250.06310978,251.34805122,305.43057922,93857.6835643
2025-03-01 21:23:40,NFLX,BUY,30.5,1714.89200464,1736.1313115,647.79885928,94505.48242358
2025-03-01 21:24:40,NVDA,BUY,129.0,2383.57770442,2391.91347131,1075.31392867,95580.79635225
2025-03-01 21:25:40,NFLX,BUY,90.8,2338.50521952,2346.10073227,689.67255752,96270.46890977
2025-03-01 21:26:40,AMZN,SELL,100.2,580.67684288,584.63845523,-396.95355768,95873.51535209
2025-03-01 21:27:40,TSLA,BUY,28.9,1351.477658,1360.91856403,272.84218416,96146.35753625
2025-03-01 21:28:40,AAPL,BUY,139.7,990.67105223,999.2470958,1198.07328704,97344.43082329
2025-03-01 21:29:40,AAPL,SELL,67.9,745.24843452,760.35823657,-1025.95555917,96318.47526412
2025-03-01 21:30:40,AMZN,SELL,106.6,2248.83061397,2241.90916903,737.82603029,97056.30129441
2025-03-01 21:31:40,TSLA,BUY,52.3,1612.59332669,1632.0723994,1018.75550231,98075.05679672
2025-03-01 21:32:40,NFLX,BUY,75.6,1793.10599268,1823.46800767,2295.36833322,100370.42512994
2025-03-01 21:33:40,MSFT,SELL,28.3,2347.07349153,2328.53182385,524.72919535,100895.15432529
2025-03-01 21:34:40,NFLX,BUY,58.0,2079.38376963,2070.05944715,-540.81070376,100354.34362153
2025-03-01 21:35:40,NFLX,SELL,85.3,822.5105868,821.35191535,98.83467506,100453.17829659
2025-03-01 21:36:40,MSFT,BUY,83.8,234.82258563,233.54559566,-107.0117596,100346.16653698
2025-03-01 21:37:40,AMZN,SELL,53.8,1672.41691486,1692.47368918,-1079.05445831,99267.11207868
2025-03-01 21:38:40,AAPL,BUY,148.1,482.7814301,485.73284054,437.10388593,99704.2159646
2025-03-01 21:39:40,AMZN,BUY,109.1,2053.90164542,2058.13363099,461.70962629,100165.92559089
2025-03-01 21:40:40,AMZN,BUY,57.6,365.03647219,361.10636003,-226.37445997,99939.55113092
2025-03-01 21:41:40,AAPL,SELL,89.6,1336.0135833,1324.7527326,1008.97222289,100948.52335381
2025-03-01 21:42:40,NVDA,BUY,66.0,956.52634041,959.7180723,210.6543044,101159.17765821
2025-03-01 21:43:40,MSFT,SELL,138.8,838.70999603,842.00225414,-456.96542543,100702.21223278
2025-03-01 21:44:40,MSFT,BUY,62.5,2386.75604081,2386.21433563,-33.85657351,100668.35565927
2025-03-01 21:45:40,AMZN,BUY,362.9,2358.68995008,2309.21948676,-17952.83113839,82715.52452088
2025-03-01 21:46:40,MSFT,BUY,217.8,346.1631102,346.36281266,43.49519518,82759.01971606
2025-03-01 21:47:40,NVDA,BUY,131.6,565.27136305,579.89342451,1924.26328894,84683.283005
2025-03-01 21:48:40,AAPL,SELL,128.9,1724.65787919,1729.45389477,-618.20640794,84065.07659706
2025-03-01 21:49:40,NVDA,SELL,99.4,1154.105443,1159.25466371,-511.83253872,83553.24405833
2025-03-01 21:50:40,NFLX,SELL,302.1,484.87697469,486.81629533,-585.86876761,82967.37529072
2025-03-01 21:51:40,NFLX,BUY,135.3,651.03558581,645.00167172,-816.38857589,82150.98671483
2025-03-01 21:52:40,AAPL,SELL,100.6,496.68277634,500.54813578,-388.85515965,81762.13155518
2025-03-01 21:53:40,MSFT,BUY,148.4,1335.84003979,1345.54637374,1440.41995799,83202.55151317
2025-03-01 21:54:40,TSLA,SELL,22.5,300.53041003,298.31062669,49.94512498,83252.49663814
2025-03-01 21:55:40,MSFT,BUY,48.9,352.82916276,348.47999849,-212.67413272,83039.82250542
2025-03-01 21:56:40,NFLX,SELL,99.0,1346.13896987,1328.10264947,1785.5957196,84825.41822502
2025-03-01 21:57:40,TSLA,BUY,144.8,626.92941575,623.11582541,-552.2078818,84273.21034322
2025-03-01 21:58:40,AAPL,SELL,92.4,1579.12116622,1555.0019067,2228.61958009,86501.82992331
2025-03-01 21:59:40,AMZN,BUY,110.5,1398.17200921,1373.11771831,-2768.49914465,83733.33077866
2025-03-01 22:00:40,NFLX,BUY,42.3,1785.15063084,1741.01861955,-1866.78407723,81866.54670143
2025-03-01 22:01:40,AAPL,BUY,289.4,2189.26471905,2187.14196322,-614.32553474,81252.22116669
2025-03-01 22:02:40,AAPL,BUY,134.6,1378.0097594,1365.15455214,-1730.31089667,79521.91027002
2025-03-01 22:03:40,NVDA,SELL,142.9,909.29578136,910.47645992,-168.71896674,79353.19130328
2025-03-01 22:04:40,NVDA,BUY,161.9,1760.97675286,1772.82118824,1917.61408903,81270.80539231
2025-03-01 22:05:40,NVDA,BUY,86.0,590.35932016,588.52236688,-157.97798223,81112.82741008
2025-03-01 22:06:40,AAPL,SELL,22.4,1106.2519868,1131.23905289,-559.71028038,80553.11712969
2025-03-01 22:07:40,AMZN,SELL,306.6,1608.22349588,1590.5206489,5427.69288201,85980.81001171
2025-03-01 22:08:40,AAPL,SELL,21.3,707.85372045,708.93371244,-23.00382932,85957.80618239
2025-03-01 22:09:40,MSFT,BUY,126.8,2106.6824877,2137.9195,3960.8531598,89918.6593422
2025-03-01 22:10:40,AMZN,SELL,83.1,2123.98280269,2142.81875605,-1565.26772455,88353.39161765
2025-03-01 22:11:40,AMZN,BUY,43.8,1183.10587127,1175.26058315,-343.62361977,88009.76799788
2025-03-01 22:12:40,TSLA,SELL,364.8,2151.93764695,2134.29101135,6437.49266633,94447.26066422
2025-03-01 22:13:40,AAPL,BUY,124.5,1030.7826158,1029.16251294,-201.70280613,94245.55785808
2025-03-01 22:14:40,NFLX,BUY,46.5,2264.25766851,2279.28300602,698.67819434,94944.23605242
2025-03-01 22:15:40,AAPL,BUY,28.7,2423.35794892,2371.92943682,-1475.99829726,93468.23775517
2025-03-01 22:16:40,AMZN,SELL,29.6,1655.96321788,1672.19283416,-480.39664176,92987.8411134
2025-03-01 22:17:40,TSLA,BUY,399.2,1140.33335861,1134.14463032,-2470.54033309,90517.30078031
2025-03-01 22:18:40,AAPL,SELL,196.3,1441.74228387,1432.05628219,1901.36212935,92418.66290967
2025-03-01 22:19:40,NVDA,BUY,28.9,994.07985702,982.4421642,-336.32932245,92082.33358721
2025-03-01 22:20:40,NFLX,SELL,80.4,986.97807862,993.95956259,-561.31131071,91521.02227651
2025-03-01 22:21:40,AAPL,SELL,102.5,1801.03757255,1819.90141562,-1933.54391512,89587.47836139
2025-03-01 22:22:40,MSFT,BUY,298.5,622.40175899,620.65067907,-522.69735773,89064.78100366
2025-03-01 22:23:40,TSLA,BUY,331.8,2030.78714184,2028.63716407,-713.36262405,88351.41837961
2025-03-01 22:24:40,AMZN,BUY,119.9,1416.20599118,1420.61821443,529.02556729,88880.4439469
2025-03-01 22:25:40,AMZN,SELL,117.7,1976.70394518,2000.62680878,-2815.72104617,86064.72290073
2025-03-01 22:26:40,NVDA,SELL,87.3,2027.2049727,2032.65382632,-475.68492152,85589.03797921
2025-03-01 22:27:40,MSFT,SELL,322.7,1589.13708412,1575.23246646,4487.02011914,90076.05809835
2025-03-01 22:28:40,NVDA,BUY,45.3,507.71441452,508.56188122,38.39024146,90114.4483398
2025-03-01 22:29:40,MSFT,SELL,118.6,2279.74837288,2286.97212756,-856.73730473,89257.71103508
2025-03-01 22:30:40,MSFT,BUY,105.0,1533.17273438,1534.27005726,115.21890263,89372.92993771
2025-03-01 22:31:40,NVDA,SELL,40.3,1617.73917839,1629.82659426,-487.12285962,88885.80707809
2025-03-01 22:32:40,TSLA,BUY,113.1,1237.41092828,1226.73367397,-1207.59746204,87678.20961604
2025-03-01 22:33:40,AAPL,SELL,172.5,853.18433974,847.32398715,1010.91082186,88689.1204379
2025-03-01 22:34:40,TSLA,SELL,75.2,615.79032889,615.26109713,39.79822819,88728.9186661
2025-03-01 22:35:40,NFLX,BUY,30.0,551.00891396,554.93236993,117.7036793,88846.6223454
2025-03-01 22:36:40,NVDA,BUY,69.8,1770.77474833,1777.14445317,444.60539782,89291.22774321
2025-03-01 22:37:40,NFLX,SELL,55.4,2010.9794813,2027.62078952,-921.92847552,88369.2992677
2025-03-01 22:38:40,NFLX,SELL,54.3,1761.66141391,1762.6242571,-52.28238548,88317.01688222
2025-03-01 22:39:40,TSLA,BUY,180.9,878.82832042,882.32540766,632.62308235,88949.63996457
2025-03-01 22:40:40,AMZN,BUY,110.3,558.22380417,559.99273537,195.11311161,89144.75307618
2025-03-01 22:41:40,TSLA,SELL,106.1,735.12406462,725.34379745,1037.6863473,90182.43942348
2025-03-01 22:42:40,AAPL,BUY,121.1,2055.8553485,2040.90733452,-1810.20449236,88372.23493112
2025-03-01 22:43:40,MSFT,SELL,110.9,312.12387276,313.44672837,-146.70468635,88225.53024477
2025-03-01 22:44:40,NVDA,SELL,229.7,984.03331311,986.14588544,-485.25786585,87740.27237891
2025-03-01 22:45:40,NFLX,BUY,300.1,193.55036959,190.63100582,-876.10106501,86864.17131391
2025-03-01 22:46:40,AAPL,BUY,369.4,875.26562981,871.79517526,-1281.98590988,85582.18540402
2025-03-01 22:47:40,AMZN,BUY,398.8,2262.30614966,2274.94528386,5040.48672135,90622.67212538
2025-03-01 22:48:40,MSFT,BUY,129.8,2080.9975939,2087.70549883,870.68606038,91493.35818576
2025-03-01 22:49:40,NFLX,BUY,32.3,261.41419352,257.53999619,-125.13657367,91368.22161209
2025-03-01 22:50:40,NVDA,SELL,62.5,2497.34226888,2511.85456984,-907.01881021,90461.20280188
2025-03-01 22:51:40,NVDA,SELL,399.3,2159.25585042,2168.99888601,-3890.39411097,86570.80869091
2025-03-01 22:52:40,NFLX,SELL,112.1,679.59156462,672.69360955,773.26076303,87344.06945394
2025-03-01 22:53:40,AMZN,SELL,66.9,153.82213399,153.33040704,32.89653281,87376.96598676
2025-03-01 22:54:40,AAPL,BUY,93.6,1980.97180258,1998.27737524,1619.80160077,88996.76758753
2025-03-01 22:55:40,MSFT,BUY,21.9,656.84363274,648.42948371,-184.26986377,88812.49772376
2025-03-01 22:56:40,AAPL,BUY,101.1,1934.44812745,1939.24802849,485.26999507,89297.76771883
2025-03-01 22:57:40,AMZN,SELL,101.2,1452.14884171,1464.95508652,-1295.99197429,88001.77574455
2025-03-01 22:58:40,AAPL,SELL,96.3,2174.63979248,2175.30086232,-63.66102494,87938.11471961
2025-03-01 22:59:40,TSLA,SELL,232.7,1916.15240096,1914.64846543,349.96579946,88288.08051907
2025-03-01 23:00:40,AMZN,SELL,70.6,1797.75280008,1804.04273643,-444.06950652,87844.01101255
2025-03-01 23:01:40,AAPL,BUY,140.8,2327.63703547,2295.99570655,-4455.09911241,83388.91190013
2025-03-01 23:02:40,NFLX,SELL,258.3,920.57266745,924.83452504,-1100.8378141,82288.07408603
2025-03-01 23:03:40,NFLX,BUY,116.0,1523.57972569,1534.19463263,1231.32920441,83519.40329045
2025-03-01 23:04:40,NVDA,BUY,107.7,1191.43442213,1178.88841716,-1351.2047346,82168.19855584
2025-03-01 23:05:40,NFLX,BUY,41.8,2360.06076798,2389.17204822,1216.85151401,83385.05006986
2025-03-01 23:06:40,NVDA,SELL,109.8,1300.86267092,1311.4037788,-1157.41364534,82227.63642451
2025-03-01 23:07:40,AAPL,SELL,40.3,760.69171228,769.11506707,-339.46119796,81888.17522655
2025-03-01 23:08:40,TSLA,BUY,279.8,1626.25678438,1632.86902696,1850.10547235,83738.28069889
2025-03-01 23:09:40,AMZN,SELL,106.8,1192.41278016,1181.77845047,1135.74641129,84874.02711018
2025-03-01 23:10:40,NFLX,BUY,42.1,2109.68099145,2137.08035473,1153.51319424,86027.54030442
2025-03-01 23:11:40,AMZN,BUY,124.4,2111.57193997,2125.68945342,1756.21867263,87783.75897705
2025-03-01 23:12:40,TSLA,BUY,89.7,2406.20835263,2349.02230699,-5129.58829386,82654.17068319
2025-03-01 23:13:40,AAPL,BUY,94.4,468.85850283,467.13804196,-162.4115057,82491.75917749
2025-03-01 23:14:40,TSLA,SELL,376.4,764.83005838,776.14899355,-4260.44719765,78231.31197984
2025-03-01 23:15:40,NFLX,BUY,115.6,951.8191861,964.34244011,1447.68816299,79679.00014283
2025-03-01 23:16:40,MSFT,SELL,75.0,176.1850369,176.31809621,-9.97944893,79669.0206939
2025-03-01 23:17:40,AAPL,BUY,134.8,2214.33521354,2197.00906214,-2335.56520817,77333.45548573
2025-03-01 23:18:40,TSLA,SELL,163.4,1681.70898432,1689.55544535,-1282.11173309,76051.34375264
2025-03-01 23:19:40,TSLA,BUY,340.8,787.64691743,781.15761905,-2211.55288654,73839.7908661
2025-03-01 23:20:40,NVDA,BUY,109.0,2493.37095977,2496.55870248,347.46395574,74187.25482184
2025-03-01 23:21:40,AMZN,BUY,80.5,2436.118286,2451.66826316,1251.77316165,75439.02798349
2025-03-01 23:22:40,MSFT,SELL,28.1,2133.73103337,2121.68000472,338.63390514,75777.66188864
2025-03-01 23:23:40,NFLX,SELL,126.2,2440.82352035,2434.06683451,852.69375307,76630.35564171
2025-03-01 23:24:40,AAPL,SELL,141.9,2146.11381099,2139.99151727,868.75347895,77499.10912066
2025-03-01 23:25:40,AMZN,BUY,47.4,270.48373371,268.39581428,-98.96738059,77400.14174007
2025-03-01 23:26:40,TSLA,BUY,81.0,650.47786489,646.95202526,-285.59301018,77114.54872989
2025-03-01 23:27:40,NVDA,SELL,144.2,501.97861383,500.18962256,257.97253988,77372.52126977
2025-03-01 23:28:40,TSLA,BUY,118.7,2435.38431499,2431.5951546,-449.77333795,76922.74793182
2025-03-01 23:29:40,MSFT,BUY,123.8,768.08435599,770.6305354,315.21701107,77237.96494289
2025-03-01 23:30:40,NVDA,SELL,58.9,883.0094033,878.25455105,280.06079752,77518.02574041
2025-03-01 23:31:40,MSFT,SELL,66.2,715.51134644,712.52960183,197.39149318,77715.41723359
2025-03-01 23:32:40,AAPL,SELL,28.1,1717.58609955,1725.0666425,-210.20325702,77505.21397657
2025-03-01 23:33:40,TSLA,SELL,64.5,452.6126166,449.88933362,175.65175196,77680.86572853
2025-03-01 23:34:40,NFLX,BUY,40.1,2175.18141246,2172.39075796,-111.90524559,77568.96048294
2025-03-01 23:35:40,MSFT,BUY,93.2,825.80682707,818.67527682,-664.66048354,76904.29999939
2025-03-01 23:36:40,NFLX,SELL,141.1,2029.13173716,2030.45982549,-187.3932628,76716.9067366
2025-03-01 23:37:40,MSFT,SELL,287.2,445.78908643,456.1480225,-2975.08643778,73741.82029881
2025-03-01 23:38:40,MSFT,SELL,246.4,756.73700287,755.43133055,321.71765898,74063.5379578
2025-03-01 23:39:40,NVDA,BUY,126.9,835.5123233,828.41255356,-900.96077975,73162.57717804
2025-03-01 23:40:40,NVDA,BUY,74.4,236.74894479,240.21723685,258.04092923,73420.61810727
2025-03-01 23:41:40,NVDA,BUY,106.7,1478.29018022,1472.5378798,-613.77045479,72806.84765248
2025-03-01 23:42:40,AMZN,SELL,132.1,1964.91828556,1969.91738289,-660.38075638,72146.4668961
2025-03-01 23:43:40,MSFT,BUY,396.8,2116.25938825,2077.42803212,-15408.28211238,56738.18478371
2025-03-01 23:44:40,TSLA,BUY,211.4,2234.8463465,2231.62800093,-680.35825413,56057.82652958
2025-03-01 23:45:40,NFLX,BUY,247.8,1879.93948441,1854.28449804,-6357.30562229,49700.52090729
2025-03-01 23:46:40,MSFT,BUY,351.5,1259.63407195,1269.16073922,3348.62354614,53049.14445344
2025-03-01 23:47:40,TSLA,SELL,62.7,1076.33152228,1071.70484323,290.09277673,53339.23723017
2025-03-01 23:48:40,TSLA,BUY,119.1,1189.57578688,1185.78049789,-452.01891822,52887.21831195
2025-03-01 23:49:40,MSFT,SELL,42.8,2383.46758159,2374.65222242,377.29737233,53264.51568427
2025-03-01 23:50:40,NFLX,SELL,95.3,1462.54556303,1490.28862214,-2643.91353309,50620.60215118
2025-03-01 23:51:40,MSFT,BUY,91.8,651.58414191,649.99987574,-145.43563481,50475.16651637
2025-03-01 23:52:40,NFLX,SELL,298.5,993.21581259,994.16034104,-281.94174137,50193.224775
2025-03-01 23:53:40,MSFT,BUY,183.6,544.64885292,538.725403,-1087.54540528,49105.67936973
2025-03-01 23:54:40,TSLA,SELL,154.9,624.90352078,621.19508135,574.43726667,49680.1166364
2025-03-01 23:55:40,NVDA,BUY,146.1,2325.09707647,2340.21021958,2208.03020714,51888.14684354
2025-03-01 23:56:40,AAPL,BUY,38.6,1471.02512785,1485.67893938,565.63712513,52453.78396867
2025-03-01 23:57:40,TSLA,BUY,31.3,981.73774887,976.22159293,-172.65568097,52281.1282877
2025-03-01 23:58:40,MSFT,SELL,129.9,1436.28378623,1427.98073214,1078.56672649,53359.69501419
2025-03-01 23:59:40,NVDA,BUY,48.7,1714.63507459,1720.38748642,280.14245595,53639.83747014
2025-03-02 00:00:40,TSLA,SELL,133.6,623.69808293,618.36716565,712.21054817,54352.0480183
2025-03-02 00:01:40,TSLA,SELL,133.2,101.56813783,100.65604292,121.49104187,54473.53906017
2025-03-02 00:02:40,AAPL,BUY,101.6,2002.2275517,1988.74100798,-1370.23284213,53103.30621803
2025-03-02 00:03:40,NFLX,BUY,65.7,1199.97662701,1203.72713036,246.40806987,53349.7142879
2025-03-02 00:04:40,AAPL,SELL,83.2,325.06366302,321.99878162,254.9981322,53604.7124201
2025-03-02 00:05:40,AAPL,SELL,138.1,671.5519688,666.84437875,650.11818614,54254.83060624
2025-03-02 00:06:40,NFLX,SELL,80.6,1223.36573016,1215.46060188,637.1533396,54891.98394584
2025-03-02 00:07:40,AAPL,SELL,75.9,1269.43684984,1273.39645095,-300.53372442,54591.45022141
2025-03-02 00:08:40,NVDA,BUY,149.9,1532.58565731,1523.7943924,-1317.81061017,53273.63961124
2025-03-02 00:09:40,TSLA,SELL,151.2,2086.12732546,2110.10744252,-3625.79369937,49647.84591187
2025-03-02 00:10:40,NFLX,SELL,161.3,173.11284714,173.15981513,-7.57593585,49640.26997602
2025-03-02 00:11:40,NVDA,BUY,373.2,1576.3099373,1544.50772933,-11868.58401258,37771.68596345
2025-03-02 00:12:40,MSFT,SELL,250.4,1323.64962292,1297.49825554,6548.3023923,44319.98835575
2025-03-02 00:13:40,NFLX,BUY,40.9,2114.03294795,2144.73350489,1255.65277874,45575.64113449
2025-03-02 00:14:40,NVDA,SELL,78.4,159.93198908,158.95184647,76.84318078,45652.48431527
2025-03-02 00:15:40,TSLA,BUY,56.5,1559.96680002,1563.03303741,173.24241255,45825.72672782
2025-03-02 00:16:40,NFLX,SELL,69.4,516.39052085,513.78268896,180.98353303,46006.71026085
2025-03-02 00:17:40,MSFT,BUY,36.3,1901.84715811,1921.46346194,712.07182905,46718.7820899
2025-03-02 00:18:40,MSFT,SELL,50.8,1954.6514072,1964.75611379,-513.31909473,46205.46299517
2025-03-02 00:19:40,MSFT,BUY,70.4,2329.94732131,2366.38182478,2564.98904445,48770.45203962
2025-03-02 00:20:40,MSFT,BUY,22.5,258.7964532,258.76607253,-0.68356509,48769.76847453
2025-03-02 00:21:40,AMZN,BUY,50.5,1960.5857244,1981.49114813,1055.72389792,49825.49237245
2025-03-02 00:22:40,NFLX,BUY,23.9,928.20098923,928.03927096,-3.8650666,49821.62730585
2025-03-02 00:23:40,NVDA,SELL,54.5,2339.69221062,2342.66400243,-161.96265342,49659.66465243
2025-03-02 00:24:40,NFLX,BUY,303.5,1567.51266694,1578.20685177,3245.68509666,52905.34974909
2025-03-02 00:25:40,NFLX,SELL,135.0,2373.18751096,2361.08459702,1633.89338137,54539.24313047
2025-03-02 00:26:40,AAPL,SELL,56.1,1873.76074225,1886.66050031,-723.6764267,53815.56670377
2025-03-02 00:27:40,TSLA,BUY,60.5,2476.26123061,2506.60542508,1835.8237653,55651.39046906
2025-03-02 00:28:40,NVDA,BUY,30.3,915.9324731,901.50162958,-437.25455882,55214.13591024
2025-03-02 00:29:40,AAPL,BUY,128.5,924.12808523,919.939715,-538.20557467,54675.93033557
2025-03-02 00:30:40,AMZN,SELL,155.7,2345.16283247,2356.33593433,-1739.65196013,52936.27837544
2025-03-02 00:31:40,TSLA,SELL,127.7,248.34030565,247.66617895,86.08597982,53022.36435526
2025-03-02 00:32:40,AMZN,SELL,97.4,490.6983741,490.58398497,11.14150113,53033.50585638
2025-03-02 00:33:40,AMZN,BUY,81.2,691.98067793,672.66042258,-1568.80473445,51464.70112193
2025-03-02 00:34:40,AMZN,BUY,117.7,1688.59271833,1693.99628061,635.99928032,52100.70040225
2025-03-02 00:35:40,AMZN,BUY,126.3,2270.46345999,2299.27349808,3638.70781084,55739.4082131
2025-03-02 00:36:40,AAPL,SELL,27.2,1916.91547528,1898.62762493,497.42952944,56236.83774253
2025-03-02 00:37:40,NVDA,SELL,135.0,1065.77502232,1081.46991176,-2118.81007427,54118.02766827
2025-03-02 00:38:40,AAPL,BUY,138.2,2249.35083552,2270.09115782,2866.31254277,56984.34021104
2025-03-02 00:39:40,TSLA,SELL,44.8,751.91963506,743.6811211,369.08542551,57353.42563654
2025-03-02 00:40:40,NFLX,BUY,64.5,543.11789763,548.55328447,350.58245109,57704.00808763
2025-03-02 00:41:40,AAPL,SELL,115.5,387.73862433,386.44757507,149.11619025,57853.12427788
2025-03-02 00:42:40,MSFT,SELL,57.4,1375.49179405,1350.44368302,1437.76157344,59290.88585132
2025-03-02 00:43:40,AAPL,SELL,76.4,1530.59669257,1528.12063648,189.17068512,59480.05653644
2025-03-02 00:44:40,NFLX,BUY,35.2,494.57326979,498.13531729,125.38407212,59605.44060856
2025-03-02 00:45:40,AMZN,BUY,115.3,925.49844774,925.45382402,-5.145115,59600.29549356
2025-03-02 00:46:40,AAPL,SELL,141.1,1680.78725186,1683.10031889,-326.37375802,59273.92173555
2025-03-02 00:47:40,TSLA,SELL,369.5,1676.87319576,1694.39850188,-6475.60061245,52798.3211231
2025-03-02 00:48:40,MSFT,SELL,198.0,1058.84508301,1056.61687017,441.18614268,53239.50726577
2025-03-02 00:49:40,NVDA,SELL,80.3,1484.45771472,1484.22072308,19.03042891,53258.53769468
2025-03-02 00:50:40,AAPL,BUY,147.5,384.90182922,389.769893,718.03940783,53976.57710251
2025-03-02 00:51:40,MSFT,SELL,105.6,177.86427051,178.65026427,-83.0009402,53893.57616231
2025-03-02 00:52:40,AAPL,SELL,33.4,1377.50050228,1379.31849006,-60.72079183,53832.85537048
2025-03-02 00:53:40,AMZN,BUY,381.5,811.25827243,801.38051731,-3768.36358042,50064.49179007
2025-03-02 00:54:40,NFLX,SELL,395.1,2064.97655076,2027.45537338,14824.6171845,64889.10897457
2025-03-02 00:55:40,AAPL,BUY,26.9,220.83886473,218.90796782,-51.94112677,64837.1678478
2025-03-02 00:56:40,TSLA,SELL,79.5,1760.82701427,1767.88613125,-561.19979949,64275.96804831
2025-03-02 00:57:40,AAPL,SELL,273.3,706.8594838,697.656644,2515.13611649,66791.1041648
2025-03-02 00:58:40,AAPL,SELL,127.1,962.10099276,960.32810453,225.33409328,67016.43825809
2025-03-02 00:59:40,AMZN,SELL,67.1,941.9658624,952.26359318,-690.97773533,66325.46052276
2025-03-02 01:00:40,NFLX,SELL,62.7,2033.7148616,2003.8718965,1871.15391203,68196.61443478
2025-03-02 01:01:40,NFLX,SELL,48.8,2118.18090497,2062.07156289,2738.13589327,70934.75032806
2025-03-02 01:02:40,NVDA,SELL,125.1,1014.3790568,1009.60859494,596.78477867,71531.53510673
2025-03-02 01:03:40,TSLA,SELL,59.4,1201.89765589,1213.17759352,-670.02829539,70861.50681134
2025-03-02 01:04:40,NVDA,SELL,35.4,2338.13170821,2339.80070171,-59.08237015,70802.42444119
2025-03-02 01:05:40,NVDA,BUY,109.8,1375.77316645,1379.95960085,459.67049679,71262.09493798
2025-03-02 01:06:40,NVDA,BUY,73.0,1241.43086037,1245.25642691,279.26635746,71541.36129544
2025-03-02 01:07:40,NFLX,BUY,93.1,2430.76217768,2406.84190683,-2226.97721615,69314.38407929
2025-03-02 01:08:40,NFLX,SELL,28.9,1815.40786347,1797.86268518,507.05565253,69821.43973183
2025-03-02 01:09:40,MSFT,SELL,142.0,1570.71000529,1566.21855764,637.78556535,70459.22529717
2025-03-02 01:10:40,MSFT,BUY,30.0,1688.26655793,1697.43635768,275.09399237,70734.31928954
2025-03-02 01:11:40,AAPL,SELL,128.4,1067.69861472,1046.93244093,2666.37671403,73400.69600358
2025-03-02 01:12:40,MSFT,SELL,99.5,2055.2104113,2027.78349832,2728.97784176,76129.67384533
2025-03-02 01:13:40,MSFT,SELL,66.1,354.09836371,351.48335826,172.85186003,76302.52570536
2025-03-02 01:14:40,TSLA,SELL,107.9,1091.6140413,1085.06444327,706.70162711,77009.22733247
2025-03-02 01:15:40,AAPL,SELL,43.6,1048.62235703,1049.50267685,-38.38194396,76970.84538851
2025-03-02 01:16:40,NFLX,BUY,127.5,476.35049276,475.47377838,-111.78108332,76859.06430519
2025-03-02 01:17:40,MSFT,BUY,363.8,503.68877384,500.78551728,-1056.20473576,75802.85956943
2025-03-02 01:18:40,AMZN,BUY,169.4,1436.89723186,1458.15526088,3601.11011648,79403.96968591
2025-03-02 01:19:40,TSLA,BUY,48.7,2399.48322141,2397.48112782,-97.50195747,79306.46772843
2025-03-02 01:20:40,TSLA,BUY,141.5,2226.83625311,2229.12405358,323.72376682,79630.19149525
2025-03-02 01:21:40,AMZN,BUY,72.4,1611.56957064,1620.00533929,610.74965002,80240.94114527
2025-03-02 01:22:40,AMZN,BUY,89.1,1905.75491753,1891.27633149,-1290.04201624,78950.89912903
2025-03-02 01:23:40,NFLX,BUY,127.2,1855.5915137,1884.09814466,3626.04345815,82576.94258718
2025-03-02 01:24:40,MSFT,SELL,128.3,451.44701585,455.87335674,-567.89953694,82009.04305023
2025-03-02 01:25:40,NFLX,BUY,69.3,1135.12409522,1135.42290396,20.70744549,82029.75049572
2025-03-02 01:26:40,AMZN,SELL,52.7,2296.14575804,2292.68019351,182.63525056,82212.38574628
2025-03-02 01:27:40,NVDA,SELL,60.1,1333.82906212,1347.12832105,-799.28546143,81413.10028484
2025-03-02 01:28:40,AMZN,BUY,62.3,1475.30128149,1472.57178464,-170.04765336,81243.05263149
2025-03-02 01:29:40,NFLX,SELL,203.7,1848.09005042,1853.22125349,-1045.22606713,80197.82656436
2025-03-02 01:30:40,AMZN,BUY,341.6,1710.62357701,1706.91895612,-1265.49849329,78932.32807107
2025-03-02 01:31:40,MSFT,BUY,179.8,1979.91515909,1988.267858,1501.81526299,80434.14333406
2025-03-02 01:32:40,AAPL,BUY,23.4,2476.7975291,2511.08960341,802.43453865,81236.57787271
2025-03-02 01:33:40,NVDA,SELL,35.7,1751.30933698,1766.43276007,-539.90620441,80696.6716683
2025-03-02 01:34:40,AMZN,SELL,43.6,2352.47148034,2322.74030144,1296.27939986,81992.95106816
2025-03-02 01:35:40,NFLX,SELL,91.0,837.31940085,840.79554306,-316.32894118,81676.62212698
2025-03-02 01:36:40,MSFT,SELL,40.8,1101.26420456,1097.18100572,166.59451249,81843.21663947
2025-03-02 01:37:40,TSLA,SELL,136.7,1917.47914786,1894.68934748,3115.36571184,84958.5823513
2025-03-02 01:38:40,TSLA,SELL,71.1,301.90638942,304.45398547,-181.13407912,84777.44827219
2025-03-02 01:39:40,AMZN,SELL,50.4,491.24587316,498.0735345,-344.11413159,84433.33414059
2025-03-02 01:40:40,TSLA,BUY,350.5,156.89860875,157.43533833,188.12371958,84621.45786017
2025-03-02 01:41:40,AMZN,SELL,74.6,2323.51311509,2313.70262834,731.86231154,85353.32017171
2025-03-02 01:42:40,NVDA,BUY,25.1,221.49393345,217.4662424,-101.09504523,85252.22512648
2025-03-02 01:43:40,NVDA,SELL,95.8,168.76582619,170.59941979,-175.65826716,85076.56685933
2025-03-02 01:44:40,AMZN,BUY,336.2,127.12608781,126.89686583,-77.06443243,84999.50242689
2025-03-02 01:45:40,TSLA,BUY,219.3,1512.04533036,1510.02200836,-443.71451353,84555.78791337
2025-03-02 01:46:40,NFLX,SELL,263.3,2437.12099206,2455.55524835,-4853.73968263,79702.04823074
2025-03-02 01:47:40,NVDA,SELL,371.3,751.5808061,743.92185037,2843.77026374,82545.81849447
2025-03-02 01:48:40,AMZN,BUY,91.5,999.33272922,997.44214289,-172.9886489,82372.82984557
2025-03-02 01:49:40,AMZN,BUY,124.7,2097.67249519,2084.19413991,-1680.75090313,80692.07894244
2025-03-02 01:50:40,AMZN,SELL,167.8,638.36454125,637.09037308,213.80541832,80905.88436076
2025-03-02 01:51:40,MSFT,SELL,133.2,909.89026951,901.6377649,1099.23361409,82005.11797486
2025-03-02 01:52:40,AAPL,BUY,47.4,300.45979523,292.29843767,-386.84834841,81618.26962645
2025-03-02 01:53:40,NVDA,SELL,71.3,902.56282957,898.61556264,281.44013237,81899.70975882
2025-03-02 01:54:40,MSFT,BUY,41.0,1371.85740863,1386.8899031,616.33227303,82516.04203185
2025-03-02 01:55:40,TSLA,BUY,40.0,1924.3862315,1927.88603627,139.99219093,82656.03422278
2025-03-02 01:56:40,AAPL,BUY,54.9,458.19872738,452.9801811,-286.49819061,82369.53603218
2025-03-02 01:57:40,AMZN,BUY,27.4,1731.2733204,1702.2459968,-795.34866652,81574.18736565
2025-03-02 01:58:40,NVDA,BUY,217.6,183.21449014,181.47180621,-379.20802339,81194.97934227
2025-03-02 01:59:40,NVDA,SELL,177.9,1639.61075502,1646.94672724,-1305.06945851,79889.90988376
2025-03-02 02:00:40,AMZN,BUY,368.7,2226.60666115,2204.29616668,-8225.87931238,71664.03057138
2025-03-02 02:01:40,AAPL,BUY,172.2,1087.12953296,1078.68045231,-1454.93168733,70209.09888405
2025-03-02 02:02:40,AMZN,SELL,347.8,1713.7212239,1727.09818733,-4652.50788092,65556.59100314
2025-03-02 02:03:40,AMZN,SELL,146.9,1052.7811893,1056.67572476,-572.10725984,64984.4837433
2025-03-02 02:04:40,TSLA,SELL,208.1,1871.08227375,1849.05758128,4583.33850292,69567.82224622
2025-03-02 02:05:40,NFLX,BUY,149.0,294.95112354,297.02854665,309.53604411,69877.35829033
2025-03-02 02:06:40,AAPL,SELL,148.5,474.88361903,478.2251779,-496.22149222,69381.1367981
2025-03-02 02:07:40,TSLA,BUY,57.6,2178.64370891,2212.33988008,1940.89945942,71322.03625752
2025-03-02 02:08:40,TSLA,BUY,100.5,1222.43490996,1204.32409397,-1820.1370071,69501.89925043
2025-03-02 02:09:40,TSLA,SELL,93.4,892.683202,876.68623841,1494.11639966,70996.01565009
2025-03-02 02:10:40,AMZN,BUY,46.2,2141.37886724,2142.8062672,65.94587836,71061.96152844
2025-03-02 02:11:40,NFLX,BUY,92.3,2075.85571043,2081.72831408,542.04131659,71604.00284503
2025-03-02 02:12:40,TSLA,BUY,22.1,1970.84008342,1951.97747368,-416.86367527,71187.13916976
2025-03-02 02:13:40,AAPL,BUY,52.9,1936.87207326,1923.13392439,-726.74807522,70460.39109454
2025-03-02 02:14:40,MSFT,SELL,130.9,2177.34971961,2192.81671342,-2024.62948923,68435.76160531
2025-03-02 02:15:40,NFLX,SELL,302.9,878.39050564,881.07928347,-814.43080228,67621.33080302
2025-03-02 02:16:40,AMZN,SELL,280.9,1526.18038554,1534.75843193,-2409.57322949,65211.75757353
2025-03-02 02:17:40,NVDA,BUY,182.8,1129.74968633,1146.73681746,3105.24757206,68317.0051456
2025-03-02 02:18:40,NVDA,SELL,49.4,1944.59519419,1924.27171128,1003.98005592,69320.98520151
2025-03-02 02:19:40,AAPL,BUY,117.1,1600.79240789,1610.10494784,1090.498428,70411.48362952
2025-03-02 02:20:40,NFLX,SELL,27.8,624.91333338,625.88429822,-26.9928228,70384.49080672
2025-03-02 02:21:40,NFLX,SELL,25.8,2138.67137494,2117.51807564,545.75512197,70930.24592869
2025-03-02 02:22:40,NFLX,BUY,64.4,1861.9630217,1873.16112991,721.15816903,71651.40409771
2025-03-02 02:23:40,AAPL,SELL,80.5,896.73161137,895.51996943,97.53717615,71748.94127386
2025-03-02 02:24:40,NFLX,SELL,30.6,132.83779543,131.42471056,43.2403969,71792.18167076
2025-03-02 02:25:40,NVDA,SELL,42.7,1415.54848655,1438.48429562,-979.35904759,70812.82262317
2025-03-02 02:26:40,NFLX,SELL,106.3,810.23687065,810.77356691,-57.05081275,70755.77181043
2025-03-02 02:27:40,TSLA,BUY,250.1,1453.40696021,1464.22210999,2704.86895813,73460.64076855
2025-03-02 02:28:40,AAPL,SELL,31.7,266.54580617,262.27643715,135.33899786,73595.97976642
2025-03-02 02:29:40,NVDA,BUY,72.9,2301.44335979,2321.07135013,1430.88049611,75026.86026253
2025-03-02 02:30:40,AAPL,SELL,112.9,443.87550089,444.34643838,-53.16884316,74973.69141937
2025-03-02 02:31:40,NVDA,SELL,137.0,1774.79868521,1743.34727705,4308.84291847,79282.53433784
2025-03-02 02:32:40,AMZN,BUY,107.9,2001.25886752,2005.87893084,498.50483206,79781.03916989
2025-03-02 02:33:40,NFLX,BUY,20.1,809.97783399,810.24739849,5.41824632,79786.45741621
2025-03-02 02:34:40,NFLX,BUY,48.3,752.69094256,759.97745121,351.93836808,80138.39578429
2025-03-02 02:35:40,MSFT,SELL,22.1,1524.30731849,1542.48776031,-401.78776418,79736.60802011
2025-03-02 02:36:40,NFLX,SELL,62.1,1849.06733068,1858.29186794,-572.84376378,79163.76425632
2025-03-02 02:37:40,NVDA,BUY,140.4,922.55422103,937.74957187,2133.42725771,81297.19151403
2025-03-02 02:38:40,NFLX,BUY,128.1,326.60535439,326.95907233,45.31126856,81342.5027826
2025-03-02 02:39:40,AAPL,SELL,72.3,348.24187567,349.91984635,-121.31728068,81221.18550191
2025-03-02 02:40:40,NFLX,SELL,121.4,1849.45408025,1832.35316431,2076.05119578,83297.2366977
2025-03-02 02:41:40,MSFT,BUY,21.7,710.75519588,718.71493281,172.72629131,83469.962989
2025-03-02 02:42:40,NFLX,SELL,130.6,1396.71857623,1396.32243997,51.73539545,83521.69838445
2025-03-02 02:43:40,AAPL,BUY,31.1,1334.70718658,1340.02802339,165.4780249,83687.17640935
2025-03-02 02:44:40,TSLA,SELL,69.4,1417.2947237,1395.95956403,1480.66008117,85167.83649052
2025-03-02 02:45:40,NVDA,SELL,32.3,676.71789628,685.19769832,-273.89760574,84893.93888477
2025-03-02 02:46:40,AMZN,BUY,74.2,1170.7227116,1184.00836651,985.79559381,85879.73447858
2025-03-02 02:47:40,NFLX,BUY,298.9,3070.30299771,3009.1963867,-18264.76602999,67614.96844859
2025-03-02 02:48:40,TSLA,BUY,253.1,2081.22912777,2061.13241888,-5086.47702031,62528.49142828
2025-03-02 02:49:40,NVDA,SELL,218.1,1469.19265138,1456.55392286,2756.50669163,65284.99811991
2025-03-02 02:49:50,TSLA,BUY,128.8,2419.45174347,2426.00464224,844.01336213,66129.01148204
2025-03-02 02:50:10,AMZN,SELL,194.6,536.30793144,532.28379604,783.09675009,66912.10823213
2025-03-02 02:50:30,NFLX,BUY,225.2,2457.63523539,2468.09505283,2355.55088688,69267.65911901
2025-03-02 02:50:40,NVDA,BUY,232.6,1799.86057268,1805.06808856,1211.26819334,70478.92731234
2025-03-02 02:51:10,AAPL,BUY,96.7,2205.18730024,2241.98829593,3558.6562833,74037.58359564
2025-03-02 02:52:10,TSLA,BUY,99.1,2989.86172371,2965.58979917,-2405.34772187,71632.23587377
2025-03-02 02:52:30,AAPL,BUY,290.9,526.86928565,526.64207918,-66.09436337,71566.1415104
2025-03-02 02:53:30,AMZN,SELL,185.3,2090.9166779,2074.48535839,3044.72350552,74610.86501591
2025-03-02 02:54:30,AMZN,SELL,64.3,392.50933391,393.12520134,-39.60027554,74571.26474038
2025-03-02 02:54:40,MSFT,BUY,108.4,1950.77261796,1936.66356464,-1529.42137935,73041.84336103
2025-03-02 02:55:10,AAPL,SELL,255.0,2268.43208228,2268.38845868,11.12401772,73052.96737875
2025-03-02 02:55:30,NFLX,BUY,113.1,2443.65540115,2432.13558631,-1302.89105808,71750.07632067
2025-03-02 02:55:50,NFLX,SELL,203.4,1146.421078,1161.00207732,-2965.77526203,68784.30105864
2025-03-02 02:56:20,AAPL,SELL,210.2,1340.39639871,1346.55226268,-1293.9626079,67490.33845074
2025-03-02 02:56:50,AAPL,BUY,97.5,1685.01740983,1691.79501394,660.81639992,68151.15485065
2025-03-02 02:57:20,NVDA,SELL,277.8,1319.31337864,1338.27308157,-5267.00547465,62884.14937601
2025-03-02 02:57:50,NFLX,BUY,128.9,171.17600061,169.7704824,-181.17129714,62702.97807887
2025-03-02 02:58:20,AMZN,SELL,149.0,2397.2538675,2420.84285654,-3514.75936695,59188.21871192
2025-03-02 02:58:40,AMZN,BUY,163.5,2671.26289084,2685.77172252,2372.19398042,61560.41269234
2025-03-02 02:59:00,NFLX,BUY,80.1,952.98893963,951.94449814,-83.65976333,61476.752929
2025-03-02 02:59:20,AAPL,BUY,292.3,2087.44658508,2077.53018831,-2898.5627752,58578.1901538
2025-03-02 02:59:30,NFLX,BUY,176.5,1253.63790885,1251.97677433,-293.19024259,58284.99991122
2025-03-02 03:00:30,NFLX,SELL,214.5,650.53822255,644.53592806,1287.49216868,59572.4920799
2025-03-02 03:00:40,AAPL,BUY,270.8,491.49700654,484.86240898,-1796.64902057,57775.84305933
2025-03-02 03:00:50,NFLX,BUY,146.8,1510.40722877,1501.83994573,-1257.67714999,56518.16590934
2025-03-02 03:01:50,AMZN,BUY,65.4,2303.99379395,2339.99616939,2354.55535421,58872.72126354
2025-03-02 03:02:20,NFLX,BUY,285.1,2866.65936866,2875.8437184,2618.45811338,61491.17937693
2025-03-02 03:02:40,NFLX,BUY,169.4,614.86986886,615.51457313,109.21290349,61600.39228042
2025-03-02 03:03:10,NFLX,BUY,195.4,2146.14289541,2117.2530874,-5645.06848601,55955.3237944
2025-03-02 03:03:40,MSFT,BUY,147.9,531.20167667,526.84995104,-643.62022149,55311.70357291
2025-03-02 03:04:40,MSFT,BUY,320.3,490.38595625,499.45098811,2903.52970319,58215.2332761
2025-03-02 03:05:40,AAPL,BUY,95.0,2192.59134707,2213.89223464,2023.58431906,60238.81759516
2025-03-02 03:06:40,TSLA,BUY,124.4,929.15404894,921.39937087,-964.68195156,59274.1356436
2025-03-02 03:07:40,NVDA,BUY,138.0,1458.04134475,1457.60872576,-59.70142134,59214.43422226
2025-03-02 03:08:40,NFLX,SELL,188.9,1051.1503012,1049.39934151,330.75628389,59545.19050615
2025-03-02 03:09:40,TSLA,BUY,97.4,1138.65156242,1136.73750003,-186.42967676,59358.76082939
2025-03-02 03:10:40,AMZN,BUY,142.1,293.47697241,294.51890463,148.05856951,59506.81939891
2025-03-02 03:11:40,AMZN,SELL,30.4,2088.25281025,2114.15135914,-787.31588623,58719.50351268
2025-03-02 03:12:40,AAPL,BUY,101.9,1244.41330656,1248.6727654,434.03885633,59153.54236901
2025-03-02 03:13:40,AAPL,BUY,142.3,764.96619931,768.12385985,449.33509417,59602.87746318
2025-03-02 03:14:40,MSFT,SELL,133.8,398.43001943,399.59494056,-155.86644677,59447.01101641
2025-03-02 03:15:40,AAPL,BUY,141.7,1493.54854218,1458.0167016,-5034.86181067,54412.14920575
2025-03-02 03:16:40,NFLX,BUY,244.4,1713.40164951,1701.28035031,-2962.44552436,51449.70368139
2025-03-02 03:17:40,NVDA,BUY,293.2,1155.65353531,1150.30553605,-1568.03338338,49881.67029801
2025-03-02 03:18:40,NVDA,SELL,116.4,1014.28442806,1020.94483867,-775.27179526,49106.39850275
2025-03-02 03:19:40,AAPL,BUY,164.9,1019.71687827,1020.60425891,146.32906731,49252.72757005
2025-03-02 03:20:40,TSLA,BUY,26.3,1162.18563024,1165.47762904,86.57956836,49339.30713841
2025-03-02 03:21:40,NVDA,SELL,65.9,1511.20111223,1515.37784815,-275.24689704,49064.06024136
2025-03-02 03:22:40,NFLX,SELL,92.1,2019.48007467,2025.53404164,-557.57035755,48506.48988381
2025-03-02 03:23:40,NFLX,BUY,279.6,1982.57313571,2000.24164236,4940.1144599,53446.60434371
2025-03-02 03:24:40,AAPL,BUY,144.5,1093.93856372,1115.21776092,3074.84399602,56521.44833973
2025-03-02 03:25:40,TSLA,BUY,101.3,629.1703346,633.57536631,446.22971309,56967.67805283
2025-03-02 03:26:40,NVDA,SELL,44.0,1471.85835876,1472.31417972,-20.05612237,56947.62193046
2025-03-02 03:27:40,MSFT,SELL,88.0,1932.86144644,1920.24546053,1110.20676009,58057.82869055
2025-03-02 03:28:40,NFLX,BUY,106.6,644.25430077,642.96348609,-137.60084424,57920.22784631
2025-03-02 03:29:40,NVDA,BUY,44.0,492.08022016,488.02316719,-178.5103306,57741.71751571
2025-03-02 03:30:40,AMZN,SELL,216.0,585.50547798,584.24728986,271.76863303,58013.48614874
2025-03-02 03:31:40,AMZN,SELL,82.8,1328.09787308,1320.06889891,664.7990608,58678.28520954
2025-03-02 03:32:40,AMZN,SELL,129.1,1018.68184097,1017.83569474,109.23747738,58787.52268691
2025-03-02 03:33:40,AMZN,BUY,29.3,248.8994007,246.02588471,-84.19401835,58703.32866857
2025-03-02 03:34:40,TSLA,BUY,93.6,1477.27803922,1477.88408302,56.72569906,58760.05436763
2025-03-02 03:35:40,TSLA,BUY,26.3,2403.49844897,2423.23543936,519.08284734,59279.13721497
2025-03-02 03:36:40,MSFT,SELL,25.7,335.21844347,335.41205928,-4.97592625,59274.16128872
2025-03-02 03:37:40,MSFT,SELL,25.9,1649.37323543,1627.88102973,556.64812746,59830.80941618
2025-03-02 03:38:40,NVDA,BUY,260.5,3316.30102548,3304.24168895,-3141.4571651,56689.35225108
2025-03-02 03:39:00,AMZN,BUY,81.7,677.61604894,676.43074519,-96.83931716,56592.51293392
2025-03-02 03:40:00,AAPL,BUY,179.6,519.16484962,516.18685297,-534.84819832,56057.66473559
2025-03-02 03:40:30,NVDA,BUY,221.1,3464.31813351,3428.71646498,-7871.52891099,48186.13582461
2025-03-02 03:40:50,NFLX,SELL,85.6,3326.53426796,3352.55616343,-2227.47425225,45958.66157236
2025-03-02 03:41:00,NFLX,BUY,51.0,360.97741042,354.89668258,-310.11711997,45648.54445238
2025-03-02 03:42:00,NFLX,SELL,210.5,2379.47673491,2373.7244815,1210.84934316,46859.39379555
2025-03-02 03:42:20,MSFT,BUY,56.0,1512.50620201,1481.00811409,-1763.89292353,45095.50087202
2025-03-02 03:42:30,TSLA,SELL,94.3,1240.26346114,1255.44622269,-1431.73441402,43663.76645799
2025-03-02 03:43:30,TSLA,BUY,148.3,1172.2367271,1178.47234343,924.74190085,44588.50835884
2025-03-02 03:44:30,TSLA,SELL,74.2,905.54157925,909.13621121,-266.72169187,44321.78666697
2025-03-02 03:45:00,MSFT,BUY,186.7,2403.65573762,2393.36200092,-1921.84064204,42399.94602493
2025-03-02 03:46:00,TSLA,BUY,280.6,1715.30556775,1712.79229557,-705.22417424,41694.72185069
2025-03-02 03:47:00,MSFT,SELL,245.6,1289.78870214,1286.10843831,903.87279677,42598.59464746
2025-03-02 03:47:10,AMZN,SELL,110.2,3474.54970855,3475.80673695,-138.52453001,42460.07011745
2025-03-02 03:47:40,AMZN,BUY,149.8,863.83515198,864.18896436,53.00109434,42513.0712118
2025-03-02 03:47:50,AMZN,BUY,294.6,1492.88775559,1498.86217857,1760.06500796,44273.13621976
2025-03-02 03:48:00,AAPL,SELL,232.7,1236.25522819,1230.97789884,1228.03453947,45501.17075923
2025-03-02 03:48:20,NFLX,SELL,194.6,1528.03741461,1533.35217401,-1034.25217984,44466.91857938
2025-03-02 03:48:50,AAPL,BUY,64.9,3045.83882404,3057.42350588,751.84585192,45218.7644313
2025-03-02 03:49:50,MSFT,SELL,85.0,2452.97188034,2478.08086687,-2134.26385576,43084.50057555
2025-03-02 03:50:20,AMZN,BUY,179.9,1469.31424814,1443.25662009,-4687.76728612,38396.73328943
2025-03-02 03:50:30,NFLX,BUY,83.8,3488.18944992,3461.24207568,-2258.18996118,36138.54332825
2025-03-02 03:50:40,NVDA,SELL,89.7,552.23331628,559.43075584,-645.61032816,35492.93300009
2025-03-02 03:51:10,AAPL,BUY,269.9,3327.52856124,3312.04139057,-4179.98736119,31312.9456389
2025-03-02 03:51:30,TSLA,SELL,171.0,2375.34470174,2353.03774531,3814.48954979,35127.43518869
2025-03-02 03:51:40,MSFT,BUY,139.5,1522.52441349,1540.76342385,2544.34194542,37671.77713411
2025-03-02 03:52:00,AMZN,BUY,167.9,648.95663582,658.60118192,1619.31929115,39291.09642525
2025-03-02 03:53:00,TSLA,SELL,192.6,1981.80403911,1992.56835818,-2073.20785124,37217.88857401
2025-03-02 03:53:10,AMZN,BUY,138.7,185.67692239,184.47016745,-167.37691061,37050.5116634
2025-03-02 03:53:20,AMZN,SELL,191.0,2752.72300502,2772.08933718,-3698.96944277,33351.54222063
2025-03-02 03:53:40,AMZN,BUY,249.1,2029.12921013,2011.64012799,-4356.53036227,28995.01185836
2025-03-02 03:53:50,AMZN,SELL,202.5,2599.08563305,2575.97289499,4680.32945551,33675.34131387
2025-03-02 03:54:10,MSFT,BUY,154.8,988.53226081,988.24894289,-43.8576144,33631.48369947
2025-03-02 03:54:30,AMZN,SELL,178.4,2137.61757582,2106.1505156,5613.72354328,39245.20724275
2025-03-02 03:55:30,MSFT,BUY,56.0,2597.66822242,2596.99738788,-37.56673425,39207.6405085
2025-03-02 03:56:00,NVDA,SELL,285.4,2088.41455844,2086.52449226,539.42488626,39747.06539476
2025-03-02 03:57:00,TSLA,BUY,206.4,410.83477218,406.56466611,-881.34989274,38865.71550201
2025-03-02 03:58:00,NFLX,SELL,151.8,1971.80771403,1986.92573445,-2294.91549985,36570.80000217
2025-03-02 03:58:30,NFLX,BUY,55.6,767.40062786,767.71778519,17.63394747,36588.43394964
2025-03-02 03:58:50,MSFT,SELL,194.3,3029.66060798,3035.09799214,-1056.48374376,35531.95020587
2025-03-02 03:59:20,NFLX,BUY,157.4,2854.54770586,2875.19219576,3249.44270963,38781.3929155
2025-03-02 03:59:40,MSFT,SELL,278.3,2649.52376638,2622.60331007,7491.9629923,46273.3559078
2025-03-02 03:59:50,NVDA,SELL,99.7,1013.9118911,1016.23947473,-232.06008723,46041.29582057
2025-03-02 04:00:50,NFLX,SELL,126.6,939.31389383,955.28051223,-2021.37388949,44019.92193108
2025-03-02 04:01:50,AAPL,BUY,203.9,1550.09914062,1566.60880091,3366.3197325,47386.24166358
2025-03-02 04:02:00,TSLA,BUY,71.9,377.35474708,377.5698506,15.46594354,47401.70760712
2025-03-02 04:02:10,NVDA,BUY,120.8,827.58190757,819.01803951,-1034.51526207,46367.19234505
2025-03-02 04:02:40,NVDA,BUY,253.0,1461.06364299,1473.5514046,3159.40368758,49526.59603263
2025-03-02 04:02:50,NVDA,BUY,55.0,3271.35999281,3287.17036808,869.57063997,50396.16667259
2025-03-02 04:03:00,AMZN,BUY,271.5,622.86459874,634.34343896,3116.50511862,53512.67179121
2025-03-02 04:03:20,NFLX,SELL,219.8,2354.29249266,2326.42813724,6124.58532193,59637.25711314
2025-03-02 04:03:40,NFLX,SELL,299.2,3267.91737128,3242.46999837,7613.85397434,67251.11108749
2025-03-02 04:03:50,AMZN,SELL,62.3,3091.1581678,3116.06383531,-1551.62308605,65699.48800144
2025-03-02 04:04:50,NFLX,SELL,274.3,885.67489977,879.83698793,1601.33921738,67300.82721882
2025-03-02 04:05:00,NFLX,SELL,264.8,569.62599668,566.34900917,867.74629106,68168.57350988
2025-03-02 04:05:20,AMZN,BUY,218.7,1800.19808125,1811.46199267,2463.41742852,70631.9909384
2025-03-02 04:05:50,MSFT,BUY,128.1,2684.01885287,2667.03654206,-2175.43401462,68456.55692378
2025-03-02 04:06:10,AMZN,BUY,102.4,1496.32095224,1496.72827966,41.71032833,68498.26725211
2025-03-02 04:06:20,TSLA,BUY,125.8,3277.44919443,3280.36933879,367.35415966,68865.62141176
2025-03-02 04:07:20,AMZN,SELL,241.5,2758.42910419,2736.67494485,5253.62947935,74119.25089112
2025-03-02 04:07:50,TSLA,SELL,232.3,2383.81012143,2378.39114704,1258.82775033,75378.07864145
2025-03-02 04:08:00,AMZN,BUY,101.7,2055.20594976,2022.68066734,-3307.8212221,72070.25741935
2025-03-02 04:08:10,NVDA,BUY,211.3,1553.38619577,1553.96946,123.24373216,72193.50115151
2025-03-02 04:08:40,MSFT,SELL,108.1,2633.73012515,2601.22354253,3513.96158142,75707.46273292
2025-03-02 04:08:50,NFLX,SELL,245.8,775.34748713,771.42264695,964.72571605,76672.18844897
2025-03-02 04:09:10,TSLA,BUY,142.6,3191.45916109,3202.22193797,1534.77198323,78206.9604322
2025-03-02 04:09:30,MSFT,SELL,95.7,2976.8223158,2983.17648345,-608.09384419,77598.86658801
2025-03-02 04:09:40,TSLA,BUY,144.2,3351.39239715,3338.06908346,-1921.22183367,75677.64475434
2025-03-02 04:10:10,NVDA,SELL,77.3,1752.99042396,1750.43009065,197.91376489,75875.55851924
2025-03-02 04:10:30,MSFT,SELL,129.2,945.03539115,946.99094267,-252.6572554,75622.90126384
2025-03-02 04:10:40,NFLX,SELL,264.7,1128.38547937,1130.30589916,-508.33511886,75114.56614497
2025-03-02 04:11:40,NFLX,BUY,241.2,3014.58518706,3025.31165532,2587.22414465,77701.79028962
2025-03-02 04:11:50,NVDA,SELL,220.6,3313.08181957,3291.19815393,4827.53664151,82529.32693113
2025-03-02 04:12:00,NVDA,SELL,175.1,1227.49728697,1229.07329159,-275.95840968,82253.36852145
2025-03-02 04:12:10,MSFT,SELL,128.0,507.84000189,516.82889602,-1150.57844963,81102.79007182
2025-03-02 04:13:10,AAPL,SELL,265.4,2828.14650388,2855.13234219,-7162.04148615,73940.74858568
2025-03-02 04:13:30,MSFT,BUY,253.0,2656.20549625,2629.47624578,-6762.50037,67178.24821568
2025-03-02 04:13:40,MSFT,BUY,128.2,3315.54898757,3342.85472126,3500.59505865,70678.84327433
2025-03-02 04:13:50,NFLX,BUY,113.1,2404.25902008,2421.03719705,1897.61181489,72576.45508922
2025-03-02 04:14:50,AAPL,BUY,92.2,3068.34669985,3070.14344982,165.66034688,72742.1154361
2025-03-02 04:15:50,AAPL,BUY,262.3,1716.61743179,1714.55415392,-541.19778493,72200.91765117
2025-03-02 04:16:00,NFLX,SELL,92.1,1403.5502796,1405.55673576,-184.79461214,72016.12303902
2025-03-02 04:16:10,AAPL,BUY,230.1,743.26569413,750.57475957,1681.81595754,73697.93899656
2025-03-02 04:16:30,NVDA,BUY,201.1,1837.78637086,1856.53753659,3770.85942762,77468.79842418
2025-03-02 04:16:50,NVDA,SELL,227.3,2920.51323332,2916.96856123,805.70396551,78274.50238969
2025-03-02 04:17:50,NFLX,SELL,259.7,458.36468315,462.83170261,-1160.08495493,77114.41743476
2025-03-02 04:18:50,AAPL,SELL,269.8,1334.14165737,1345.4270902,-3044.80977675,74069.60765801
2025-03-02 04:19:00,AAPL,BUY,78.1,2566.2634408,2585.42066046,1496.17885553,75565.78651354
2025-03-02 04:19:10,AAPL,SELL,290.4,260.46878577,260.00469145,134.77299169,75700.55950523
2025-03-02 04:19:20,NFLX,SELL,207.8,2409.15273229,2391.49227592,3669.842833,79370.40233823
2025-03-02 04:19:30,AMZN,SELL,124.6,3302.99794626,3280.88316733,2755.50145425,82125.90379248
2025-03-02 04:20:30,NFLX,BUY,148.3,2736.71800884,2746.00242018,1376.87820098,83502.78199346
2025-03-02 04:21:30,MSFT,BUY,139.3,1355.06305895,1355.49068485,59.56828826,83562.35028173
2025-03-02 04:21:50,AMZN,SELL,180.1,1269.91150069,1280.19917983,-1852.81101317,81709.53926856
2025-03-02 04:22:10,NFLX,SELL,176.9,1818.77069186,1816.46952724,407.0760205,82116.61528906
2025-03-02 04:22:20,MSFT,BUY,295.7,570.46342205,569.63534159,-244.86339078,81871.75189828
2025-03-02 04:22:30,AAPL,SELL,198.8,2354.69724652,2352.69411494,398.22255741,82269.97445568
2025-03-02 04:22:40,TSLA,SELL,155.5,1511.49522358,1503.97360248,1169.61208103,83439.58653672
2025-03-02 04:23:00,NFLX,BUY,212.2,2888.86128441,2902.32886876,2857.82139782,86297.40793454
2025-03-02 04:23:20,TSLA,SELL,164.5,1524.49723085,1534.96155297,-1721.38098843,84576.02694611
2025-03-02 04:23:40,TSLA,BUY,130.2,1843.77412384,1831.55806898,-1590.53034282,82985.49660329
2025-03-02 04:24:40,MSFT,BUY,298.9,2126.57039359,2140.06434507,4033.34209854,87018.83870182
2025-03-02 04:25:10,AAPL,SELL,63.7,1273.05725574,1271.81417,79.18456172,87098.02326354
2025-03-02 04:25:20,NFLX,SELL,154.7,794.42316165,789.88109059,702.65839359,87800.68165713
2025-03-02 04:25:50,TSLA,BUY,66.9,509.23615911,511.35979573,142.07128942,87942.75294655
2025-03-02 04:26:00,MSFT,BUY,282.2,2561.69924183,2541.30507294,-5755.23446124,82187.51848531
2025-03-02 04:26:20,AMZN,SELL,137.2,1842.13559049,1839.46076301,366.98633,82554.50481531
2025-03-02 04:26:50,NFLX,SELL,205.3,1374.40474279,1367.9623286,1322.6276322,83877.13244751
2025-03-02 04:27:10,MSFT,SELL,298.6,221.00678474,221.58866339,-173.74896429,83703.38348322
2025-03-02 04:27:40,AMZN,BUY,63.5,891.27638631,900.20941876,567.24756036,84270.63104358
2025-03-02 04:27:50,TSLA,BUY,161.0,1260.23112918,1255.71219626,-727.54819925,83543.08284433
2025-03-02 04:28:50,NVDA,BUY,177.2,2396.99503013,2402.31364497,942.45854949,84485.54139382
2025-03-02 04:29:20,AMZN,SELL,296.7,1742.98905798,1742.67840184,92.1716754,84577.71306922
2025-03-02 04:30:20,NVDA,SELL,112.2,2665.5358281,2670.35003153,-540.15362459,84037.55944463
2025-03-02 04:30:30,NFLX,BUY,74.3,3015.60406636,3016.02898311,31.57131477,84069.1307594
2025-03-02 04:31:00,TSLA,BUY,136.4,2501.66478915,2514.96769678,1814.51660019,85883.64735959
2025-03-02 04:31:30,NFLX,BUY,256.9,1246.92407008,1241.40846767,-1416.95825854,84466.68910105
2025-03-02 04:31:40,AAPL,BUY,127.0,102.03299204,101.39467079,-81.06679862,84385.62230243
2025-03-02 04:32:40,MSFT,BUY,96.8,331.8345072,329.81774153,-195.22291752,84190.3993849
2025-03-02 04:32:50,NVDA,SELL,122.8,1988.86853761,1959.73328612,3577.80888306,87768.20826796
2025-03-02 04:33:10,AMZN,BUY,276.3,3078.076745,3047.82678988,-8358.06259866,79410.1456693
2025-03-02 04:33:40,AMZN,BUY,132.5,1776.05370363,1773.91788595,-282.99584281,79127.14982649
2025-03-02 04:34:40,MSFT,BUY,130.1,1113.42508398,1110.51506991,-378.59283035,78748.55699614
2025-03-02 04:35:00,MSFT,BUY,245.8,658.57526713,660.24203326,409.69111448,79158.24811062
2025-03-02 04:35:20,TSLA,BUY,67.6,521.0764908,517.38623257,-249.4614564,78908.78665422
2025-03-02 04:35:40,NFLX,SELL,97.5,3192.06031253,3196.68401809,-450.81129231,78457.9753619
2025-03-02 04:36:10,TSLA,SELL,288.9,364.71216667,368.51473752,-1098.56271975,77359.41264215
2025-03-02 04:36:30,NVDA,SELL,264.9,939.66796777,941.60142084,-512.17171832,76847.24092383
2025-03-02 04:36:50,NFLX,BUY,177.9,144.97796388,144.6988347,-49.65708037,76797.58384346
2025-03-02 04:37:20,AMZN,SELL,283.7,2716.10477003,2712.53395694,1013.0396744,77810.62351785
2025-03-02 04:37:30,NFLX,SELL,122.2,1066.22660542,1068.03572203,-221.07404938,77589.54946848
2025-03-02 04:37:40,MSFT,SELL,148.3,1381.98336541,1368.52524995,1995.83852171,79585.38799019
2025-03-02 04:38:10,MSFT,BUY,91.9,2450.23865687,2453.36442646,287.25822513,79872.64621532
2025-03-02 04:39:10,AMZN,SELL,175.8,1155.04883916,1161.10106946,-1063.98208776,78808.66412756
2025-03-02 04:39:20,NVDA,SELL,88.9,2294.8168118,2309.7018867,-1323.28315889,77485.38096867
2025-03-02 04:39:40,AMZN,SELL,71.9,1959.95417509,1940.12730364,1425.55205775,78910.93302642
2025-03-02 04:40:10,AMZN,BUY,118.5,235.35889412,231.9827057,-400.07832701,78510.85469941
2025-03-02 04:40:30,TSLA,BUY,288.4,3349.20818871,3338.95111298,-2958.1406405,75552.71405891
2025-03-02 04:40:40,NFLX,SELL,148.1,708.92279372,708.22107955,103.92386739,75656.6379263
2025-03-02 04:41:00,TSLA,BUY,85.3,3322.4509731,3311.82181287,-906.66736719,74749.97055911
2025-03-02 04:41:30,NFLX,BUY,145.4,3436.27576313,3443.67873138,1076.39158377,75826.36214288
2025-03-02 04:41:50,NVDA,BUY,135.6,2735.79743226,2710.0552563,-3490.63905913,72335.72308374
2025-03-02 04:42:50,AMZN,SELL,284.5,596.47146561,598.79799205,-661.89677212,71673.82631162
2025-03-02 04:43:10,TSLA,SELL,271.9,3220.00074488,3250.44626647,-8278.13732236,63395.68898926
2025-03-02 04:43:20,AAPL,BUY,133.7,334.7255855,336.01336344,172.17591102,63567.86490028
2025-03-02 04:43:40,NFLX,BUY,208.9,1166.59062417,1157.53672124,-1891.36032239,61676.50457789
2025-03-02 04:44:00,TSLA,SELL,253.6,2127.98805641,2121.22007099,1716.36110086,63392.86567875
2025-03-02 04:44:20,AMZN,BUY,83.1,1399.21988116,1392.34329591,-571.44423456,62821.4214442
2025-03-02 04:44:50,AAPL,BUY,210.7,1119.65181618,1113.29408391,-1339.57419015,61481.84725404
2025-03-02 04:45:50,AMZN,SELL,224.0,2143.21464743,2161.91825311,-4189.60767369,57292.23958036
2025-03-02 04:46:10,AMZN,BUY,167.3,793.89804793,790.95783373,-491.89783554,56800.34174481
2025-03-02 04:46:30,NFLX,SELL,95.0,2823.19165324,2852.46392859,-2780.86615775,54019.47558707
2025-03-02 04:46:50,NFLX,SELL,222.5,186.1852545,184.53616431,366.92256719,54386.39815425
2025-03-02 04:47:50,MSFT,BUY,63.9,1174.74445926,1161.62689421,-838.21240686,53548.18574739
2025-03-02 04:48:10,AMZN,BUY,70.1,1415.14462298,1421.83938057,469.30250763,54017.48825503
2025-03-02 04:48:20,TSLA,SELL,124.5,600.35505372,600.32121778,4.21257467,54021.70082969
2025-03-02 04:48:40,AAPL,BUY,126.9,519.04135765,518.14607534,-113.61132477,53908.08950492
2025-03-02 04:49:40,MSFT,BUY,90.4,3248.60250338,3256.90657255,750.68785235,54658.77735727
2025-03-02 04:49:50,AMZN,BUY,188.5,3107.22767383,3148.33299654,7748.35333057,62407.13068785
2025-03-02 04:50:00,NFLX,SELL,98.9,1917.50134513,1900.66770331,1664.84717618,64071.97786402
2025-03-02 04:51:00,AAPL,SELL,134.7,2683.40043866,2651.69499067,4270.72384388,68342.7017079
2025-03-02 04:51:20,AMZN,SELL,234.5,3337.01231857,3362.37403476,-5947.32244536,62395.37926254
2025-03-02 04:51:50,NFLX,BUY,114.3,268.66008839,269.18237375,59.69721675,62455.07647929
2025-03-02 04:52:50,NVDA,SELL,106.7,1681.12353635,1685.18109624,-432.94163995,62022.13483934
2025-03-02 04:53:10,AAPL,SELL,135.5,1540.81840777,1542.9821634,-293.18888789,61728.94595144
2025-03-02 04:54:10,TSLA,BUY,161.2,3369.27248927,3310.07766486,-9542.20569399,52186.74025745
2025-03-02 04:54:20,MSFT,BUY,192.2,3192.46480824,3188.32420755,-795.82345269,51390.91680476
2025-03-02 04:54:30,NFLX,BUY,253.0,2691.39359642,2674.16995836,-4357.58042867,47033.33637609
2025-03-02 04:55:00,NVDA,BUY,140.8,2984.80403298,2939.24393319,-6414.86205052,40618.47432557
2025-03-02 04:55:20,NFLX,SELL,285.2,2799.37945374,2830.58591753,-8900.08347362,31718.39085195
2025-03-02 04:55:50,MSFT,SELL,261.3,2837.33086094,2853.45936411,-4214.37787814,27504.01297381
2025-03-02 04:56:20,NVDA,SELL,62.8,1443.18134871,1462.45150879,-1210.16605271,26293.8469211
2025-03-02 04:56:40,MSFT,SELL,237.2,1631.19131165,1618.89137222,2917.54563474,29211.39255584
2025-03-02 04:57:00,MSFT,SELL,208.7,1313.74026019,1319.89806769,-1285.13442554,27926.2581303
2025-03-02 04:57:30,MSFT,SELL,101.0,1955.36629396,1943.84105004,1164.04963611,29090.30776641
2025-03-02 04:58:30,TSLA,BUY,237.2,1092.49798989,1079.3966145,-3107.64624225,25982.66152416
2025-03-02 04:58:50,NFLX,BUY,228.8,3388.72204726,3386.23215624,-569.68706597,25412.97445819
2025-03-02 04:59:00,MSFT,SELL,156.8,3354.25843064,3379.73991541,-3995.49681248,21417.47764571
2025-03-02 04:59:30,MSFT,BUY,226.8,1885.16775683,1884.27169616,-203.22656041,21214.2510853
2025-03-02 04:59:50,NFLX,BUY,161.7,957.38778348,955.37604736,-325.29773185,20888.95335345
2025-03-02 05:00:00,TSLA,SELL,59.8,103.20761191,102.92987036,16.60894448,20905.56229793
2025-03-02 05:01:00,AAPL,SELL,110.6,3422.7649988,3449.06017996,-2908.2470362,17997.31526173
2025-03-02 05:01:20,AAPL,BUY,88.3,1972.2455614,1979.5426116,644.32953251,18641.64479424
2025-03-02 05:02:20,AMZN,SELL,200.1,2575.59588694,2593.88269949,-3659.19119023,14982.45360401
2025-03-02 05:02:30,TSLA,SELL,193.4,3416.39525013,3437.1900733,-4021.7188005,10960.73480351
2025-03-02 05:03:30,TSLA,SELL,212.1,1261.57978315,1258.05301842,748.02679821,11708.76160173
2025-03-02 05:03:50,MSFT,BUY,199.3,2873.53429413,2855.77427178,-3539.57245495,8169.18914677
2025-03-02 05:04:10,AAPL,SELL,168.4,1438.36076894,1433.61739176,798.7847175,8967.97386427
2025-03-02 05:04:30,AAPL,BUY,72.0,3056.80892836,3079.14744564,1608.37324407,10576.34710835
2025-03-02 05:04:40,AMZN,SELL,261.9,2741.11468651,2734.97473649,1608.05290895,12184.4000173
2025-03-02 05:05:40,MSFT,BUY,226.7,662.69923386,655.91833234,-1537.2303727,10647.1696446
2025-03-02 05:05:50,NFLX,BUY,208.8,1920.18241141,1911.26280615,-1862.41357875,8784.75606585
2025-03-02 05:06:00,NVDA,SELL,130.5,241.09090673,239.91171134,153.8849983,8938.64106415
2025-03-02 05:06:30,NVDA,BUY,264.5,2003.13184853,1991.40740983,-3101.11403639,5837.52702777
2025-03-02 05:06:50,AMZN,BUY,229.8,3340.60838894,3391.13016503,11609.90414617,17447.43117394
2025-03-02 05:07:20,AMZN,BUY,181.9,3262.56168973,3246.68667772,-2887.66468553,14559.76648841
2025-03-02 05:07:30,NVDA,SELL,183.1,1129.43543612,1132.71636138,-600.73741494,13959.02907347
2025-03-02 05:07:40,MSFT,SELL,200.1,2019.01639845,2012.6008476,1283.75172579,15242.78079925
2025-03-02 05:08:10,AMZN,SELL,292.5,2198.4603722,2179.07400145,5670.51344464,20913.29424389
2025-03-02 05:09:10,TSLA,SELL,280.7,2573.94586818,2584.3701634,-2926.09966879,17987.1945751
2025-03-02 05:10:10,AMZN,BUY,216.7,752.87945506,761.59662887,1889.01156465,19876.20613975
2025-03-02 05:11:10,NVDA,BUY,200.6,2219.49052426,2275.4582047,11227.11669496,31103.32283471
2025-03-02 05:12:10,TSLA,BUY,179.8,1237.1045922,1225.98555518,-1999.20285668,29104.11997803
2025-03-02 05:12:40,NVDA,BUY,251.3,771.69007931,783.56451161,2984.04483789,32088.16481593
2025-03-02 05:13:10,NVDA,BUY,119.2,1588.23720477,1578.39502626,-1173.18767935,30914.97713658
2025-03-02 05:14:10,NFLX,SELL,136.8,1997.78202523,1964.7773389,4515.04108903,35430.01822561
2025-03-02 05:14:20,TSLA,SELL,59.2,2606.25020745,2606.84354807,-35.1257644,35394.89246121
2025-03-02 05:14:50,TSLA,SELL,134.1,1714.21462055,1736.75144344,-3022.18795011,32372.70451109
2025-03-02 05:15:10,NFLX,BUY,71.4,1749.06115758,1754.10751933,360.31022879,32733.01473989
2025-03-02 05:16:10,TSLA,BUY,179.5,3406.36872609,3369.12053744,-6686.0498633,26046.96487658
2025-03-02 05:16:30,NVDA,BUY,157.3,1743.89348936,1752.16048305,1300.39810697,27347.36298355
2025-03-02 05:16:50,TSLA,SELL,76.5,354.64586281,353.26054842,105.97655046,27453.33953401
2025-03-02 05:17:10,AAPL,BUY,176.2,762.8581231,766.72323121,681.03204912,28134.37158313
2025-03-02 05:17:20,NFLX,SELL,65.5,2713.74024663,2692.35612273,1400.6601158,29535.03169894
2025-03-02 05:17:30,MSFT,BUY,63.2,223.96757281,224.32355584,22.49812788,29557.52982681
2025-03-02 05:18:30,MSFT,SELL,79.5,2936.15796791,2934.30073426,147.6500749,29705.17990171
2025-03-02 05:19:30,MSFT,SELL,115.6,2969.5778046,2955.81977179,1590.42859361,31295.60849532
2025-03-02 05:20:30,MSFT,SELL,60.0,1533.82289959,1560.44928702,-1597.58324614,29698.02524918
2025-03-02 05:21:30,MSFT,BUY,133.1,2041.08398276,2017.83713614,-3094.15528424,26603.86996494
2025-03-02 05:21:40,AMZN,SELL,76.7,1172.81281425,1165.48361257,562.14976899,27166.01973393
2025-03-02 05:21:50,NVDA,SELL,291.6,2706.42621202,2700.80117273,1640.26145606,28806.28118999
2025-03-02 05:22:10,AAPL,SELL,266.3,3398.25315267,3441.7110501,-11572.83808633,17233.44310366
2025-03-02 05:22:40,AAPL,BUY,207.7,1069.69972911,1076.56402187,1425.71360609,18659.15670974
2025-03-02 05:23:00,MSFT,BUY,170.5,1649.2084681,1638.52976646,-1820.71862832,16838.43808142
2025-03-02 05:23:30,MSFT,SELL,281.2,1181.33467976,1190.37617298,-2542.46789304,14295.97018838
2025-03-02 05:23:50,NVDA,BUY,171.4,291.16260249,291.63954753,81.7483786,14377.71856698
2025-03-02 05:24:20,MSFT,SELL,112.4,1957.78405232,1969.77944657,-1348.282314,13029.43625298
2025-03-02 05:24:50,AMZN,SELL,263.0,1267.13666282,1274.2397303,-1868.10674782,11161.32950516
2025-03-02 05:25:10,NFLX,SELL,54.0,438.57102604,448.44643314,-533.27198346,10628.05752169
2025-03-02 05:25:40,AMZN,SELL,144.2,3376.52964154,3356.59306857,2874.85382099,13502.91134269
2025-03-02 05:26:40,MSFT,BUY,283.1,2422.58857146,2426.10134742,994.46687445,14497.37821713
2025-03-02 05:27:00,AAPL,SELL,81.5,2057.26186019,2081.32681969,-1961.29419883,12536.0840183
2025-03-02 05:27:20,AMZN,SELL,270.0,1481.81622435,1487.13459039,-1435.9588301,11100.12518821
2025-03-02 05:27:40,NFLX,BUY,274.8,2305.52204142,2287.98327624,-4819.65266973,6280.47251847
2025-03-02 05:28:40,AAPL,BUY,100.4,1152.95181776,1155.88973273,294.96666318,6575.43918165
2025-03-02 05:29:40,TSLA,SELL,240.1,3190.01009224,3159.66078371,7286.86897683,13862.30815848
2025-03-02 05:30:40,NVDA,BUY,239.1,725.75222497,731.87168512,1463.16292143,15325.47107992
2025-03-02 05:31:40,NFLX,BUY,106.4,1712.13701599,1706.02888207,-649.9054487,14675.56563121
2025-03-02 05:31:50,NVDA,SELL,167.1,1208.97886404,1210.07313941,-182.85341431,14492.7122169
2025-03-02 05:32:00,NFLX,SELL,296.2,603.05833597,601.1847691,554.95050606,15047.66272297
2025-03-02 05:32:30,NVDA,SELL,242.3,792.01857122,790.08212312,469.20137303,15516.864096
2025-03-02 05:33:00,AMZN,BUY,191.4,1546.71924152,1562.94330551,3105.2858461,18622.14994209
2025-03-02 05:33:30,NFLX,BUY,71.7,3109.81218761,3104.23146865,-400.13754917,18222.01239292
2025-03-02 05:33:50,NVDA,SELL,278.3,1930.43454714,1948.03324614,-4897.71793198,13324.29446094
2025-03-02 05:34:20,MSFT,SELL,283.8,554.56522496,552.84668516,487.72159527,13812.01605621
2025-03-02 05:35:20,AAPL,SELL,285.3,2654.83927961,2631.50599434,6656.98628613,20469.00234234
2025-03-02 05:35:50,NFLX,BUY,118.9,3289.81598658,3327.20156829,4445.14566487,24914.14800721
2025-03-02 05:36:10,NVDA,SELL,225.2,1229.38657501,1235.24328313,-1318.9306688,23595.21733841
2025-03-02 05:37:10,AAPL,BUY,65.9,2611.05658155,2598.73459286,-812.01905469,22783.19828371
2025-03-02 05:37:30,TSLA,SELL,120.7,1416.55868011,1431.86967238,-1848.03676647,20935.16151724
2025-03-02 05:38:00,NVDA,SELL,144.3,3420.49996687,3444.74970232,-3499.23682538,17435.92469187
2025-03-02 05:39:00,AMZN,SELL,158.6,2826.25657274,2821.72659042,718.45519576,18154.37988763
2025-03-02 05:40:00,TSLA,BUY,104.7,3322.13300202,3328.29468414,645.12811841,18799.50800604
2025-03-02 05:40:10,NFLX,BUY,239.0,1209.14972374,1224.22819983,3603.75578654,22403.26379258
2025-03-02 05:40:40,NFLX,BUY,235.6,1611.54990364,1591.81858414,-4648.69887401,17754.56491857
2025-03-02 05:41:00,AMZN,BUY,64.6,876.32625805,874.62479177,-109.91472196,17644.65019661
2025-03-02 05:41:10,AMZN,BUY,138.7,671.26817746,661.11854799,-1407.75360663,16236.89658998
2025-03-02 05:41:20,AMZN,BUY,64.3,1459.9422622,1471.12882585,719.29604275,16956.19263273
2025-03-02 05:41:30,MSFT,BUY,199.5,615.92590404,616.9488503,204.07777789,17160.27041062
2025-03-02 05:41:40,AMZN,SELL,154.8,2360.1132967,2346.23203479,2148.8193426,19309.08975322
2025-03-02 05:42:00,NFLX,SELL,51.8,1815.76677912,1839.82508251,-1246.22011545,18062.86963777
2025-03-02 05:43:00,TSLA,BUY,215.3,2451.84838806,2449.67482328,-467.96849677,17594.901141
2025-03-02 05:43:20,AAPL,SELL,155.2,3428.70825869,3418.05888138,1652.78335881,19247.68449981
2025-03-02 05:43:50,AMZN,SELL,277.5,1806.61437745,1815.55908852,-2482.15732251,16765.5271773
2025-03-02 05:44:20,AMZN,BUY,266.1,2812.53591656,2849.39948129,9809.39457468,26574.92175198
2025-03-02 05:44:40,MSFT,SELL,168.8,1653.41944391,1658.55662776,-867.15663523,25707.76511675
2025-03-02 05:45:40,NFLX,SELL,70.8,2470.36526459,2468.49126069,132.67947595,25840.4445927
2025-03-02 05:46:10,MSFT,BUY,170.1,3034.06271926,3036.15284547,355.53046676,26195.97505945
2025-03-02 05:46:20,NVDA,SELL,269.4,1518.35854852,1509.28576968,2444.20661944,28640.1816789
2025-03-02 05:47:20,TSLA,SELL,256.6,793.58165227,789.45612672,1058.60985559,29698.79153449
2025-03-02 05:47:30,MSFT,BUY,178.2,3404.27402451,3406.56627826,408.47961962,30107.27115411
2025-03-02 05:48:00,AMZN,BUY,167.4,1088.98130439,1085.21104304,-631.14174934,29476.12940477
2025-03-02 05:49:00,AMZN,SELL,82.3,755.09974805,759.89504505,-394.6529428,29081.47646198
2025-03-02 05:49:10,AMZN,SELL,245.0,1112.72195453,1098.98826643,3364.7535844,32446.23004638
2025-03-02 05:49:30,AAPL,SELL,133.2,665.02899867,664.17440385,113.83203009,32560.06207647
2025-03-02 05:49:50,MSFT,SELL,135.8,3295.74286781,3295.49796613,33.25764873,32593.3197252
2025-03-02 05:50:50,TSLA,SELL,272.8,709.15732219,710.89890519,-475.10384344,32118.21588176
2025-03-02 05:51:50,NVDA,BUY,227.4,1665.20826866,1668.91633624,843.21456858,32961.43045034
2025-03-02 05:52:50,TSLA,SELL,96.1,1058.2050112,1053.89419415,414.26951914,33375.69996948
2025-03-02 05:53:20,NFLX,SELL,55.5,233.83039139,232.93480495,49.70504705,33425.40501653
2025-03-02 05:54:20,AAPL,BUY,201.5,1690.2500943,1695.11092631,979.45764913,34404.86266566
2025-03-02 05:54:40,AAPL,SELL,56.8,1556.39612193,1561.32428028,-279.91939403,34124.94327163
2025-03-02 05:55:40,NFLX,SELL,183.9,1571.65573159,1574.96942075,-609.38743531,33515.55583632
2025-03-02 05:56:00,AAPL,BUY,147.3,1721.7435349,1736.85769093,2226.31518322,35741.87101953
2025-03-02 05:56:10,MSFT,BUY,290.5,3251.4857113,3210.76025367,-11830.74544134,23911.12557819
2025-03-02 05:56:30,AAPL,SELL,163.2,1830.46073744,1834.02877729,-582.30410368,23328.82147451
2025-03-02 05:57:00,NFLX,SELL,119.8,1060.67090956,1051.42009082,1108.24808502,24437.06955953
2025-03-02 05:57:10,AAPL,BUY,299.7,1476.89319708,1478.19918795,391.40546296,24828.47502249
2025-03-02 05:57:20,TSLA,SELL,88.6,380.74533732,378.83760435,169.02514103,24997.50016351
2025-03-02 05:58:20,AMZN,SELL,177.6,1594.51400203,1583.58390366,1941.18547103,26938.68563454
2025-03-02 05:59:20,AAPL,SELL,125.8,395.68786887,392.12334173,448.41751373,27387.10314827
2025-03-02 05:59:30,TSLA,BUY,286.2,3386.29869389,3407.91259269,6185.8978361,33573.00098438
2025-03-02 06:00:00,AMZN,BUY,51.5,3192.62432978,3145.13501926,-2445.69949155,31127.30149282
2025-03-02 06:01:00,TSLA,SELL,287.1,2856.32413915,2857.36364636,-298.44252166,30828.85897117
2025-03-02 06:02:00,AAPL,BUY,114.4,148.2685572,148.93082709,75.7636751,30904.62264626
2025-03-02 06:02:20,AMZN,BUY,223.2,1629.80849251,1634.03893562,944.23490233,31848.85754859
2025-03-02 06:02:30,AMZN,BUY,151.4,1913.30006272,1885.68941637,-4180.25185789,27668.6056907
2025-03-02 06:02:50,AMZN,SELL,294.4,675.15043906,675.12040679,8.84150253,27677.44719323
2025-03-02 06:03:20,NFLX,BUY,106.8,2151.03443713,2171.31460817,2165.92226737,29843.3694606
2025-03-02 06:03:30,AMZN,SELL,223.7,1948.87603933,1953.18822389,-964.6356846,28878.733776
2025-03-02 06:03:50,AAPL,BUY,142.7,2178.56163124,2178.71075084,21.27936624,28900.01314224
2025-03-02 06:04:00,NFLX,SELL,92.6,2725.31689389,2691.23878348,3155.6330241,32055.64616634
2025-03-02 06:04:30,TSLA,SELL,245.4,1568.14412337,1553.34762143,3631.06157438,35686.70774072
2025-03-02 06:04:40,TSLA,BUY,248.5,1746.18830936,1720.45790649,-6394.00511205,29292.70262867
2025-03-02 06:04:50,NFLX,SELL,109.6,2853.92772852,2874.29490019,-2232.24201489,27060.46061378
2025-03-02 06:05:10,AAPL,BUY,176.1,862.90213132,864.03629374,199.72600315,27260.18661692
2025-03-02 06:05:30,AAPL,SELL,291.7,1614.76056928,1643.13156553,-8275.81960621,18984.36701071
2025-03-02 06:05:40,NVDA,BUY,265.9,2042.07722547,2045.50030611,910.19714127,19894.56415198
2025-03-02 06:05:50,AMZN,BUY,195.8,3051.13073089,3024.48520201,-5217.19455374,14677.36959824
2025-03-02 06:06:20,NFLX,SELL,143.0,2541.24820563,2539.38382348,266.60664808,14943.97624632
2025-03-02 06:07:20,TSLA,BUY,266.8,1441.22992885,1430.99408893,-2730.92209055,12213.05415577
2025-03-02 06:08:20,NFLX,BUY,291.7,929.584028,935.23229127,1647.59839513,13860.6525509
2025-03-02 06:08:50,AAPL,SELL,160.9,3386.51555105,3378.61118988,1271.81171103,15132.46426193
2025-03-02 06:09:50,NVDA,SELL,181.5,1191.38995518,1180.70324694,1939.63754449,17072.10180642
2025-03-02 06:10:10,TSLA,SELL,62.9,2604.0087937,2623.37032789,-1217.84050036,15854.26130606
2025-03-02 06:10:40,AMZN,SELL,146.6,267.6012754,264.69282629,426.37864005,16280.63994612
2025-03-02 06:11:00,MSFT,BUY,130.2,1769.46719307,1754.18272909,-1990.03721038,14290.60273574
2025-03-02 06:12:00,NVDA,SELL,127.4,753.67692279,753.26617836,52.32884008,14342.93157581
2025-03-02 06:13:00,NFLX,SELL,194.1,1612.02344132,1616.71727483,-911.0730845,13431.85849131
2025-03-02 06:13:20,AAPL,SELL,110.4,3443.35861261,3475.29593021,-3525.87986369,9905.97862762
2025-03-02 06:13:40,NFLX,BUY,72.1,2164.9030171,2181.75638114,1215.12754751,11121.10617513
2025-03-02 06:14:40,AMZN,BUY,66.0,2401.36573781,2430.35754189,1913.459069,13034.56524412
2025-03-02 06:15:10,AMZN,SELL,260.4,817.29762811,821.25731241,-1031.10179172,12003.4634524
2025-03-02 06:15:20,MSFT,BUY,261.0,203.20293881,200.79042141,-629.66704281,11373.79640959
2025-03-02 06:15:30,TSLA,BUY,288.3,554.84569298,553.92035147,-266.7759573,11107.02045229
2025-03-02 06:15:40,AAPL,SELL,99.8,347.06299778,350.41315012,-334.34520423,10772.67524806
2025-03-02 06:16:00,AAPL,SELL,81.4,1952.32368994,1928.47148206,1941.56972138,12714.24496944
2025-03-02 06:17:00,MSFT,SELL,109.7,1085.07514471,1081.39805437,403.37681018,13117.62177962
2025-03-02 06:17:10,TSLA,BUY,104.4,2493.70693881,2466.46334204,-2844.23150307,10273.39027655
2025-03-02 06:17:20,TSLA,SELL,147.7,1346.70819099,1339.92051259,1002.54010023,11275.93037678
2025-03-02 06:17:30,NFLX,BUY,129.2,331.32686791,333.2670001,250.66507931,11526.59545608
2025-03-02 06:18:00,NFLX,SELL,176.5,1007.10146808,1011.0872184,-703.48493174,10823.11052434
2025-03-02 06:18:30,NFLX,BUY,139.9,2972.5378904,2981.65609167,1275.63635834,12098.74688268
2025-03-02 06:19:00,AAPL,BUY,128.2,2436.59676777,2439.6082779,386.07559865,12484.82248134
2025-03-02 06:19:30,TSLA,BUY,152.3,133.41367874,133.05447298,-54.70703617,12430.11544517
2025-03-02 06:19:40,TSLA,SELL,223.3,1219.88951563,1212.44800182,1661.69003208,14091.80547725
2025-03-02 06:20:00,MSFT,BUY,123.5,2859.53184911,2883.23857811,2927.78103171,17019.58650896
2025-03-02 06:20:20,NFLX,SELL,231.8,1617.50962395,1626.32650492,-2043.75300771,14975.83350125
2025-03-02 06:20:30,NFLX,SELL,278.8,2172.91848814,2152.86345384,5591.34356337,20567.17706462
2025-03-02 06:21:30,NFLX,SELL,237.9,631.63128159,623.23774362,1996.82268375,22563.99974837
2025-03-02 06:21:40,TSLA,SELL,133.4,1713.0787081,1719.97559128,-920.0442156,21643.95553277
2025-03-02 06:22:10,TSLA,SELL,272.3,2069.66556948,2101.924911,-8784.21869473,12859.73683805
2025-03-02 06:22:40,NVDA,SELL,62.8,1863.74268019,1879.02699763,-959.85513499,11899.88170305
2025-03-02 06:23:10,NFLX,SELL,173.0,891.71909338,885.01052002,1160.58319021,13060.46489326
2025-03-02 06:23:40,TSLA,BUY,130.7,1814.05166252,1805.91366848,-1063.63582164,11996.82907162
2025-03-02 06:24:40,MSFT,SELL,166.0,977.56598679,980.72714478,-524.75222604,11472.07684558
2025-03-02 06:25:10,AMZN,SELL,244.0,461.1270138,463.76787989,-644.3713255,10827.70552008
2025-03-02 06:26:10,NFLX,BUY,241.9,2847.05491557,2854.05647432,1693.67706254,12521.38258262
2025-03-02 06:26:40,AAPL,BUY,194.3,2936.70430555,2917.33116678,-3764.20086303,8757.18171959
2025-03-02 06:27:10,NVDA,BUY,164.6,2297.78507578,2288.12278045,-1590.4138103,7166.7679093
2025-03-02 06:27:30,NVDA,BUY,70.4,2272.47427471,2273.06342754,41.47635945,7208.24426875
2025-03-02 06:28:00,MSFT,BUY,123.2,1579.04962076,1565.25351222,-1699.68057187,5508.56369688
2025-03-02 06:28:10,AMZN,SELL,248.8,2451.58756671,2454.2419172,-660.40240139,4848.16129549
2025-03-02 06:28:30,NVDA,SELL,76.1,655.40512913,642.96994745,946.31732563,5794.47862112
2025-03-02 06:28:50,NVDA,SELL,212.4,462.82018495,470.38107338,-1605.93270372,4188.5459174
2025-03-02 06:29:00,AMZN,BUY,257.0,3051.19861244,3034.9211094,-4183.31828102,5.22763638
2025-03-02 06:29:10,NVDA,SELL,62.3,482.1498924,482.9132964,-47.56006913,-42.33243275
2025-03-02 06:29:30,NFLX,BUY,83.9,975.42933607,970.07400166,-449.31255733,-491.64499009
2025-03-02 06:30:00,NFLX,SELL,202.6,3306.14146584,3268.24855418,7677.10390303,7185.45891294
2025-03-02 06:30:10,AAPL,SELL,227.6,2938.91087132,2946.53652708,-1735.59924954,5449.8596634
2025-03-02 06:30:40,AMZN,SELL,209.8,1035.3361973,1030.92379737,925.72150578,6375.58116917
2025-03-02 06:30:50,TSLA,BUY,299.4,1259.27071039,1250.19719765,-2716.60971241,3658.97145676
2025-03-02 06:31:50,NVDA,BUY,56.2,3264.28566891,3239.10627311,-1415.08204401,2243.88941275
2025-03-02 06:32:20,MSFT,BUY,231.3,2468.74255877,2478.36680819,2226.0888914,4469.97830415
2025-03-02 06:32:50,NFLX,BUY,82.1,2300.96325687,2320.69502674,1619.97830635,6089.9566105
2025-03-02 06:33:10,NFLX,SELL,295.6,2310.63636592,2308.32250522,683.97722008,6773.93383059
2025-03-02 06:34:10,MSFT,BUY,140.6,235.82310917,237.42082414,224.63872432,6998.5725549
2025-03-02 06:34:30,NVDA,SELL,225.4,2909.72705944,2894.16944265,3506.68682402,10505.25937892
2025-03-02 06:34:50,NVDA,BUY,167.3,1551.4420746,1550.68403167,-126.82058221,10378.43879671
2025-03-02 06:35:50,NFLX,BUY,210.3,3257.08881184,3263.91741081,1436.05436436,11814.49316107
2025-03-02 06:36:50,AAPL,SELL,293.1,324.5880466,319.52561116,1483.7998267,13298.29298777
2025-03-02 06:37:50,NFLX,BUY,169.5,1324.20366656,1338.7137724,2459.46293832,15757.75592609
2025-03-02 06:38:10,MSFT,BUY,228.8,2351.58933832,2331.15770331,-4674.75809008,11082.99783601
2025-03-02 06:39:10,NFLX,BUY,128.9,1011.68698068,1014.52270057,365.52429391,11448.52212992
2025-03-02 06:39:30,AAPL,SELL,199.4,235.31023294,233.72080825,316.93128257,11765.45341249
2025-03-02 06:40:30,NFLX,BUY,272.7,3056.9660085,3013.40648267,-11878.6826939,-113.2292814
2025-03-02 06:40:40,AMZN,SELL,217.7,361.69522223,355.24122522,1405.03514838,1291.80586698
2025-03-02 06:41:10,TSLA,SELL,111.2,2892.28202927,2919.43343734,-3019.23657768,-1727.43071071
2025-03-02 06:41:40,NFLX,BUY,110.8,3082.20959005,3075.48927042,-744.61141514,-2472.04212585
2025-03-02 06:42:10,NVDA,SELL,98.1,1971.94015744,1980.64644632,-854.08693927,-3326.12906511
2025-03-02 06:42:30,AAPL,BUY,260.9,265.80548396,267.25195532,377.3843773,-2948.74468781
2025-03-02 06:42:50,NVDA,BUY,135.6,1589.34985808,1578.18291747,-1514.23714669,-4462.9818345
2025-03-02 06:43:00,NFLX,BUY,195.6,2672.5982678,2674.73392941,417.73541103,-4045.24642346
2025-03-02 06:43:20,MSFT,BUY,97.1,734.40632937,741.16094063,655.87275324,-3389.37367023
2025-03-02 06:43:50,NVDA,BUY,62.3,159.49392756,159.87234532,23.57542682,-3365.7982434
2025-03-02 06:44:20,AMZN,BUY,254.9,2047.41894074,2028.46612088,-4831.07378086,-8196.87202426
2025-03-02 06:44:50,NFLX,BUY,118.6,2127.57809149,2104.88741404,-2691.11434511,-10887.98636937
2025-03-02 06:45:10,MSFT,SELL,233.8,190.46844466,192.27956617,-423.44020806,-11311.42657743
2025-03-02 06:46:10,NFLX,BUY,218.8,2621.72603857,2660.51420562,8486.8509498,-2824.57562763
2025-03-02 06:46:20,MSFT,BUY,138.1,799.99875981,805.4392591,751.33295242,-2073.24267521
2025-03-02 06:46:50,AAPL,SELL,207.1,3373.29078513,3384.56245419,-2334.36266257,-4407.60533779
2025-03-02 06:47:10,NFLX,SELL,76.4,725.94449943,727.82141721,-143.39651887,-4551.00185665
2025-03-02 06:47:20,NFLX,BUY,245.4,2202.16907145,2224.7865257,5550.32327477,999.32141811
2025-03-02 06:47:30,NFLX,SELL,258.6,2491.14257429,2481.95185786,2376.71926815,3376.04068626
2025-03-02 06:48:00,AAPL,BUY,128.5,2277.52073158,2291.30546543,1771.33830038,5147.37898664
2025-03-02 06:48:30,NFLX,SELL,58.4,3357.10162604,3325.02054681,1873.53502688,7020.91401352
2025-03-02 06:48:50,AMZN,BUY,94.0,2521.5486976,2527.31403285,541.941513,7562.85552653
2025-03-02 06:49:20,MSFT,BUY,173.6,900.30309045,903.33314788,526.01796875,8088.87349528
2025-03-02 06:49:40,MSFT,SELL,277.9,1802.10640994,1793.77461204,2315.40663391,10404.28012919
2025-03-02 06:49:50,TSLA,SELL,211.5,598.48949434,595.66782115,596.78388043,11001.06400961
2025-03-02 06:50:20,AMZN,BUY,198.4,2423.66001153,2414.76733856,-1764.30631854,9236.75769108
2025-03-02 06:50:30,NFLX,SELL,127.4,2666.41335843,2620.13130363,5896.33378163,15133.09147271
2025-03-02 06:51:00,NVDA,BUY,123.1,3445.90417749,3412.98367952,-4052.51329979,11080.57817292
2025-03-02 06:51:30,AAPL,SELL,138.6,1102.37861038,1088.41289863,1935.64764833,13016.22582125
2025-03-02 06:52:30,AAPL,SELL,116.4,3211.98579729,3222.59817041,-1235.28023125,11780.94559
2025-03-02 06:52:50,NVDA,SELL,75.9,3145.7734873,3163.15005266,-1318.88131064,10462.06427936
2025-03-02 06:53:10,NFLX,SELL,292.1,673.74809055,675.17976209,-418.19125558,10043.87302378
2025-03-02 06:53:30,TSLA,BUY,286.4,1639.80342541,1624.23193882,-4459.67376012,5584.19926366
2025-03-02 06:54:30,NVDA,SELL,125.9,740.22858472,746.49277907,-788.66206888,4795.53719478
2025-03-02 06:55:30,TSLA,BUY,86.0,416.25919149,415.66671188,-50.95324638,4744.5839484
2025-03-02 06:55:50,MSFT,BUY,85.3,2804.96647928,2784.48324703,-1747.21971045,2997.36423795
2025-03-02 06:56:10,NFLX,BUY,210.9,543.08947279,540.97053156,-446.8847056,2550.47953236
2025-03-02 06:57:10,TSLA,BUY,184.3,2329.79060891,2349.81437648,3690.38036184,6240.8598942
2025-03-02 06:57:40,MSFT,BUY,220.7,2402.22249584,2375.55074342,-5886.45576029,354.40413391
2025-03-02 06:58:00,TSLA,BUY,163.9,232.62183059,234.04335534,232.98790595,587.39203987
2025-03-02 06:58:30,AMZN,SELL,192.4,3129.31120795,3141.84927124,-2412.32337665,-1824.93133678
2025-03-02 06:59:00,NFLX,SELL,295.0,2392.59815058,2375.78347224,4960.33011012,3135.39877334
2025-03-02 06:59:20,TSLA,BUY,221.7,3451.04249544,3471.54055353,4544.41947975,7679.81825309
2025-03-02 06:59:40,AAPL,SELL,245.2,463.89905632,461.53284624,580.19470983,8260.01296291
2025-03-02 07:00:00,TSLA,BUY,145.7,3194.66682209,3168.08224317,-3873.37314894,4386.63981398
2025-03-02 07:00:10,AAPL,SELL,127.6,1588.40118696,1613.11918828,-3154.01696828,1232.6228457
2025-03-02 07:00:30,MSFT,SELL,284.0,2691.24070953,2699.21134401,-2263.66019087,-1031.03734517
2025-03-02 07:01:00,AMZN,SELL,66.8,959.64716235,964.1330458,-299.65701472,-1330.69435989
2025-03-02 07:02:00,TSLA,BUY,278.1,1011.19070741,1022.46088294,3134.23581601,1803.54145611
2025-03-02 07:02:20,AMZN,BUY,229.8,974.31799377,980.86033733,1503.43055018,3306.97200629
2025-03-02 07:02:50,AMZN,BUY,143.8,195.61312134,194.03945075,-226.29383104,3080.67817525
2025-03-02 07:03:10,TSLA,BUY,108.8,2898.21215312,2906.56281084,908.55155996,3989.22973521
2025-03-02 07:03:30,AMZN,SELL,151.3,2317.75578358,2301.13594196,2514.58203827,6503.81177348
2025-03-02 07:04:00,AMZN,BUY,277.4,157.50351973,157.77984685,76.65314306,6580.46491654
2025-03-02 07:05:00,AAPL,SELL,254.9,1016.74202981,1023.6759554,-1767.45763315,4813.00728339
2025-03-02 07:05:30,MSFT,BUY,279.0,3382.52535764,3349.26340013,-9280.08614529,-4467.0788619
2025-03-02 07:05:40,AMZN,BUY,248.8,1809.77676822,1801.14179614,-2148.3810544,-6615.4599163
2025-03-02 07:06:00,MSFT,SELL,254.0,1023.83983625,1021.38932252,622.43048872,-5993.02942758
2025-03-02 07:06:10,AMZN,BUY,72.1,1386.27306436,1373.22033736,-941.10161653,-6934.13104412
2025-03-02 07:06:30,AMZN,SELL,296.5,666.23094589,675.93416741,-2877.00518026,-9811.13622438
2025-03-02 07:07:00,NVDA,SELL,120.4,2890.88663149,2895.73106561,-583.26986759,-10394.40609197
2025-03-02 07:07:20,NVDA,BUY,174.2,3257.7956321,3232.13634626,-4469.84759237,-14864.25368434
2025-03-02 07:07:40,NFLX,SELL,161.5,2966.01464035,2990.25327723,-3914.53985654,-18778.79354088
2025-03-02 07:07:50,MSFT,BUY,140.3,691.47660007,696.55986503,713.18207327,-18065.61146761
2025-03-02 07:08:10,MSFT,BUY,67.7,2266.82733223,2276.72496615,670.06981628,-17395.54165133
2025-03-02 07:09:10,NVDA,SELL,168.6,3487.16327635,3426.58228391,10213.95532493,-7181.58632641
2025-03-02 07:09:20,AMZN,BUY,158.0,2874.59297419,2884.29254249,1532.53179216,-5649.05453425
2025-03-02 07:10:20,NVDA,SELL,152.7,3114.42450111,3147.06845135,-4984.73120125,-10633.7857355
2025-03-02 07:10:40,NFLX,BUY,207.5,2154.63502739,2135.80969514,-3906.25644324,-14540.04217874
2025-03-02 07:10:50,NFLX,SELL,54.2,418.1019835,417.25348373,45.98868751,-14494.05349124
2025-03-02 07:11:20,MSFT,SELL,109.1,3070.01649843,3086.87343234,-1839.09148863,-16333.14497987
2025-03-02 07:11:40,MSFT,SELL,176.5,1188.0547845,1180.08158086,1407.27044253,-14925.87453734
2025-03-02 07:11:50,TSLA,SELL,289.9,652.53762201,660.06500893,-2182.18946846,-17108.06400579
2025-03-02 07:12:10,TSLA,BUY,52.2,589.17892833,586.76388748,-126.06513228,-17234.12913807
2025-03-02 07:12:20,NVDA,SELL,196.7,167.90797077,169.44738808,-302.80338616,-17536.93252422
2025-03-02 07:13:20,NFLX,BUY,155.7,125.37467742,122.52866578,-443.12401205,-17980.05653628
2025-03-02 07:13:30,TSLA,BUY,160.7,2541.43174808,2523.39105002,-2899.14017855,-20879.19671482
2025-03-02 07:13:40,NVDA,BUY,197.1,2864.68281524,2882.3704252,3486.22792436,-17392.96879047
2025-03-02 07:14:40,AMZN,BUY,109.2,816.59453806,823.75489566,781.91104972,-16611.05774074
2025-03-02 07:15:40,TSLA,SELL,114.6,1513.1344589,1518.28300552,-590.02344287,-17201.08118361
2025-03-02 07:16:40,AMZN,BUY,217.3,3047.8394635,3031.27797558,-3598.81132434,-20799.89250795
2025-03-02 07:16:50,MSFT,SELL,206.7,794.47199098,775.94963292,3828.57141259,-16971.32109536
2025-03-02 07:17:10,TSLA,BUY,298.9,1319.72453585,1298.42588377,-6366.16710429,-23337.48819965
2025-03-02 07:17:20,NVDA,BUY,279.2,2023.8960772,1978.03741056,-12803.73972346,-36141.22792311
2025-03-02 07:17:40,AAPL,SELL,162.8,2822.78153952,2837.17376632,-2343.05452293,-38484.28244604
2025-03-02 07:18:10,AAPL,BUY,98.1,1774.04796558,1796.987116,2250.33065626,-36233.95178978
2025-03-02 07:18:20,TSLA,BUY,111.5,1677.38329575,1674.04710311,-371.9854795,-36605.93726928
2025-03-02 07:18:50,NFLX,BUY,183.3,3337.69764941,3354.42922433,3066.89768163,-33539.03958765
2025-03-02 07:19:50,MSFT,SELL,185.7,2247.2508875,2241.58248199,1052.62290271,-32486.41668495
2025-03-02 07:20:00,NVDA,SELL,205.7,437.09678174,433.80623779,676.86489095,-31809.551794
2025-03-02 07:20:30,AMZN,BUY,244.5,1619.37226368,1612.04523422,-1791.45870419,-33601.01049819
2025-03-02 07:21:30,MSFT,BUY,281.6,1481.52958528,1475.9434398,-1573.05856691,-35174.06906511
2025-03-02 07:22:00,TSLA,BUY,154.7,2515.43417104,2498.20506005,-2665.34346974,-37839.41253484
2025-03-02 07:22:30,MSFT,SELL,216.6,3447.55804768,3448.53897652,-212.46918631,-38051.88172116
2025-03-02 07:22:50,TSLA,BUY,196.5,1070.37383278,1074.48629896,808.09960614,-37243.78211502
2025-03-02 07:23:00,NFLX,BUY,229.4,934.54517263,926.65680635,-1809.59122415,-39053.37333917
2025-03-02 07:24:00,NFLX,SELL,218.4,2741.19264862,2760.08355639,-4125.77425708,-43179.14759624
2025-03-02 07:25:00,NVDA,SELL,132.7,367.33081737,368.06934816,-98.00303696,-43277.15063321
2025-03-02 07:25:30,TSLA,SELL,297.0,944.17743074,955.28877278,-3300.06858567,-46577.21921888
2025-03-02 07:26:30,TSLA,BUY,103.0,2428.0655572,2414.47819518,-1399.49828725,-47976.71750612
2025-03-02 07:27:00,TSLA,BUY,120.3,912.59211272,902.05273781,-1267.88680148,-49244.6043076
2025-03-02 07:27:10,AMZN,BUY,269.8,166.81504134,166.17058834,-173.87341905,-49418.47772665
2025-03-02 07:27:30,MSFT,SELL,135.4,3383.0734267,3408.8201377,-3486.1046702,-52904.58239685
2025-03-02 07:28:30,NVDA,SELL,89.9,598.46822122,600.99087453,-226.78653214,-53131.36892899
2025-03-02 07:28:50,NFLX,BUY,204.1,2786.2830499,2789.09862681,574.65924607,-52556.70968292
2025-03-02 07:29:20,AAPL,SELL,142.2,1150.32025767,1146.00305187,613.90666487,-51942.80301805
2025-03-02 07:29:50,MSFT,SELL,252.7,2717.08682221,2729.63679681,-3171.37858281,-55114.18160086
2025-03-02 07:30:00,NFLX,SELL,243.0,1481.97324104,1480.44788218,370.66220142,-54743.51939944
2025-03-02 07:30:30,NFLX,BUY,274.4,1745.18269952,1736.68923368,-2330.60702597,-57074.12642541
2025-03-02 07:30:50,NVDA,SELL,262.5,2837.40530977,2850.85529889,-3530.62214437,-60604.74856978
2025-03-02 07:31:50,AMZN,BUY,288.1,1083.11113714,1103.80611559,5962.22328885,-54642.52528093
2025-03-02 07:32:10,TSLA,SELL,54.2,2293.51028322,2315.23912157,-1177.70303856,-55820.22831948
2025-03-02 07:32:40,AMZN,BUY,61.1,3365.24703372,3384.70696223,1189.00163221,-54631.22668728
2025-03-02 07:33:10,NFLX,SELL,255.7,2364.22036467,2366.33490745,-540.68858695,-55171.91527423
2025-03-02 07:33:20,MSFT,SELL,185.5,145.15609176,145.0621266,17.43053644,-55154.48473779
2025-03-02 07:33:50,TSLA,SELL,221.1,345.52483014,336.76114363,1937.65108754,-53216.83365026
2025-03-02 07:34:00,AMZN,BUY,241.3,1810.94941052,1793.72418969,-4156.44578625,-57373.27943651
2025-03-02 07:35:00,MSFT,BUY,93.1,2304.07364386,2303.15422348,-85.5980381,-57458.87747462
2025-03-02 07:35:30,NVDA,BUY,203.3,3066.14151541,3046.74187144,-3943.94761756,-61402.82509217
2025-03-02 07:36:00,AAPL,SELL,113.3,2231.23187501,2231.8389146,-68.77758515,-61471.60267732
2025-03-02 07:36:20,AMZN,SELL,254.5,2832.55773638,2832.59442438,-9.33709559,-61480.93977292
2025-03-02 07:36:40,NVDA,BUY,238.4,1646.85339107,1652.31795221,1302.7513743,-60178.18839862
2025-03-02 07:36:50,AAPL,BUY,186.7,550.40023156,546.57710329,-713.77804887,-60891.96644748
2025-03-02 07:37:00,MSFT,BUY,263.3,1521.14589072,1522.33619703,313.40765163,-60578.55879585
2025-03-02 07:38:00,MSFT,BUY,74.8,3010.92231478,3005.23970404,-425.05928337,-61003.61807922
2025-03-02 07:38:20,AMZN,SELL,82.2,3074.20461268,3064.19782472,822.55797063,-60181.06010859
2025-03-02 07:38:50,AAPL,BUY,75.3,2547.98912893,2517.46915931,-2298.15371276,-62479.21382135
2025-03-02 07:39:10,AAPL,SELL,108.4,2782.30747408,2810.81921615,-3090.67283975,-65569.8866611
2025-03-02 07:40:10,MSFT,BUY,108.9,2273.28621993,2285.50639927,1330.77753012,-64239.10913098
2025-03-02 07:40:20,AAPL,BUY,266.6,531.12611703,532.75859507,435.21864474,-63803.89048624
2025-03-02 07:40:50,AAPL,BUY,81.8,2118.15586501,2098.10868584,-1639.85925616,-65443.74974239
2025-03-02 07:41:20,MSFT,SELL,239.7,2481.18282215,2476.16560737,1202.62638106,-64241.12336133
2025-03-02 07:41:40,TSLA,BUY,176.5,459.70816893,462.08242449,419.05610641,-63822.06725492
2025-03-02 07:42:10,MSFT,SELL,148.5,1921.34249955,1921.64040352,-44.23873888,-63866.30599379
2025-03-02 07:43:10,AAPL,SELL,173.2,2983.89063708,2957.74529751,4528.37281351,-59337.93318029
2025-03-02 07:43:30,NVDA,BUY,258.0,2979.06900636,2903.36004738,-19532.91141635,-78870.84459664
2025-03-02 07:43:40,MSFT,BUY,133.3,1471.9679743,1504.41271254,4324.88360843,-74545.96098821
2025-03-02 07:44:00,NVDA,SELL,248.5,910.34651614,908.12082367,553.08457708,-73992.87641113
2025-03-02 07:44:30,NFLX,SELL,133.5,1754.04140349,1750.31435232,497.56133059,-73495.31508053
2025-03-02 07:44:50,AAPL,SELL,126.3,3327.55598397,3316.91104616,1344.45564509,-72150.85943544
2025-03-02 07:45:20,AMZN,BUY,165.2,674.12158385,676.74356514,433.15130975,-71717.70812569
2025-03-02 07:45:40,AMZN,BUY,139.1,1975.82206487,1945.00917105,-4286.07352958,-76003.78165527
2025-03-02 07:45:50,AAPL,BUY,291.4,1620.82937126,1602.73509988,-5272.67068031,-81276.45233558
2025-03-02 07:46:50,TSLA,SELL,164.4,927.78794983,922.5336199,863.81183926,-80412.64049632
2025-03-02 07:47:20,NVDA,BUY,101.5,2682.36850564,2712.99697729,3108.78987317,-77303.85062316
2025-03-02 07:47:30,AMZN,BUY,190.9,1251.69204963,1247.49202447,-801.78480343,-78105.63542658
2025-03-02 07:47:40,NFLX,SELL,235.5,796.92939161,798.88885365,-461.45331106,-78567.08873764
2025-03-02 07:47:50,NVDA,SELL,230.7,1298.59942042,1296.02557125,593.78700442,-77973.30173322
2025-03-02 07:48:50,TSLA,BUY,276.5,1185.36601247,1183.86481301,-415.08165227,-78388.38338549
2025-03-02 07:49:20,NVDA,SELL,70.5,1776.30242554,1773.68978461,184.19118563,-78204.19219986
2025-03-02 07:49:40,NFLX,SELL,285.9,766.33262799,765.94855297,109.80704639,-78094.38515347
2025-03-02 07:50:10,AMZN,BUY,186.2,3239.17247145,3245.42382162,1164.00140223,-76930.38375124
2025-03-02 07:50:20,AAPL,SELL,225.6,1017.12438397,1024.19358153,-1594.81096859,-78525.19471983
2025-03-02 07:51:20,TSLA,SELL,78.4,276.8807671,274.25297718,206.01872971,-78319.17599011
2025-03-02 07:51:50,MSFT,BUY,299.9,113.32247483,113.85541311,159.82818798,-78159.34780213
2025-03-02 07:52:00,NFLX,BUY,125.0,1833.06865598,1842.15684591,1136.02374114,-77023.32406099
2025-03-02 07:52:30,NFLX,BUY,121.2,614.29856717,620.93718038,804.59992102,-76218.72413998
2025-03-02 07:53:00,AMZN,SELL,69.4,1934.85008227,1924.73191316,702.20093639,-75516.52320358
2025-03-02 07:54:00,MSFT,BUY,75.6,161.29863046,162.18330796,66.88161878,-75449.6415848
2025-03-02 07:54:20,AMZN,SELL,250.5,2267.16843611,2264.59930649,643.56697126,-74806.07461354
2025-03-02 07:54:30,TSLA,SELL,140.4,1685.67362132,1678.09696207,1063.76295867,-73742.31165487
2025-03-02 07:55:30,NVDA,BUY,171.8,1841.68591718,1848.74857572,1213.36473673,-72528.94691814
2025-03-02 07:55:50,NFLX,BUY,286.5,2225.31127913,2246.34612687,6026.48387502,-66502.46304313
2025-03-02 07:56:50,MSFT,SELL,65.7,271.09797198,276.18085086,-333.9451428,-66836.40818592
2025-03-02 07:57:20,AAPL,SELL,58.1,736.97909051,742.11286707,-298.27241822,-67134.68060415
2025-03-02 07:57:40,AMZN,BUY,259.0,562.59119707,566.86154823,1106.02095197,-66028.65965218
2025-03-02 07:57:50,MSFT,SELL,125.3,626.27251848,622.83045407,431.29066977,-65597.36898241
2025-03-02 07:58:20,NFLX,BUY,172.2,965.85680403,955.42125469,-1797.00159619,-67394.3705786
2025-03-02 07:58:30,TSLA,BUY,296.6,1485.18679661,1486.93260753,517.80751917,-66876.56305943
2025-03-02 07:58:50,TSLA,SELL,259.1,285.33154321,284.13969835,308.80700141,-66567.75605802
2025-03-02 07:59:20,MSFT,SELL,181.8,1840.59134432,1822.26579109,3331.58557656,-63236.17048146
2025-03-02 07:59:40,NFLX,SELL,129.7,772.14703059,773.58549781,-186.56919815,-63422.73967961
2025-03-02 08:00:10,NFLX,SELL,102.5,2117.88781379,2106.34311862,1183.33125506,-62239.40842455
2025-03-02 08:01:10,NVDA,BUY,86.4,561.13049442,565.47510799,375.37461184,-61864.03381271
2025-03-02 08:01:20,MSFT,SELL,210.7,2471.26749861,2454.41569292,3550.67545888,-58313.35835382
2025-03-02 08:01:40,NVDA,BUY,260.5,927.704897,931.23288904,919.04192621,-57394.31642761
2025-03-02 08:02:10,MSFT,BUY,68.1,811.64065784,806.62944584,-341.26353676,-57735.57996438
2025-03-02 08:02:20,MSFT,SELL,212.6,3228.13617866,3269.70219379,-8836.93481704,-66572.51478142
2025-03-02 08:02:30,NVDA,BUY,287.0,407.42452449,404.74505307,-769.00829918,-67341.52308059
2025-03-02 08:02:50,NFLX,SELL,62.8,1467.68540652,1453.36919838,899.0578714,-66442.4652092
2025-03-02 08:03:20,AMZN,SELL,80.8,1788.15243558,1763.99799827,1951.67853517,-64490.78667403
2025-03-02 08:04:20,MSFT,BUY,250.8,2727.65628365,2703.21544853,-6129.76144787,-70620.5481219
2025-03-02 08:04:40,TSLA,BUY,141.6,621.60380012,616.49469651,-723.4490719,-71343.9971938
2025-03-02 08:05:40,NVDA,SELL,226.8,2814.74191717,2806.33668695,1906.30621517,-69437.69097863
2025-03-02 08:06:00,NFLX,BUY,141.7,747.29807341,748.89934569,226.90028157,-69210.79069707
2025-03-02 08:06:20,AAPL,BUY,296.5,512.66454347,509.28696603,-1001.45171034,-70212.2424074
2025-03-02 08:06:40,AMZN,SELL,147.6,2754.31905394,2772.54417222,-2690.02745779,-72902.26986519
2025-03-02 08:07:00,TSLA,SELL,93.6,1983.93755335,1986.44484271,-234.6822845,-73136.95214969
2025-03-02 08:08:00,NFLX,SELL,260.8,1387.59140898,1402.58976341,-3911.57083547,-77048.52298517
2025-03-02 08:08:20,MSFT,SELL,273.5,3047.19305134,3078.70700705,-8619.06688586,-85667.58987103
2025-03-02 08:09:20,NVDA,BUY,73.7,3227.29474405,3270.24959385,3165.77243007,-82501.81744096
2025-03-02 08:09:40,MSFT,BUY,201.7,2673.55127343,2680.07993863,1316.83177028,-81184.98567069
2025-03-02 08:10:40,NFLX,BUY,249.4,667.07693962,664.68323896,-596.98894498,-81781.97461566
2025-03-02 08:11:10,MSFT,SELL,93.5,1676.95340389,1680.15376823,-299.23406523,-82081.20868089
2025-03-02 08:11:20,AAPL,SELL,54.5,1247.42195542,1258.36481103,-596.38563039,-82677.59431128
2025-03-02 08:11:50,MSFT,SELL,215.9,2206.58081561,2167.89938593,8351.32066811,-74326.27364318
2025-03-02 08:12:00,NFLX,SELL,103.9,2943.39046455,2943.46458446,-7.70105916,-74333.97470234
2025-03-02 08:13:00,AAPL,BUY,74.3,3436.83284473,3470.65101511,2512.69005891,-71821.28464343
2025-03-02 08:13:20,NFLX,BUY,209.6,1130.423588,1135.73443027,1113.15254109,-70708.13210234
2025-03-02 08:13:50,AAPL,SELL,187.4,323.1286998,322.59714572,99.61323609,-70608.51886625
2025-03-02 08:14:00,AMZN,SELL,213.2,2108.94530914,2096.46421373,2660.96954116,-67947.54932509
2025-03-02 08:14:30,NVDA,SELL,98.7,2968.51380086,2936.81932082,3128.24518025,-64819.30414484
2025-03-02 08:15:00,AAPL,SELL,190.7,2911.35068039,2929.74854695,-3508.47315395,-68327.77729878
2025-03-02 08:15:30,NFLX,SELL,192.2,805.53908431,811.78729027,-1200.90518578,-69528.68248456
2025-03-02 08:15:50,AAPL,SELL,158.0,3050.25871954,3049.00145344,198.64804315,-69330.03444141
2025-03-02 08:16:00,AMZN,BUY,147.4,585.47116467,587.8275239,347.32735086,-68982.70709055
2025-03-02 08:16:20,AAPL,SELL,129.9,3335.78818173,3318.29029896,2272.97497102,-66709.73211954
2025-03-02 08:16:50,MSFT,SELL,127.9,2563.49689114,2558.66293079,618.26352841,-66091.46859113
2025-03-02 08:17:20,NVDA,BUY,160.7,2761.94028848,2795.71877071,5428.20209512,-60663.26649601
2025-03-02 08:17:30,TSLA,BUY,160.8,1400.03532561,1399.1275879,-145.96422358,-60809.23071959
2025-03-02 08:18:30,TSLA,SELL,141.8,1379.04759382,1394.2553956,-2156.46629286,-62965.69701245
2025-03-02 08:18:50,TSLA,BUY,181.1,1330.01226054,1331.24464551,223.18491783,-62742.51209462
2025-03-02 08:19:20,TSLA,BUY,117.4,2380.4729065,2385.93417054,641.15239813,-62101.35969648
2025-03-02 08:20:20,AMZN,SELL,194.3,2560.01754933,2557.00276455,585.77268165,-61515.58701484
2025-03-02 08:20:40,AMZN,BUY,57.3,2302.24818503,2305.79543228,203.25726758,-61312.32974726
2025-03-02 08:21:00,NFLX,SELL,139.9,1955.54891125,1992.97201039,-5235.49157008,-66547.82131733
2025-03-02 08:21:10,NVDA,BUY,98.3,377.01125222,376.66499831,-34.03675999,-66581.85807733
2025-03-02 08:21:20,AMZN,SELL,63.2,1686.72272982,1694.37062385,-483.34690241,-67065.20497974
2025-03-02 08:22:20,AMZN,BUY,229.3,227.72518045,229.02122927,297.18399459,-66768.02098515
2025-03-02 08:23:20,NFLX,SELL,236.2,926.62340344,949.699367,-5450.54259304,-72218.56357819
2025-03-02 08:24:20,TSLA,SELL,97.5,672.00436897,662.35092851,941.21044456,-71277.35313363
2025-03-02 08:24:30,AMZN,SELL,211.3,941.37413619,938.88822924,525.27213908,-70752.08099455
2025-03-02 08:25:00,MSFT,BUY,256.1,2313.30393374,2299.71589509,-3479.89669983,-74231.97769437
2025-03-02 08:25:10,MSFT,SELL,295.0,1030.46570873,1029.29897723,344.1857938,-73887.79190058
2025-03-02 08:26:10,NFLX,SELL,227.4,2127.27915579,2127.42863808,-33.99227225,-73921.78417282
2025-03-02 08:26:40,NVDA,BUY,192.3,227.59743561,227.1646667,-83.22146089,-74005.00563372
2025-03-02 08:27:10,MSFT,SELL,292.1,3230.62088876,3176.22370701,15889.41678929,-58115.58884442
2025-03-02 08:28:10,NFLX,BUY,218.4,3313.05812044,3367.18495332,11821.3003008,-46294.28854363
2025-03-02 08:28:30,NVDA,BUY,166.4,320.65755043,320.18060572,-79.36359958,-46373.65214321
2025-03-02 08:29:00,AAPL,BUY,195.5,1648.58294482,1627.48906541,-4123.85342581,-50497.50556901
2025-03-02 08:29:10,AMZN,BUY,91.1,1313.01966719,1326.54981726,1232.59667196,-49264.90889705
2025-03-02 08:29:20,AMZN,SELL,134.6,2357.64157543,2357.91523159,-36.83411901,-49301.74301607
2025-03-02 08:29:40,NVDA,SELL,278.1,3280.77827738,3299.9642852,-5335.62877388,-54637.37178995
2025-03-02 08:30:00,AAPL,BUY,272.5,3390.73952423,3405.34506576,3980.01006564,-50657.3617243
2025-03-02 08:30:10,MSFT,BUY,182.5,2141.8182119,2179.25882023,6832.91101975,-43824.45070455
2025-03-02 08:30:20,AAPL,BUY,235.7,1994.65623328,1983.69814497,-2582.82141592,-46407.27212047
2025-03-02 08:30:40,NFLX,BUY,191.2,1051.20756502,1049.77467857,-273.96788815,-46681.24000862
2025-03-02 08:30:50,TSLA,SELL,223.4,2650.54683205,2633.31141611,3850.39192077,-42830.84808785
2025-03-02 08:31:20,NFLX,BUY,119.5,3468.18530639,3410.62768174,-6878.13614533,-49708.98423318
2025-03-02 08:32:20,NVDA,SELL,264.2,1598.0505878,1597.76888518,74.42583194,-49634.55840124
2025-03-02 08:32:50,TSLA,BUY,270.6,2426.31085564,2432.94264708,1794.56276307,-47839.99563817
2025-03-02 08:33:20,AAPL,SELL,272.1,303.19173221,302.53364854,179.06456536,-47660.93107281
2025-03-02 08:34:20,AAPL,SELL,128.6,1218.85085017,1225.76760949,-889.49524887,-48550.42632169
2025-03-02 08:34:50,AMZN,BUY,138.1,262.45663992,262.4974955,5.64215655,-48544.78416514
2025-03-02 08:35:50,TSLA,SELL,149.0,3012.34476152,3004.26579549,1203.76593857,-47341.01822656
2025-03-02 08:36:10,AMZN,BUY,278.9,1410.87850507,1395.74187005,-4221.607508,-51562.62573456
2025-03-02 08:36:30,AMZN,BUY,176.3,2690.57687753,2690.13431944,-78.02298977,-51640.64872433
2025-03-02 08:36:40,AMZN,SELL,115.6,298.00862479,298.69805862,-79.69855074,-51720.34727506
2025-03-02 08:36:50,AAPL,BUY,89.2,1582.63963275,1590.35691336,688.38143047,-51031.96584459
2025-03-02 08:37:20,AMZN,BUY,285.3,2552.92713417,2521.1610877,-9062.85305823,-60094.81890282
2025-03-02 08:38:20,NFLX,BUY,178.8,3097.5601872,3105.84773463,1481.81348036,-58613.00542246
2025-03-02 08:38:30,AMZN,SELL,78.7,1979.19322615,2002.59634527,-1841.82547411,-60454.83089658
2025-03-02 08:38:50,NVDA,SELL,182.4,528.86803725,532.91406814,-737.99603368,-61192.82693026
2025-03-02 08:39:00,NFLX,SELL,171.1,3393.96994796,3457.08891868,-10799.65588869,-71992.48281894
2025-03-02 08:40:00,AMZN,BUY,187.9,316.24488368,311.63843471,-865.551763,-72858.03458195
2025-03-02 08:40:20,AMZN,SELL,97.8,3182.62120964,3164.65153238,1757.43443525,-71100.6001467
2025-03-02 08:40:30,MSFT,SELL,151.4,2192.45831111,2190.43932547,305.67442606,-70794.92572064
2025-03-02 08:41:00,NVDA,SELL,221.5,1001.77697651,999.00470435,614.05828269,-70180.86743795
2025-03-02 08:41:10,NFLX,BUY,117.0,3325.88769215,3305.48366283,-2387.27143095,-72568.13886891
2025-03-02 08:41:40,NVDA,BUY,241.6,3275.71216984,3277.49605113,430.98571879,-72137.15315011
2025-03-02 08:42:40,NVDA,BUY,256.0,2337.0296981,2341.67244396,1188.54294088,-70948.61020924
2025-03-02 08:43:00,AAPL,SELL,281.2,2527.45702274,2529.03653649,-444.15926599,-71392.76947523
2025-03-02 08:43:20,NFLX,SELL,79.3,1858.24843284,1842.28699069,1265.74236188,-70127.02711335
2025-03-02 08:43:30,NFLX,SELL,170.6,2114.4778292,2115.84940711,-233.9911922,-70361.01830554
2025-03-02 08:44:30,NFLX,SELL,52.5,2216.75635263,2216.0488636,37.14317402,-70323.87513152
2025-03-02 08:44:50,AAPL,BUY,145.9,3331.7121094,3294.28393366,-5460.77084038,-75784.6459719
2025-03-02 08:45:00,MSFT,BUY,228.7,1542.86488858,1523.3331081,-4466.91819548,-80251.56416738
2025-03-02 08:46:00,AAPL,SELL,104.4,1496.77574493,1506.55671954,-1021.13374929,-81272.69791667
2025-03-02 08:47:00,AMZN,BUY,82.7,3384.47296104,3377.4976845,-576.85536981,-81849.55328648
2025-03-02 08:47:10,AAPL,SELL,245.1,854.05027257,853.57450882,116.60969713,-81732.94358935
2025-03-02 08:47:20,AAPL,BUY,70.0,783.99578978,782.27896913,-120.17744549,-81853.12103484
2025-03-02 08:48:20,NFLX,BUY,251.9,388.20492505,388.16060648,-11.16384786,-81864.2848827
2025-03-02 08:48:40,AAPL,BUY,278.8,2723.00937252,2732.50735502,2648.03752078,-79216.24736192
2025-03-02 08:49:00,NFLX,BUY,245.7,277.93171482,279.80795292,460.99170006,-78755.25566186
2025-03-02 08:50:00,MSFT,BUY,249.8,2974.73675686,2937.08317756,-9405.86410749,-88161.11976935
2025-03-02 08:50:20,NFLX,BUY,231.8,2974.12191734,2975.31698375,277.01639326,-87884.10337609
2025-03-02 08:50:30,NFLX,BUY,88.9,3434.58799292,3415.56447567,-1691.1906834,-89575.29405949
2025-03-02 08:51:00,AAPL,SELL,96.7,2794.63520991,2779.90101501,1424.79664668,-88150.4974128
2025-03-02 08:51:20,MSFT,BUY,299.6,326.6434214,329.34510496,809.42439482,-87341.07301799
2025-03-02 08:51:30,AMZN,BUY,275.4,1985.70967012,1979.23689032,-1782.60355744,-89123.67657543
2025-03-02 08:51:40,TSLA,SELL,52.3,3249.05615381,3245.82566206,168.95471868,-88954.72185676
2025-03-02 08:52:10,NFLX,SELL,272.1,2375.67241564,2371.65497816,1093.14473586,-87861.5771209
2025-03-02 08:52:40,NFLX,BUY,201.7,1663.8026344,1670.69878621,1390.95382084,-86470.62330005
2025-03-02 08:53:10,TSLA,BUY,117.1,3388.9155786,3374.56823823,-1680.07355743,-88150.69685749
2025-03-02 08:53:30,AAPL,BUY,71.5,1782.40823544,1784.36678097,140.03600494,-88010.66085255
2025-03-02 08:54:00,AMZN,BUY,160.5,591.08404613,604.88313279,2214.75340858,-85795.90744397
2025-03-02 08:54:30,TSLA,SELL,180.5,1235.95581709,1235.04658093,164.11712742,-85631.79031655
2025-03-02 08:54:50,MSFT,BUY,228.3,2687.42034203,2687.76487539,78.6569654,-85553.13335115
2025-03-02 08:55:10,NFLX,SELL,63.2,1345.3737131,1337.12796249,521.13143871,-85032.00191244
2025-03-02 08:55:30,AMZN,BUY,194.2,724.96382424,718.42138789,-1270.54113911,-86302.54305155
2025-03-02 08:55:40,TSLA,BUY,139.0,626.4607418,629.21558129,382.92268955,-85919.62036199
2025-03-02 08:56:10,NFLX,SELL,155.1,1413.97271872,1434.35010284,-3160.53227706,-89080.15263905
2025-03-02 08:56:30,TSLA,SELL,51.5,2011.17700092,2014.69510147,-181.18217834,-89261.33481739
2025-03-02 08:57:30,TSLA,BUY,117.7,3228.12975797,3216.60351368,-1356.63895347,-90617.97377087
2025-03-02 08:57:40,TSLA,SELL,192.2,1359.670886,1355.65779629,771.31584255,-89846.65792832
2025-03-02 08:57:50,NVDA,SELL,152.6,2375.12412882,2379.18670822,-619.94961697,-90466.60754529
2025-03-02 08:58:50,MSFT,BUY,62.3,1700.38339827,1707.94700421,471.21265008,-89995.39489521
2025-03-02 08:59:10,MSFT,BUY,125.4,1643.46003236,1635.68600902,-974.86252748,-90970.25742269
2025-03-02 08:59:40,MSFT,BUY,263.6,1405.66485148,1396.14642791,-2509.0564539,-93479.31387658
2025-03-02 09:00:40,NFLX,BUY,113.0,499.50625672,503.2052892,417.99067052,-93061.32320606
2025-03-02 09:01:10,TSLA,BUY,195.4,3230.57193359,3292.1263087,12027.72489761,-81033.59830845
2025-03-02 09:01:30,AMZN,SELL,251.8,1344.49610354,1353.39382933,-2240.44735332,-83274.04566177
2025-03-02 09:01:50,NFLX,BUY,79.2,1879.17324762,1880.78437432,127.60123477,-83146.44442699
2025-03-02 09:02:00,NVDA,SELL,127.1,3284.33874144,3256.001132,3601.71015943,-79544.73426756
2025-03-02 09:02:20,NVDA,SELL,241.0,3056.43997412,3063.55450398,-1714.6016958,-81259.33596337
2025-03-02 09:03:20,AAPL,BUY,142.8,778.87710934,775.71792983,-451.13083424,-81710.46679761
2025-03-02 09:03:40,AAPL,SELL,231.4,1805.77716442,1802.52888831,751.65109139,-80958.81570622
2025-03-02 09:03:50,TSLA,SELL,185.2,1749.24789109,1736.25039037,2407.13713296,-78551.67857326
2025-03-02 09:04:20,TSLA,SELL,92.9,2882.42618074,2896.26673728,-1285.78770181,-79837.46627507
2025-03-02 09:04:40,AAPL,SELL,224.9,1989.96076828,2005.21074594,-3429.71997762,-83267.1862527
2025-03-02 09:05:00,TSLA,SELL,84.6,1500.86031244,1504.55641956,-312.69066288,-83579.87691558
2025-03-02 09:05:20,TSLA,BUY,134.5,2273.87432185,2311.49741055,5060.30543022,-78519.57148537
2025-03-02 09:06:20,AMZN,BUY,196.8,3183.34636296,3180.74888687,-511.18329292,-79030.75477828
2025-03-02 09:07:20,TSLA,SELL,248.5,2671.61058613,2653.60537067,4474.29604231,-74556.45873598
2025-03-02 09:07:40,NVDA,BUY,273.7,1781.6299794,1773.0806922,-2339.93990456,-76896.39864054
2025-03-02 09:08:40,TSLA,SELL,274.1,3155.22949593,3115.8828503,10784.91556899,-66111.48307154
2025-03-02 09:09:10,NVDA,BUY,264.7,2431.423414,2412.63760195,-4972.60444993,-71084.08752147
2025-03-02 09:09:20,MSFT,BUY,154.5,913.85744356,909.92000708,-608.33393647,-71692.42145794
2025-03-02 09:09:50,AAPL,SELL,130.1,954.05281566,950.90460155,409.58265461,-71282.83880333
2025-03-02 09:10:50,TSLA,SELL,160.5,2045.76496944,2033.67535772,1940.38268119,-69342.45612215
2025-03-02 09:11:10,NVDA,BUY,236.6,1278.8437882,1281.63086349,659.42201293,-68683.03410922
2025-03-02 09:11:30,MSFT,BUY,236.1,1228.8023872,1232.90624399,968.9205885,-67714.11352072
2025-03-02 09:11:40,MSFT,SELL,82.6,616.73262041,622.12092344,-445.07383021,-68159.18735093
2025-03-02 09:12:00,AMZN,SELL,65.8,937.58404062,933.47438247,270.4155064,-67888.77184453
2025-03-02 09:12:30,NFLX,SELL,264.7,547.8124197,541.95800357,1549.66394911,-66339.10789542
2025-03-02 09:12:50,NVDA,SELL,181.9,1988.00580612,1999.52250759,-2094.88799825,-68433.99589367
2025-03-02 09:13:10,MSFT,BUY,108.3,2328.4823267,2320.84860707,-826.73183582,-69260.72772949
2025-03-02 09:13:20,AAPL,BUY,54.0,2460.04762352,2475.46442139,832.50708517,-68428.22064432
2025-03-02 09:14:20,MSFT,BUY,137.9,1367.03424164,1358.54906204,-1170.10626739,-69598.32691171
2025-03-02 09:15:20,AMZN,SELL,104.4,2786.44667067,2788.20690349,-183.76830612,-69782.09521783
2025-03-02 09:15:30,AMZN,BUY,250.8,2401.9285706,2433.03426885,7801.30912148,-61980.78609635
2025-03-02 09:15:40,AAPL,SELL,138.9,2350.32506153,2358.14368352,-1086.00659409,-63066.79269045
2025-03-02 09:16:00,NVDA,SELL,123.7,2850.11903271,2886.00167146,-4438.68241267,-67505.47510312
2025-03-02 09:16:20,AAPL,BUY,125.7,1388.45009336,1393.52280145,637.6394068,-66867.83569632
2025-03-02 09:17:20,NVDA,BUY,254.5,1661.77643459,1662.83430199,269.22725368,-66598.60844263
2025-03-02 09:18:20,MSFT,BUY,275.8,2348.9850981,2363.24483607,3932.8357308,-62665.77271183
2025-03-02 09:19:20,TSLA,SELL,108.0,435.0592948,438.04518967,-322.47664527,-62988.2493571
2025-03-02 09:19:40,NVDA,SELL,153.8,3013.89869632,3027.24591623,-2052.80242124,-65041.05177834
2025-03-02 09:19:50,NFLX,BUY,159.4,403.75566779,401.30415802,-390.77065748,-65431.82243582
2025-03-02 09:20:50,NFLX,SELL,68.9,2725.70969325,2704.36758617,1470.47117765,-63961.35125817
2025-03-02 09:21:00,AMZN,SELL,156.9,2913.77613943,2895.00920241,2944.53241965,-61016.81883852
2025-03-02 09:21:20,NFLX,BUY,72.4,1247.02086641,1248.90113207,136.13123338,-60880.68760515
2025-03-02 09:21:50,AAPL,SELL,251.8,3369.2486578,3328.54702318,10248.6715957,-50632.01600944
2025-03-02 09:22:00,AMZN,SELL,136.1,3273.74735785,3267.97146629,786.09884133,-49845.91716811
2025-03-02 09:23:00,AAPL,SELL,190.8,647.34706774,652.96188817,-1071.30773862,-50917.22490673
2025-03-02 09:23:30,NFLX,BUY,298.6,1722.17338016,1725.07080654,865.1715174,-50052.05338933
2025-03-02 09:23:50,NVDA,BUY,68.5,2409.18377843,2418.35001799,627.88740989,-49424.16597944
2025-03-02 09:24:00,AMZN,BUY,71.6,1134.64581219,1118.78894915,-1135.35139396,-50559.5173734
2025-03-02 09:24:20,NVDA,SELL,162.4,104.85636647,105.07125542,-34.89796569,-50594.41533909
2025-03-02 09:25:20,AAPL,BUY,121.7,3497.30481641,3530.69179504,4063.19529903,-46531.22004007
2025-03-02 09:25:50,MSFT,BUY,17.0,773.09215542,771.48783098,-27.27351559,-46558.49355566
2025-03-02 09:26:50,NFLX,SELL,72.9,2002.81610866,1993.99453933,643.09240374,-45915.40115191
2025-03-02 09:27:50,MSFT,SELL,22.4,2440.2092073,2437.56617041,59.20402622,-45856.1971257
2025-03-02 09:28:50,NFLX,BUY,70.3,370.81730684,372.90308497,146.63020231,-45709.56692338
2025-03-02 09:29:50,AMZN,BUY,17.4,1626.65352314,1611.66974512,-260.71773769,-45970.28466107
2025-03-02 09:30:50,AMZN,BUY,39.0,1868.3069649,1861.42409591,-268.43189081,-46238.71655188
2025-03-02 09:31:50,AAPL,BUY,9.1,2474.27186826,2467.28351768,-63.59399021,-46302.31054208
2025-03-02 09:32:50,NVDA,BUY,28.7,1307.5205314,1296.27097722,-322.86220471,-46625.1727468
2025-03-02 09:33:50,TSLA,SELL,70.6,1850.17659783,1847.4063475,195.57967337,-46429.59307343
2025-03-02 09:34:50,TSLA,BUY,27.8,2082.13174342,2098.73374078,461.53552649,-45968.05754694
2025-03-02 09:35:50,AMZN,BUY,28.8,1056.34902906,1045.95217955,-299.42926586,-46267.4868128
2025-03-02 09:36:50,NVDA,SELL,28.5,2407.86746141,2401.06635332,193.83158062,-46073.65523217
2025-03-02 09:37:50,NFLX,BUY,44.5,335.30689147,335.25946396,-2.110524,-46075.76575617
2025-03-02 09:38:50,TSLA,BUY,65.0,1139.80223754,1132.40225388,-480.99893826,-46556.76469443
2025-03-02 09:39:50,TSLA,SELL,37.0,1874.73916932,1864.00302628,397.23729255,-46159.52740188
2025-03-02 09:40:50,MSFT,SELL,8.9,1957.58820951,1946.32518134,100.24095071,-46059.28645117
2025-03-02 09:41:50,NFLX,SELL,64.7,130.77195883,130.04260151,47.18941836,-46012.0970328
2025-03-02 09:42:50,MSFT,SELL,74.9,665.35824303,665.75264857,-29.5409752,-46041.638008
2025-03-02 09:43:50,NVDA,BUY,58.2,2162.8071415,2175.16971674,719.50187889,-45322.13612911
2025-03-02 09:44:50,NVDA,BUY,77.4,2440.58688468,2410.08785949,-2360.62454967,-47682.76067878
2025-03-02 09:45:50,NVDA,BUY,65.8,616.64570989,614.32758731,-152.53246557,-47835.29314435
2025-03-02 09:46:50,NVDA,SELL,35.4,1722.623282,1715.97513374,235.3444483,-47599.94869605
2025-03-02 09:47:50,AAPL,BUY,11.7,2335.70657706,2349.84644007,165.43639729,-47434.51229876
2025-03-02 09:48:50,NVDA,SELL,16.7,2269.87278515,2272.45856946,-43.18259794,-47477.6948967
2025-03-02 09:49:50,TSLA,BUY,51.4,979.93048023,974.05862372,-301.8134249,-47779.50832161
2025-03-02 09:50:50,MSFT,SELL,10.4,1537.62650611,1524.50455036,136.46833986,-47643.03998175
2025-03-02 09:51:50,TSLA,BUY,74.9,644.22068176,645.26248418,78.03100133,-47565.00898041
2025-03-02 09:52:50,TSLA,BUY,29.5,146.56298948,146.84088045,8.19778365,-47556.81119677
2025-03-02 09:53:50,NVDA,BUY,25.6,1607.10096482,1611.01869948,100.29400728,-47456.51718949
2025-03-02 09:54:50,NVDA,SELL,73.2,272.57612156,274.04757624,-107.71048251,-47564.227672
2025-03-02 09:55:50,TSLA,BUY,10.8,2398.63997962,2380.22253457,-198.90840657,-47763.13607856
2025-03-02 09:56:50,NVDA,SELL,18.5,1042.81378356,1041.70263687,20.55621366,-47742.57986491
2025-03-02 09:57:50,NVDA,SELL,76.8,1487.37304483,1481.2610722,469.39949801,-47273.1803669
2025-03-02 09:58:50,TSLA,SELL,30.5,1588.00320035,1589.6509743,-50.25710556,-47323.43747246
2025-03-02 09:59:50,AAPL,SELL,37.6,2154.22045502,2146.50921812,289.9425075,-47033.49496496
2025-03-02 10:00:50,AMZN,BUY,24.9,1945.03403373,1940.86882906,-103.7135962,-47137.20856116
2025-03-02 10:01:50,AMZN,SELL,20.4,1941.36014598,1935.24999216,124.64713792,-47012.56142324
2025-03-02 10:02:50,AAPL,SELL,74.9,2363.67003926,2338.0105578,1921.8951617,-45090.66626154
2025-03-02 10:03:50,NFLX,SELL,31.9,596.49250101,597.21032984,-22.89873947,-45113.56500101
2025-03-02 10:04:50,NVDA,BUY,72.6,1205.39812167,1198.68257968,-487.54834841,-45601.11334942
2025-03-02 10:05:50,MSFT,SELL,33.8,2332.0129067,2334.09241112,-70.28724939,-45671.40059881
2025-03-02 10:06:50,NFLX,BUY,5.3,2036.09873859,2031.90377198,-22.23332301,-45693.63392183
2025-03-02 10:07:50,AMZN,BUY,36.6,868.14295404,864.61990034,-128.94376528,-45822.57768711
2025-03-02 10:08:50,NFLX,BUY,53.3,190.68281583,189.94837489,-39.14570205,-45861.72338916
2025-03-02 10:09:50,AAPL,SELL,8.9,730.02469716,730.07127194,-0.41451558,-45862.13790474
2025-03-02 10:10:50,TSLA,SELL,41.2,2143.57403595,2135.34496281,339.03781362,-45523.10009112
2025-03-02 10:11:50,AAPL,SELL,78.3,1098.56960898,1095.70051137,224.65034304,-45298.44974808
2025-03-02 10:12:50,MSFT,BUY,18.0,800.48122489,798.24036705,-40.33544111,-45338.7851892
2025-03-02 10:13:50,MSFT,BUY,73.3,1010.47743569,1004.36473513,-448.06095113,-45786.84614033
2025-03-02 10:14:50,NVDA,BUY,8.6,2342.58590697,2350.32700056,66.57340485,-45720.27273547
2025-03-02 10:15:50,AAPL,SELL,47.4,604.66282696,603.66447206,47.32202234,-45672.95071313
2025-03-02 10:16:50,NFLX,BUY,53.7,1067.29301898,1069.07040157,95.44544523,-45577.50526791
2025-03-02 10:17:50,MSFT,SELL,52.9,1775.36931137,1770.44811932,260.33105959,-45317.17420831
2025-03-02 10:18:50,AMZN,SELL,14.7,1125.06987141,1124.32160801,10.99947194,-45306.17473637
2025-03-02 10:19:50,MSFT,BUY,40.6,2374.29678045,2392.20159186,726.93534335,-44579.23939302
2025-03-02 10:20:50,NFLX,SELL,28.3,1295.0766222,1290.55864847,127.8586564,-44451.38073662
2025-03-02 10:21:50,TSLA,SELL,70.0,2048.72258174,2046.75572717,137.67982007,-44313.70091655
2025-03-02 10:22:50,AMZN,SELL,62.2,1459.1749124,1461.72629812,-158.6961916,-44472.39710815
2025-03-02 10:23:50,NVDA,SELL,22.2,427.607229,426.53412425,23.82292536,-44448.57418279
2025-03-02 10:24:50,NVDA,SELL,5.5,1172.25318122,1184.93747616,-69.76362219,-44518.33780498
2025-03-02 10:25:50,MSFT,BUY,32.0,2066.55575432,2074.57298168,256.55127553,-44261.78652945
2025-03-02 10:26:50,NFLX,SELL,76.7,1786.31098345,1792.92690467,-507.4411576,-44769.22768705
2025-03-02 10:27:50,AMZN,SELL,35.0,1375.21588777,1373.01897935,76.89179452,-44692.33589253
2025-03-02 10:28:50,TSLA,SELL,14.5,815.56085506,818.47244997,-42.21812619,-44734.55401872
2025-03-02 10:29:50,AMZN,BUY,32.2,2122.13080352,2115.47520816,-214.31017047,-44948.86418919
2025-03-02 10:30:50,MSFT,BUY,50.1,577.43147151,579.88438941,122.89118681,-44825.97300239
2025-03-02 10:31:50,TSLA,SELL,36.0,245.63936548,242.65084454,107.58675382,-44718.38624856
2025-03-02 10:32:50,MSFT,SELL,67.1,1896.8132206,1916.91341957,-1348.72335099,-46067.10959956
2025-03-02 10:33:50,MSFT,SELL,7.9,1950.98337768,1948.0495103,23.1775523,-46043.93204726
2025-03-02 10:34:50,AAPL,SELL,67.6,2343.57289707,2326.48331646,1155.25564899,-44888.67639826
2025-03-02 10:35:50,NVDA,SELL,27.7,2122.08282004,2110.82024707,311.97327132,-44576.70312695
2025-03-02 10:36:50,MSFT,SELL,7.3,477.69180004,470.91305919,49.48480822,-44527.21831873
2025-03-02 10:37:50,MSFT,BUY,23.1,2372.56695871,2371.7065804,-19.87473879,-44547.09305752
2025-03-02 10:38:50,TSLA,SELL,48.5,2328.41860467,2322.77155468,273.88192441,-44273.21113311
2025-03-02 10:39:50,MSFT,SELL,73.4,1700.8884571,1714.79013879,-1020.38343573,-45293.59456884
2025-03-02 10:40:50,NVDA,SELL,19.0,193.11869135,191.8524296,24.05897328,-45269.53559556
2025-03-02 10:41:50,MSFT,SELL,62.5,2094.98993222,2081.50369909,842.88957038,-44426.64602518
2025-03-02 10:42:50,AAPL,BUY,5.0,1380.53064053,1369.46261762,-55.34011452,-44481.9861397
2025-03-02 10:43:50,NVDA,SELL,20.6,678.98640649,679.1631184,-3.64026533,-44485.62640503
2025-03-02 10:44:50,NFLX,SELL,19.4,771.21725571,768.25299246,57.50670713,-44428.1196979
2025-03-02 10:45:50,NFLX,SELL,69.9,1310.2323059,1310.1333753,6.91524893,-44421.20444897
2025-03-02 10:46:50,TSLA,SELL,61.1,955.37136604,955.69616078,-19.8449589,-44441.04940786
2025-03-02 10:47:50,NFLX,BUY,66.3,1421.65730727,1418.12980849,-233.87316874,-44674.92257661
2025-03-02 10:48:50,AAPL,SELL,78.8,196.16580724,197.24524912,-85.06002018,-44759.98259679
2025-03-02 10:49:50,AAPL,SELL,16.4,1020.35469418,1014.54143379,95.33747038,-44664.64512641
2025-03-02 10:50:50,AMZN,SELL,49.0,1505.86785023,1515.97940924,-495.4663915,-45160.11151792
2025-03-02 10:51:50,NVDA,SELL,67.7,1169.75157017,1166.13034341,245.15705173,-44914.95446619
2025-03-02 10:52:50,NFLX,BUY,54.8,1390.46110862,1377.90939028,-687.83416496,-45602.78863115
2025-03-02 10:53:50,MSFT,BUY,34.6,1981.53244121,1971.78668299,-337.2032346,-45939.99186575
2025-03-02 10:54:50,NVDA,BUY,33.7,2338.3554413,2336.53121096,-61.47656258,-46001.46842833
2025-03-02 10:55:50,AAPL,BUY,6.5,1850.85141274,1846.79671439,-26.35553928,-46027.82396761
2025-03-02 10:56:50,AMZN,BUY,44.5,2207.80592256,2193.78020914,-624.14424713,-46651.96821474
2025-03-02 10:57:50,TSLA,BUY,41.3,2331.68915751,2319.71222989,-494.64711037,-47146.6153251
2025-03-02 10:58:50,NVDA,SELL,23.5,2026.37498597,2022.16259335,98.99122647,-47047.62409864
2025-03-02 10:59:50,NVDA,BUY,73.3,2259.06997449,2261.75589432,196.87792361,-46850.74617502
2025-03-02 11:00:50,NVDA,BUY,63.4,1725.02508348,1733.89247497,562.19262049,-46288.55355454
2025-03-02 11:01:50,TSLA,BUY,50.1,414.43508476,414.84259187,20.41610635,-46268.13744819
2025-03-02 11:02:50,AAPL,BUY,18.7,471.62243589,470.58555396,-19.38969205,-46287.52714024
2025-03-02 11:03:50,NVDA,SELL,37.4,976.11416006,972.20538007,146.18837167,-46141.33876857
2025-03-02 11:04:50,NFLX,SELL,18.7,1308.86022697,1311.68772724,-52.87425499,-46194.21302356
2025-03-02 11:05:50,NFLX,SELL,52.8,1477.54042008,1481.87053627,-228.63013511,-46422.84315867
2025-03-02 11:06:50,MSFT,SELL,62.4,905.46218618,904.71371631,46.70451956,-46376.1386391
2025-03-02 11:07:50,TSLA,BUY,41.3,1138.6409961,1147.88320028,381.70303266,-45994.43560644
2025-03-02 11:08:50,MSFT,SELL,11.4,843.63308021,852.27352287,-98.50104635,-46092.93665279
2025-03-02 11:09:50,AMZN,SELL,74.2,318.24507979,316.88885091,100.63218328,-45992.30446951
2025-03-02 11:10:50,TSLA,BUY,49.4,956.13560634,959.28695406,155.67657732,-45836.62789218
2025-03-02 11:11:50,TSLA,BUY,8.3,2105.37209222,2112.64958705,60.40320707,-45776.22468512
2025-03-02 11:12:50,TSLA,BUY,20.1,121.99732044,121.91679847,-1.61849156,-45777.84317668
2025-03-02 11:13:50,AMZN,BUY,51.0,2401.65802234,2395.4987126,-314.12479651,-46091.96797318
2025-03-02 11:14:50,TSLA,BUY,23.4,167.65921707,167.27179677,-9.06563517,-46101.03360835
2025-03-02 11:15:50,NVDA,SELL,36.2,2215.56596701,2213.91820603,59.64894769,-46041.38466066
2025-03-02 11:16:50,NVDA,BUY,19.3,1079.29710785,1081.804856,48.39953937,-45992.98512129
2025-03-02 11:17:50,AMZN,SELL,73.1,1341.08303406,1347.73103588,-485.96893303,-46478.95405432
2025-03-02 11:18:50,NFLX,SELL,14.2,2277.91162323,2285.42767327,-106.72791059,-46585.6819649
2025-03-02 11:19:50,NFLX,BUY,71.0,1381.68667169,1376.80521757,-346.58324258,-46932.26520749
2025-03-02 11:20:50,TSLA,BUY,25.9,269.1056264,266.50589146,-67.33313504,-46999.59834253
2025-03-02 11:21:50,TSLA,SELL,75.9,878.81595801,876.21364758,197.51536125,-46802.08298128
2025-03-02 11:22:50,TSLA,BUY,17.2,1711.13061655,1694.57304324,-284.79026107,-47086.87324234
2025-03-02 11:23:50,AMZN,BUY,60.4,1267.46172914,1266.17326965,-77.82295307,-47164.69619541
2025-03-02 11:24:50,AAPL,SELL,14.5,1705.72843676,1707.19098712,-21.20698021,-47185.90317563
2025-03-02 11:25:50,AMZN,BUY,14.9,2369.86359339,2359.85928457,-149.06420141,-47334.96737704
2025-03-02 11:26:50,AAPL,BUY,59.0,2340.62354488,2342.01498312,82.0948561,-47252.87252094
2025-03-02 11:27:50,NFLX,BUY,21.4,1909.15291115,1934.94227851,551.89246163,-46700.9800593
2025-03-02 11:28:50,AAPL,SELL,12.8,1947.9366837,1938.10453139,125.85154956,-46575.12850975
2025-03-02 11:29:50,AAPL,SELL,71.8,2409.67675949,2423.45634489,-989.37423135,-47564.5027411
2025-03-02 11:30:50,AAPL,BUY,39.6,1343.9774153,1339.03340775,-195.78269864,-47760.28543974
2025-03-02 11:31:50,AAPL,BUY,48.6,854.64185395,851.37480908,-158.77838038,-47919.06382011
2025-03-02 11:32:50,TSLA,BUY,57.4,1610.12606322,1614.4807253,249.95760331,-47669.1062168
2025-03-02 11:33:50,NVDA,BUY,8.9,1806.69236084,1807.07979729,3.4481844,-47665.65803241
2025-03-02 11:34:50,TSLA,SELL,23.1,729.79859607,735.46872153,-130.97989802,-47796.63793042
2025-03-02 11:35:50,MSFT,SELL,71.5,1259.23387083,1261.92284144,-192.2613986,-47988.89932902
2025-03-02 11:36:50,TSLA,BUY,40.7,332.36495437,331.03066309,-54.30565513,-48043.20498415
2025-03-02 11:37:50,MSFT,BUY,62.8,2480.04673694,2475.14142285,-308.05372497,-48351.25870912
2025-03-02 11:38:50,MSFT,BUY,35.7,660.69943276,656.44740852,-151.79726513,-48503.05597425
2025-03-02 11:39:50,TSLA,BUY,62.8,1972.20165696,1958.01997258,-890.60977944,-49393.66575369
2025-03-02 11:40:50,NVDA,BUY,50.4,1304.64539387,1307.25684677,131.61722584,-49262.04852784
2025-03-02 11:41:50,MSFT,BUY,41.5,1443.73727643,1433.75554978,-414.2416559,-49676.29018375
2025-03-02 11:42:50,NFLX,BUY,45.6,2050.55897033,2046.58154088,-181.37078304,-49857.66096678
2025-03-02 11:43:50,TSLA,SELL,62.5,414.59166809,412.57942541,125.76516753,-49731.89579925
2025-03-02 11:44:50,NFLX,BUY,13.4,1344.15910392,1342.74648555,-18.9290861,-49750.82488535
2025-03-02 11:45:50,NFLX,BUY,18.8,2341.56980443,2332.92335061,-162.5533319,-49913.37821725
2025-03-02 11:46:50,NVDA,SELL,64.6,1019.59472454,1012.98559594,426.94970795,-49486.42850931
2025-03-02 11:47:50,TSLA,SELL,38.3,1423.3187796,1425.22867105,-73.14884249,-49559.5773518
2025-03-02 11:48:50,NVDA,BUY,124.3,527.61636054,523.53665481,-507.10742189,-50066.68477369
2025-03-02 11:49:50,AAPL,BUY,144.4,1740.667189,1738.92739223,-251.22665349,-50317.91142717
2025-03-02 11:50:50,NVDA,SELL,194.6,2695.74700102,2688.39882911,1429.95425357,-48887.9571736
2025-03-02 11:51:50,NFLX,BUY,26.5,2592.0423581,2593.27399674,32.63842388,-48855.31874973
2025-03-02 11:52:50,NVDA,SELL,91.3,126.99984321,127.51596469,-47.12189146,-48902.44064119
2025-03-02 11:53:50,AMZN,SELL,111.1,233.60059206,233.43332711,18.58313556,-48883.85750563
2025-03-02 11:54:50,MSFT,SELL,174.4,1878.19404616,1860.4846255,3088.52296225,-45795.33454338
2025-03-02 11:55:50,AMZN,BUY,89.6,2019.51457177,2022.41274159,259.67601609,-45535.65852729
2025-03-02 11:56:50,AMZN,SELL,14.2,925.08468325,921.2171652,54.91875641,-45480.73977088
2025-03-02 11:57:50,AMZN,BUY,173.2,2038.78541583,2044.84652085,1049.78338855,-44430.95638234
2025-03-02 11:58:50,AAPL,SELL,183.3,2574.84762726,2571.94119584,532.74887835,-43898.20750399
2025-03-02 11:59:50,NFLX,SELL,181.3,869.32675835,872.61255901,-595.71565935,-44493.92316334
2025-03-02 12:00:50,AAPL,SELL,13.6,246.47166541,244.37056292,28.57499393,-44465.3481694
2025-03-02 12:01:50,AAPL,SELL,91.7,2189.08231692,2182.87553023,569.16233999,-43896.18582942
2025-03-02 12:02:50,MSFT,BUY,5.1,2042.86512349,2038.74018762,-21.03717292,-43917.22300234
2025-03-02 12:03:50,TSLA,SELL,20.5,2437.08439067,2434.06287713,61.94102751,-43855.28197483
2025-03-02 12:04:50,NFLX,BUY,74.2,1506.09034518,1498.44839656,-567.03258741,-44422.31456224
2025-03-02 12:05:50,TSLA,BUY,193.0,1030.06527845,1030.34917185,54.79142564,-44367.5231366
2025-03-02 12:06:50,TSLA,SELL,175.6,1347.51013449,1349.14763467,-287.5450321,-44655.0681687
2025-03-02 12:07:50,MSFT,SELL,23.4,974.22294059,978.01922805,-88.83312657,-44743.90129527
2025-03-02 12:08:50,TSLA,SELL,15.4,1753.9062727,1768.04299297,-217.70549216,-44961.60678743
2025-03-02 12:09:50,AMZN,SELL,126.4,507.44712841,508.0063787,-70.68923701,-45032.29602444
2025-03-02 12:10:50,NFLX,SELL,60.3,1680.15688949,1669.52423623,641.14899135,-44391.14703309
2025-03-02 12:11:50,NFLX,SELL,169.3,2850.43295107,2847.81233796,443.66979915,-43947.47723394
2025-03-02 12:12:50,AMZN,SELL,101.1,407.777056,408.5972596,-82.92258411,-44030.39981805
2025-03-02 12:13:50,MSFT,SELL,195.8,566.06871265,566.50669614,-85.7571674,-44116.15698545
2025-03-02 12:14:50,AMZN,BUY,129.7,1155.95106484,1149.97999207,-774.44813802,-44890.60512347
2025-03-02 12:15:50,NVDA,SELL,88.9,474.20558578,476.0322759,-162.39275159,-45052.99787506
2025-03-02 12:16:50,TSLA,BUY,183.2,217.69856519,217.55550309,-26.20897758,-45079.20685264
2025-03-02 12:17:50,AAPL,BUY,63.0,2515.6830018,2518.568875,181.81001147,-44897.39684117
2025-03-02 12:18:50,AAPL,SELL,75.7,979.51497559,983.02479542,-265.69336149,-45163.09020267
2025-03-02 12:19:50,AAPL,BUY,197.9,292.57552504,293.02493269,88.93777473,-45074.15242794
2025-03-02 12:20:50,MSFT,SELL,190.0,1383.93419035,1383.11181267,156.25175802,-44917.90066992
2025-03-02 12:21:50,NVDA,BUY,108.8,813.39924689,821.89291206,924.11077042,-43993.7898995
2025-03-02 12:22:50,AAPL,SELL,42.8,297.22967266,297.28281438,-2.27446542,-43996.06436492
2025-03-02 12:23:50,AMZN,BUY,148.9,722.23797827,724.07249849,273.16006129,-43722.90430362
2025-03-02 12:24:50,NFLX,SELL,173.0,724.20707945,720.21363953,690.86510727,-43032.03919636
2025-03-02 12:25:50,MSFT,SELL,106.1,2832.33781802,2817.71530316,1551.4488267,-41480.59036966
2025-03-02 12:26:50,NVDA,BUY,57.4,244.36490442,243.77294054,-33.97872655,-41514.56909621
2025-03-02 12:27:50,AAPL,SELL,109.1,1997.28376184,1997.90209758,-67.46042899,-41582.0295252
2025-03-02 12:28:50,AAPL,SELL,100.4,2112.20369275,2120.5588959,-838.86239614,-42420.89192134
2025-03-02 12:29:50,NVDA,SELL,57.2,1586.47102618,1575.16310465,646.81311145,-41774.07880989
2025-03-02 12:30:50,AMZN,BUY,188.4,2149.26331307,2124.47616479,-4669.8987355,-46443.97754539
2025-03-02 12:31:50,TSLA,SELL,13.2,1055.0317047,1072.43075707,-229.66749132,-46673.64503671
2025-03-02 12:32:50,NFLX,BUY,153.3,588.47759828,588.30642445,-26.24094777,-46699.88598448
2025-03-02 12:33:50,AMZN,BUY,189.4,2956.29441448,2963.61468096,1386.4584708,-45313.42751368
2025-03-02 12:34:50,NFLX,SELL,93.5,2143.03154559,2142.62186574,38.3050668,-45275.12244688
2025-03-02 12:35:50,AAPL,SELL,170.7,1667.77188354,1650.22515602,2995.22638748,-42279.8960594
2025-03-02 12:36:50,MSFT,SELL,117.9,1530.41772978,1529.18567293,145.25950258,-42134.63655682
2025-03-02 12:37:50,MSFT,BUY,180.7,648.32519596,652.5497399,763.37508976,-41371.26146706
2025-03-02 12:38:50,AAPL,SELL,122.8,388.53905592,391.72884968,-391.70667294,-41762.96814001
2025-03-02 12:39:50,AMZN,SELL,20.3,450.78592049,445.74768386,102.2762037,-41660.69193631
2025-03-02 12:40:50,NFLX,SELL,22.4,1807.54978345,1815.54062853,-178.99492982,-41839.68686613
2025-03-02 12:41:50,NVDA,SELL,39.1,1349.85088226,1351.42831162,-61.67748807,-41901.3643542
2025-03-02 12:42:50,AAPL,BUY,68.5,2093.56689673,2098.47205678,336.00346319,-41565.36089101
2025-03-02 12:43:50,NVDA,SELL,195.3,374.74285286,373.99918544,145.23824705,-41420.12264396
2025-03-02 12:44:50,NFLX,BUY,9.8,1984.60537294,1969.97417287,-143.38576066,-41563.50840462
2025-03-02 12:45:50,NFLX,SELL,109.6,2449.7514785,2449.30502554,48.93124424,-41514.57716038
2025-03-02 12:46:50,AAPL,SELL,179.5,571.24540488,571.47498948,-41.2104359,-41555.78759628
2025-03-02 12:47:50,NVDA,SELL,53.7,2089.47024941,2093.48526119,-215.60613258,-41771.39372886
2025-03-02 12:48:50,AAPL,BUY,83.9,1759.98240531,1758.04618066,-162.4492476,-41933.84297645
2025-03-02 12:49:50,TSLA,SELL,47.3,1154.47320265,1157.69617153,-152.446428,-42086.28940445
2025-03-02 12:50:50,AAPL,BUY,92.1,1330.13666166,1323.50887048,-610.41956783,-42696.70897227
2025-03-02 12:51:50,NVDA,BUY,165.9,837.02711237,850.11516165,2171.30737481,-40525.40159747
2025-03-02 12:52:50,TSLA,BUY,40.5,983.80664711,979.89918814,-158.25208823,-40683.6536857
2025-03-02 12:53:50,NVDA,BUY,144.3,349.14012579,350.55821465,204.63022205,-40479.02346365
2025-03-02 12:54:50,NFLX,SELL,86.1,1232.09169354,1227.2952321,412.97532998,-40066.04813366
2025-03-02 12:55:50,MSFT,SELL,76.7,1460.61473867,1459.87727201,56.56369304,-40009.48444062
2025-03-02 12:56:50,AAPL,SELL,134.8,2024.82964601,2020.46171359,588.79728997,-39420.68715064
2025-03-02 12:57:50,AAPL,SELL,94.7,930.050491,928.34521967,161.48919486,-39259.19795579
2025-03-02 12:58:50,MSFT,SELL,179.9,166.83655638,166.50303226,60.00098967,-39199.19696611
2025-03-02 12:59:50,MSFT,BUY,49.4,711.04932872,709.43715628,-79.64131844,-39278.83828455
2025-03-02 13:00:50,AMZN,BUY,19.7,1953.86236123,1952.03997802,-35.90094925,-39314.7392338
2025-03-02 13:01:50,NFLX,BUY,130.7,489.18703635,492.78516678,470.27564792,-38844.46358588
2025-03-02 13:02:50,AMZN,SELL,54.9,1716.53175954,1709.83675097,367.55597091,-38476.90761497
2025-03-02 13:03:50,MSFT,SELL,27.7,1987.40105642,1965.50318989,606.57090286,-37870.33671211
2025-03-02 13:04:50,AMZN,BUY,122.8,876.83339017,883.81498288,857.3395847,-37012.99712741
2025-03-02 13:05:50,NFLX,BUY,199.8,2626.86741779,2610.07152798,-3355.81878328,-40368.81591069
2025-03-02 13:06:50,MSFT,BUY,55.1,753.10059063,760.15061342,388.45625578,-39980.35965491
2025-03-02 13:07:50,NVDA,BUY,76.6,1490.41943663,1490.21286737,-15.82320559,-39996.1828605
2025-03-02 13:08:50,MSFT,SELL,79.8,1182.98931432,1188.40440708,-432.12440177,-40428.30726227
2025-03-02 13:09:50,TSLA,BUY,131.9,2526.19861007,2508.87959425,-2284.37818638,-42712.68544865
2025-03-02 13:10:50,MSFT,BUY,12.5,2471.92211281,2487.76112785,197.98768799,-42514.69776066
2025-03-02 13:11:50,NVDA,SELL,105.0,2625.31179978,2627.01535986,-178.87380855,-42693.57156921
2025-03-02 13:12:50,MSFT,SELL,7.5,2035.50503855,2011.86999654,177.26281507,-42516.30875414
2025-03-02 13:13:50,TSLA,SELL,92.1,2627.50038373,2618.38629407,839.40765738,-41676.90109676
2025-03-02 13:14:50,AAPL,SELL,101.8,1374.44958564,1373.15784377,131.49932218,-41545.40177457
2025-03-02 13:15:50,NVDA,SELL,137.3,1270.57541403,1275.05886448,-615.5777463,-42160.97952088
2025-03-02 13:16:50,MSFT,SELL,162.5,1837.90480169,1838.94596432,-169.18892729,-42330.16844817
2025-03-02 13:17:50,AMZN,SELL,82.5,417.13211902,419.21329691,-171.69717573,-42501.8656239
2025-03-02 13:18:50,MSFT,SELL,20.3,2597.22920818,2575.49765501,441.15052923,-42060.71509467
2025-03-02 13:19:50,MSFT,BUY,170.8,310.46691433,311.78001927,224.2783243,-41836.43677037
2025-03-02 13:20:50,AAPL,BUY,167.4,1674.34658385,1666.8200213,-1259.9465696,-43096.38333997
2025-03-02 13:21:50,AMZN,BUY,30.3,462.75783853,464.71096298,59.17967087,-43037.20366909
2025-03-02 13:22:50,NFLX,SELL,68.8,1303.49349928,1305.3313522,-126.44428147,-43163.64795057
2025-03-02 13:23:50,NFLX,SELL,186.4,1859.39903727,1872.23809378,-2393.20013197,-45556.84808254
2025-03-02 13:24:50,MSFT,BUY,51.6,927.20859269,930.00539948,144.31523052,-45412.53285202
2025-03-02 13:25:50,TSLA,SELL,16.0,2382.22981821,2385.83791241,-57.72950721,-45470.26235923
2025-03-02 13:26:50,TSLA,BUY,147.1,1725.01115562,1706.77740763,-2682.18432881,-48152.44668805
2025-03-02 13:27:50,NFLX,SELL,124.5,1129.05259795,1137.20754818,-1015.29130438,-49167.73799243
2025-03-02 13:28:50,AMZN,SELL,55.6,1957.40155011,1981.1986488,-1323.11868704,-50490.85667947
2025-03-02 13:29:50,AAPL,BUY,28.3,345.4813854,345.82878411,9.83138354,-50481.02529593
2025-03-02 13:30:50,AMZN,SELL,141.8,2537.28397658,2520.22792428,2418.54821666,-48062.47707926
2025-03-02 13:31:50,NVDA,BUY,73.4,2388.21775219,2370.70300015,-1285.58279913,-49348.05987839
2025-03-02 13:32:50,NFLX,BUY,16.9,656.43223477,652.18263642,-71.81821217,-49419.87809056
2025-03-02 13:33:50,TSLA,BUY,197.9,1813.6566692,1808.97223444,-927.04963942,-50346.92772998
2025-03-02 13:34:50,TSLA,BUY,142.3,2505.96703552,2518.6170874,1800.10238238,-48546.8253476
2025-03-02 13:35:50,NVDA,SELL,84.7,2842.45325745,2838.96200993,295.70866496,-48251.11668264
2025-03-02 13:36:50,MSFT,SELL,92.7,1928.70722219,1950.44200412,-2014.81428448,-50265.93096713
2025-03-02 13:37:50,NFLX,BUY,104.0,647.03351463,652.1065141,527.59194455,-49738.33902258
2025-03-02 13:38:50,TSLA,BUY,134.4,2233.0100468,2236.64875217,489.04200209,-49249.29702049
2025-03-02 13:39:50,NVDA,BUY,145.5,428.8225771,431.34343931,366.78545049,-48882.51157
2025-03-02 13:40:50,AAPL,SELL,15.8,2767.62570898,2770.4037895,-43.89367219,-48926.40524218
2025-03-02 13:41:50,AAPL,BUY,12.4,2479.86052503,2490.8445442,136.20183778,-48790.2034044
2025-03-02 13:42:50,AAPL,SELL,150.5,529.49231602,524.31988939,778.45020812,-48011.75319629
2025-03-02 13:43:50,NVDA,BUY,37.9,124.2286421,125.3798128,43.62936946,-47968.12382683
2025-03-02 13:44:50,AMZN,SELL,142.6,2758.26499781,2769.61646292,-1618.71892456,-49586.84275139
2025-03-02 13:45:50,NFLX,BUY,81.9,2048.15988374,2070.60126865,1837.94942389,-47748.8933275
2025-03-02 13:46:50,NFLX,BUY,147.5,1310.6000233,1314.4853856,573.0909398,-47175.8023877
2025-03-02 13:47:50,AAPL,BUY,19.5,1613.40065646,1618.5227279,99.88039309,-47075.92199461
2025-03-02 13:48:50,NFLX,SELL,179.5,2202.24696521,2200.11093231,383.4179056,-46692.504089
2025-03-02 13:49:50,AAPL,BUY,198.1,440.91602245,439.15609121,-348.6423787,-47041.14646771
2025-03-02 13:50:50,AAPL,SELL,181.3,1782.66274338,1789.06957104,-1161.55785514,-48202.70432285
2025-03-02 13:51:50,MSFT,SELL,135.7,1028.52538554,1031.96040537,-466.13219055,-48668.8365134
2025-03-02 13:52:50,NFLX,BUY,46.2,1075.70602027,1070.48733628,-241.10320016,-48909.93971356
2025-03-02 13:53:50,AMZN,BUY,39.9,1008.22794704,1008.15661335,-2.84621437,-48912.78592793
2025-03-02 13:54:50,AAPL,BUY,92.4,811.30998443,815.51725338,388.75165104,-48524.03427688
2025-03-02 13:55:50,NVDA,SELL,150.2,1029.55488374,1030.28215911,-109.23676077,-48633.27103765
2025-03-02 13:56:50,NVDA,BUY,115.3,2596.99685992,2605.39212631,967.97421496,-47665.29682269
2025-03-02 13:57:50,MSFT,SELL,139.7,555.98342877,562.59563454,-923.7251454,-48589.02196809
2025-03-02 13:58:50,AAPL,SELL,90.9,2680.09349646,2685.37774921,-480.33857522,-49069.36054331
2025-03-02 13:59:50,AMZN,SELL,151.4,2713.41510733,2749.940171,-5529.89463927,-54599.25518258
2025-03-02 14:00:50,TSLA,SELL,196.8,1044.18528431,1043.79308086,77.18563888,-54522.0695437
2025-03-02 14:01:50,TSLA,SELL,13.6,2035.31837285,2048.25807157,-175.97990266,-54698.04944636
2025-03-02 14:02:50,NFLX,SELL,9.7,263.36650562,261.64601911,16.68871915,-54681.36072722
2025-03-02 14:03:50,NVDA,BUY,69.9,1405.07029463,1394.99648186,-704.15951282,-55385.52024004
2025-03-02 14:04:50,MSFT,BUY,139.4,577.68146613,577.03206162,-90.52698901,-55476.04722905
2025-03-02 14:05:50,NFLX,BUY,44.0,1592.25623718,1600.71544463,372.20512795,-55103.8421011
2025-03-02 14:06:50,NFLX,BUY,33.8,309.46510999,307.15189939,-78.18651821,-55182.02861931
2025-03-02 14:07:50,MSFT,SELL,163.4,312.41225191,314.00591742,-260.40494355,-55442.43356286
2025-03-02 14:08:50,NFLX,SELL,135.5,2177.34349608,2188.41862131,-1500.67946881,-56943.11303168
2025-03-02 14:09:50,NFLX,BUY,130.2,1483.2765546,1485.57245593,298.92635362,-56644.18667806
2025-03-02 14:10:50,TSLA,SELL,102.6,2355.84534606,2353.29586868,261.57637901,-56382.61029904
2025-03-02 14:11:50,AAPL,SELL,59.1,1136.78865244,1145.7532594,-529.80827118,-56912.41857022
2025-03-02 14:12:50,NVDA,SELL,71.8,2625.8060396,2641.82393574,-1150.08494298,-58062.5035132
2025-03-02 14:13:50,TSLA,SELL,114.5,2332.33969142,2335.54093952,-366.54290823,-58429.04642143
2025-03-02 14:14:50,TSLA,SELL,117.7,1601.12650235,1610.93846265,-1154.86772711,-59583.91414854
2025-03-02 14:15:50,NVDA,SELL,193.1,2273.01452991,2275.84816263,-547.17447781,-60131.08862635
2025-03-02 14:16:50,AAPL,SELL,99.1,1883.21874224,1891.9045895,-860.76746312,-60991.85608946
2025-03-02 14:17:50,AAPL,SELL,154.8,371.60661256,370.42548137,182.83910806,-60809.01698141
2025-03-02 14:18:50,NFLX,SELL,168.4,988.09381116,994.50268738,-1079.25475464,-61888.27173605
2025-03-02 14:19:50,NVDA,SELL,176.8,309.83604745,311.03891053,-212.66619238,-62100.93792843
2025-03-02 14:20:50,AAPL,BUY,137.2,2814.38311911,2795.96922997,-2526.38558957,-64627.323518
2025-03-02 14:21:50,NVDA,BUY,139.5,1301.84645615,1294.82720841,-979.18505993,-65606.50857793
2025-03-02 14:22:50,AMZN,SELL,151.4,2990.38150601,2979.98353144,1574.25334923,-64032.25522869
2025-03-02 14:23:50,NFLX,BUY,74.3,1969.68793441,1986.90930301,1279.54768737,-62752.70754133
2025-03-02 14:24:50,AAPL,BUY,169.0,1658.39965229,1662.71328725,729.00430822,-62023.70323311
2025-03-02 14:25:50,AMZN,BUY,76.5,196.93694597,196.82824565,-8.31557475,-62032.01880785
2025-03-02 14:26:50,AMZN,BUY,191.1,309.89154026,307.80317876,-399.0858829,-62431.10469075
2025-03-02 14:27:50,NVDA,SELL,184.9,747.4406631,749.17567754,-320.80417029,-62751.90886104
2025-03-02 14:28:50,AAPL,BUY,186.5,1706.76931203,1708.13187795,254.11854242,-62497.79031862
2025-03-02 14:29:50,TSLA,BUY,150.9,115.51206721,115.53360808,3.25051618,-62494.53980244
2025-03-02 14:30:50,MSFT,SELL,110.8,2807.66882779,2798.24638905,1044.00621227,-61450.53359017
2025-03-02 14:31:50,NVDA,SELL,32.5,1629.62374479,1633.15223017,-114.67577491,-61565.20936507
2025-03-02 14:32:50,NFLX,BUY,45.7,2752.38771809,2745.25814236,-325.82161123,-61891.0309763
2025-03-02 14:33:50,TSLA,SELL,20.3,2029.29122509,2019.82030968,192.25958279,-61698.77139351
2025-03-02 14:34:50,NVDA,BUY,63.7,2234.26532549,2240.40870294,391.33314314,-61307.43825037
2025-03-02 14:35:50,AMZN,SELL,121.9,1443.83392553,1449.13429663,-646.11523714,-61953.55348751
2025-03-02 14:36:50,AMZN,SELL,134.2,977.65698785,975.08212333,345.54681865,-61608.00666886
2025-03-02 14:37:50,MSFT,BUY,139.2,559.02084703,559.00132437,-2.71755352,-61610.72422238
2025-03-02 14:38:50,AAPL,BUY,150.9,816.89761384,813.50330102,-512.20180476,-62122.92602714
2025-03-02 14:39:50,AAPL,SELL,176.9,859.90151307,860.26923975,-65.05085049,-62187.97687763
2025-03-02 14:40:50,NVDA,BUY,22.1,1880.15324052,1883.4224125,72.24870078,-62115.72817685
2025-03-02 14:41:50,AMZN,SELL,144.1,1235.45758884,1243.9316551,-1221.11294804,-63336.84112489
2025-03-02 14:42:50,NVDA,BUY,78.7,919.36850462,927.17439203,614.32333917,-62722.51778572
2025-03-02 14:43:50,NVDA,BUY,145.2,398.54381963,402.66596477,598.53547453,-62123.98231119
2025-03-02 14:44:50,MSFT,BUY,68.3,821.93622191,822.90120602,65.90841496,-62058.07389623
2025-03-02 14:45:50,NFLX,SELL,10.0,1069.22447805,1076.12046784,-68.95989783,-62127.03379406
2025-03-02 14:46:50,AMZN,SELL,106.1,2702.16563767,2697.15063477,532.0918077,-61594.94198636
2025-03-02 14:47:50,TSLA,BUY,11.0,1420.95491614,1422.25815623,14.33564109,-61580.60634527
2025-03-02 14:48:50,NVDA,SELL,185.2,1091.61003137,1096.43126086,-892.89170129,-62473.49804656
2025-03-02 14:49:50,AMZN,SELL,118.4,170.73388002,169.6432214,129.13398025,-62344.36406631
2025-03-02 14:50:50,AMZN,BUY,132.2,1343.77355092,1346.84811056,406.45678511,-61937.9072812
2025-03-02 14:51:50,TSLA,SELL,5.1,2208.68047096,2202.35227331,32.27380799,-61905.63347321
2025-03-02 14:52:50,NFLX,BUY,29.0,209.678396,208.97521038,-20.39238288,-61926.02585609
2025-03-02 14:53:50,TSLA,SELL,66.5,2960.41477654,2974.10065236,-910.11074203,-62836.13659812
2025-03-02 14:54:50,TSLA,BUY,9.1,845.16166857,847.90204382,24.93741471,-62811.19918342
2025-03-02 14:55:50,NVDA,BUY,16.0,746.96105349,747.11590714,2.47765832,-62808.7215251
2025-03-02 14:56:50,AMZN,BUY,105.6,766.7632755,764.01052226,-290.69074191,-63099.41226701
2025-03-02 14:57:50,MSFT,SELL,188.4,835.13188445,836.56591683,-270.17170034,-63369.58396735
2025-03-02 14:58:50,AAPL,SELL,79.3,1127.82957676,1133.87206124,-479.16901881,-63848.75298616
2025-03-02 14:59:50,NVDA,SELL,146.9,1294.37162112,1303.01768601,-1270.10693315,-65118.85991931
2025-03-02 15:00:50,TSLA,SELL,70.5,2837.8748792,2838.52762355,-46.01847679,-65164.8783961
2025-03-02 15:01:50,AMZN,SELL,23.5,1726.01399599,1724.44772964,36.80725924,-65128.07113686
2025-03-02 15:02:50,AAPL,BUY,175.9,697.98787612,694.07742192,-687.84889271,-65815.92002957
2025-03-02 15:03:50,NVDA,BUY,93.9,559.03014257,564.03737659,470.179274,-65345.74075557
2025-03-02 15:04:50,NVDA,BUY,174.5,1210.90117221,1217.42014456,1137.56067544,-64208.18008012
2025-03-02 15:05:50,NVDA,SELL,90.7,1748.12553813,1749.33963309,-110.11841358,-64318.2984937
2025-03-02 15:06:50,AMZN,SELL,124.8,2480.13393837,2473.32845337,849.32452768,-63468.97396603
2025-03-02 15:07:50,MSFT,BUY,101.3,2513.27111581,2529.39374925,1633.22276701,-61835.75119902
2025-03-02 15:08:50,TSLA,SELL,62.7,2391.75372143,2381.2732816,657.12357745,-61178.62762157
2025-03-02 15:09:50,MSFT,SELL,87.1,1537.39637056,1527.93499345,824.08594634,-60354.54167523
2025-03-02 15:10:50,NVDA,SELL,43.4,495.47620459,494.79107545,29.73460465,-60324.80707057
2025-03-02 15:11:50,AAPL,SELL,43.6,260.46392277,260.00516604,20.00179377,-60304.8052768
2025-03-02 15:12:50,MSFT,SELL,6.6,1137.73936006,1132.63578185,33.68361618,-60271.12166062
2025-03-02 15:13:50,NVDA,BUY,11.2,2533.70306381,2565.27187987,353.57073984,-59917.55092078
2025-03-02 15:14:50,AAPL,BUY,80.5,1995.95597657,2016.58879229,1660.94166527,-58256.60925551
2025-03-02 15:15:50,NVDA,SELL,13.7,1976.94462185,1978.2961209,-18.51553696,-58275.12479247
2025-03-02 15:16:50,AMZN,SELL,178.1,1693.90467321,1690.01082135,693.49501619,-57581.62977627
2025-03-02 15:17:50,NVDA,SELL,165.4,403.51583833,402.95787394,92.28731125,-57489.34246502
2025-03-02 15:18:50,NVDA,SELL,83.0,1018.147061,1012.52388852,466.72331577,-57022.61914926
2025-03-02 15:19:50,TSLA,SELL,103.2,536.43694441,536.26109901,18.1472458,-57004.47190346
2025-03-02 15:20:50,AMZN,BUY,170.5,1522.7793701,1534.73396366,2038.25820167,-54966.21370179
2025-03-02 15:21:50,NFLX,SELL,100.6,2147.56853245,2155.30789827,-778.58020132,-55744.79390311
2025-03-02 15:22:50,TSLA,BUY,48.1,1773.3591649,1772.22593112,-54.50854505,-55799.30244816
2025-03-02 15:23:50,TSLA,BUY,161.6,880.44728265,882.60967331,349.44232985,-55449.86011831
2025-03-02 15:24:50,AMZN,SELL,101.0,1244.84841864,1243.83029885,102.83009855,-55347.03001976
2025-03-02 15:25:50,NFLX,SELL,85.5,2653.88667465,2648.16220718,489.44196853,-54857.58805123
2025-03-02 15:26:50,AAPL,SELL,52.7,106.80767422,106.94253299,-7.1070572,-54864.69510843
2025-03-02 15:27:50,AMZN,SELL,28.6,2073.69096946,2073.51964944,4.89975279,-54859.79535564
2025-03-02 15:28:50,MSFT,SELL,143.9,1978.72741196,1971.41362446,1052.4540217,-53807.34133395
2025-03-02 15:29:50,AMZN,BUY,20.5,617.50695489,616.25679117,-25.62835614,-53832.96969008
2025-03-02 15:30:50,NFLX,BUY,155.0,2483.22423184,2491.88805603,1342.89274995,-52490.07694014
2025-03-02 15:31:50,NVDA,BUY,70.8,1830.49667131,1827.1130077,-239.56338324,-52729.64032338
2025-03-02 15:32:50,NVDA,BUY,119.1,1578.29549401,1577.04999843,-148.33852369,-52877.97884706
2025-03-02 15:33:50,TSLA,SELL,97.7,1142.0830725,1151.16128603,-886.94146219,-53764.92030926
2025-03-02 15:34:50,NFLX,BUY,37.0,2713.65170261,2698.11320174,-574.92453201,-54339.84484127
2025-03-02 15:35:50,AAPL,BUY,32.5,1206.08554872,1215.83320323,316.7987717,-54023.04606957
2025-03-02 15:36:50,AAPL,BUY,59.4,2802.54692453,2816.18467819,810.08256724,-53212.96350233
2025-03-02 15:37:50,AMZN,BUY,17.3,2855.61249701,2849.89576507,-98.89946258,-53311.86296491
2025-03-02 15:38:50,NVDA,BUY,108.3,2691.94514451,2696.51679001,495.10920789,-52816.75375702
2025-03-02 15:39:50,NFLX,BUY,167.2,2041.11021721,2039.45337092,-277.02470006,-53093.77845707
2025-03-02 15:40:50,NVDA,BUY,96.3,474.03883299,476.2711347,214.97065435,-52878.80780273
2025-03-02 15:41:50,NVDA,BUY,11.0,1835.08761952,1845.27433572,112.05387818,-52766.75392455
2025-03-02 15:42:50,AAPL,SELL,129.2,2949.69199333,2949.93492742,-31.38708488,-52798.14100943
2025-03-02 15:43:50,NFLX,SELL,181.6,568.74931198,565.87940661,521.17481398,-52276.96619546
2025-03-02 15:44:50,NFLX,SELL,152.7,2773.00734141,2776.56707427,-543.57120821,-52820.53740367
2025-03-02 15:45:50,NFLX,BUY,143.3,2221.9452909,2217.56571594,-627.59309141,-53448.13049508
2025-03-02 15:46:50,AAPL,SELL,47.8,2096.04969544,2091.6884086,208.46951107,-53239.660984
2025-03-02 15:47:50,NFLX,BUY,157.5,1372.14792073,1371.86367641,-44.7684798,-53284.42946381
2025-03-02 15:48:50,AAPL,SELL,168.5,2397.350821,2417.33013365,-3366.51418254,-56650.94364634
2025-03-02 15:49:50,AAPL,BUY,49.5,1998.84967872,1991.56250902,-360.71490015,-57011.65854649
2025-03-02 15:50:50,MSFT,SELL,58.3,438.73191243,436.68299012,119.4521708,-56892.20637569
2025-03-02 15:51:50,AMZN,SELL,93.8,707.60575051,711.70567592,-384.57300357,-57276.77937926
2025-03-02 15:52:50,TSLA,SELL,184.9,377.68717612,380.19442656,-463.59060576,-57740.36998503
2025-03-02 15:53:50,AAPL,BUY,75.9,1748.56938625,1743.2316279,-405.13585935,-58145.50584438
2025-03-02 15:54:50,AMZN,SELL,12.7,2111.17852743,2122.33584772,-141.69796766,-58287.20381204
2025-03-02 15:55:50,NFLX,BUY,92.4,2534.28330907,2521.11025632,-1217.19007339,-59504.39388543
2025-03-02 15:56:50,NVDA,SELL,155.6,2063.51376671,2071.84871501,-1296.9179557,-60801.31184113
2025-03-02 15:57:50,AMZN,SELL,125.5,1472.31824196,1480.83784697,-1069.21042863,-61870.52226976
2025-03-02 15:58:50,NFLX,BUY,169.2,1543.82062349,1544.54551956,122.65241496,-61747.8698548
2025-03-02 15:59:50,NFLX,BUY,85.0,2423.92096898,2420.38735349,-300.35731654,-62048.22717134
2025-03-02 16:00:50,NVDA,BUY,49.4,2496.03038975,2480.895388,-747.66908611,-62795.89625745
2025-03-02 16:01:50,AMZN,SELL,162.2,1620.86540299,1633.16936849,-1995.70320507,-64791.59946252
2025-03-02 16:02:50,NVDA,SELL,26.3,812.33156474,807.62745451,123.71809908,-64667.88136345
2025-03-02 16:03:50,AMZN,SELL,24.3,2403.71425277,2414.4217296,-260.191687,-64928.07305044
2025-03-02 16:04:50,TSLA,SELL,194.7,1104.76093253,1103.40866737,263.2860255,-64664.78702494
2025-03-02 16:05:50,AMZN,BUY,57.3,2941.22957084,2930.55452659,-611.68003567,-65276.46706061
2025-03-02 16:06:50,MSFT,SELL,11.1,2151.81617504,2152.74504211,-10.31042453,-65286.77748513
2025-03-02 16:07:50,AMZN,BUY,32.0,2623.57040243,2624.30946838,23.65011037,-65263.12737476
2025-03-02 16:08:50,NFLX,BUY,140.2,2884.77243963,2885.27611275,70.6149712,-65192.51240356
2025-03-02 16:09:50,AMZN,BUY,82.5,2423.97745284,2412.22745691,-969.37466428,-66161.88706784
2025-03-02 16:10:50,AMZN,SELL,112.6,1493.87928211,1489.98794985,438.16401227,-65723.72305557
2025-03-02 16:11:50,AMZN,SELL,55.1,1932.14704659,1914.01268869,999.20312073,-64724.51993485
2025-03-02 16:12:50,TSLA,SELL,116.3,1402.4579004,1402.21054953,28.76690602,-64695.75302883
2025-03-02 16:13:50,TSLA,SELL,85.9,1363.20855824,1370.69502405,-643.08741376,-65338.84044258
2025-03-02 16:14:50,MSFT,BUY,53.7,2516.4867179,2533.155633,895.12074088,-64443.71970171
2025-03-02 16:15:50,AAPL,BUY,119.1,1867.63267829,1867.19999186,-51.5329534,-64495.25265511
2025-03-02 16:16:50,AAPL,SELL,32.7,1009.96821559,999.35611738,347.01561127,-64148.23704383
2025-03-02 16:17:50,AAPL,SELL,25.6,720.02351092,724.77168652,-121.55329522,-64269.79033906
2025-03-02 16:18:50,NFLX,SELL,147.3,2856.75847758,2877.81890712,-3102.2012709,-67371.99160996
2025-03-02 16:19:50,NVDA,BUY,177.4,250.93293239,250.96847246,6.3048076,-67365.68680236
2025-03-02 16:20:50,MSFT,BUY,195.3,1799.00284653,1810.68273647,2281.08250546,-65084.6042969
2025-03-02 16:21:50,NFLX,SELL,181.5,1643.68265516,1662.23828051,-3367.84600141,-68452.45029831
2025-03-02 16:22:50,TSLA,SELL,197.7,2467.0607704,2451.78459237,3020.10039774,-65432.34990057
2025-03-02 16:23:50,AAPL,SELL,14.2,1227.66933977,1231.59452209,-55.73758882,-65488.0874894
2025-03-02 16:24:50,NFLX,SELL,101.5,675.77429072,680.7343405,-503.44505317,-65991.53254256
2025-03-02 16:25:50,MSFT,SELL,155.2,2252.69971205,2233.08028955,3044.93437233,-62946.59817024
2025-03-02 16:26:50,NFLX,SELL,134.4,2923.85348791,2926.72172775,-385.49143455,-63332.08960479
2025-03-02 16:27:50,NVDA,SELL,59.7,1283.8888061,1279.37716353,269.34506148,-63062.74454331
2025-03-02 16:28:50,TSLA,BUY,108.3,597.95896802,600.97646241,326.79464212,-62735.94990119
2025-03-02 16:29:50,AAPL,SELL,127.6,940.96343867,943.45752714,-318.24568951,-63054.1955907
2025-03-02 16:30:50,NFLX,BUY,5.0,921.55993119,918.73069304,-14.14619075,-63068.34178145
2025-03-02 16:31:50,MSFT,BUY,187.1,468.11456726,467.72678798,-72.5535031,-63140.89528455
2025-03-02 16:32:50,AMZN,BUY,123.7,2357.27852318,2365.57933473,1026.81038803,-62114.08489652
2025-03-02 16:33:50,TSLA,SELL,77.9,2915.6236632,2912.15790039,269.98292322,-61844.10197331
2025-03-02 16:34:50,NFLX,SELL,192.9,1249.11730577,1251.50305663,-460.21134186,-62304.31331516
2025-03-02 16:35:50,NFLX,SELL,61.1,1663.04453591,1667.73899031,-286.83116387,-62591.14447904
2025-03-02 16:36:50,MSFT,SELL,77.9,1970.08252595,1965.35261907,368.45974563,-62222.6847334
2025-03-02 16:37:50,NFLX,SELL,9.3,2857.72992041,2867.60974304,-91.8823504,-62314.56708381
2025-03-02 16:38:50,NVDA,BUY,54.2,1030.71277113,1030.56290018,-8.12300548,-62322.69008929
2025-03-02 16:39:50,TSLA,BUY,165.6,1649.2391888,1646.34817915,-478.75119802,-62801.44128731
2025-03-02 16:40:50,AAPL,BUY,80.1,2164.82308747,2172.50484564,615.30882889,-62186.13245843
2025-03-02 16:41:50,TSLA,BUY,157.7,1266.65456642,1263.93968079,-428.13746376,-62614.26992218
2025-03-02 16:42:50,AMZN,BUY,75.8,1191.30426917,1176.90060715,-1091.79758074,-63706.06750293
2025-03-02 16:43:50,TSLA,SELL,138.7,251.57913593,250.13842337,199.82683225,-63506.24067068
2025-03-02 16:44:50,NFLX,BUY,161.5,2466.49715668,2465.49620228,-161.65413557,-63667.89480624
2025-03-02 16:45:50,NVDA,SELL,63.2,1510.53572146,1501.59832889,564.84321051,-63103.05159573
2025-03-02 16:46:50,AMZN,SELL,147.5,784.42299794,788.74410458,-637.36322905,-63740.41482478
2025-03-02 16:47:50,AAPL,BUY,23.5,216.94319519,216.32919692,-14.42895944,-63754.84378422
2025-03-02 16:48:50,TSLA,SELL,187.5,798.88914819,797.84553113,195.67819821,-63559.16558601
2025-03-02 16:49:50,AMZN,SELL,76.1,1608.46464677,1607.87880738,44.58237738,-63514.58320863
2025-03-02 16:50:50,AMZN,BUY,45.4,1071.52485288,1077.79421129,284.62887209,-63229.95433655
2025-03-02 16:51:50,NVDA,SELL,66.8,1195.61078934,1189.74044799,392.13880199,-62837.81553455
2025-03-02 16:52:50,NVDA,BUY,17.8,1773.87926463,1784.48682918,188.81464898,-62649.00088557
2025-03-02 16:53:50,NFLX,SELL,84.4,654.73855442,654.8423291,-8.75858261,-62657.75946818
2025-03-02 16:54:50,AMZN,SELL,54.7,2025.81495148,2033.90912887,-442.75150309,-63100.51097127
2025-03-02 16:55:50,MSFT,SELL,16.4,468.39737032,466.87573247,24.95486083,-63075.55611044
2025-03-02 16:56:50,AMZN,SELL,153.3,604.63029925,603.77479597,131.14865276,-62944.40745768
2025-03-02 16:57:50,MSFT,SELL,113.8,145.93040574,146.17072977,-27.3488751,-62971.75633279
2025-03-02 16:58:50,NFLX,BUY,66.1,1732.20768792,1713.3202227,-1248.46145102,-64220.21778381
2025-03-02 16:59:50,AAPL,SELL,148.0,955.81569453,955.60527958,31.1414126,-64189.07637121
2025-03-02 17:00:50,NVDA,BUY,180.1,383.09440555,384.04202644,170.6665224,-64018.40984881
2025-03-02 17:01:50,NFLX,SELL,112.5,1114.69684458,1110.87321008,430.15888044,-63588.25096837
2025-03-02 17:02:50,AMZN,BUY,107.4,1809.06177035,1807.86254891,-128.79638245,-63717.04735082
2025-03-02 17:03:50,MSFT,SELL,93.1,688.68132165,690.75517553,-193.07579595,-63910.12314677
2025-03-02 17:04:50,NFLX,SELL,111.9,381.06024849,383.95820366,-324.28118325,-64234.40433003
2025-03-02 17:05:50,NFLX,BUY,159.6,2137.94106794,2129.11050713,-1409.35750547,-65643.76183549
2025-03-02 17:06:50,NVDA,SELL,137.1,2159.50247311,2165.78042341,-860.70698543,-66504.46882092
2025-03-02 17:07:50,MSFT,BUY,85.3,170.83796053,172.05712327,103.9945821,-66400.47423883
2025-03-02 17:08:50,NFLX,SELL,120.2,726.7938557,723.12296347,441.24124655,-65959.23299228
2025-03-02 17:09:50,MSFT,SELL,160.6,2748.29728926,2765.68544016,-2792.53703369,-68751.77002596
2025-03-02 17:10:50,NVDA,SELL,196.3,830.26263583,830.02167071,47.30145188,-68704.46857409
2025-03-02 17:11:50,AMZN,SELL,159.7,1879.75311168,1870.13610462,1535.836027,-67168.63254708
2025-03-02 17:12:50,AMZN,BUY,140.7,1873.33507289,1888.55243344,2141.08263,-65027.54991708
2025-03-02 17:13:50,TSLA,SELL,26.1,1093.17813564,1095.06620305,-49.27855934,-65076.82847642
2025-03-02 17:14:50,NFLX,BUY,149.7,1609.90052583,1605.84590765,-606.9763421,-65683.80481852
2025-03-02 17:15:50,AMZN,BUY,87.4,1578.23297901,1577.06384456,-102.18235082,-65785.98716933
2025-03-02 17:16:50,TSLA,BUY,195.3,1073.11588492,1073.78697642,131.06416938,-65654.92299995
2025-03-02 17:17:50,AMZN,BUY,69.2,2633.31117106,2650.68691391,1202.40140507,-64452.52159488
2025-03-02 17:18:50,AMZN,SELL,8.5,1379.69557658,1383.02790813,-28.32481823,-64480.84641311
2025-03-02 17:19:50,TSLA,BUY,104.5,316.08033927,317.31135943,128.64160646,-64352.20480665
2025-03-02 17:20:50,AAPL,BUY,130.7,1891.31429995,1897.55603738,815.7950819,-63536.40972475
2025-03-02 17:21:50,NVDA,SELL,166.6,182.17860611,181.73620821,73.70348972,-63462.70623502
2025-03-02 17:22:50,TSLA,BUY,46.9,2155.1624879,2166.15703182,515.64410966,-62947.06212536
2025-03-02 17:23:50,MSFT,BUY,44.2,216.95746705,216.61400798,-15.18089103,-62962.24301639
2025-03-02 17:24:50,AAPL,SELL,104.2,1313.50354181,1308.09681169,563.38127887,-62398.86173752
2025-03-02 17:25:50,AAPL,BUY,57.8,1482.58623897,1484.67996036,121.01709591,-62277.84464161
2025-03-02 17:26:50,MSFT,BUY,63.2,1247.66000656,1246.60374527,-66.75571349,-62344.6003551
2025-03-02 17:27:50,NVDA,SELL,150.6,2614.12902421,2616.53110662,-361.75361114,-62706.35396624
2025-03-02 17:28:50,NVDA,BUY,140.8,479.70063117,482.95500127,458.21531088,-62248.13865535
2025-03-02 17:29:50,MSFT,SELL,91.0,697.61396182,697.93437943,-29.1580029,-62277.29665826
2025-03-02 17:30:50,TSLA,BUY,125.8,2258.66779248,2273.48578953,1864.10402834,-60413.19262992
2025-03-02 17:31:50,AAPL,SELL,89.2,2428.91936278,2429.00068025,-7.25351833,-60420.44614825
2025-03-02 17:32:50,AMZN,BUY,99.8,2828.80078474,2852.44369071,2359.56201548,-58060.88413278
2025-03-02 17:33:50,AAPL,BUY,158.1,1441.59588861,1444.61162783,476.7883709,-57584.09576187
2025-03-02 17:34:50,MSFT,BUY,96.2,621.41365914,626.03965948,445.0212332,-57139.07452867
2025-03-02 17:35:50,AAPL,BUY,151.8,2907.41025844,2941.47067217,5170.37080427,-51968.7037244
2025-03-02 17:36:50,AAPL,BUY,14.6,2507.09478252,2503.71315712,-49.37173092,-52018.07545531
2025-03-02 17:37:50,NVDA,BUY,111.9,2572.07276836,2566.81938813,-587.85324764,-52605.92870295
2025-03-02 17:38:50,NVDA,SELL,108.5,917.59570008,913.88921946,402.15314694,-52203.77555601
2025-03-02 17:39:50,MSFT,SELL,35.9,249.88847174,249.77863817,3.94302538,-52199.83253063
2025-03-02 17:40:50,AAPL,BUY,93.4,776.84918143,778.57782104,161.45493961,-52038.37759102
2025-03-02 17:41:50,NVDA,SELL,153.9,1599.65057553,1612.69694265,-2007.83589972,-54046.21349074
2025-03-02 17:42:50,TSLA,BUY,27.1,1893.20429043,1892.635986,-15.40105011,-54061.61454085
2025-03-02 17:43:50,TSLA,SELL,90.2,553.36117134,557.98114021,-416.72119178,-54478.33573262
2025-03-02 17:44:50,AMZN,BUY,80.7,1784.13770541,1780.37076428,-303.99214941,-54782.32788203
2025-03-02 17:45:50,AMZN,SELL,49.2,595.20482201,590.54619081,229.20465506,-54553.12322697
2025-03-02 17:46:50,MSFT,BUY,38.3,1593.2897757,1608.75218682,592.21034624,-53960.91288072
2025-03-02 17:47:50,NVDA,SELL,171.2,2022.4281318,2023.84732714,-242.96624188,-54203.87912261
2025-03-02 17:48:50,AMZN,SELL,70.0,2929.02925416,2907.03713802,1539.44813011,-52664.43099249
2025-03-02 17:49:50,NFLX,BUY,22.6,1825.63440028,1820.27457437,-121.13206547,-52785.56305796
2025-03-02 17:50:50,MSFT,SELL,144.6,2881.78276244,2887.59473413,-840.41110701,-53625.97416497
2025-03-02 17:51:50,TSLA,BUY,142.3,2385.66338559,2373.42279299,-1741.83632768,-55367.81049265
2025-03-02 17:52:50,AMZN,SELL,191.6,2589.28280131,2620.31077336,-5944.95944572,-61312.76993837
2025-03-02 17:53:50,AMZN,SELL,186.6,1547.20490142,1557.18078803,-1861.50044133,-63174.2703797
2025-03-02 17:54:50,MSFT,SELL,45.8,1417.99992557,1436.18866572,-833.04429882,-64007.31467851
2025-03-02 17:55:50,AAPL,SELL,52.1,110.78701637,109.58030665,62.86957641,-63944.44510211
2025-03-02 17:56:50,AAPL,BUY,196.2,1400.60716121,1403.35691395,539.50148808,-63404.94361403
2025-03-02 17:57:50,NVDA,SELL,93.2,1115.78987494,1118.98959033,-298.21347383,-63703.15708785
2025-03-02 17:58:50,TSLA,SELL,34.2,2306.04393753,2325.13146081,-652.79329611,-64355.95038396
2025-03-02 17:59:50,AMZN,BUY,54.5,1758.30343643,1756.60331264,-92.65674673,-64448.6071307
2025-03-02 18:00:50,NFLX,BUY,197.2,438.94840571,437.7140434,-243.41624828,-64692.02337898
2025-03-02 18:01:50,MSFT,BUY,30.4,995.03468072,997.93238746,88.09028494,-64603.93309403
2025-03-02 18:02:50,NFLX,SELL,173.2,285.72621921,284.13734827,275.19244561,-64328.74064842
2025-03-02 18:03:50,AMZN,SELL,53.1,2888.34906979,2885.50238036,151.15920835,-64177.58144007
2025-03-02 18:04:50,NFLX,SELL,85.7,1958.05965171,1959.61169028,-133.00970595,-64310.59114602
2025-03-02 18:05:50,NVDA,BUY,45.3,883.16955169,879.73266228,-155.69109053,-64466.28223654
2025-03-02 18:06:50,NVDA,BUY,139.4,621.01193819,627.21733815,865.03275467,-63601.24948187
2025-03-02 18:07:50,AMZN,SELL,172.4,1738.70962081,1742.68477542,-685.31665514,-64286.56613701
2025-03-02 18:08:50,TSLA,SELL,27.4,2053.19868177,2051.7154797,40.63973679,-64245.92640022
2025-03-02 18:09:50,NVDA,SELL,91.1,2114.98011663,2103.6724695,1030.12665376,-63215.79974645
2025-03-02 18:10:50,TSLA,SELL,69.3,2874.76254471,2899.71773703,-1729.39482721,-64945.19457366
2025-03-02 18:11:50,AAPL,SELL,180.8,2890.33913753,2905.27001917,-2699.50340064,-67644.6979743
2025-03-02 18:12:50,NFLX,BUY,54.3,2987.25218523,2980.8258695,-348.94894433,-67993.64691863
2025-03-02 18:13:50,MSFT,SELL,106.4,1366.65379104,1363.1005627,378.06349478,-67615.58342385
2025-03-02 18:14:50,AAPL,SELL,38.4,1386.43913382,1381.41978877,192.7428502,-67422.84057365
2025-03-02 18:15:50,NVDA,BUY,142.5,2632.43763441,2638.24053724,826.91365454,-66595.92691911
2025-03-02 18:16:50,AAPL,SELL,191.5,1995.60378158,1990.95708338,889.84270492,-65706.08421419
2025-03-02 18:17:50,NVDA,SELL,53.3,108.76052693,109.37831727,-32.92822497,-65739.01243917
2025-03-02 18:18:50,AAPL,BUY,105.2,365.300578,367.08495571,187.71653522,-65551.29590395
2025-03-02 18:19:50,NVDA,SELL,40.3,771.59067474,771.1459826,17.92109331,-65533.37481063
2025-03-02 18:20:50,MSFT,SELL,188.0,1459.08974729,1462.50438519,-641.95192531,-66175.32673595
2025-03-02 18:21:50,AAPL,BUY,195.7,638.91296114,639.60338578,135.11610226,-66040.21063368
2025-03-02 18:22:50,NVDA,BUY,66.6,593.41394651,594.43256026,67.83967552,-65972.37095817
2025-03-02 18:23:50,NVDA,BUY,65.3,1331.02921476,1335.50909608,292.53625022,-65679.83470794
2025-03-02 18:24:50,NFLX,BUY,121.3,101.18983937,100.93539174,-30.86449851,-65710.69920646
2025-03-02 18:25:50,NVDA,SELL,61.1,2756.23471147,2766.1666585,-606.8419636,-66317.54117006
2025-03-02 18:26:50,NFLX,BUY,139.2,2166.54408117,2157.01634769,-1326.26049975,-67643.8016698
2025-03-02 18:27:50,AMZN,BUY,54.2,1026.01895206,1033.15537909,386.79434474,-67257.00732507
2025-03-02 18:28:50,NVDA,BUY,87.8,1411.73808514,1412.11322968,32.93769066,-67224.0696344
2025-03-02 18:29:50,NVDA,SELL,88.1,554.61254804,554.02071053,52.14088431,-67171.9287501
2025-03-02 18:30:50,TSLA,SELL,157.4,1387.92771501,1389.54046074,-253.84617778,-67425.77492787
2025-03-02 18:31:50,AMZN,BUY,128.9,2072.13356349,2089.06610308,2182.60435378,-65243.17057409
2025-03-02 18:32:50,AAPL,SELL,68.2,1669.87260983,1673.92000192,-276.03214053,-65519.20271462
2025-03-02 18:33:50,TSLA,SELL,178.1,495.12663877,498.21721897,-550.43233389,-66069.63504851
2025-03-02 18:34:50,AMZN,BUY,136.5,1798.97115506,1800.04093929,146.02554787,-65923.60950064
2025-03-02 18:35:50,NFLX,SELL,133.5,2432.3573477,2438.84407808,-865.97850624,-66789.58800687
2025-03-02 18:36:50,MSFT,SELL,77.9,2428.83202156,2400.98776376,2169.06768274,-64620.52032413
2025-03-02 18:37:50,NVDA,SELL,23.7,1225.55222463,1220.37526951,122.69383634,-64497.82648779
2025-03-02 18:38:50,AMZN,SELL,137.5,1276.29623174,1288.9565964,-1740.80014097,-66238.62662876
2025-03-02 18:39:50,AMZN,SELL,120.8,294.57182463,295.77212327,-144.9960765,-66383.62270526
2025-03-02 18:40:50,TSLA,BUY,180.0,594.53812924,596.64779749,379.74028419,-66003.88242107
2025-03-02 18:41:50,TSLA,SELL,177.0,2002.82366636,2034.22199513,-5557.50419211,-71561.38661318
2025-03-02 18:42:50,AMZN,BUY,180.5,2765.21100338,2753.76408386,-2066.16897423,-73627.55558741
2025-03-02 18:43:50,NFLX,BUY,58.5,1399.66653277,1390.09289581,-560.05776231,-74187.61334972
2025-03-02 18:44:50,TSLA,SELL,57.4,931.91393745,925.89161943,345.68105407,-73841.93229565
2025-03-02 18:45:50,AAPL,BUY,18.6,2597.08251579,2587.2834884,-182.26190952,-74024.19420516
2025-03-02 18:46:50,MSFT,SELL,17.0,1099.06709084,1103.01394491,-67.09651906,-74091.29072422
2025-03-02 18:47:50,AAPL,SELL,154.8,882.92354688,882.63860141,44.10955862,-74047.18116561
2025-03-02 18:48:50,AAPL,SELL,96.7,1444.28873385,1448.37433772,-395.07789422,-74442.25905983
2025-03-02 18:49:50,NVDA,BUY,153.7,2633.3683867,2663.18101532,4582.20101863,-69860.05804119
2025-03-02 18:50:50,TSLA,BUY,6.9,2557.32965634,2561.90848957,31.59394928,-69828.46409191
2025-03-02 18:51:50,NVDA,SELL,181.9,1268.38109005,1271.53445807,-573.59764404,-70402.06173595
2025-03-02 18:52:50,NVDA,SELL,72.8,1635.9691284,1651.24300114,-1111.93793544,-71513.99967139
2025-03-02 18:53:50,TSLA,BUY,132.8,1609.50954756,1624.40212182,1977.73386225,-69536.26580914
2025-03-02 18:54:50,MSFT,SELL,35.2,2597.57345906,2591.99890862,196.22417547,-69340.04163367
2025-03-02 18:55:50,NVDA,SELL,84.6,1409.48636617,1403.16570019,534.72834214,-68805.31329153
2025-03-02 18:56:50,TSLA,SELL,176.1,1956.72765336,1966.72717815,-1760.91631591,-70566.22960744
2025-03-02 18:57:50,AAPL,SELL,182.6,1312.5816394,1321.78238825,-1680.05673922,-72246.28634666
2025-03-02 18:58:50,AAPL,SELL,122.9,159.164671,159.33082971,-20.42090655,-72266.70725321
2025-03-02 18:59:50,MSFT,SELL,173.2,903.37380172,908.68758815,-920.3478094,-73187.05506261
2025-03-02 19:00:50,AMZN,SELL,48.2,2055.2369341,2045.65799739,461.70474945,-72725.35031317
2025-03-02 19:01:50,AMZN,SELL,84.8,200.91767962,202.01273897,-92.86103299,-72818.21134616
2025-03-02 19:02:50,NFLX,BUY,94.1,2421.05614652,2416.12613277,-463.91429379,-73282.12563995
2025-03-02 19:03:50,TSLA,SELL,122.8,1858.88545344,1858.12214138,93.73472102,-73188.39091893
2025-03-02 19:04:50,AMZN,SELL,56.7,898.79537139,905.22491714,-364.5552437,-73552.94616263
2025-03-02 19:05:50,NFLX,SELL,92.6,1654.95760992,1649.4633174,508.77148738,-73044.17467525
2025-03-02 19:06:50,MSFT,SELL,46.7,2183.950848,2184.75309418,-37.46489632,-73081.63957156
2025-03-02 19:07:50,TSLA,SELL,85.5,671.16552761,673.31883657,-184.1079167,-73265.74748826
2025-03-02 19:08:50,MSFT,BUY,92.5,1177.24368407,1169.98167967,-671.7354068,-73937.48289506
2025-03-02 19:09:50,NFLX,SELL,44.7,1657.79103265,1643.16487255,653.78935664,-73283.69353842
2025-03-02 19:10:50,NVDA,BUY,102.1,203.27523579,201.9731098,-132.94706421,-73416.64060263
2025-03-02 19:11:50,TSLA,BUY,114.0,1707.09219267,1701.39116656,-649.91697624,-74066.55757887
2025-03-02 19:12:50,NFLX,SELL,163.1,831.44708927,834.59468861,-513.37345317,-74579.93103204
2025-03-02 19:13:50,NFLX,BUY,31.5,2846.79478885,2828.35408437,-580.88219093,-75160.81322298
2025-03-02 19:14:50,MSFT,BUY,68.5,274.21218823,274.46953849,17.62849314,-75143.18472984
2025-03-02 19:15:50,MSFT,BUY,143.4,516.69411303,514.23465539,-352.68622591,-75495.87095574
2025-03-02 19:16:50,MSFT,BUY,162.6,126.80060638,126.99656592,31.86302125,-75464.00793449
2025-03-02 19:17:50,AAPL,BUY,50.5,522.86657479,526.30104672,173.44083236,-75290.56710213
2025-03-02 19:18:50,MSFT,BUY,11.5,857.56870476,849.31641817,-94.90129581,-75385.46839793
2025-03-02 19:19:50,TSLA,BUY,41.7,746.55502482,754.28588013,322.37666633,-75063.0917316
2025-03-02 19:20:50,NFLX,SELL,7.4,865.03761734,862.22242124,20.8324512,-75042.25928041
2025-03-02 19:21:50,MSFT,SELL,123.1,1604.91835637,1607.26197962,-288.50002265,-75330.75930306
2025-03-02 19:22:50,MSFT,BUY,116.8,1466.4004222,1471.3586179,579.1172576,-74751.64204546
2025-03-02 19:23:50,AAPL,SELL,166.5,2790.9118266,2778.06780032,2138.5303751,-72613.11167036
2025-03-02 19:24:50,TSLA,SELL,103.4,861.63747586,859.24700832,247.17434418,-72365.93732617
2025-03-02 19:25:50,MSFT,SELL,103.1,2257.74340856,2261.71034716,-408.99136961,-72774.92869578
2025-03-02 19:26:50,NVDA,BUY,61.5,2437.31337315,2436.1838556,-69.46532891,-72844.3940247
2025-03-02 19:27:50,AAPL,BUY,88.2,2025.96464392,2047.57520103,1906.05113694,-70938.34288775
2025-03-02 19:28:50,TSLA,BUY,101.7,2661.71413296,2667.79283324,618.2038185,-70320.13906926
2025-03-02 19:29:50,AAPL,BUY,152.0,1008.42714742,1006.78061211,-250.27336665,-70570.41243591
2025-03-02 19:30:50,AMZN,BUY,146.3,2610.60898761,2595.95893611,-2143.3025346,-72713.7149705
2025-03-02 19:31:50,MSFT,SELL,46.9,1271.05191522,1263.76081877,341.95242331,-72371.76254719
2025-03-02 19:32:50,AAPL,BUY,149.9,610.65893504,608.5252933,-319.83289678,-72691.59544397
2025-03-02 19:33:50,AMZN,BUY,93.6,831.00267187,832.61062136,150.50407239,-72541.09137158
2025-03-02 19:34:50,TSLA,SELL,20.6,1234.16750803,1235.12847207,-19.7958593,-72560.88723089
2025-03-02 19:35:50,NVDA,SELL,120.2,360.49468246,358.19425316,276.51160217,-72284.37562872
2025-03-02 19:36:50,AAPL,BUY,15.5,1352.3467077,1365.90786761,210.19797854,-72074.17765018
2025-03-02 19:37:50,TSLA,BUY,103.4,1597.98488013,1589.63951236,-862.91102764,-72937.08867782
2025-03-02 19:38:50,MSFT,SELL,38.8,829.14744134,831.8414542,-104.52769889,-73041.6163767
2025-03-02 19:39:50,AAPL,SELL,171.7,2877.7223829,2870.23725402,1285.19662931,-71756.41974739
2025-03-02 19:40:50,NVDA,SELL,100.9,708.68924268,705.40923409,330.95286679,-71425.4668806
2025-03-02 19:41:50,AMZN,BUY,135.9,156.87054418,157.77004581,122.24227222,-71303.22460837
2025-03-02 19:42:50,AAPL,SELL,161.8,576.73878455,577.47413497,-118.97969745,-71422.20430583
2025-03-02 19:43:50,TSLA,BUY,29.8,2396.68694195,2385.13430414,-344.26860675,-71766.47291258
2025-03-02 19:44:50,MSFT,BUY,56.3,838.68945133,838.02692677,-37.30013238,-71803.77304496
2025-03-02 19:45:50,MSFT,BUY,85.2,1713.08554267,1708.91813015,-355.0635467,-72158.83659165
2025-03-02 19:46:50,MSFT,SELL,172.3,514.93604671,518.44630409,-604.81734659,-72763.65393824
2025-03-02 19:47:50,AAPL,BUY,133.5,995.69660779,991.27366752,-590.46252582,-73354.11646406
2025-03-02 19:48:50,TSLA,SELL,147.8,1537.87647068,1559.10303342,-3137.2859733,-76491.40243736
2025-03-02 19:49:50,TSLA,BUY,135.3,354.54145096,355.6624272,151.66808581,-76339.73435155
2025-03-02 19:50:50,AMZN,SELL,83.7,1368.11677991,1364.57895373,296.11605153,-76043.61830001
2025-03-02 19:51:50,AAPL,SELL,103.8,497.20324018,497.53319055,-34.24884866,-76077.86714867
2025-03-02 19:52:50,MSFT,SELL,55.4,2314.48436699,2304.36242048,560.7558367,-75517.11131196
2025-03-02 19:53:50,TSLA,BUY,198.4,1494.27988772,1502.34125854,1599.37597122,-73917.73534074
2025-03-02 19:54:50,AMZN,SELL,154.7,1303.05805903,1307.49242159,-685.9958885,-74603.73122924
2025-03-02 19:55:50,NVDA,SELL,29.0,217.47660153,217.22690036,7.24133403,-74596.4898952
2025-03-02 19:56:50,NFLX,BUY,72.5,2552.66014714,2538.60635843,-1018.89968146,-75615.38957666
2025-03-02 19:57:50,MSFT,SELL,143.3,1998.40146119,1982.47228442,2282.65103223,-73332.73854443
2025-03-02 19:58:50,TSLA,BUY,71.7,1773.45469097,1784.83269045,815.80256292,-72516.93598151
2025-03-02 19:59:50,AAPL,SELL,198.6,343.2338418,342.94589516,57.18620235,-72459.74977916
2025-03-02 20:00:50,AAPL,BUY,69.2,1985.86122481,1994.82275437,620.13784564,-71839.61193353
2025-03-02 20:01:50,MSFT,SELL,56.1,1235.2173853,1230.28828351,276.52261079,-71563.08932273
2025-03-02 20:02:50,AMZN,BUY,104.7,2189.20660037,2172.19334707,-1781.28761981,-73344.37694254
2025-03-02 20:03:50,MSFT,SELL,13.2,2836.33912976,2876.99670707,-536.68002058,-73881.05696312
2025-03-02 20:04:50,NFLX,SELL,14.6,2768.57125962,2772.68474447,-60.05687894,-73941.11384206
2025-03-02 20:05:50,NVDA,SELL,171.5,1763.14879631,1769.30997163,-1056.64156705,-74997.75540912
2025-03-02 20:06:50,TSLA,SELL,147.8,155.2258869,155.11556114,16.30614618,-74981.44926294
2025-03-02 20:07:50,TSLA,SELL,133.2,2806.02834139,2800.71849776,707.27117105,-74274.17809189
2025-03-02 20:08:50,MSFT,SELL,96.7,2768.33005864,2770.0257397,-163.97235848,-74438.15045037
2025-03-02 20:09:50,NFLX,BUY,139.5,184.09055857,183.29341684,-111.20127147,-74549.35172185
2025-03-02 20:10:50,AAPL,SELL,17.6,721.388247,721.92372553,-9.42442212,-74558.77614396
2025-03-02 20:11:50,AAPL,BUY,126.3,1765.45126515,1779.12626571,1727.1525706,-72831.62357336
2025-03-02 20:12:50,MSFT,SELL,125.0,2596.92558179,2599.83974573,-364.27049196,-73195.89406533
2025-03-02 20:13:50,AMZN,BUY,140.6,136.99379115,138.19951154,169.52428712,-73026.36977821
2025-03-02 20:14:50,NFLX,BUY,73.3,1982.33374585,1964.97243804,-1272.58386304,-74298.95364125
2025-03-02 20:15:50,AAPL,SELL,31.1,2759.585665,2758.52475118,32.9944198,-74265.95922146
2025-03-02 20:16:50,AAPL,SELL,46.8,1183.34222951,1180.55119386,130.62046853,-74135.33875293
2025-03-02 20:17:50,AMZN,SELL,91.4,1796.85281669,1798.44809809,-145.80872002,-74281.14747296
2025-03-02 20:18:50,TSLA,BUY,139.5,2450.25544936,2451.99573666,242.77007774,-74038.37739522
2025-03-02 20:19:50,AMZN,SELL,141.1,2202.12547538,2197.38159556,669.36144215,-73369.01595307
2025-03-02 20:20:50,TSLA,SELL,167.2,890.1548337,889.71925065,72.82948554,-73296.18646753
2025-03-02 20:21:50,TSLA,BUY,101.3,2943.36531357,2957.86411156,1468.72823675,-71827.45823078
2025-03-02 20:22:50,NVDA,SELL,189.0,317.77157284,315.26486203,473.76834199,-71353.68988878
2025-03-02 20:23:50,AAPL,SELL,183.0,1158.74265252,1164.0002023,-962.13160877,-72315.82149755
2025-03-02 20:24:50,NFLX,BUY,127.2,1859.48678137,1868.56973921,1155.35223739,-71160.46926016
2025-03-02 20:25:50,AMZN,SELL,127.6,1950.20938213,1955.00084166,-611.39023627,-71771.85949643
2025-03-02 20:26:50,NVDA,SELL,156.5,2223.64264553,2226.22412884,-404.00213739,-72175.86163382
2025-03-02 20:27:50,NFLX,BUY,47.0,2630.14216374,2632.31076242,101.92413788,-72073.93749594
2025-03-02 20:28:50,TSLA,SELL,166.7,1590.8340173,1585.63252372,867.08897962,-71206.84851632
2025-03-02 20:29:50,NVDA,SELL,116.3,1386.97237992,1384.4981684,287.75079959,-70919.09771673
2025-03-02 20:30:50,MSFT,BUY,166.5,1884.12320013,1886.31480128,364.90159103,-70554.19612571
2025-03-02 20:31:50,NFLX,BUY,120.9,556.75158942,554.0876962,-322.06469023,-70876.26081593
2025-03-02 20:32:50,MSFT,BUY,196.1,458.04436382,459.24101539,234.66337358,-70641.59744235
2025-03-02 20:33:50,AAPL,BUY,49.3,1241.78559199,1246.1375372,214.55089847,-70427.04654388
2025-03-02 20:34:50,MSFT,BUY,130.5,1867.39136225,1860.08683431,-953.24089651,-71380.28744039
2025-03-02 20:35:50,MSFT,SELL,179.2,355.21747978,352.78171801,436.48851056,-70943.79892983
2025-03-02 20:36:50,NFLX,BUY,81.1,1440.84819702,1435.57201809,-427.89811093,-71371.69704076
2025-03-02 20:37:50,NFLX,SELL,186.2,2604.3733091,2616.95749088,-2343.17464615,-73714.87168691
2025-03-02 20:38:50,MSFT,SELL,186.5,2366.41707565,2363.88625243,471.99853034,-73242.87315657
2025-03-02 20:39:50,AMZN,BUY,117.5,812.67590534,816.73105756,476.48038557,-72766.392771
2025-03-02 20:40:50,NVDA,SELL,115.1,115.44015266,115.23518334,23.59196843,-72742.80080257
2025-03-02 20:41:50,AMZN,SELL,67.9,1083.68995069,1090.01758634,-429.64646081,-73172.44726338
2025-03-02 20:42:50,NFLX,SELL,171.4,1866.66663504,1872.25722842,-958.22770453,-74130.6749679
2025-03-02 20:43:50,NVDA,BUY,106.3,867.33162446,867.02646815,-32.43811544,-74163.11308335
2025-03-02 20:44:50,NFLX,BUY,134.0,1714.75521511,1716.23518329,198.31573666,-73964.79734669
2025-03-02 20:45:50,NVDA,SELL,148.6,1816.55177282,1811.9077289,690.10492604,-73274.69242066
2025-03-02 20:46:50,AMZN,SELL,121.3,437.69201985,438.38603354,-84.18386102,-73358.87628168
2025-03-02 20:47:50,AMZN,BUY,20.5,897.43965672,905.54183094,166.09457138,-73192.7817103
2025-03-02 20:48:50,AAPL,BUY,145.5,1053.36336621,1043.45785036,-1441.25255676,-74634.03426706
2025-03-02 20:49:50,TSLA,SELL,69.9,1966.93476349,1976.09967704,-640.62745659,-75274.66172365
2025-03-02 20:50:50,AAPL,BUY,112.9,1948.59159828,1962.7629129,1599.94142003,-73674.72030362
2025-03-02 20:51:50,TSLA,SELL,140.8,133.03003746,133.53470276,-71.05687455,-73745.77717817
2025-03-02 20:52:50,AAPL,BUY,119.6,2472.15583612,2472.69380967,64.34163575,-73681.43554241
2025-03-02 20:53:50,AMZN,SELL,44.7,831.32774728,830.87483986,20.24496156,-73661.19058085
2025-03-02 20:54:50,AAPL,SELL,105.4,958.58997911,949.46140919,962.15127024,-72699.03931061
2025-03-02 20:55:50,NVDA,BUY,195.7,579.57423399,580.30756728,143.51332432,-72555.52598629
2025-03-02 20:56:50,AMZN,BUY,90.0,2202.23978832,2213.96990576,1055.71056918,-71499.81541711
2025-03-02 20:57:50,NVDA,BUY,71.4,1927.10027487,1935.53265918,602.07223971,-70897.7431774
2025-03-02 20:58:50,NVDA,BUY,118.0,1544.57605513,1532.86791186,-1381.56090593,-72279.30408333
2025-03-02 20:59:50,AAPL,SELL,76.6,931.31568573,931.22247022,7.14030851,-72272.16377482
2025-03-02 21:00:50,AAPL,SELL,163.5,400.94665504,401.0921849,-23.79413186,-72295.95790668
2025-03-02 21:01:50,AAPL,BUY,133.5,212.73372135,213.61999695,118.31779323,-72177.64011346
2025-03-02 21:02:50,AAPL,BUY,64.6,1506.47762527,1505.06432455,-91.29922675,-72268.93934021
2025-03-02 21:03:50,NVDA,BUY,79.5,1601.1529135,1594.91401933,-495.9920866,-72764.93142681
2025-03-02 21:04:50,TSLA,BUY,88.0,2991.27245816,2996.70700727,478.2403217,-72286.69110511
2025-03-02 21:05:50,AMZN,BUY,143.5,1109.86885515,1116.86800035,1004.37733597,-71282.31376914
2025-03-02 21:06:50,MSFT,SELL,145.3,1417.38510065,1415.73108617,240.32830283,-71041.98546632
2025-03-02 21:07:50,AAPL,BUY,170.0,411.61432768,410.29614723,-224.09067618,-71266.07614249
2025-03-02 21:08:50,AMZN,SELL,66.7,521.32942826,523.64214583,-154.25826195,-71420.33440444
2025-03-02 21:09:50,MSFT,SELL,55.1,2930.60469949,2926.53350563,224.32278174,-71196.0116227
2025-03-02 21:10:50,MSFT,BUY,116.4,1251.95983574,1252.93256764,113.22599342,-71082.78562929
2025-03-02 21:11:50,AMZN,SELL,105.8,2864.06137627,2869.69568061,-596.10939874,-71678.89502802
2025-03-02 21:12:50,AMZN,BUY,66.4,218.27653896,219.92437968,109.41662364,-71569.47840439
2025-03-02 21:13:50,NFLX,BUY,190.4,1769.09357271,1767.40931833,-320.68203308,-71890.16043747
2025-03-02 21:14:50,MSFT,SELL,44.2,738.31850706,740.96221905,-116.85206999,-72007.01250745
2025-03-02 21:15:50,TSLA,BUY,171.3,2775.24679928,2770.69547748,-779.64142357,-72786.65393102
2025-03-02 21:16:50,AAPL,BUY,95.5,1562.70404247,1574.83897974,1158.88650968,-71627.76742135
2025-03-02 21:17:50,TSLA,BUY,103.5,834.85451192,836.98225043,220.22093547,-71407.54648587
2025-03-02 21:18:50,MSFT,SELL,105.8,1326.31838627,1330.79969773,-474.12275211,-71881.66923798
2025-03-02 21:19:50,AMZN,SELL,149.5,1172.99676928,1178.1964748,-777.35597427,-72659.02521225
2025-03-02 21:20:50,MSFT,SELL,44.9,2195.57400202,2205.90498765,-463.86125498,-73122.88646722
2025-03-02 21:21:50,TSLA,BUY,96.6,1080.1129398,1087.49951856,713.54350824,-72409.34295898
2025-03-02 21:22:50,AAPL,BUY,32.0,1055.12522032,1052.09149811,-97.07911093,-72506.42206991
2025-03-02 21:23:50,AMZN,SELL,78.5,1057.69708492,1057.32075711,29.54173261,-72476.88033729
2025-03-02 21:24:50,MSFT,BUY,10.3,1139.13531962,1131.11929705,-82.56503243,-72559.44536973
2025-03-02 21:25:50,AMZN,SELL,57.7,1270.9038544,1272.49968616,-92.07949281,-72651.52486254
2025-03-02 21:26:50,NVDA,SELL,11.5,793.44883998,791.95371696,17.19391471,-72634.33094783
2025-03-02 21:27:50,AAPL,BUY,33.4,2347.75746798,2369.46874866,725.15677478,-71909.17417305
2025-03-02 21:28:50,TSLA,BUY,58.7,878.3527933,881.12670616,162.8286847,-71746.34548835
2025-03-02 21:29:50,NVDA,BUY,26.8,425.00523956,426.23208839,32.87954869,-71713.46593966
2025-03-02 21:30:50,TSLA,BUY,58.8,634.35816454,633.62627361,-43.03518667,-71756.50112633
2025-03-02 21:31:50,AAPL,SELL,44.6,2363.91615339,2344.54171331,864.10002763,-70892.40109869
2025-03-02 21:32:50,NFLX,SELL,40.7,882.13634414,894.247889,-492.93987558,-71385.34097428
2025-03-02 21:33:50,NFLX,SELL,78.9,1546.73807744,1543.26459382,274.05785766,-71111.28311662
2025-03-02 21:34:50,NFLX,SELL,72.1,1677.86638523,1689.52276911,-840.425278,-71951.70839462
2025-03-02 21:35:50,MSFT,SELL,77.1,1043.08183598,1046.55161907,-267.52027643,-72219.22867105
2025-03-02 21:36:50,NVDA,SELL,76.3,1803.53131185,1791.92092022,885.87288138,-71333.35578967
2025-03-02 21:37:50,TSLA,BUY,61.0,687.07905773,680.57789121,-396.57115736,-71729.92694703
2025-03-02 21:38:50,AAPL,SELL,46.4,1963.85641551,1960.85263634,139.37535359,-71590.55159344
2025-03-02 21:39:50,AAPL,BUY,29.2,1686.33716956,1711.97705976,748.68479373,-70841.86679971
2025-03-02 21:40:50,TSLA,SELL,19.9,1071.78595425,1070.4284416,27.01450171,-70814.852298
2025-03-02 21:41:50,TSLA,BUY,43.4,2407.93718156,2401.80087058,-266.31589619,-71081.16819419
2025-03-02 21:42:50,NFLX,SELL,35.5,952.31623366,954.85472363,-90.11639374,-71171.28458794
2025-03-02 21:43:50,NFLX,SELL,45.8,1082.07194509,1079.24515191,129.46712757,-71041.81746037
2025-03-02 21:44:50,AMZN,BUY,42.2,423.4858838,431.83113338,352.16953203,-70689.64792833
2025-03-02 21:45:50,AAPL,SELL,14.5,505.84936101,506.84279839,-14.404842,-70704.05277033
2025-03-02 21:46:50,AAPL,SELL,35.1,1682.7761395,1682.75390825,0.78031672,-70703.27245361
2025-03-02 21:47:50,MSFT,BUY,52.8,2281.5541406,2275.23675355,-333.55803587,-71036.83048948
2025-03-02 21:48:50,NVDA,SELL,66.5,2404.02851397,2408.49795495,-297.21782542,-71334.0483149
2025-03-02 21:49:50,NFLX,SELL,17.9,2149.47631123,2139.16029039,184.65677319,-71149.3915417
2025-03-02 21:50:50,AAPL,BUY,69.2,750.18213579,746.44503615,-258.60729541,-71407.99883711
2025-03-02 21:51:50,NVDA,BUY,10.7,176.5235085,175.71830194,-8.61571017,-71416.61454728
2025-03-02 21:52:50,NVDA,BUY,64.8,656.46307332,653.88346883,-167.15837074,-71583.77291802
2025-03-02 21:53:50,MSFT,BUY,5.4,1451.50382534,1440.25169996,-60.76147704,-71644.53439507
2025-03-02 21:54:50,TSLA,BUY,55.7,373.46864667,371.07345061,-133.41242034,-71777.94681541
2025-03-02 21:55:50,NVDA,BUY,59.1,1785.03325211,1785.31440556,16.61616864,-71761.33064677
2025-03-02 21:56:50,NFLX,BUY,38.2,2369.5112266,2397.7525559,1078.81877949,-70682.51186728
2025-03-02 21:57:50,NFLX,BUY,40.7,1538.30455915,1558.15145985,807.76885875,-69874.74300853
2025-03-02 21:58:50,TSLA,SELL,48.7,2000.57569221,2002.71887416,-104.37296063,-69979.11596916
2025-03-02 21:59:50,TSLA,SELL,75.6,2281.40258589,2275.83272738,421.08130351,-69558.03466565
2025-03-02 22:00:50,NVDA,BUY,29.7,156.30165213,155.84216522,-13.64676124,-69571.68142689
2025-03-02 22:01:50,MSFT,SELL,73.3,1388.48372313,1386.46901013,147.67846304,-69424.00296385
2025-03-02 22:02:50,NFLX,BUY,25.0,1377.0831339,1371.56705106,-137.902071,-69561.90503485
2025-03-02 22:03:50,TSLA,BUY,74.6,2258.68740293,2260.30210721,120.45693958,-69441.44809527
2025-03-02 22:04:50,TSLA,BUY,60.3,1021.47734623,1021.1148847,-21.85643005,-69463.30452532
2025-03-02 22:05:50,AMZN,SELL,14.2,1242.26132211,1239.46899478,39.65104808,-69423.65347724
2025-03-02 22:06:50,MSFT,SELL,32.5,1862.76889677,1873.2373085,-340.22338097,-69763.87685821
2025-03-02 22:07:50,NFLX,BUY,12.5,145.31410858,145.88094272,7.08542672,-69756.79143148
2025-03-02 22:08:50,AAPL,BUY,57.2,903.36478379,904.05598056,39.5364553,-69717.25497618
2025-03-02 22:09:50,MSFT,SELL,57.8,1776.72541464,1787.70668581,-634.71747378,-70351.97244996
2025-03-02 22:10:50,TSLA,SELL,38.8,1274.07164315,1271.4640144,101.17599577,-70250.79645419
2025-03-02 22:11:50,AAPL,SELL,28.1,578.51396563,579.5167953,-28.17951394,-70278.97596813
2025-03-02 22:12:50,TSLA,SELL,27.8,696.48578542,694.2174076,63.06090351,-70215.91506462
2025-03-02 22:13:50,NFLX,BUY,29.5,1949.95485199,1944.17099277,-170.62384709,-70386.53891171
2025-03-02 22:14:50,AMZN,BUY,14.7,1959.66016524,1952.71353029,-102.11553365,-70488.65444536
2025-03-02 22:15:50,MSFT,SELL,43.0,1189.0090246,1190.27520702,-54.44584398,-70543.10028934
2025-03-02 22:16:50,NFLX,SELL,8.4,2045.72961507,2050.45341772,-39.67994224,-70582.78023157
2025-03-02 22:17:50,MSFT,SELL,26.0,811.45773947,808.7387392,70.69400696,-70512.08622461
2025-03-02 22:18:50,NVDA,SELL,44.1,843.43675394,840.45434124,131.5244002,-70380.56182441
2025-03-02 22:19:50,NFLX,SELL,33.6,1692.89074942,1685.1553902,259.90807004,-70120.65375437
2025-03-02 22:20:50,AMZN,SELL,45.6,796.68082556,803.42119918,-307.36103745,-70428.01479182
2025-03-02 22:21:50,MSFT,SELL,11.0,156.91926473,156.90451238,0.16227595,-70427.85251587
2025-03-02 22:22:50,MSFT,BUY,11.6,1831.62827162,1832.16676335,6.24650404,-70421.60601183
2025-03-02 22:23:50,TSLA,BUY,59.9,2131.16323067,2148.36068878,1030.12774028,-69391.47827155
2025-03-02 22:24:50,TSLA,SELL,21.6,1069.86363458,1073.55339684,-79.69886484,-69471.17713639
2025-03-02 22:25:50,NVDA,SELL,46.2,1328.85613386,1335.64374748,-313.58774924,-69784.76488563
2025-03-02 22:26:50,AMZN,BUY,72.7,2376.89180377,2382.08840766,377.79310284,-69406.97178279
2025-03-02 22:27:50,NVDA,SELL,65.1,2201.72088774,2203.4393744,-111.8734816,-69518.84526439
2025-03-02 22:28:50,AAPL,BUY,42.9,2131.6827835,2116.30607339,-659.66086368,-70178.50612807
2025-03-02 22:29:50,AAPL,SELL,15.4,1895.28337442,1896.33482672,-16.19236549,-70194.69849356
2025-03-02 22:30:50,MSFT,SELL,31.4,495.36162133,493.01903576,73.55718704,-70121.14130652
2025-03-02 22:31:50,MSFT,BUY,31.2,735.67901875,732.44005153,-101.0557774,-70222.19708392
2025-03-02 22:32:50,MSFT,SELL,12.5,1432.63197426,1435.86738309,-40.44261043,-70262.63969435
2025-03-02 22:33:50,AMZN,SELL,32.7,2032.04246376,2035.97139123,-128.47592805,-70391.11562239
2025-03-02 22:34:50,AMZN,SELL,71.4,603.18621307,603.54342594,-25.50499927,-70416.62062166
2025-03-02 22:35:50,AMZN,SELL,37.2,1578.93820386,1572.1818972,251.33460769,-70165.28601398
2025-03-02 22:36:50,AMZN,BUY,65.7,910.50585934,915.04188852,298.01711742,-69867.26889656
2025-03-02 22:37:50,AMZN,BUY,62.4,1769.62639172,1789.74312055,1255.28387924,-68611.98501733
2025-03-02 22:38:50,NFLX,BUY,20.8,1027.58493487,1025.71875966,-38.81644445,-68650.80146178
2025-03-02 22:39:50,AAPL,SELL,78.2,1618.42488362,1613.27778481,402.50312707,-68248.2983347
2025-03-02 22:40:50,MSFT,BUY,45.6,1717.60329057,1699.64543083,-818.87840399,-69067.1767387
2025-03-02 22:41:50,NVDA,BUY,62.1,2124.2267097,2123.62626711,-37.28748496,-69104.46422365
2025-03-02 22:42:50,AAPL,BUY,69.2,1662.87450903,1661.52947637,-93.07626002,-69197.54048368
2025-03-02 22:43:50,AAPL,BUY,31.1,369.71913983,368.70355057,-31.58482588,-69229.12530956
2025-03-02 22:44:50,TSLA,SELL,64.1,287.78103659,287.47667606,19.50951042,-69209.61579914
2025-03-02 22:45:50,NVDA,SELL,17.2,2105.16677354,2112.81884594,-131.61564518,-69341.23144432
2025-03-02 22:46:50,NFLX,BUY,67.3,1348.19843972,1348.87191647,45.32498516,-69295.90645916
2025-03-02 22:47:50,NFLX,SELL,19.5,1106.19819837,1107.59684816,-27.27367099,-69323.18013015
2025-03-02 22:48:50,NVDA,SELL,65.4,1375.19390242,1364.86990061,675.18971798,-68647.99041217
2025-03-02 22:49:50,NVDA,SELL,48.6,1999.24653677,1993.68691808,270.19746825,-68377.79294392
2025-03-02 22:50:50,AMZN,BUY,70.5,220.15486502,221.13328863,68.97886436,-68308.81407957
2025-03-02 22:51:50,NFLX,BUY,23.5,281.33078503,280.30866687,-24.01977673,-68332.8338563
2025-03-02 22:52:50,AMZN,BUY,27.3,2203.1535278,2209.75595953,180.24638631,-68152.58746999
2025-03-02 22:53:50,NFLX,BUY,27.5,128.49123201,127.17419118,-36.21862265,-68188.80609264
2025-03-02 22:54:50,TSLA,SELL,70.7,1383.69461382,1385.82545591,-150.65053584,-68339.45662848
2025-03-02 22:55:50,AMZN,SELL,24.9,2289.96413015,2301.10794744,-277.48105038,-68616.93767886
2025-03-02 22:56:50,AAPL,SELL,79.9,2377.86989653,2360.53591434,1384.98517725,-67231.9525016
2025-03-02 22:57:50,TSLA,SELL,59.5,664.97739722,665.56290292,-34.83758898,-67266.79009059
2025-03-02 22:58:50,NFLX,SELL,6.7,1272.00379121,1268.51387027,23.38247027,-67243.40762032
2025-03-02 22:59:50,MSFT,BUY,27.1,1748.62580026,1731.55071226,-462.73488475,-67706.14250506
2025-03-02 23:00:50,TSLA,BUY,35.5,501.12235569,500.93157517,-6.77270842,-67712.91521348
2025-03-02 23:01:50,NFLX,BUY,45.1,657.4560755,656.21949363,-55.76984238,-67768.68505586
2025-03-02 23:02:50,NFLX,SELL,55.3,477.70843569,474.71385791,165.60015106,-67603.0849048
2025-03-02 23:03:50,TSLA,SELL,13.3,1909.45044266,1902.50910784,92.31975313,-67510.76515167
2025-03-02 23:04:50,NFLX,SELL,24.8,1535.6378693,1536.63943689,-24.83887627,-67535.60402794
2025-03-02 23:05:50,NFLX,SELL,43.8,1366.29869641,1363.93978778,103.32019813,-67432.28382981
2025-03-02 23:06:50,MSFT,BUY,35.1,1499.19635132,1507.78558431,301.48207771,-67130.8017521
2025-03-02 23:07:50,AAPL,BUY,63.3,2377.79104764,2391.24309382,851.51452347,-66279.28722864
2025-03-02 23:08:50,NVDA,SELL,67.2,1137.75126444,1135.58544038,145.54337743,-66133.74385121
2025-03-02 23:09:50,AMZN,BUY,19.2,2074.9313639,2063.76796965,-214.33716964,-66348.08102085
2025-03-02 23:10:50,AMZN,BUY,27.2,813.98240798,814.84919692,23.57665921,-66324.50436164
2025-03-02 23:11:50,AMZN,BUY,22.2,1841.36379414,1836.39091102,-110.39800537,-66434.90236701
2025-03-02 23:12:50,AAPL,SELL,8.3,1242.17518594,1234.66749482,62.31383625,-66372.58853076
2025-03-02 23:13:50,AMZN,SELL,58.7,2429.37599831,2414.59121707,867.86665882,-65504.72187194
2025-03-02 23:14:50,TSLA,BUY,52.0,1176.50211848,1169.54888902,-361.56793239,-65866.28980433
2025-03-02 23:15:50,MSFT,BUY,19.2,451.29535981,449.82229998,-28.28274885,-65894.57255319
2025-03-02 23:16:50,NFLX,SELL,70.3,1012.46799514,1012.33034021,9.67714129,-65884.8954119
2025-03-02 23:17:50,TSLA,BUY,30.6,1691.55479056,1692.27869727,22.15154542,-65862.74386647
2025-03-02 23:18:50,AMZN,SELL,76.6,2051.63715348,2074.98874577,-1788.73196945,-67651.47583592
2025-03-02 23:19:50,TSLA,SELL,73.2,2321.89251879,2301.60670646,1484.9214622,-66166.55437372
2025-03-02 23:20:50,MSFT,BUY,56.7,1216.08477935,1218.72662543,149.79267267,-66016.76170105
2025-03-02 23:21:50,AAPL,SELL,20.5,2221.59466449,2216.3677523,107.15169998,-65909.61000107
2025-03-02 23:22:50,AAPL,BUY,26.8,369.37857278,369.05631524,-8.63650198,-65918.24650305
2025-03-02 23:23:50,AMZN,SELL,65.3,1574.04093756,1572.07635298,128.28737326,-65789.95912979
2025-03-02 23:24:50,AAPL,BUY,19.0,113.5151506,114.1793761,12.62028466,-65777.33884513
2025-03-02 23:25:50,AMZN,SELL,32.2,339.34288925,338.4552545,28.58183884,-65748.75700629
2025-03-02 23:26:50,AAPL,SELL,18.4,936.34714191,937.29350632,-17.41310523,-65766.17011152
2025-03-02 23:27:50,TSLA,BUY,39.8,1652.96839902,1635.9073769,-679.02868035,-66445.19879187
2025-03-02 23:28:50,TSLA,SELL,21.1,2394.44730517,2388.36814068,128.27037061,-66316.92842126
2025-03-02 23:29:50,NFLX,SELL,60.2,1339.99422363,1347.39166822,-445.32616479,-66762.25458604
2025-03-02 23:30:50,MSFT,SELL,39.8,1007.12405354,1005.41141788,68.16289918,-66694.09168686
2025-03-02 23:31:50,TSLA,SELL,50.7,312.45355652,311.26560421,60.22918201,-66633.86250486
2025-03-02 23:32:50,TSLA,BUY,44.9,1406.87510297,1404.06990159,-125.95354195,-66759.81604681
2025-03-02 23:33:50,AMZN,BUY,57.4,282.09193894,280.53149681,-89.56937803,-66849.38542484
2025-03-02 23:34:50,AMZN,BUY,59.0,1226.64366917,1225.9145773,-43.01642031,-66892.40184514
2025-03-02 23:35:50,NVDA,SELL,34.7,1370.6457773,1371.9563876,-45.47817761,-66937.88002275
2025-03-02 23:36:50,AMZN,BUY,55.4,2353.86087594,2337.95457417,-881.20911842,-67819.08914117
2025-03-02 23:37:50,AAPL,SELL,39.6,279.39016873,279.68291701,-11.59283186,-67830.68197303
2025-03-02 23:38:50,AMZN,SELL,38.1,1104.12001051,1100.57563154,135.04083872,-67695.64113431
2025-03-02 23:39:50,NFLX,SELL,63.1,1622.18341835,1624.66185714,-156.38948795,-67852.03062226
2025-03-02 23:40:50,MSFT,BUY,30.9,548.15918583,546.3388457,-56.24851005,-67908.27913231
2025-03-02 23:41:50,TSLA,BUY,40.2,935.12479877,931.18961505,-158.19438575,-68066.47351806
2025-03-02 23:42:50,MSFT,SELL,7.5,449.50897246,448.19064691,9.88744167,-68056.58607639
2025-03-02 23:43:50,AMZN,BUY,76.6,1228.59780479,1235.68624735,542.97470016,-67513.61137623
2025-03-02 23:44:50,MSFT,BUY,67.0,1648.66661278,1663.66092341,1004.61881263,-66508.9925636
2025-03-02 23:45:50,NFLX,BUY,42.9,356.60767451,358.54750055,83.21853708,-66425.77402652
2025-03-02 23:46:50,TSLA,SELL,10.4,2098.66977046,2121.91985054,-241.80083292,-66667.57485944
2025-03-02 23:47:50,NFLX,SELL,45.1,1757.6824948,1746.12271775,521.34594482,-66146.22891462
2025-03-02 23:48:50,AAPL,BUY,71.8,1589.99831866,1580.57760993,-676.40688674,-66822.63580135
2025-03-02 23:49:50,AMZN,SELL,66.9,1290.82222264,1284.87937231,397.57668759,-66425.05911377
2025-03-02 23:50:50,MSFT,BUY,8.9,247.6137675,247.5440495,-0.62049017,-66425.67960394
2025-03-02 23:51:50,AAPL,BUY,30.3,1012.3603407,1013.28901123,28.13871705,-66397.54088689
2025-03-02 23:52:50,NVDA,SELL,21.6,222.0495252,223.43438691,-29.91301296,-66427.45389985
2025-03-02 23:53:50,TSLA,SELL,46.1,758.22844038,755.89672815,107.49193395,-66319.96196591
2025-03-02 23:54:50,MSFT,BUY,64.3,953.49279822,947.43811959,-389.31583602,-66709.27780193
2025-03-02 23:55:50,AAPL,BUY,14.6,1324.51099955,1319.31830269,-75.81337412,-66785.09117605
2025-03-02 23:56:50,NFLX,SELL,33.2,731.01819432,732.81008931,-59.49091378,-66844.58208984
2025-03-02 23:57:50,NVDA,SELL,30.7,1294.61575266,1289.84407042,146.49064468,-66698.09144515
2025-03-02 23:58:50,TSLA,SELL,62.9,146.0149858,144.90915187,69.55695415,-66628.53449101
2025-03-02 23:59:50,AAPL,SELL,8.3,510.26774456,514.41895573,-34.45505271,-66662.98954371
2025-03-03 00:00:50,NFLX,BUY,42.0,2053.18991582,2053.19347902,0.14965409,-66662.83988963
2025-03-03 00:01:50,NFLX,SELL,60.3,592.88364326,589.77970708,187.16735157,-66475.67253806
2025-03-03 00:02:50,AMZN,BUY,12.8,2268.17861407,2281.57876216,171.52189554,-66304.15064252
2025-03-03 00:03:50,MSFT,BUY,69.5,2458.45177502,2466.75692108,577.20765125,-65726.94299127
2025-03-03 00:04:50,AMZN,BUY,19.3,1833.54680398,1837.24779365,71.4291006,-65655.51389066
2025-03-03 00:05:50,NVDA,BUY,10.4,1161.17473147,1172.41683609,116.917888,-65538.59600267
2025-03-03 00:06:50,AAPL,BUY,29.8,1027.46404223,1024.41760579,-90.78380617,-65629.37980884
2025-03-03 00:07:50,NVDA,BUY,70.4,1528.85373402,1525.20492257,-256.87632628,-65886.25613512
2025-03-03 00:08:50,NFLX,SELL,57.2,479.77778036,478.08546911,96.80020341,-65789.45593172
2025-03-03 00:09:50,AAPL,BUY,54.9,353.73894503,352.18746148,-85.17644737,-65874.63237908
2025-03-03 00:10:50,NVDA,BUY,6.4,2347.24613878,2338.06262674,-58.77447704,-65933.40685612
2025-03-03 00:11:50,NVDA,BUY,6.6,1150.66545254,1149.17691418,-9.82435316,-65943.23120928
2025-03-03 00:12:50,NFLX,BUY,14.9,871.98993135,860.59729929,-169.75021761,-66112.9814269
2025-03-03 00:13:50,NFLX,BUY,55.4,1003.33009056,1001.81344662,-84.02207451,-66197.00350141
2025-03-03 00:14:50,NFLX,BUY,20.0,1515.60254666,1519.3689568,75.32820282,-66121.67529859
2025-03-03 00:15:50,NFLX,BUY,17.1,789.59279975,786.57760935,-51.5597557,-66173.23505429
2025-03-03 00:16:50,NFLX,SELL,47.2,1346.67708734,1341.02700676,266.68380338,-65906.55125091
2025-03-03 00:17:50,AAPL,BUY,19.7,2367.87380997,2385.89434115,355.00446425,-65551.54678666
2025-03-03 00:18:50,AMZN,BUY,24.1,1444.57951308,1450.28843486,137.58501497,-65413.96177169
2025-03-03 00:19:50,TSLA,SELL,7.9,730.12055205,735.55088037,-42.89959378,-65456.86136547
2025-03-03 00:20:50,TSLA,BUY,21.4,214.0426173,213.06654049,-20.88804364,-65477.74940911
2025-03-03 00:21:50,AAPL,SELL,63.7,1794.95799648,1801.34108275,-406.60259551,-65884.35200462
2025-03-03 00:22:50,AAPL,SELL,17.0,1031.08520477,1027.73072471,57.02616099,-65827.32584363
2025-03-03 00:23:50,TSLA,BUY,48.5,1055.55878446,1043.5145903,-584.14341634,-66411.46925997
2025-03-03 00:24:50,AAPL,BUY,6.8,1319.94806626,1317.66216151,-15.54415234,-66427.01341231
2025-03-03 00:25:50,TSLA,BUY,66.5,851.26085128,844.77507997,-431.30379257,-66858.31720488
2025-03-03 00:26:50,MSFT,BUY,27.4,785.26017212,788.50600159,88.9357276,-66769.38147729
2025-03-03 00:27:50,NVDA,SELL,67.7,1019.44344062,1020.07514984,-42.7667147,-66812.14819199
2025-03-03 00:28:50,NFLX,BUY,68.5,1044.04681299,1043.47088584,-39.4510101,-66851.59920209
2025-03-03 00:29:50,TSLA,SELL,46.4,1124.57276953,1124.8869321,-14.57714338,-66866.17634548
2025-03-03 00:30:50,AMZN,BUY,65.7,1376.77196385,1370.55090591,-408.72350679,-67274.89985227
2025-03-03 00:31:50,TSLA,BUY,21.1,1973.75855207,1975.09984938,28.3013733,-67246.59847897
2025-03-03 00:32:50,NVDA,BUY,17.9,930.65737788,935.17233626,80.8177551,-67165.78072387
2025-03-03 00:33:50,AMZN,SELL,38.8,106.31717339,106.90175548,-22.68178516,-67188.46250903
2025-03-03 00:34:50,AMZN,BUY,69.5,551.29862221,546.86358815,-308.23486749,-67496.69737652
2025-03-03 00:35:50,TSLA,BUY,22.0,718.61251751,716.71278412,-41.79413455,-67538.49151107
2025-03-03 00:36:50,NVDA,SELL,25.4,616.20454908,608.31512492,200.39137385,-67338.10013722
2025-03-03 00:37:50,AAPL,BUY,58.9,507.29257397,507.14511275,-8.68546623,-67346.78560346
2025-03-03 00:38:50,NVDA,SELL,60.2,1813.80885444,1818.57342174,-286.82695151,-67633.61255497
2025-03-03 00:39:50,NFLX,BUY,77.5,431.86126643,430.34991727,-117.12955954,-67750.74211451
2025-03-03 00:40:50,AAPL,SELL,14.4,546.79608579,546.59327739,2.92044092,-67747.82167359
2025-03-03 00:41:50,NFLX,SELL,61.1,432.1085501,436.41149509,-262.90993893,-68010.73161252
2025-03-03 00:42:50,NFLX,BUY,50.3,1891.01174644,1886.32129902,-235.92950511,-68246.66111763
2025-03-03 00:43:50,TSLA,SELL,6.4,1747.27985579,1749.19305965,-12.24450473,-68258.90562236
2025-03-03 00:44:50,NFLX,SELL,7.5,122.42788837,121.66555962,5.71746561,-68253.18815674
2025-03-03 00:45:50,NVDA,BUY,56.3,2144.53115793,2158.15145732,766.82285598,-67486.36530076
2025-03-03 00:46:50,MSFT,SELL,28.0,2001.89600593,1990.52569905,318.36859278,-67167.99670798
2025-03-03 00:47:50,MSFT,BUY,75.0,186.489706,185.8238329,-49.94048246,-67217.93719044
2025-03-03 00:48:50,MSFT,BUY,62.6,1280.45649134,1276.74433508,-232.38098227,-67450.31817271
2025-03-03 00:49:50,AAPL,BUY,25.2,631.95355508,631.32043746,-15.95456404,-67466.27273675
2025-03-03 00:50:50,TSLA,SELL,16.0,2320.63513998,2306.71261935,222.76033001,-67243.51240674
2025-03-03 00:51:50,TSLA,BUY,76.1,2430.05007488,2428.87389229,-89.50749515,-67333.01990189
2025-03-03 00:52:50,TSLA,SELL,62.1,1621.73213443,1620.10990216,100.74062388,-67232.27927801
2025-03-03 00:53:50,NVDA,BUY,18.5,2466.46702767,2458.36618628,-149.86556566,-67382.14484367
2025-03-03 00:54:50,AMZN,BUY,36.6,521.50351736,522.30415979,29.30351266,-67352.84133101
2025-03-03 00:55:50,AAPL,BUY,39.9,2005.20618916,2009.19943757,159.33061179,-67193.51071922
2025-03-03 00:56:50,NFLX,SELL,51.2,1057.86231894,1058.99965971,-58.2318474,-67251.74256662
2025-03-03 00:57:50,NVDA,BUY,34.5,976.58608388,975.72468081,-29.71840586,-67281.46097249
2025-03-03 00:58:50,NVDA,BUY,62.6,1401.66148118,1399.55825923,-131.66169425,-67413.12266674
2025-03-03 00:59:50,AMZN,SELL,20.8,314.09574116,313.08671755,20.98769109,-67392.13497565
2025-03-03 01:00:50,AAPL,BUY,43.8,706.85194903,707.56641324,31.2935322,-67360.84144345
2025-03-03 01:01:50,NFLX,SELL,24.8,135.90687582,138.25289893,-58.1813732,-67419.02281666
2025-03-03 01:02:50,TSLA,BUY,53.4,2321.80406333,2320.78157113,-54.60108347,-67473.62390013
2025-03-03 01:03:50,NFLX,BUY,186.4,1302.73382734,1299.92486526,-523.59053164,-67997.21443177
2025-03-03 01:04:50,NFLX,BUY,136.8,479.44284791,481.35930248,262.17098505,-67735.04344672
2025-03-03 01:05:50,AMZN,SELL,159.0,1723.66118017,1731.67464787,-1274.14136374,-69009.18481046
2025-03-03 01:06:50,AMZN,BUY,109.0,2960.50829772,2984.07277271,2568.52777353,-66440.65703693
2025-03-03 01:07:50,AMZN,BUY,166.5,428.00669386,430.16818595,359.88843387,-66080.76860307
2025-03-03 01:08:50,TSLA,BUY,140.9,2875.6105784,2868.06409798,-1063.29909171,-67144.06769478
2025-03-03 01:09:50,TSLA,BUY,94.8,1828.48746675,1817.4498621,-1046.36492088,-68190.43261566
2025-03-03 01:10:50,AAPL,BUY,151.5,1945.48084656,1934.799146,-1618.27763496,-69808.71025062
2025-03-03 01:11:50,MSFT,BUY,43.7,2067.6995015,2084.94256917,753.52205711,-69055.1881935
2025-03-03 01:12:50,MSFT,BUY,109.6,1479.54182675,1480.79749128,137.62083239,-68917.56736111
2025-03-03 01:13:50,NFLX,SELL,133.9,2336.2945397,2349.04304369,-1707.02468442,-70624.59204554
2025-03-03 01:14:50,TSLA,BUY,199.1,571.44449912,571.43205384,-2.47785529,-70627.06990082
2025-03-03 01:15:50,AMZN,BUY,7.9,444.67247758,444.47139339,-1.5885651,-70628.65846592
2025-03-03 01:16:50,TSLA,SELL,163.1,2216.1289196,2223.26646331,-1164.13337915,-71792.79184507
2025-03-03 01:17:50,MSFT,SELL,198.4,2591.06053399,2607.1258593,-3187.36054021,-74980.15238529
2025-03-03 01:18:50,NFLX,BUY,84.3,434.65958901,432.87994062,-150.0243597,-75130.17674498
2025-03-03 01:19:50,AMZN,BUY,76.7,2559.11791061,2563.05874644,302.26210881,-74827.91463617
2025-03-03 01:20:50,NVDA,SELL,194.7,1973.25944022,2000.95274693,-5391.88681554,-80219.80145171
2025-03-03 01:21:50,TSLA,SELL,116.9,261.63302685,261.81900004,-21.74026556,-80241.54171727
2025-03-03 01:22:50,AMZN,SELL,114.3,327.72883923,329.90461137,-248.69075609,-80490.23247337
2025-03-03 01:23:50,TSLA,SELL,35.2,1063.01428339,1064.4698871,-51.23725068,-80541.46972404
2025-03-03 01:24:50,AMZN,SELL,162.2,2806.5015959,2826.05711008,-3171.90439987,-83713.37412391
2025-03-03 01:25:50,AAPL,SELL,6.0,2109.61820194,2097.58822396,72.17986791,-83641.194256
2025-03-03 01:26:50,MSFT,BUY,39.0,2741.31394204,2739.67153481,-64.05388201,-83705.24813801
2025-03-03 01:27:50,NFLX,BUY,105.8,929.57414981,926.62926689,-311.56861357,-84016.81675158
2025-03-03 01:28:50,AMZN,SELL,22.3,1837.3880428,1832.97933547,98.31417333,-83918.50257826
2025-03-03 01:29:50,AMZN,SELL,77.6,268.68650029,269.53012569,-65.46533121,-83983.96790947
2025-03-03 01:30:50,MSFT,SELL,115.3,1326.34175855,1339.09503007,-1470.45220558,-85454.42011504
2025-03-03 01:31:50,NVDA,BUY,187.5,1159.80930549,1161.86886785,386.16794207,-85068.25217297
2025-03-03 01:32:50,AMZN,BUY,161.8,2684.719728,2682.05805614,-430.65850685,-85498.91067982
2025-03-03 01:33:50,TSLA,BUY,62.7,633.71900098,632.93098508,-49.40859679,-85548.31927661
2025-03-03 01:34:50,MSFT,SELL,145.2,2454.39892951,2459.72815688,-773.80381399,-86322.1230906
2025-03-03 01:35:50,AMZN,SELL,24.5,2215.85928278,2228.73899358,-315.55291456,-86637.67600516
2025-03-03 01:36:50,AMZN,SELL,13.1,2509.67522338,2526.81122175,-224.48157862,-86862.15758377
2025-03-03 01:37:50,AMZN,SELL,77.7,167.02093856,167.34756824,-25.37912638,-86887.53671015
2025-03-03 01:38:50,MSFT,BUY,81.3,2760.31181437,2747.20437058,-1065.63517998,-87953.17189013
2025-03-03 01:39:50,AAPL,BUY,5.0,2550.35609409,2561.09241905,53.68162481,-87899.49026532
2025-03-03 01:40:50,MSFT,BUY,123.2,381.16115844,381.02724203,-16.49850139,-87915.98876671
2025-03-03 01:41:50,AMZN,SELL,188.0,1409.33822345,1408.80301703,100.61880696,-87815.36995975
2025-03-03 01:42:50,NFLX,SELL,89.6,185.67170897,185.52157127,13.45233838,-87801.91762138
2025-03-03 01:43:50,NFLX,SELL,174.6,905.71540874,913.83498478,-1417.67797753,-89219.5955989
2025-03-03 01:44:50,NFLX,SELL,22.9,1642.54102096,1656.21690376,-313.17771618,-89532.77331508
2025-03-03 01:45:50,AAPL,SELL,199.9,1390.5541828,1387.42087055,626.34911858,-88906.4241965
2025-03-03 01:46:50,AMZN,BUY,137.0,1471.10070137,1470.16914478,-127.62325354,-89034.04745005
2025-03-03 01:47:50,AMZN,BUY,151.1,2636.06535561,2625.51279885,-1594.49132604,-90628.53877609
2025-03-03 01:48:50,NVDA,BUY,57.6,1059.57255431,1056.10194839,-199.90690132,-90828.44567741
2025-03-03 01:49:50,NFLX,BUY,90.8,1583.16557827,1601.00938876,1620.21799169,-89208.22768572
2025-03-03 01:50:50,MSFT,SELL,54.0,1222.67847602,1224.80484067,-114.82369141,-89323.05137713
2025-03-03 01:51:50,NFLX,BUY,73.1,581.98155675,585.06659046,225.51596432,-89097.53541281
2025-03-03 01:52:50,TSLA,BUY,50.6,2034.02562138,2044.30009546,519.88838807,-88577.64702473
2025-03-03 01:53:50,AAPL,BUY,116.3,1805.45011298,1833.12054995,3218.07181925,-85359.57520548
2025-03-03 01:54:50,NFLX,SELL,115.3,1526.19283461,1520.83595385,617.64835135,-84741.92685413
2025-03-03 01:55:50,NFLX,BUY,26.4,2174.9672684,2170.81241392,-109.6881583,-84851.61501243
2025-03-03 01:56:50,TSLA,SELL,195.3,293.22119539,294.09945759,-171.52460668,-85023.13961911
2025-03-03 01:57:50,AMZN,SELL,16.8,2875.27612972,2859.17347372,270.52462091,-84752.6149982
2025-03-03 01:58:50,NVDA,SELL,166.9,1507.50020169,1507.20810391,48.751119,-84703.8638792
2025-03-03 01:59:50,NVDA,SELL,128.7,2856.77414675,2876.35250029,-2519.73409968,-87223.59797888
2025-03-03 02:00:50,NFLX,BUY,182.4,1004.80378771,997.4927112,-1333.54035614,-88557.13833502
2025-03-03 02:01:50,NFLX,SELL,113.9,2624.16134301,2611.11681212,1485.77206858,-87071.36626644
2025-03-03 02:02:50,TSLA,SELL,164.1,196.91218464,196.11208668,131.29607548,-86940.07019096
2025-03-03 02:03:50,TSLA,SELL,68.4,1406.11131781,1416.87110902,-735.96971828,-87676.03990924
2025-03-03 02:04:50,NVDA,BUY,172.2,461.38120235,461.56440024,31.54667705,-87644.49323218
2025-03-03 02:05:50,AMZN,BUY,189.6,2702.77562181,2687.36811295,-2921.26368156,-90565.75691375
2025-03-03 02:06:50,AAPL,SELL,69.9,1183.55837355,1181.8677862,118.17205586,-90447.58485788
2025-03-03 02:07:50,AMZN,SELL,123.4,610.84634626,614.8554356,-494.72162536,-90942.30648324
2025-03-03 02:08:50,AMZN,BUY,130.6,193.1177834,193.24222822,16.25249334,-90926.05398991
2025-03-03 02:09:50,NVDA,BUY,153.1,2312.55174768,2318.73845207,947.18444105,-89978.86954885
2025-03-03 02:10:50,TSLA,BUY,69.9,2790.64917878,2801.32046923,745.92320257,-89232.94634628
2025-03-03 02:11:50,TSLA,BUY,7.7,1559.30730858,1558.72534586,-4.48111294,-89237.42745922
2025-03-03 02:12:50,MSFT,BUY,10.6,613.42555413,612.63663201,-8.36257453,-89245.79003375
2025-03-03 02:13:50,TSLA,BUY,6.6,2736.98202458,2730.28857359,-44.17677655,-89289.96681029
2025-03-03 02:14:50,TSLA,BUY,179.1,2745.4659038,2754.63150587,1641.55933115,-87648.40747915
2025-03-03 02:15:50,AMZN,SELL,136.1,1996.31332447,1985.76714718,1435.33472939,-86213.07274976
2025-03-03 02:16:50,MSFT,BUY,61.8,2691.58108236,2711.62263617,1238.56802514,-84974.50472462
2025-03-03 02:17:50,NFLX,BUY,24.4,1731.86347569,1736.31196778,108.54320688,-84865.96151774
2025-03-03 02:18:50,NVDA,BUY,125.8,2315.86970062,2300.99481404,-1871.26073105,-86737.22224878
2025-03-03 02:19:50,AAPL,SELL,5.2,773.18834712,773.28635669,-0.50964974,-86737.73189852
2025-03-03 02:20:50,NVDA,BUY,84.9,2720.92505806,2742.15056087,1802.04518855,-84935.68670997
2025-03-03 02:21:50,TSLA,SELL,98.0,1622.30884431,1636.06162884,-1347.77288414,-86283.45959411
2025-03-03 02:22:50,NFLX,BUY,66.8,1627.62983108,1626.94113611,-46.00482439,-86329.4644185
2025-03-03 02:23:50,AAPL,SELL,12.4,848.65868621,843.38034511,65.45142967,-86264.01298882
2025-03-03 02:24:50,AAPL,BUY,132.5,529.58837385,531.29590853,226.24834531,-86037.76464351
2025-03-03 02:25:50,TSLA,BUY,151.7,2075.50684768,2087.70899462,1851.06569095,-84186.69895256
2025-03-03 02:26:50,MSFT,SELL,162.4,2815.39398485,2818.33406847,-477.46957875,-84664.16853131
2025-03-03 02:27:50,AMZN,SELL,64.2,1943.22109782,1942.53736189,43.89584718,-84620.27268413
2025-03-03 02:28:50,NVDA,SELL,195.8,264.83765507,263.26216215,308.48151291,-84311.79117122
2025-03-03 02:29:50,NVDA,SELL,113.6,1806.45731361,1807.891206,-162.89017577,-84474.68134698
2025-03-03 02:30:50,TSLA,SELL,124.4,192.98419957,195.26056511,-283.179873,-84757.86121999
2025-03-03 02:31:50,AMZN,SELL,86.3,2176.90424317,2170.58965479,544.94897764,-84212.91224234
2025-03-03 02:32:50,AAPL,SELL,36.5,741.70211409,745.17057021,-126.59864846,-84339.51089081
2025-03-03 02:33:50,NVDA,BUY,170.2,1178.78480339,1177.57775498,-205.4396386,-84544.95052941
2025-03-03 02:34:50,AMZN,SELL,145.6,1808.44433434,1820.49584986,-1754.70065926,-86299.65118867
2025-03-03 02:35:50,TSLA,BUY,37.8,799.49964642,800.61860719,42.29671718,-86257.35447149
2025-03-03 02:36:50,AAPL,SELL,70.9,2946.10559332,2953.77916816,-544.05645657,-86801.41092806
2025-03-03 02:37:50,NFLX,BUY,48.4,2138.79192993,2141.84519795,147.77817249,-86653.63275558
2025-03-03 02:38:50,AMZN,SELL,37.7,1026.89256397,1019.11021597,293.39451989,-86360.23823568
2025-03-03 02:39:50,AMZN,BUY,12.0,862.35403577,862.90224419,6.57850111,-86353.65973457
2025-03-03 02:40:50,NFLX,SELL,38.5,373.30489257,377.20458255,-150.13806429,-86503.79779886
2025-03-03 02:41:50,NFLX,SELL,124.5,397.35016053,398.18584911,-104.04322921,-86607.84102807
2025-03-03 02:42:50,AAPL,SELL,53.6,159.48166603,159.36038999,6.50039557,-86601.3406325
2025-03-03 02:43:50,AMZN,BUY,145.1,2682.93336009,2701.83771966,2743.0225747,-83858.31805781
2025-03-03 02:44:50,AMZN,SELL,138.0,1842.14534591,1843.76379498,-223.34597181,-84081.66402962
2025-03-03 02:45:50,MSFT,BUY,50.3,2981.15452515,2973.59074667,-380.45805736,-84462.12208698
2025-03-03 02:46:50,AMZN,SELL,7.8,214.41066348,216.99415724,-20.15125134,-84482.27333831
2025-03-03 02:47:50,NFLX,BUY,131.6,445.76287567,449.89267492,543.48158135,-83938.79175696
2025-03-03 02:48:50,AMZN,SELL,96.5,192.38461133,194.57565811,-211.43601399,-84150.22777095
2025-03-03 02:49:50,TSLA,BUY,82.5,2781.40617174,2801.95876985,1695.58934377,-82454.63842718
2025-03-03 02:50:50,MSFT,BUY,106.3,2373.38330951,2382.52661837,971.93373142,-81482.70469576
2025-03-03 02:51:50,AAPL,SELL,34.4,2159.08466897,2157.5120418,54.09837433,-81428.60632143
2025-03-03 02:52:50,NFLX,SELL,9.0,772.51937678,775.28973768,-24.93324808,-81453.53956951
2025-03-03 02:53:50,AMZN,BUY,36.3,2009.3964077,2000.95939804,-306.26345065,-81759.80302016
2025-03-03 02:54:50,NFLX,BUY,67.5,2263.35985895,2253.80690333,-644.82450422,-82404.62752438
2025-03-03 02:55:50,TSLA,BUY,51.2,1428.47412486,1415.395957,-669.60219443,-83074.22971881
2025-03-03 02:56:50,NFLX,BUY,14.4,2297.14451492,2288.65478286,-122.25214176,-83196.48186057
2025-03-03 02:57:50,AMZN,BUY,30.8,1104.27229532,1091.66642635,-388.26076439,-83584.74262496
2025-03-03 02:58:50,NVDA,SELL,15.5,1345.33487596,1342.09131564,50.27518498,-83534.46743998
2025-03-03 02:59:50,NVDA,BUY,23.2,1331.53960363,1329.5562785,-46.01314314,-83580.48058312
2025-03-03 03:00:50,NVDA,SELL,59.6,1603.94483995,1607.96409939,-239.54786293,-83820.02844606
2025-03-03 03:01:50,NFLX,BUY,40.3,1730.35999675,1718.8373464,-464.36280904,-84284.3912551
2025-03-03 03:02:50,TSLA,SELL,42.1,1636.11711263,1625.95571953,427.79464962,-83856.59660548
2025-03-03 03:03:50,NFLX,SELL,70.6,2137.91739517,2137.45980936,32.30555869,-83824.29104679
2025-03-03 03:04:50,TSLA,BUY,27.6,1612.96222249,1612.80177878,-4.42824629,-83828.71929308
2025-03-03 03:05:50,NVDA,SELL,71.6,144.56972504,144.69398687,-8.89714753,-83837.61644061
2025-03-03 03:06:50,NFLX,SELL,22.6,583.5075899,583.72186883,-4.84270375,-83842.45914436
2025-03-03 03:07:50,NFLX,SELL,17.9,1351.04260918,1343.96149495,126.75194471,-83715.70719965
2025-03-03 03:08:50,TSLA,BUY,20.4,483.11183981,480.18200852,-59.76855821,-83775.47575786
2025-03-03 03:09:50,AAPL,SELL,17.5,1992.52442082,1989.01188601,61.46935923,-83714.00639863
2025-03-03 03:10:50,AAPL,BUY,29.8,2442.35948654,2440.57916234,-53.05366121,-83767.06005984
2025-03-03 03:11:50,NFLX,BUY,47.8,384.77368767,384.12566563,-30.97545362,-83798.03551346
2025-03-03 03:12:50,AAPL,SELL,28.6,1594.03808419,1591.57020635,70.58130625,-83727.45420721
2025-03-03 03:13:50,NVDA,SELL,11.8,1400.51241586,1411.69756688,-131.98478197,-83859.43898919
2025-03-03 03:14:50,NFLX,BUY,24.5,2416.07589498,2417.9532591,45.99542076,-83813.44356843
2025-03-03 03:15:50,AAPL,BUY,45.9,144.2954057,145.2600308,44.27629196,-83769.16727647
2025-03-03 03:16:50,AMZN,SELL,24.6,564.97343926,567.82552115,-70.16121454,-83839.328491
2025-03-03 03:17:50,NVDA,BUY,29.8,1330.21822064,1327.22776606,-89.11554657,-83928.44403758
2025-03-03 03:18:50,NFLX,BUY,48.5,2018.98874584,2021.83264115,137.92892224,-83790.51511534
2025-03-03 03:19:50,AMZN,BUY,30.0,1955.41633988,1951.16624584,-127.50282123,-83918.01793656
2025-03-03 03:20:50,AMZN,SELL,21.1,1410.63713921,1411.10658258,-9.90525519,-83927.92319175
2025-03-03 03:21:50,NVDA,BUY,28.9,1241.2636519,1240.42091082,-24.35521733,-83952.27840908
2025-03-03 03:22:50,NFLX,SELL,6.5,2461.99590276,2453.22404364,57.01708429,-83895.26132479
2025-03-03 03:23:50,MSFT,SELL,24.0,1777.6657937,1778.33992592,-16.17917326,-83911.44049805
2025-03-03 03:24:50,NFLX,BUY,5.9,2344.52274441,2336.39027037,-47.98159683,-83959.42209489
2025-03-03 03:25:50,NVDA,SELL,42.6,1510.92566063,1513.13238048,-94.00626539,-84053.42836027
2025-03-03 03:26:50,NFLX,BUY,75.7,1705.79204047,1708.32978312,192.10711845,-83861.32124182
2025-03-03 03:27:50,NFLX,SELL,8.1,2075.41006962,2047.64835983,224.86984925,-83636.45139258
2025-03-03 03:28:50,TSLA,SELL,38.9,844.35333062,841.75788805,100.96271602,-83535.48867656
2025-03-03 03:29:50,NFLX,SELL,37.4,1022.06604382,1022.85309292,-29.43563623,-83564.92431279
2025-03-03 03:30:50,NVDA,BUY,67.3,1596.9813892,1597.71008847,49.04146116,-83515.88285163
2025-03-03 03:31:50,NFLX,BUY,37.3,965.11126996,955.90293854,-343.47076196,-83859.35361359
2025-03-03 03:32:50,NFLX,BUY,67.2,2321.27037195,2307.79087623,-905.82211246,-84765.17572605
2025-03-03 03:33:50,NFLX,BUY,13.1,361.59997567,359.91254078,-22.10539702,-84787.28112307
2025-03-03 03:34:50,TSLA,SELL,15.8,1585.82342865,1581.89178306,62.12000032,-84725.16112275
2025-03-03 03:35:50,AMZN,SELL,5.5,1353.69583352,1364.31084389,-58.38255702,-84783.54367978
2025-03-03 03:36:50,NFLX,BUY,78.4,1261.69345655,1254.70279766,-548.06765633,-85331.61133611
2025-03-03 03:37:50,MSFT,SELL,31.9,2197.84911056,2199.24923377,-44.66393047,-85376.27526658
2025-03-03 03:38:50,AMZN,SELL,22.7,2279.28370321,2268.25317266,250.39304339,-85125.88222318
2025-03-03 03:39:50,AMZN,SELL,28.2,2279.82053123,2285.94675577,-172.75953217,-85298.64175536
2025-03-03 03:40:50,MSFT,SELL,21.8,1246.90498509,1251.26626436,-95.07588804,-85393.7176434
2025-03-03 03:41:50,NFLX,BUY,19.3,1793.42989546,1781.14218243,-237.15286152,-85630.87050492
2025-03-03 03:42:50,MSFT,SELL,7.1,2393.49131148,2391.19101824,16.33208196,-85614.53842296
2025-03-03 03:43:50,TSLA,SELL,23.2,579.34787227,574.8990662,103.21230074,-85511.32612221
2025-03-03 03:44:50,MSFT,BUY,70.4,1279.23781665,1276.94739803,-161.24547024,-85672.57159245
2025-03-03 03:45:50,NFLX,SELL,48.5,1808.95221138,1806.7656707,106.04722286,-85566.52436959
2025-03-03 03:46:50,NFLX,BUY,64.0,499.39428235,498.21930876,-75.19830946,-85641.72267905
2025-03-03 03:47:50,TSLA,SELL,36.3,700.13622042,700.68146724,-19.79245942,-85661.51513847
2025-03-03 03:48:50,AMZN,SELL,47.4,403.70670091,402.43179203,60.43068095,-85601.08445752
2025-03-03 03:49:50,TSLA,BUY,57.9,440.94786266,441.01389358,3.82318998,-85597.26126754
2025-03-03 03:50:50,NFLX,BUY,74.6,1271.42142464,1279.389367,594.40850035,-85002.85276718
2025-03-03 03:51:50,NFLX,BUY,41.6,1350.37933276,1365.87514332,644.62571933,-84358.22704785
2025-03-03 03:52:50,NFLX,BUY,66.6,356.52010021,358.42250892,126.70041983,-84231.52662802
2025-03-03 03:53:50,TSLA,SELL,10.4,1145.21206589,1142.62328816,26.92328842,-84204.60333961
2025-03-03 03:54:50,AMZN,BUY,52.5,340.88198823,343.80782457,153.60640787,-84050.99693174
2025-03-03 03:55:50,AAPL,BUY,71.6,2212.31524824,2208.27881139,-289.00887886,-84340.0058106
2025-03-03 03:56:50,AMZN,BUY,50.5,1543.71641531,1545.8213721,106.30031792,-84233.70549268
2025-03-03 03:57:50,AAPL,BUY,72.8,976.06072969,958.05330432,-1310.94056681,-85544.64605949
2025-03-03 03:58:50,MSFT,SELL,42.0,2494.03298959,2491.26830432,116.1167814,-85428.52927809
2025-03-03 03:59:50,AMZN,BUY,43.5,528.15580463,530.45035182,99.81280293,-85328.71647516
2025-03-03 04:00:50,NFLX,SELL,58.1,1992.59623626,2002.14734358,-554.91933548,-85883.63581065
2025-03-03 04:01:50,AAPL,BUY,69.7,710.12278976,708.5516356,-109.50944493,-85993.14525558
2025-03-03 04:02:50,AMZN,SELL,78.2,413.09352772,412.38026995,55.77675815,-85937.36849743
2025-03-03 04:03:50,NFLX,BUY,72.0,2183.97751276,2187.57276932,258.85847251,-85678.51002492
2025-03-03 04:04:50,NFLX,SELL,45.9,1651.364168,1662.90605738,-529.77272262,-86208.28274753
2025-03-03 04:05:50,NFLX,BUY,60.9,222.89523806,223.92488187,62.705308,-86145.57743954
2025-03-03 04:06:50,AMZN,SELL,41.9,1306.33553194,1308.26616195,-80.89339747,-86226.47083701
2025-03-03 04:07:50,NFLX,SELL,25.9,512.29386275,510.65691181,42.39702915,-86184.07380785
2025-03-03 04:08:50,AAPL,BUY,16.5,2435.14571301,2431.05501332,-67.4965449,-86251.57035276
2025-03-03 04:09:50,AAPL,BUY,49.3,746.24901833,742.34377615,-192.52843959,-86444.09879235
2025-03-03 04:10:50,NFLX,BUY,63.9,2004.92182188,2002.97599646,-124.33824451,-86568.43703686
2025-03-03 04:11:50,MSFT,SELL,26.6,669.56249009,667.20569407,62.69077421,-86505.74626265
2025-03-03 04:12:50,NFLX,BUY,46.9,1103.83379417,1106.52630586,126.27879853,-86379.46746412
2025-03-03 04:13:50,MSFT,BUY,38.6,549.78709116,544.88658808,-189.15941895,-86568.62688307
2025-03-03 04:14:50,AMZN,SELL,68.0,1974.26756548,1976.04612378,-120.94196409,-86689.56884716
2025-03-03 04:15:50,MSFT,BUY,67.9,876.66272664,873.77156963,-196.30956081,-86885.87840797
2025-03-03 04:16:50,NVDA,BUY,32.2,2278.93744099,2289.32299612,334.41487529,-86551.46353268
2025-03-03 04:17:50,MSFT,BUY,42.6,789.16543225,780.27329449,-378.80506846,-86930.26860114
2025-03-03 04:18:50,NFLX,BUY,62.0,1764.97911688,1758.38347347,-408.92989113,-87339.19849227
2025-03-03 04:19:50,MSFT,SELL,78.0,2147.16152567,2148.75521658,-124.30789053,-87463.5063828
2025-03-03 04:20:50,MSFT,BUY,55.8,1046.21976519,1041.02932399,-289.62661869,-87753.13300148
2025-03-03 04:21:50,TSLA,BUY,79.5,1242.35605684,1239.22330514,-249.05375975,-88002.18676124
2025-03-03 04:22:50,MSFT,BUY,32.8,704.29228803,705.71198382,46.5660217,-87955.62073954
2025-03-03 04:23:50,MSFT,SELL,44.3,148.56695834,151.72613034,-139.95131973,-88095.57205927
2025-03-03 04:24:50,NVDA,BUY,73.4,2437.67493993,2437.74690602,5.28231072,-88090.28974855
2025-03-03 04:25:50,TSLA,BUY,32.7,488.11066799,483.09204567,-164.10895002,-88254.39869857
2025-03-03 04:26:50,TSLA,BUY,44.3,2016.39031265,2006.15580653,-453.38862128,-88707.78731985
2025-03-03 04:27:50,NVDA,BUY,69.0,1473.03956073,1468.66536534,-301.81948194,-89009.6068018
2025-03-03 04:28:50,AAPL,SELL,37.7,1813.3950018,1811.23060075,81.5979197,-88928.0088821
2025-03-03 04:29:50,MSFT,BUY,8.8,807.15736735,797.23342035,-87.33073363,-89015.33961573
2025-03-03 04:30:50,NFLX,BUY,57.1,703.63129522,701.81149041,-103.91085483,-89119.25047055
2025-03-03 04:31:50,NVDA,BUY,23.4,1946.76492956,1934.24728621,-292.9128543,-89412.16332486
2025-03-03 04:32:50,MSFT,SELL,5.7,691.54698298,692.3584463,-4.62534092,-89416.78866578
2025-03-03 04:33:50,MSFT,SELL,15.3,665.13140083,661.55855757,54.66450181,-89362.12416397
2025-03-03 04:34:50,MSFT,SELL,49.3,1368.71161009,1373.18493953,-220.53514163,-89582.65930561
2025-03-03 04:35:50,NVDA,SELL,7.6,815.30007603,811.55552036,28.4586231,-89554.2006825
2025-03-03 04:36:50,MSFT,BUY,37.4,2011.12044632,2026.83478544,587.71628304,-88966.48439946
2025-03-03 04:37:50,AAPL,BUY,43.5,1187.19544199,1181.23040485,-259.47911558,-89225.96351504
2025-03-03 04:38:50,AAPL,BUY,46.7,391.80963888,392.1360773,15.24467429,-89210.71884075
2025-03-03 04:39:50,NVDA,BUY,38.2,884.74629578,885.16191445,15.87663293,-89194.84220783
2025-03-03 04:40:50,TSLA,BUY,45.8,1588.66916104,1611.33015776,1037.87364956,-88156.96855827
2025-03-03 04:41:50,NVDA,SELL,57.9,1875.51129265,1899.60124517,-1394.80825098,-89551.77680925
2025-03-03 04:42:50,NFLX,SELL,37.4,2196.54304545,2194.63598433,71.32408608,-89480.45272318
2025-03-03 04:43:50,MSFT,SELL,62.3,1090.6313746,1087.00021069,226.22151136,-89254.23121182
2025-03-03 04:44:50,AMZN,BUY,7.3,2241.06883766,2245.17702206,29.98974613,-89224.24146569
2025-03-03 04:45:50,AMZN,BUY,61.9,1896.1512549,1881.84478306,-885.57060682,-90109.81207251
2025-03-03 04:46:50,NVDA,SELL,11.8,893.51909166,896.85622303,-39.37815013,-90149.19022264
2025-03-03 04:47:50,NFLX,BUY,40.9,1450.36988721,1448.52242347,-75.56126705,-90224.75148969
2025-03-03 04:48:50,TSLA,BUY,62.5,1871.08748861,1862.56856715,-532.43259106,-90757.18408076
2025-03-03 04:49:50,NFLX,SELL,35.7,2272.89565183,2262.722453,363.18319828,-90394.00088247
2025-03-03 04:50:50,NFLX,BUY,35.1,1144.93455071,1142.69333028,-78.66683714,-90472.66771961
2025-03-03 04:51:50,NVDA,BUY,48.8,1481.72633279,1479.05532245,-130.3453049,-90603.01302451
2025-03-03 04:52:50,TSLA,SELL,69.4,351.57433826,352.62512165,-72.92436747,-90675.93739198
2025-03-03 04:53:50,AMZN,SELL,77.8,843.43499964,841.34309237,162.75038583,-90513.18700614
2025-03-03 04:54:50,MSFT,BUY,57.9,211.79186101,211.69433894,-5.64652755,-90518.8335337
2025-03-03 04:55:50,NVDA,BUY,37.6,2140.71696777,2137.39972766,-124.72822813,-90643.56176183
2025-03-03 04:56:50,AAPL,SELL,68.4,1612.01712507,1612.23868924,-15.15498899,-90658.71675082
2025-03-03 04:57:50,NVDA,BUY,31.6,812.32049212,811.05842382,-39.88135856,-90698.59810938
2025-03-03 04:58:50,NVDA,SELL,79.3,1083.61234746,1080.88839643,216.00931703,-90482.58879235
2025-03-03 04:59:50,TSLA,SELL,46.5,1233.47431439,1219.98050304,627.4622278,-89855.12656454
2025-03-03 05:00:50,AAPL,SELL,72.2,280.05301334,280.89156516,-60.54344112,-89915.67000567
2025-03-03 05:01:50,TSLA,SELL,15.5,2026.42195006,2025.91868628,7.80058863,-89907.86941704
2025-03-03 05:02:50,AAPL,BUY,24.1,1081.945091,1091.36302072,226.97210622,-89680.89731082
2025-03-03 05:03:50,MSFT,SELL,57.5,2163.34908041,2193.98361189,-1761.48556042,-91442.38287124
2025-03-03 05:04:50,AMZN,BUY,40.5,318.558837,318.83506316,11.18715959,-91431.19571165
2025-03-03 05:05:50,NVDA,SELL,20.6,564.88070269,567.66635638,-57.38446617,-91488.58017783
2025-03-03 05:06:50,NVDA,BUY,20.6,1069.01586515,1067.70203646,-27.06487102,-91515.64504885
2025-03-03 05:07:50,AAPL,BUY,70.3,1656.99264937,1656.50538392,-34.2547613,-91549.89981015
2025-03-03 05:08:50,AMZN,BUY,61.4,1387.73121043,1386.54992523,-72.53091105,-91622.43072119
2025-03-03 05:09:50,NFLX,SELL,31.1,436.15494246,435.60923777,16.9714158,-91605.45930539
2025-03-03 05:10:50,MSFT,BUY,70.6,2329.78326462,2297.99517968,-2244.23879679,-93849.69810218
2025-03-03 05:11:50,AAPL,BUY,18.0,422.86118149,420.28451386,-46.38001743,-93896.07811961
2025-03-03 05:12:50,TSLA,BUY,72.7,1575.45028758,1567.91207695,-548.02791226,-94444.10603186
2025-03-03 05:13:50,MSFT,SELL,54.0,2409.49970001,2405.35025905,224.06981205,-94220.03621981
2025-03-03 05:14:50,NFLX,SELL,44.4,599.98467246,605.05884806,-225.29339658,-94445.32961639
2025-03-03 05:15:50,TSLA,SELL,60.7,1432.19824345,1426.80206249,327.54818436,-94117.78143203
2025-03-03 05:16:50,AMZN,BUY,77.0,973.66592612,967.31722477,-488.85000341,-94606.63143544
2025-03-03 05:17:50,NVDA,SELL,61.6,1165.46790478,1160.20914767,323.93943815,-94282.69199728
2025-03-03 05:18:50,NVDA,SELL,72.1,1472.48725449,1481.87403283,-676.78671819,-94959.47871548
2025-03-03 05:19:50,AMZN,BUY,75.9,1240.4745267,1238.86388874,-122.24742056,-95081.72613603
2025-03-03 05:20:50,NFLX,BUY,75.1,1017.675035,1019.19643134,114.25686525,-94967.46927078
2025-03-03 05:21:50,NVDA,SELL,45.4,1137.08122148,1152.21854686,-687.23457255,-95654.70384333
2025-03-03 05:22:50,NVDA,BUY,8.6,1229.21218958,1220.46280806,-75.24468109,-95729.94852442
2025-03-03 05:23:50,AAPL,BUY,38.3,2216.91564642,2205.44641147,-439.27169844,-96169.22022286
2025-03-03 05:24:50,TSLA,BUY,23.4,108.13083516,107.99916429,-3.08109833,-96172.3013212
2025-03-03 05:25:50,MSFT,BUY,12.4,1791.00647712,1787.07644156,-48.732441,-96221.0337622
2025-03-03 05:26:50,NFLX,SELL,18.6,591.0246743,590.00740674,18.92117656,-96202.11258564
2025-03-03 05:27:50,AMZN,BUY,62.9,133.55611113,133.91986924,22.88038512,-96179.23220052
2025-03-03 05:28:50,AMZN,BUY,26.4,551.67995603,555.35540956,97.03197315,-96082.20022737
2025-03-03 05:29:50,AMZN,BUY,76.6,1242.22407368,1249.6562864,569.30749472,-95512.89273265
2025-03-03 05:30:50,AAPL,BUY,27.3,1154.6757359,1149.55499926,-139.79611048,-95652.68884314
2025-03-03 05:31:50,NFLX,BUY,10.3,1194.19824885,1189.52829404,-48.10053461,-95700.78937775
2025-03-03 05:32:50,AMZN,SELL,10.1,1840.98909566,1841.39972985,-4.14740532,-95704.93678307
2025-03-03 05:33:50,NFLX,BUY,19.5,2392.2365348,2388.58335918,-71.23692459,-95776.17370766
2025-03-03 05:34:50,AMZN,BUY,40.8,2422.8638178,2419.43513908,-139.89009166,-95916.06379931
2025-03-03 05:35:50,MSFT,BUY,32.8,1845.75350523,1840.75222911,-164.04185686,-96080.10565618
2025-03-03 05:36:50,AAPL,SELL,78.7,497.79763693,494.84338347,232.49974719,-95847.60590899
2025-03-03 05:37:50,TSLA,SELL,49.2,330.99157874,332.64389108,-81.29376745,-95928.89967644
2025-03-03 05:38:50,AAPL,SELL,13.7,1689.24612571,1697.06533643,-107.12318693,-96036.02286337
2025-03-03 05:39:50,AMZN,BUY,26.5,1432.04445809,1425.37522456,-176.73468859,-96212.75755195
2025-03-03 05:40:50,AAPL,SELL,23.2,126.77100955,126.27983478,11.39525455,-96201.3622974
2025-03-03 05:41:50,NFLX,BUY,22.3,1729.06236045,1741.24157511,271.59648693,-95929.76581047
2025-03-03 05:42:50,MSFT,BUY,34.6,1765.01900884,1767.03167994,69.63842003,-95860.12739044
2025-03-03 05:43:50,NVDA,SELL,39.2,993.92545339,997.65300587,-146.12005724,-96006.24744768
2025-03-03 05:44:50,NVDA,BUY,68.9,973.96676585,968.79079087,-356.62467608,-96362.87212376
2025-03-03 05:45:50,NFLX,SELL,50.8,1915.72638414,1904.94740291,547.57224665,-95815.29987711
2025-03-03 05:46:50,NVDA,BUY,41.5,1962.76447385,1958.06243056,-195.13479678,-96010.43467389
2025-03-03 05:47:50,AMZN,SELL,19.6,639.40009163,639.03846083,7.08796368,-96003.34671021
2025-03-03 05:48:50,NVDA,BUY,44.5,649.56924472,647.9691138,-71.20582592,-96074.55253613
2025-03-03 05:49:50,AMZN,SELL,48.5,1183.71126634,1180.2012569,170.23545758,-95904.31707855
2025-03-03 05:50:50,NVDA,BUY,50.5,1123.46513371,1124.36965098,45.67812194,-95858.63895661
2025-03-03 05:51:50,NVDA,BUY,53.9,1438.63542184,1443.67434591,271.59800737,-95587.04094924
2025-03-03 05:52:50,NVDA,BUY,61.3,538.36388499,535.72170157,-161.96584347,-95749.00679272
2025-03-03 05:53:50,AMZN,SELL,58.2,913.81027183,911.6724351,124.42209753,-95624.58469518
2025-03-03 05:54:50,AAPL,BUY,22.0,1792.08285343,1787.90436401,-91.92676739,-95716.51146257
2025-03-03 05:55:50,AAPL,SELL,52.3,2008.68890751,1993.94588354,771.06015388,-94945.45130869
2025-03-03 05:56:50,TSLA,SELL,49.8,1257.88352891,1267.17302923,-462.61711591,-95408.0684246
2025-03-03 05:57:50,AMZN,SELL,57.4,1233.9090734,1226.36096877,433.26120573,-94974.80721886
2025-03-03 05:58:50,NVDA,SELL,5.4,613.44107872,612.92959483,2.76201302,-94972.04520585
2025-03-03 05:59:50,TSLA,SELL,61.2,822.29851734,820.15887032,130.9463975,-94841.09880835
2025-03-03 06:00:50,AMZN,SELL,42.7,2401.70559249,2412.66033993,-467.76771551,-95308.86652386
2025-03-03 06:01:50,TSLA,SELL,58.0,2300.74899764,2293.16365009,439.9501582,-94868.91636567
2025-03-03 06:02:50,AMZN,BUY,5.7,627.97870455,629.47981584,8.55633433,-94860.36003134
2025-03-03 06:03:50,NFLX,BUY,30.8,1818.70633714,1813.6036868,-157.16163062,-95017.52166196
2025-03-03 06:04:50,TSLA,SELL,14.8,2066.40100552,2069.26615826,-42.40426054,-95059.9259225
2025-03-03 06:05:50,TSLA,SELL,30.6,516.09557622,512.36199571,114.24756346,-94945.67835904
2025-03-03 06:06:50,NFLX,SELL,12.3,1932.75287806,1922.4475461,126.75558299,-94818.92277604
2025-03-03 06:07:50,AAPL,BUY,67.8,942.92084713,938.87405283,-274.37265346,-95093.2954295
2025-03-03 06:08:50,TSLA,SELL,49.7,1963.33928477,1950.91499035,617.48743256,-94475.80799694
2025-03-03 06:09:50,NFLX,SELL,61.8,1646.47768118,1654.43224279,-491.59190708,-94967.39990402
2025-03-03 06:10:50,AMZN,SELL,57.5,2235.36480348,2242.27849921,-397.53750466,-95364.93740868
2025-03-03 06:11:50,AMZN,BUY,37.2,584.07991031,581.71348328,-88.03108567,-95452.96849435
2025-03-03 06:12:50,AMZN,SELL,14.6,2391.13003206,2386.28207064,70.78023674,-95382.18825761
2025-03-03 06:13:50,AAPL,BUY,43.0,1773.90704134,1776.54601722,113.47596287,-95268.71229474
2025-03-03 06:14:50,AAPL,BUY,14.1,649.46160673,654.70474968,73.9283156,-95194.78397914
2025-03-03 06:15:50,NVDA,BUY,24.2,972.14195064,976.18789689,97.91189942,-95096.87207972
2025-03-03 06:16:50,NFLX,BUY,71.7,1479.88838375,1481.43540147,110.92117072,-94985.950909
2025-03-03 06:17:50,NFLX,SELL,40.6,1662.10920999,1662.83485128,-29.46103643,-95015.41194544
2025-03-03 06:18:50,MSFT,BUY,26.9,2184.70760922,2187.96064521,87.50666802,-94927.90527742
2025-03-03 06:19:50,AMZN,SELL,69.1,409.15137703,411.83872172,-185.69551781,-95113.60079523
2025-03-03 06:20:50,AMZN,BUY,9.0,2350.78529678,2347.55408576,-29.08089915,-95142.68169438
2025-03-03 06:21:50,AMZN,BUY,33.1,1302.32632446,1304.52905335,72.9103261,-95069.77136828
2025-03-03 06:22:50,TSLA,BUY,46.8,773.41651834,776.63770919,150.75173199,-94919.01963629
2025-03-03 06:23:50,NVDA,BUY,15.1,1800.94859177,1807.18401547,94.15489784,-94824.86473845
2025-03-03 06:24:50,NVDA,BUY,30.5,2378.88984907,2398.60608976,601.345341,-94223.51939745
2025-03-03 06:25:50,AMZN,BUY,43.0,359.55026161,355.04338969,-193.79549247,-94417.31488991
2025-03-03 06:26:50,NFLX,BUY,51.7,258.02119482,257.83878134,-9.43077704,-94426.74566695
2025-03-03 06:27:50,NFLX,BUY,26.1,1504.52879054,1500.31947973,-109.86301198,-94536.60867893
2025-03-03 06:28:50,MSFT,BUY,45.8,1179.34098542,1178.952539,-17.79084601,-94554.39952494
2025-03-03 06:29:50,AAPL,BUY,74.9,340.55650762,339.16063378,-104.55095059,-94658.95047554
2025-03-03 06:30:50,AAPL,SELL,50.0,1029.49881682,1026.79316335,135.28267361,-94523.66780193
2025-03-03 06:31:50,TSLA,SELL,57.1,1332.76641237,1333.33150004,-32.2665058,-94555.93430772
2025-03-03 06:32:50,MSFT,BUY,11.0,2066.15338442,2060.7934121,-58.95969551,-94614.89400323
2025-03-03 06:33:50,AAPL,SELL,11.9,2153.16629127,2146.04191812,84.78004046,-94530.11396278
2025-03-03 06:34:50,MSFT,SELL,16.5,1569.30175182,1580.73992237,-188.72981408,-94718.84377686
2025-03-03 06:35:50,NFLX,BUY,21.2,258.80493214,257.98903795,-17.29695691,-94736.14073377
2025-03-03 06:36:50,NVDA,SELL,49.2,1334.51979163,1328.79950553,281.43807592,-94454.70265785
2025-03-03 06:37:50,AAPL,SELL,54.2,1995.68345771,1980.65975373,814.28475589,-93640.41790196
2025-03-03 06:38:50,AAPL,SELL,36.1,1237.1402439,1251.38436919,-514.21292272,-94154.63082467
2025-03-03 06:39:50,NVDA,SELL,22.3,2121.19847215,2118.34790976,63.56754126,-94091.06328341
2025-03-03 06:40:50,NVDA,SELL,10.8,2161.7111913,2161.70927074,0.02074205,-94091.04254137
2025-03-03 06:41:50,NVDA,BUY,42.1,355.33217299,352.49541613,-119.42746416,-94210.47000552
2025-03-03 06:42:50,AAPL,BUY,49.6,1820.31452008,1820.64133,16.20977229,-94194.26023323
2025-03-03 06:43:50,NFLX,SELL,6.9,879.5778634,876.28815196,22.69900892,-94171.56122431
2025-03-03 06:44:50,NVDA,SELL,36.5,2102.73698431,2113.58057029,-395.79088828,-94567.35211259
2025-03-03 06:45:50,MSFT,BUY,70.5,1484.98586232,1480.50329814,-316.02077413,-94883.37288672
2025-03-03 06:46:50,TSLA,SELL,63.1,601.33334252,601.86419751,-33.49694998,-94916.8698367
2025-03-03 06:47:50,AMZN,SELL,19.4,1139.39248865,1142.29365702,-56.28266653,-94973.15250323
2025-03-03 06:48:50,NVDA,BUY,29.0,846.50009214,847.71859641,35.33662389,-94937.81587933
2025-03-03 06:49:50,NFLX,BUY,56.0,914.78539614,918.49555709,207.76901278,-94730.04686655
2025-03-03 06:50:50,MSFT,BUY,11.1,636.19010783,634.47466746,-19.0413881,-94749.08825466
2025-03-03 06:51:50,NVDA,SELL,69.4,2199.83997844,2206.1120187,-435.27959396,-95184.36784862
2025-03-03 06:52:50,MSFT,SELL,69.0,1436.95823844,1430.76311718,427.46336718,-94756.90448144
2025-03-03 06:53:50,NFLX,SELL,44.3,856.13432636,845.67452225,463.36932215,-94293.53515928
2025-03-03 06:54:50,MSFT,SELL,17.4,2239.49215494,2238.76791293,12.60181084,-94280.93334844
2025-03-03 06:55:50,AAPL,BUY,48.3,458.82073485,456.28246492,-122.59843757,-94403.53178601
2025-03-03 06:56:50,NFLX,BUY,76.0,1037.72186141,1037.39437496,-24.8889706,-94428.4207566
2025-03-03 06:57:50,MSFT,BUY,55.1,691.88181446,689.75925614,-116.95296331,-94545.37371991
2025-03-03 06:58:50,NFLX,SELL,60.2,2350.06236822,2356.98008893,-416.44678674,-94961.82050665
2025-03-03 06:59:50,AAPL,BUY,47.7,1199.01899167,1199.48575909,22.26480603,-94939.55570061
2025-03-03 07:00:50,MSFT,SELL,31.8,2208.87420118,2233.13629357,-771.53453796,-95711.09023857
2025-03-03 07:01:50,NFLX,SELL,21.0,819.72577613,819.03302526,14.54776826,-95696.54247031
2025-03-03 07:02:50,TSLA,BUY,51.1,1685.27779705,1695.03791495,498.74202463,-95197.80044567
2025-03-03 07:03:50,TSLA,BUY,41.0,2138.12594727,2135.87272801,-92.38198961,-95290.18243528
2025-03-03 07:04:50,MSFT,SELL,57.4,2324.09801041,2325.73946026,-94.21922119,-95384.40165648
2025-03-03 07:05:50,MSFT,SELL,47.3,717.22512646,713.37193088,182.25615093,-95202.14550554
2025-03-03 07:06:50,NVDA,SELL,28.6,1518.9829738,1521.43650898,-70.17110617,-95272.31661172
2025-03-03 07:07:50,NFLX,BUY,76.1,225.63704034,225.77573219,10.55444944,-95261.76216227
2025-03-03 07:08:50,AMZN,BUY,31.8,1722.53441203,1727.63832166,162.30432616,-95099.45783611
2025-03-03 07:09:50,AMZN,BUY,55.7,1330.45137359,1335.85727994,301.10898352,-94798.3488526
2025-03-03 07:10:50,MSFT,SELL,76.5,1054.90860995,1057.24041362,-178.38298101,-94976.7318336
2025-03-03 07:11:50,TSLA,SELL,8.2,1786.6789052,1782.92028179,30.82071192,-94945.91112168
2025-03-03 07:12:50,MSFT,BUY,47.5,1204.78476347,1212.53671682,368.21778431,-94577.69333737
2025-03-03 07:13:50,NFLX,BUY,40.2,458.52291225,463.36131452,194.50377123,-94383.18956613
2025-03-03 07:14:50,AMZN,SELL,75.9,2017.05238988,2011.95645261,386.78163833,-93996.4079278
2025-03-03 07:15:50,MSFT,BUY,24.1,1560.41107113,1578.30253645,431.18431423,-93565.22361357
2025-03-03 07:16:50,AMZN,SELL,58.4,2318.35925202,2329.90836082,-674.46795399,-94239.69156756
2025-03-03 07:17:50,AMZN,SELL,58.5,984.0988182,981.80041476,134.45660155,-94105.23496601
2025-03-03 07:18:50,NVDA,BUY,17.5,1075.17527643,1073.33012417,-32.2901645,-94137.52513051
2025-03-03 07:19:50,AAPL,BUY,15.0,155.40515332,155.61077972,3.08439591,-94134.4407346
2025-03-03 07:20:50,TSLA,BUY,31.0,2471.68838254,2482.56285461,337.10863413,-93797.33210047
2025-03-03 07:21:50,MSFT,SELL,75.3,1538.51013343,1544.87947722,-479.6115874,-94276.94368787
2025-03-03 07:22:50,NFLX,SELL,11.7,1911.94895956,1903.53299802,98.46674996,-94178.47693791
2025-03-03 07:23:50,TSLA,SELL,66.0,2166.99852444,2167.36688885,-24.31205122,-94202.78898913
2025-03-03 07:24:50,NVDA,BUY,44.9,1322.29357763,1318.15179686,-185.96595672,-94388.75494585
2025-03-03 07:25:50,TSLA,BUY,73.4,742.40022345,739.91046813,-182.74804055,-94571.50298639
2025-03-03 07:26:50,TSLA,SELL,44.8,820.5450677,818.58199422,87.94569197,-94483.55729442
2025-03-03 07:27:50,NFLX,BUY,25.5,1079.73237421,1082.15403752,61.75241439,-94421.80488003
2025-03-03 07:28:50,NVDA,BUY,29.7,2490.7485811,2489.66351417,-32.22648781,-94454.03136784
2025-03-03 07:29:50,AAPL,BUY,51.4,1015.89050602,1011.56887082,-222.13204927,-94676.16341711
2025-03-03 07:30:50,TSLA,BUY,47.0,2271.83084076,2277.64735297,273.37607398,-94402.78734314
2025-03-03 07:31:50,NFLX,SELL,53.5,1180.93618337,1181.41341619,-25.53195551,-94428.31929864
2025-03-03 07:32:50,MSFT,SELL,28.6,1229.30724388,1225.84394031,99.05048227,-94329.26881637
2025-03-03 07:33:50,AAPL,SELL,67.0,1780.45014599,1788.84407646,-562.39334095,-94891.66215732
2025-03-03 07:34:50,TSLA,SELL,32.2,1939.89439642,1933.82926432,195.29725346,-94696.36490386
2025-03-03 07:35:50,MSFT,SELL,12.8,1861.89890478,1865.58547966,-47.1881585,-94743.55306236
2025-03-03 07:36:50,AAPL,BUY,54.2,801.4964145,803.40810452,103.61359874,-94639.93946363
2025-03-03 07:37:50,NVDA,BUY,20.7,1639.88799691,1640.8948457,20.8417698,-94619.09769382
2025-03-03 07:38:50,NVDA,BUY,70.7,1466.82848643,1464.28936128,-179.5161479,-94798.61384172
2025-03-03 07:39:50,AAPL,BUY,44.7,2327.72030955,2320.44542246,-325.18745322,-95123.80129494
2025-03-03 07:40:50,NFLX,SELL,20.4,1890.59717577,1895.71229412,-104.34841415,-95228.14970909
2025-03-03 07:41:50,NFLX,SELL,52.6,990.55536353,987.5539753,157.87302073,-95070.27668836
2025-03-03 07:42:50,NFLX,BUY,68.8,1175.06180123,1184.28984869,634.88966525,-94435.38702311
2025-03-03 07:43:50,AMZN,BUY,26.6,1961.57112478,1977.46239037,422.70766472,-94012.67935839
2025-03-03 07:44:50,NVDA,BUY,17.2,1451.67542188,1442.98281835,-149.51278063,-94162.19213901
2025-03-03 07:45:50,NFLX,SELL,72.5,843.83178215,843.86374773,-2.31750454,-94164.50964356
2025-03-03 07:46:50,AMZN,BUY,55.3,148.52204835,147.90859143,-33.92416807,-94198.43381162
2025-03-03 07:47:50,NFLX,SELL,31.0,1226.27746749,1224.05753302,68.81796843,-94129.61584319
2025-03-03 07:48:50,TSLA,SELL,36.2,982.79733837,982.15356704,23.30452222,-94106.31132098
2025-03-03 07:49:50,AMZN,BUY,28.2,2096.89777413,2114.79937759,504.82521761,-93601.48610336
2025-03-03 07:50:50,TSLA,BUY,29.4,705.26838743,710.99959603,168.49753303,-93432.98857033
2025-03-03 07:51:50,MSFT,SELL,62.1,2103.51638219,2110.6704785,-444.26938043,-93877.25795077
2025-03-03 07:52:50,NFLX,BUY,20.7,248.03271101,246.03798486,-41.29083118,-93918.54878195
2025-03-03 07:53:50,NVDA,BUY,11.4,1265.96934126,1265.28781247,-7.76942823,-93926.31821018
2025-03-03 07:54:50,TSLA,BUY,57.0,2364.72080956,2365.434771,40.6958023,-93885.62240788
2025-03-03 07:55:50,AMZN,BUY,46.6,2356.96329343,2363.74473386,316.01512411,-93569.60728377
2025-03-03 07:56:50,TSLA,BUY,7.3,1641.10995247,1643.3983588,16.70536615,-93552.90191762
2025-03-03 07:57:50,TSLA,SELL,72.9,1837.12666391,1843.16154878,-439.94310693,-93992.84502455
2025-03-03 07:58:50,NFLX,SELL,79.3,1711.12843142,1714.59888322,-275.2068273,-94268.05185185
2025-03-03 07:59:50,NFLX,BUY,55.0,317.58901242,317.79570582,11.36813671,-94256.68371514
2025-03-03 08:00:50,AAPL,BUY,16.5,1558.29658212,1547.0812255,-185.05338421,-94441.73709934
2025-03-03 08:01:50,AMZN,BUY,51.6,596.19194978,594.31486778,-96.85743124,-94538.59453059
2025-03-03 08:02:50,AAPL,BUY,29.5,2104.58931457,2096.55346327,-237.05761336,-94775.65214394
2025-03-03 08:03:50,TSLA,BUY,75.6,1271.34437505,1266.71936942,-349.65042527,-95125.30256921
2025-03-03 08:04:50,TSLA,BUY,61.7,1555.4986613,1546.08952922,-580.54344985,-95705.84601906
2025-03-03 08:05:50,AAPL,BUY,73.7,2263.96812811,2254.64056287,-687.44155837,-96393.28757743
2025-03-03 08:06:50,NFLX,SELL,33.8,159.5423921,159.56772719,-0.85632609,-96394.14390352
2025-03-03 08:07:50,NFLX,BUY,58.3,439.71724237,438.38434088,-77.70815694,-96471.85206046
2025-03-03 08:08:50,TSLA,SELL,23.7,2107.82506991,2104.3774758,81.70798044,-96390.14408002
2025-03-03 08:09:50,MSFT,SELL,55.1,1137.34498118,1127.11939477,563.42981127,-95826.71426875
2025-03-03 08:10:50,TSLA,SELL,35.1,257.50718881,254.6719211,99.51789665,-95727.1963721
2025-03-03 08:11:50,AMZN,BUY,73.6,1935.63494373,1918.95112337,-1227.92917853,-96955.12555063
2025-03-03 08:12:50,AAPL,SELL,75.7,1786.30505518,1773.00663659,1006.6902871,-95948.43526352
2025-03-03 08:13:50,MSFT,BUY,38.0,740.94625657,743.78285638,107.79079262,-95840.64447091
2025-03-03 08:14:50,AAPL,BUY,52.1,365.40722551,368.56120044,164.32209384,-95676.32237707
2025-03-03 08:15:50,NVDA,BUY,43.3,548.19108303,552.21906189,174.41148465,-95501.91089242
2025-03-03 08:16:50,AMZN,BUY,26.0,1209.98625763,1211.79042701,46.90840383,-95455.0024886
2025-03-03 08:17:50,TSLA,BUY,70.6,654.31923572,653.89041169,-30.27497651,-95485.27746511
2025-03-03 08:18:50,AMZN,SELL,63.0,549.21547582,546.09966295,196.29621106,-95288.98125405
2025-03-03 08:19:50,NVDA,SELL,31.3,1238.49433594,1247.02372047,-266.96973575,-95555.9509898
2025-03-03 08:20:50,NFLX,SELL,58.8,1429.05749031,1424.54054205,265.59655724,-95290.35443256
2025-03-03 08:21:50,NFLX,BUY,72.6,2252.892439,2259.72444566,496.00368307,-94794.3507495
2025-03-03 08:22:50,TSLA,BUY,33.3,159.70211684,159.7387861,1.22108661,-94793.12966288
2025-03-03 08:23:50,AAPL,SELL,25.6,2249.91725802,2239.53391827,265.81349757,-94527.31616531
2025-03-03 08:24:50,AAPL,SELL,37.9,1569.55212363,1560.98964709,324.51786081,-94202.7983045
2025-03-03 08:25:50,NVDA,BUY,72.1,1844.16360725,1834.30639044,-710.7053318,-94913.5036363
2025-03-03 08:26:50,AAPL,BUY,24.8,2338.43656567,2338.13263182,-7.53755935,-94921.04119566
2025-03-03 08:27:50,AMZN,SELL,11.7,459.74630879,457.47982341,26.51787887,-94894.52331679
2025-03-03 08:28:50,TSLA,SELL,27.5,433.06212187,433.91162222,-23.36125964,-94917.88457643
2025-03-03 08:29:50,NFLX,SELL,50.3,775.96722324,775.7300324,11.93069914,-94905.95387729
2025-03-03 08:30:50,NVDA,SELL,23.4,729.96269132,733.69055005,-87.23189435,-94993.18577164
2025-03-03 08:31:50,AAPL,SELL,5.6,2417.89967226,2411.44611175,36.13993885,-94957.04583278
2025-03-03 08:32:50,AMZN,SELL,30.7,2373.48237542,2379.87230564,-196.17085788,-95153.21669066
2025-03-03 08:33:50,NVDA,BUY,58.0,1156.84425734,1148.57798053,-479.44405515,-95632.66074581
2025-03-03 08:34:50,AAPL,BUY,59.8,1429.19419808,1429.87702527,40.83306552,-95591.82768029
2025-03-03 08:35:50,NFLX,BUY,5.8,201.60387017,200.48970798,-6.46214068,-95598.28982097
2025-03-03 08:36:50,TSLA,SELL,21.1,1694.42629952,1690.40766748,84.79313593,-95513.49668504
2025-03-03 08:37:50,NFLX,SELL,19.8,1138.84265631,1133.11880242,113.33230705,-95400.16437799
2025-03-03 08:38:50,AAPL,BUY,8.8,155.45644669,155.73019743,2.40900648,-95397.75537151
2025-03-03 08:39:50,AMZN,SELL,15.7,2390.22025964,2387.3566561,44.95857546,-95352.79679605
2025-03-03 08:40:50,AAPL,SELL,43.2,359.58484536,360.32579605,-32.00906967,-95384.80586572
2025-03-03 08:41:50,TSLA,SELL,76.4,1215.69023237,1209.65361673,461.19743509,-94923.60843064
2025-03-03 08:42:50,NVDA,SELL,76.0,954.82848239,968.62151389,-1048.27039394,-95971.87882458
2025-03-03 08:43:50,AMZN,SELL,48.4,1546.98114742,1543.21262668,182.39640397,-95789.48242061
2025-03-03 08:44:50,NFLX,SELL,13.6,1162.21365598,1165.79837025,-48.75211411,-95838.23453472
2025-03-03 08:45:50,NFLX,BUY,7.1,2108.61839178,2103.14191411,-38.88299145,-95877.11752617
2025-03-03 08:46:50,AMZN,SELL,59.7,2227.75387031,2224.53360999,192.24954124,-95684.86798494
2025-03-03 08:47:50,MSFT,SELL,47.4,495.20863002,492.91541659,108.69831651,-95576.16966843
2025-03-03 08:48:50,MSFT,BUY,35.3,2162.03727859,2157.11119401,-173.89078557,-95750.06045399
2025-03-03 08:49:50,AAPL,SELL,17.7,1056.50491448,1057.4124823,-16.06395053,-95766.12440452
2025-03-03 08:50:50,MSFT,BUY,76.4,971.50890518,968.69188645,-215.22023029,-95981.34463481
2025-03-03 08:51:50,AAPL,BUY,15.9,2371.1413581,2368.22568359,-46.35922473,-96027.70385955
2025-03-03 08:52:50,AAPL,BUY,5.3,1042.62620542,1039.82631862,-14.83940001,-96042.54325956
2025-03-03 08:53:50,AAPL,SELL,49.8,757.29236729,754.95238233,116.53125137,-95926.01200819
2025-03-03 08:54:50,AMZN,BUY,74.2,365.2992746,366.31460058,75.33718746,-95850.67482073
2025-03-03 08:55:50,AAPL,BUY,49.2,1902.75608277,1900.19469148,-126.02045184,-95976.69527257
2025-03-03 08:56:50,NVDA,SELL,32.9,1920.29379354,1924.97632489,-154.05528134,-96130.75055392
2025-03-03 08:57:50,TSLA,SELL,59.7,685.82697398,685.08704741,44.17361653,-96086.57693739
2025-03-03 08:58:50,TSLA,SELL,74.1,938.76443754,939.4146117,-48.17790493,-96134.75484232
2025-03-03 08:59:50,TSLA,BUY,23.1,2339.11011656,2332.27584806,-157.87160229,-96292.62644461
2025-03-03 09:00:50,NFLX,BUY,38.8,2302.05934535,2306.9104376,188.22237915,-96104.40406546
2025-03-03 09:01:50,NFLX,BUY,40.0,1886.32892161,1880.53787715,-231.6417783,-96336.04584376
2025-03-03 09:02:50,NFLX,BUY,61.7,1121.03486622,1116.72736755,-265.77266773,-96601.81851149
2025-03-03 09:03:50,AMZN,SELL,56.6,1552.17156443,1548.34709267,216.4651016,-96385.35340989
2025-03-03 09:04:50,NFLX,BUY,66.3,206.54863593,204.5079848,-135.29516947,-96520.64857936
2025-03-03 09:05:50,MSFT,BUY,35.5,2475.74118938,2479.45889405,131.97851611,-96388.67006325
2025-03-03 09:06:50,MSFT,BUY,24.0,1990.87532701,2011.84060408,503.16664981,-95885.50341343
2025-03-03 09:07:50,TSLA,SELL,56.6,1932.71659731,1940.43227153,-436.70716073,-96322.21057416
2025-03-03 09:08:50,AAPL,BUY,38.9,453.4571404,449.90770777,-138.07292912,-96460.28350329
2025-03-03 09:09:50,AAPL,SELL,36.6,2214.87361493,2212.47147931,87.91816388,-96372.36533941
2025-03-03 09:10:50,TSLA,SELL,48.6,560.50411145,564.92567346,-214.88791403,-96587.25325344
2025-03-03 09:11:50,TSLA,SELL,34.9,1314.35998998,1310.88774083,121.18149514,-96466.0717583
2025-03-03 09:12:50,AMZN,SELL,12.4,274.62970298,273.29454277,16.55598656,-96449.51577174
2025-03-03 09:13:50,NFLX,BUY,27.9,1098.19967904,1098.0163358,-5.11527635,-96454.63104809
2025-03-03 09:14:50,AAPL,BUY,44.8,1918.85949297,1918.85495194,-0.20343843,-96454.83448652
2025-03-03 09:15:50,NFLX,BUY,24.5,1789.80560474,1786.4799602,-81.4782913,-96536.31277782
2025-03-03 09:16:50,TSLA,BUY,32.4,2095.17777108,2095.35378146,5.70273629,-96530.61004153
2025-03-03 09:17:50,AMZN,SELL,55.5,340.50723772,340.82317935,-17.53476016,-96548.14480169
2025-03-03 09:18:50,AMZN,SELL,52.1,562.7245664,561.19470537,79.70575983,-96468.43904186
2025-03-03 09:19:50,MSFT,SELL,39.8,2450.60769553,2453.54386625,-116.85959466,-96585.29863652
2025-03-03 09:20:50,TSLA,SELL,74.8,1290.01607465,1292.64877007,-196.92561751,-96782.22425403
2025-03-03 09:21:50,TSLA,SELL,63.9,2235.91808499,2234.15148346,112.88583803,-96669.338416
2025-03-03 09:22:50,AAPL,SELL,38.3,637.35335993,631.00917775,242.98217772,-96426.35623828
2025-03-03 09:23:50,TSLA,BUY,67.4,1262.11135782,1261.90936233,-13.61449625,-96439.97073453
2025-03-03 09:24:50,MSFT,BUY,69.6,142.49066818,142.58904259,6.84685941,-96433.12387512
2025-03-03 09:25:50,AMZN,BUY,51.6,518.2688284,518.566609,15.36547862,-96417.7583965
2025-03-03 09:26:50,NFLX,BUY,12.6,2466.30472508,2463.81128646,-31.41732653,-96449.17572303
2025-03-03 09:27:50,NFLX,SELL,28.0,1116.8635648,1114.01486917,79.76347749,-96369.41224554
2025-03-03 09:28:50,NVDA,SELL,30.2,1605.13214575,1605.63020928,-15.04151872,-96384.45376426
2025-03-03 09:29:50,AMZN,BUY,7.4,1713.00253745,1711.63543281,-10.11657438,-96394.57033864
2025-03-03 09:30:50,NVDA,SELL,69.3,609.68957273,607.02874796,184.39515649,-96210.17518215
2025-03-03 09:31:50,NVDA,BUY,21.2,240.6181305,239.56434022,-22.34035413,-96232.51553628
2025-03-03 09:32:50,AAPL,SELL,59.5,1563.68496397,1563.24766771,26.01912741,-96206.49640887
2025-03-03 09:33:50,NVDA,BUY,67.2,854.74392608,847.40533545,-493.15329047,-96699.64969934
2025-03-03 09:34:50,NVDA,BUY,48.3,1438.34174402,1441.89504154,171.62427017,-96528.02542917
2025-03-03 09:35:50,AAPL,BUY,35.2,497.28470247,494.60230095,-94.42053341,-96622.44596259
2025-03-03 09:36:50,MSFT,BUY,41.2,1926.66541236,1913.08011363,-559.71430767,-97182.16027025
2025-03-03 09:37:50,NVDA,BUY,27.0,2356.75876777,2361.77110086,135.33299327,-97046.82727698
2025-03-03 09:38:50,TSLA,BUY,46.0,1410.45902397,1408.44972372,-92.42781153,-97139.25508852
2025-03-03 09:39:50,NVDA,BUY,34.9,228.01639121,228.03730354,0.72984022,-97138.5252483
2025-03-03 09:40:50,MSFT,BUY,30.6,1722.9609641,1721.0912936,-57.21191717,-97195.73716547
2025-03-03 09:41:50,AMZN,BUY,68.0,1404.4825081,1396.35252871,-552.83859827,-97748.57576374
2025-03-03 09:42:50,NVDA,BUY,49.9,200.90751058,199.76463239,-57.02962199,-97805.60538573
2025-03-03 09:43:50,NVDA,BUY,33.6,2151.56812718,2151.99744668,14.42513514,-97791.18025059
2025-03-03 09:44:50,NVDA,SELL,15.6,1001.55696518,1010.84025255,-144.81928296,-97935.99953355
2025-03-03 09:45:50,TSLA,SELL,69.1,1802.37724666,1807.05827477,-323.45904248,-98259.45857603
2025-03-03 09:46:50,AMZN,SELL,67.9,365.39004896,365.12024865,18.31944141,-98241.13913462
2025-03-03 09:47:50,TSLA,BUY,56.7,1433.22154815,1443.78869734,599.15735907,-97641.98177555
2025-03-03 09:48:50,AMZN,BUY,43.0,2275.01016817,2272.86917958,-92.06250949,-97734.04428504
2025-03-03 09:49:50,TSLA,BUY,58.1,1525.85113186,1522.41870637,-199.42392101,-97933.46820605
2025-03-03 09:50:50,AMZN,SELL,36.8,1181.49622026,1184.01517621,-92.6975791,-98026.16578515
2025-03-03 09:51:50,AAPL,SELL,75.9,1322.10780459,1321.86525195,18.40974518,-98007.75603997
2025-03-03 09:52:50,TSLA,SELL,59.3,532.69631348,533.43486769,-43.79626478,-98051.55230475
2025-03-03 09:53:50,NFLX,BUY,55.9,2049.37489266,2052.78024016,190.35892544,-97861.19337931
2025-03-03 09:54:50,NFLX,BUY,66.6,2166.23315819,2194.57035982,1887.25762865,-95973.93575066
2025-03-03 09:55:50,TSLA,BUY,68.6,393.49293083,390.29027818,-219.70197191,-96193.63772256
2025-03-03 09:56:50,NFLX,BUY,37.4,2187.44456323,2179.58237517,-294.04583371,-96487.68355628
2025-03-03 09:57:50,MSFT,SELL,24.8,2040.07525642,2035.98518064,101.43387951,-96386.24967676
2025-03-03 09:58:50,TSLA,SELL,61.6,340.54781594,340.52635847,1.32178028,-96384.92789649
2025-03-03 09:59:50,NVDA,SELL,38.3,762.58032657,762.20839689,14.24490658,-96370.68298991
2025-03-03 10:00:50,NFLX,SELL,16.4,1975.57658382,1971.86287742,60.90478495,-96309.77820496
2025-03-03 10:01:50,TSLA,BUY,73.8,1653.1829467,1664.70975016,850.67809485,-95459.10011011
2025-03-03 10:02:50,TSLA,SELL,23.8,361.53191033,363.14194626,-38.31885503,-95497.41896514
2025-03-03 10:03:50,AAPL,BUY,58.6,2246.89324538,2251.82187968,288.81797021,-95208.60099493
2025-03-03 10:04:50,NVDA,BUY,8.3,1094.08133033,1102.9948528,73.98223649,-95134.61875845
2025-03-03 10:05:50,AAPL,SELL,55.9,1982.65970097,1995.81230223,-735.23041028,-95869.84916873
2025-03-03 10:06:50,TSLA,SELL,27.1,906.78319596,904.79585954,53.8568172,-95815.99235153
2025-03-03 10:07:50,AAPL,SELL,64.8,2194.71118019,2182.43818794,795.28989753,-95020.702454
2025-03-03 10:08:50,NVDA,SELL,54.2,616.17153152,616.9524782,-42.32731027,-95063.02976427
2025-03-03 10:09:50,AAPL,BUY,67.7,1024.09897082,1025.91453376,122.91361112,-94940.11615315
2025-03-03 10:10:50,AMZN,SELL,17.5,943.46001633,941.38373003,36.3350103,-94903.78114285
2025-03-03 10:11:50,NVDA,SELL,33.9,180.14369168,180.09036761,1.80768595,-94901.9734569
2025-03-03 10:12:50,TSLA,BUY,77.7,595.63159583,597.4207486,139.01716993,-94762.95628697
2025-03-03 10:13:50,MSFT,SELL,63.9,160.00987084,160.00553838,0.27684433,-94762.67944264
2025-03-03 10:14:50,NVDA,SELL,15.5,2302.7260965,2304.11539019,-21.53405215,-94784.21349479
2025-03-03 10:15:50,AMZN,BUY,25.6,1424.27028094,1421.04059156,-82.68004812,-94866.89354291
2025-03-03 10:16:50,NVDA,SELL,36.4,922.94101924,925.55375353,-95.10352836,-94961.99707127
2025-03-03 10:17:50,AAPL,SELL,73.3,2329.47216537,2329.1325411,24.89445914,-94937.10261213
2025-03-03 10:18:50,AMZN,SELL,33.6,867.15526621,869.82537785,-89.71575107,-95026.8183632
2025-03-03 10:19:50,NFLX,BUY,51.8,1572.90923645,1558.02578684,-770.96268959,-95797.78105279
2025-03-03 10:20:50,NFLX,BUY,66.6,2466.83274786,2458.50800364,-554.42796498,-96352.20901777
2025-03-03 10:21:50,TSLA,BUY,59.5,1143.95247493,1139.98085874,-236.31116318,-96588.52018095
2025-03-03 10:22:50,AAPL,SELL,35.2,945.83446133,943.14046185,94.8287814,-96493.69139955
2025-03-03 10:23:50,TSLA,SELL,66.1,139.68909895,140.71096436,-67.54530371,-96561.23670325
2025-03-03 10:24:50,AAPL,BUY,18.1,277.51164945,275.42231677,-37.81692153,-96599.05362478
2025-03-03 10:25:50,AMZN,BUY,50.7,2235.26494079,2221.0627851,-720.04929312,-97319.1029179
2025-03-03 10:26:50,AMZN,SELL,79.9,2160.05453238,2149.74501286,823.73060974,-96495.37230815
2025-03-03 10:27:50,MSFT,SELL,64.6,1611.13896216,1606.7829028,281.40143444,-96213.97087371
2025-03-03 10:28:50,AAPL,BUY,67.5,1478.24891262,1490.39050122,819.55723078,-95394.41364294
2025-03-03 10:29:50,AAPL,SELL,6.6,1751.47330303,1743.76513668,50.87389786,-95343.53974508
2025-03-03 10:30:50,AMZN,BUY,72.9,659.13330899,658.15733542,-71.14847275,-95414.68821783
2025-03-03 10:31:50,NVDA,BUY,21.5,188.54389339,188.69790953,3.311347,-95411.37687082
2025-03-03 10:32:50,NVDA,SELL,21.4,1381.84405621,1370.54244494,241.85448104,-95169.52238979
2025-03-03 10:33:50,NFLX,SELL,22.8,494.17856134,489.43032554,108.2597761,-95061.26261369
2025-03-03 10:34:50,NVDA,SELL,39.8,2374.24600386,2376.89868973,-105.57689752,-95166.83951121
2025-03-03 10:35:50,MSFT,BUY,59.7,241.11043971,241.47958025,22.03769046,-95144.80182075
2025-03-03 10:36:50,AMZN,BUY,47.8,771.02648926,765.7258334,-253.37134983,-95398.17317058
2025-03-03 10:37:50,TSLA,SELL,74.6,1953.16601154,1944.34729973,657.87590112,-94740.29726946
2025-03-03 10:38:50,AAPL,SELL,74.5,1214.23940869,1206.61891162,567.72703166,-94172.5702378
2025-03-03 10:39:50,NVDA,SELL,11.7,2263.32845635,2265.40841114,-24.33547104,-94196.90570884
2025-03-03 10:40:50,AMZN,BUY,30.9,355.88625473,353.99286905,-58.50561762,-94255.41132646
2025-03-03 10:41:50,TSLA,BUY,52.7,456.12490772,457.0323149,47.82035844,-94207.59096802
2025-03-03 10:42:50,NFLX,SELL,13.8,2155.04236846,2135.53172966,269.24681538,-93938.34415264
2025-03-03 10:43:50,NVDA,BUY,35.7,1754.95458652,1752.12764866,-100.92168169,-94039.26583433
2025-03-03 10:44:50,TSLA,BUY,57.2,282.30468872,280.6264901,-95.9929607,-94135.25879503
2025-03-03 10:45:50,AMZN,BUY,28.4,706.582405,711.03749243,126.52448303,-94008.734312
2025-03-03 10:46:50,NFLX,SELL,35.8,1466.63843943,1465.89146375,26.74172929,-93981.99258271
2025-03-03 10:47:50,AMZN,BUY,60.9,562.07179705,559.48698931,-157.41479144,-94139.40737415
2025-03-03 10:48:50,NVDA,BUY,40.6,836.25460325,836.27167822,0.69324384,-94138.71413031
2025-03-03 10:49:50,AAPL,BUY,58.1,1178.44316015,1190.19628101,682.85632199,-93455.85780832
2025-03-03 10:50:50,AMZN,SELL,26.9,1813.73039357,1829.456542,-423.03339278,-93878.8912011
2025-03-03 10:51:50,NVDA,BUY,37.8,873.59994832,870.73996162,-108.10749742,-93986.99869852
2025-03-03 10:52:50,NVDA,SELL,8.2,113.42597412,113.33442943,0.75066642,-93986.2480321
2025-03-03 10:53:50,AMZN,BUY,13.6,685.7522825,691.14325294,73.31719792,-93912.93083418
2025-03-03 10:54:50,NFLX,SELL,21.2,1868.20053019,1871.26244338,-64.91255969,-93977.84339387
2025-03-03 10:55:50,NFLX,SELL,43.1,1058.31821446,1057.56157911,32.61098386,-93945.23241
2025-03-03 10:56:50,AAPL,BUY,43.2,2283.32394858,2290.97530376,330.53854382,-93614.69386619
2025-03-03 10:57:50,NFLX,BUY,13.4,1766.25939145,1751.41971061,-198.85172326,-93813.54558945
2025-03-03 10:58:50,NFLX,SELL,52.6,1136.12052406,1135.23579423,46.53678901,-93767.00880044
2025-03-03 10:59:50,AMZN,BUY,15.2,845.25921978,842.89333021,-35.96152141,-93802.97032186
2025-03-03 11:00:50,NVDA,BUY,64.7,2961.71012312,2954.15753362,-488.6525407,-94291.62286256
2025-03-03 11:01:50,NFLX,SELL,111.4,469.52027174,470.97871293,-162.4703486,-94454.09321116
2025-03-03 11:02:50,MSFT,BUY,114.5,958.63805849,963.65576156,574.52700087,-93879.56621028
2025-03-03 11:03:50,TSLA,SELL,147.0,2173.08232518,2184.27545253,-1645.38972069,-95524.95593097
2025-03-03 11:04:50,MSFT,BUY,117.9,2623.3058292,2630.81953125,885.86547177,-94639.0904592
2025-03-03 11:05:50,TSLA,BUY,130.1,1346.58347042,1355.18898308,1119.57719648,-93519.51326272
2025-03-03 11:06:50,TSLA,SELL,169.2,865.13735675,864.54063969,100.96452625,-93418.54873648
2025-03-03 11:07:10,TSLA,BUY,148.8,550.77941262,548.73556085,-304.12514216,-93722.67387863
2025-03-03 11:07:20,NVDA,BUY,298.3,1369.7783371,1357.74416175,-3589.79450655,-97312.46838518
2025-03-03 11:07:50,NVDA,BUY,78.7,3482.36429963,3469.8581993,-984.23009631,-98296.69848149
2025-03-03 11:08:50,AMZN,SELL,178.9,917.81929415,914.83740678,533.45965046,-97763.23883103
2025-03-03 11:09:50,NVDA,SELL,105.4,2036.99574892,2024.00072448,1369.67557555,-96393.56325548
2025-03-03 11:10:20,TSLA,SELL,214.2,3235.2465068,3263.0574568,-5957.10549049,-102350.66874597
2025-03-03 11:11:20,TSLA,BUY,247.5,1583.59406063,1576.31603076,-1801.31239453,-104151.9811405
2025-03-03 11:12:20,NVDA,SELL,284.0,1255.02944904,1263.78154837,-2485.59620856,-106637.57734906
2025-03-03 11:12:50,MSFT,BUY,60.5,660.11953044,667.46775907,444.56783261,-106193.00951645
2025-03-03 11:13:00,AAPL,BUY,279.9,2723.67156146,2719.04689113,-1294.44522433,-107487.45474078
2025-03-03 11:13:10,AMZN,BUY,75.0,1912.88225885,1934.25696096,1603.10265793,-105884.35208284
2025-03-03 11:14:10,MSFT,BUY,93.2,417.31560892,418.80114671,138.45212183,-105745.89996101
2025-03-03 11:15:10,MSFT,BUY,198.4,141.78824793,142.16355238,74.46040288,-105671.43955813
2025-03-03 11:15:40,AMZN,BUY,65.8,3438.93629781,3459.5634952,1357.26958818,-104314.16996995
2025-03-03 11:16:00,AMZN,SELL,253.5,3170.20368952,3185.65497903,-3916.90189226,-108231.0718622
2025-03-03 11:16:10,AMZN,BUY,239.4,3094.54516205,3086.32939563,-1966.85448114,-110197.92634334
2025-03-03 11:16:40,AMZN,SELL,80.0,2015.79961096,1980.9455667,2788.32354124,-107409.6028021
2025-03-03 11:17:40,NVDA,BUY,239.5,2793.53791273,2804.32172243,2582.72242325,-104826.88037886
2025-03-03 11:18:10,NFLX,SELL,53.7,3196.08252507,3185.98170634,542.41396561,-104284.46641324
2025-03-03 11:18:40,AMZN,BUY,55.2,376.34895646,377.27943209,51.36225483,-104233.10415842
2025-03-03 11:18:50,AMZN,BUY,207.4,2237.73376782,2237.21152194,-108.3137941,-104341.41795252
2025-03-03 11:19:00,TSLA,SELL,206.1,1228.48136865,1229.85058122,-282.19470967,-104623.61266219
2025-03-03 11:19:30,TSLA,SELL,284.2,2907.06948653,2899.55585746,2135.37338084,-102488.23928134
2025-03-03 11:19:50,AMZN,BUY,264.1,2258.70840006,2282.84171372,6373.60813613,-96114.63114522
2025-03-03 11:20:50,AAPL,SELL,104.2,1768.07294026,1759.72883267,869.45601121,-95245.17513401
2025-03-03 11:21:10,NFLX,SELL,124.5,929.05293897,931.51336029,-306.32245491,-95551.49758892
2025-03-03 11:21:30,NVDA,BUY,149.5,2005.29152446,1998.87827312,-958.78107632,-96510.27866524
2025-03-03 11:22:30,AAPL,BUY,174.8,521.3932605,522.04873852,114.57755795,-96395.70110729
2025-03-03 11:22:40,MSFT,SELL,124.0,1245.68027868,1238.47358538,893.62996911,-95502.07113817
2025-03-03 11:23:10,MSFT,BUY,293.7,321.15625631,322.09815942,276.63694593,-95225.43419224
2025-03-03 11:23:40,AAPL,BUY,154.4,2415.98667149,2435.83933719,3065.25158388,-92160.18260836
2025-03-03 11:23:50,AAPL,BUY,169.5,2751.87148812,2769.6675009,3016.42416538,-89143.75844298
2025-03-03 11:24:00,NFLX,BUY,52.8,1561.60137762,1563.72483743,112.11867762,-89031.63976536
2025-03-03 11:25:00,NFLX,BUY,279.9,790.72338645,795.16296958,1242.6393182,-87789.00044716
2025-03-03 11:26:00,NFLX,SELL,297.3,3210.76846602,3227.12818103,-4863.74327143,-92652.74371859
2025-03-03 11:26:20,NFLX,BUY,107.7,2898.29624991,2887.2798194,-1186.46956507,-93839.21328366
2025-03-03 11:26:50,MSFT,BUY,294.9,434.6876666,437.17490278,733.48594762,-93105.72733603
2025-03-03 11:27:50,NVDA,BUY,55.3,114.03232589,113.67348794,-19.8437386,-93125.57107463
2025-03-03 11:28:20,TSLA,BUY,109.7,1683.96244957,1692.36240182,921.47476209,-92204.09631254
2025-03-03 11:28:30,AMZN,BUY,90.7,363.45171133,368.70116607,476.12554492,-91727.97076762
2025-03-03 11:28:40,NVDA,SELL,96.4,1419.3675182,1414.94586406,426.24745848,-91301.72330914
2025-03-03 11:29:00,AAPL,SELL,171.1,417.66834726,422.19856307,-775.11992384,-92076.84323299
2025-03-03 11:29:30,TSLA,SELL,82.2,408.84981561,410.67719532,-150.21061193,-92227.05384492
2025-03-03 11:29:40,AAPL,SELL,256.6,3243.68260993,3233.18245849,2694.33886107,-89532.71498385
2025-03-03 11:29:50,NFLX,BUY,118.1,1235.86253922,1253.00683916,2024.74182329,-87507.97316056
2025-03-03 11:30:10,AMZN,SELL,82.9,3477.46747974,3488.15608033,-886.08498888,-88394.05814943
2025-03-03 11:30:40,AMZN,BUY,223.6,267.59279668,268.21821209,139.84288471,-88254.21526472
2025-03-03 11:31:00,AAPL,BUY,288.5,2406.77606686,2412.17178821,1556.66560757,-86697.54965715
2025-03-03 11:31:10,NVDA,SELL,278.5,1837.41619605,1823.04115081,4003.45009976,-82694.09955739
2025-03-03 11:32:10,MSFT,BUY,163.3,1963.60822094,1953.98775195,-1571.02258543,-84265.12214282
2025-03-03 11:32:30,NFLX,SELL,75.0,3084.37836346,3105.66685623,-1596.63695783,-85861.75910065
2025-03-03 11:32:40,MSFT,BUY,130.2,422.95459292,420.1459359,-365.68714492,-86227.44624557
2025-03-03 11:33:00,NVDA,BUY,205.6,1416.32833978,1417.62542527,266.68077689,-85960.76546868
2025-03-03 11:33:20,NVDA,BUY,279.3,1621.64360059,1620.23565273,-393.23983478,-86354.00530346
2025-03-03 11:33:40,NFLX,BUY,118.8,1690.75770636,1677.60818026,-1562.16370004,-87916.1690035
2025-03-03 11:34:10,AMZN,BUY,197.3,1431.87439635,1432.78597967,179.85538933,-87736.31361417
2025-03-03 11:34:20,NFLX,SELL,93.8,1037.33204947,1034.16502414,297.06697603,-87439.24663814
2025-03-03 11:35:20,AMZN,SELL,129.2,3291.2021178,3310.68934303,-2517.7494991,-89956.99613724
2025-03-03 11:36:20,TSLA,SELL,70.0,2324.64149322,2339.10629838,-1012.53636179,-90969.53249903
2025-03-03 11:36:40,NFLX,SELL,282.0,1897.53190251,1886.41540845,3134.85132565,-87834.68117338
2025-03-03 11:37:40,MSFT,SELL,267.5,1557.75478836,1562.50587386,-1270.91537042,-89105.5965438
2025-03-03 11:38:00,TSLA,SELL,132.3,3363.43689676,3362.34428477,144.55256534,-88961.04397846
2025-03-03 11:39:00,AMZN,SELL,261.9,3112.14047942,3125.50544145,-3500.28355752,-92461.32753598
2025-03-03 11:39:30,NVDA,BUY,259.2,347.11987301,343.6498825,-899.42153975,-93360.74907573
2025-03-03 11:40:30,TSLA,SELL,67.7,693.45600391,701.40929858,-538.43804899,-93899.18712472
2025-03-03 11:41:00,NFLX,BUY,293.6,3006.7176591,2961.98580547,-13133.27222636,-107032.45935108
2025-03-03 11:42:00,AAPL,SELL,65.1,1594.27454274,1599.53381173,-342.37841141,-107374.83776249
2025-03-03 11:43:00,MSFT,SELL,127.3,1622.83057247,1643.2934602,-2604.92560727,-109979.76336975
2025-03-03 11:44:00,AAPL,BUY,134.7,1808.15499467,1812.08496291,529.36672224,-109450.39664751
2025-03-03 11:44:30,TSLA,SELL,185.9,3081.28243212,3120.49595991,-7289.79481571,-116740.19146323
2025-03-03 11:44:50,TSLA,SELL,262.8,910.09220536,899.83393181,2695.87428802,-114044.31717521
2025-03-03 11:45:20,NVDA,BUY,139.4,2219.92655385,2224.81043309,680.81276532,-113363.50440989
2025-03-03 11:45:30,NFLX,BUY,163.3,2970.97908179,2959.56542548,-1863.85007519,-115227.35448509
2025-03-03 11:46:00,AMZN,SELL,295.8,1446.48277743,1449.59388169,-920.26463946,-116147.61912454
2025-03-03 11:46:20,AAPL,SELL,90.0,2848.76498422,2827.65761242,1899.66346178,-114247.95566277
2025-03-03 11:46:50,TSLA,BUY,239.2,2311.24290568,2288.88051509,-5349.08382949,-119597.03949226
2025-03-03 11:47:00,NVDA,BUY,177.5,2648.39046995,2642.71728876,-1006.98966012,-120604.02915238
2025-03-03 11:48:00,AMZN,SELL,191.1,521.193922,526.70900104,-1053.93160282,-121657.9607552
2025-03-03 11:48:30,TSLA,BUY,248.2,3337.82470764,3387.17218135,12248.04297296,-109409.91778224
2025-03-03 11:49:30,AAPL,SELL,157.1,3263.91089192,3289.77962731,-4063.97832889,-113473.89611113
2025-03-03 11:50:30,AAPL,SELL,294.3,1226.74007241,1222.77815897,1165.99112507,-112307.90498606
2025-03-03 11:50:50,NVDA,SELL,153.8,1676.85403103,1687.97692624,-1710.70128393,-114018.60626999
2025-03-03 11:51:10,AAPL,SELL,289.5,606.92530748,611.68000765,-1376.48569956,-115395.09196956
2025-03-03 11:51:20,MSFT,BUY,187.0,743.81117411,742.32560148,-277.8020822,-115672.89405176
2025-03-03 11:52:20,TSLA,SELL,241.1,181.46870942,184.15134973,-646.78457903,-116319.67863079
2025-03-03 11:52:30,MSFT,BUY,102.8,275.85100069,278.47827103,270.08339183,-116049.59523896
2025-03-03 11:53:00,AAPL,BUY,122.2,352.724966,355.63030331,355.03221892,-115694.56302005
2025-03-03 11:54:00,AMZN,SELL,187.3,2181.30939349,2215.90444481,-6479.65311263,-122174.21613268
2025-03-03 11:54:30,NVDA,SELL,111.1,1028.2979053,1018.51722001,1086.63413569,-121087.58199699
2025-03-03 11:54:40,NVDA,SELL,268.3,702.51189139,704.99462827,-666.11830388,-121753.70030088
2025-03-03 11:54:50,NVDA,SELL,214.8,2625.2849368,2593.24254846,6882.70501412,-114870.99528675
2025-03-03 11:55:50,NFLX,BUY,249.3,3430.13259458,3413.7510489,-4083.91933994,-118954.9146267
2025-03-03 11:56:20,MSFT,BUY,261.9,1126.04935866,1118.85880314,-1883.20649145,-120838.12111815
2025-03-03 11:56:30,AAPL,BUY,96.5,1550.27970442,1562.91184764,1219.00182056,-119619.11929759
2025-03-03 11:56:50,NVDA,SELL,230.7,477.57831089,480.57045613,-690.28790751,-120309.4072051
2025-03-03 11:57:10,AAPL,BUY,69.2,3485.06961915,3469.20901224,-1097.55399792,-121406.96120302
2025-03-03 11:57:40,MSFT,BUY,250.5,1708.31942528,1717.4933758,2298.07460356,-119108.88659946
2025-03-03 11:57:50,AAPL,BUY,163.5,1286.58278003,1294.2613526,1255.44661539,-117853.43998407
2025-03-03 11:58:00,NVDA,BUY,293.5,2122.89241496,2132.33208582,2770.54339853,-115082.89658555
2025-03-03 11:58:30,NFLX,SELL,297.3,1015.81352181,1013.97264446,547.29283797,-114535.60374758
2025-03-03 11:59:00,TSLA,BUY,165.9,2378.89653521,2350.87591141,-4648.62148913,-119184.22523671
2025-03-03 12:00:00,TSLA,SELL,78.4,1032.19111554,1038.25173284,-475.15239664,-119659.37763335
2025-03-03 12:00:20,MSFT,SELL,136.9,487.7710122,490.00002509,-305.1518646,-119964.52949795
2025-03-03 12:01:20,AAPL,BUY,263.1,448.78750513,453.78033288,1313.61298352,-118650.91651443
2025-03-03 12:02:20,AMZN,SELL,290.2,2144.64993177,2127.72537537,4911.50626516,-113739.41024927
2025-03-03 12:02:50,NFLX,SELL,212.1,1710.86343185,1717.93717143,-1500.34016568,-115239.75041495
2025-03-03 12:03:10,NVDA,SELL,53.7,196.09998357,195.51014058,31.67456855,-115208.0758464
2025-03-03 12:03:20,MSFT,BUY,171.9,1560.46701997,1553.4625313,-1204.07160294,-116412.14744934
2025-03-03 12:03:40,AAPL,BUY,218.3,569.29387039,561.960167,-1600.94744914,-118013.09489848
2025-03-03 12:04:40,TSLA,BUY,69.4,146.44360368,147.32600248,61.23847699,-117951.85642149
2025-03-03 12:05:00,AMZN,BUY,88.5,1431.76223674,1448.55901144,1486.51456134,-116465.34186015
2025-03-03 12:06:00,NVDA,BUY,107.8,1960.60725479,1938.50390505,-2382.74110169,-118848.08296184
2025-03-03 12:06:30,NVDA,SELL,203.5,1268.99647028,1273.13532498,-842.25693066,-119690.3398925
2025-03-03 12:06:50,MSFT,BUY,140.6,1981.56009123,1990.77037524,1294.96593199,-118395.37396051
2025-03-03 12:07:10,NVDA,SELL,269.9,1341.17434364,1354.61126213,-3626.62429878,-122021.99825928
2025-03-03 12:08:10,MSFT,BUY,201.4,229.19264684,231.27638492,419.66485108,-121602.3334082
2025-03-03 12:09:10,AAPL,SELL,76.4,1748.24540431,1756.21403161,-608.80312599,-122211.13653419
2025-03-03 12:10:10,NFLX,SELL,153.4,1969.96061394,1964.85168876,783.70912347,-121427.42741072
2025-03-03 12:10:20,AMZN,BUY,228.5,347.11932986,349.49961982,543.89625652,-120883.53115419
2025-03-03 12:10:30,AAPL,SELL,158.4,1834.89299715,1857.27338662,-3545.05369221,-124428.5848464
2025-03-03 12:10:50,AAPL,SELL,108.3,2117.12171616,2119.28841583,-234.65357382,-124663.23842022
2025-03-03 12:11:50,NVDA,BUY,162.4,1158.0543108,1163.94395756,956.47863309,-123706.75978712
2025-03-03 12:12:00,AMZN,BUY,90.4,2839.32828218,2862.39253943,2085.00885545,-121621.75093167
2025-03-03 12:12:20,MSFT,SELL,248.1,1172.66330204,1161.66999354,2727.43983835,-118894.31109332
2025-03-03 12:12:50,AMZN,SELL,240.7,543.5418564,544.33399529,-190.66783068,-119084.97892399
2025-03-03 12:13:20,AAPL,SELL,108.1,1296.2114501,1305.45994611,-999.76241934,-120084.74134333
2025-03-03 12:14:20,NVDA,BUY,177.3,2197.41166309,2182.23739796,-2690.39720716,-122775.13855049
2025-03-03 12:15:20,MSFT,SELL,220.6,1769.87929506,1798.76562085,-6372.32346965,-129147.46202014
2025-03-03 12:16:20,AMZN,BUY,132.1,445.3534504,445.11045654,-32.0994886,-129179.56150874
2025-03-03 12:16:30,TSLA,BUY,171.4,2768.23269195,2737.07967818,-5339.62656069,-134519.18806944
2025-03-03 12:16:50,AAPL,BUY,70.6,1240.62047591,1223.73671827,-1191.99328926,-135711.18135869
2025-03-03 12:17:20,AAPL,BUY,294.3,2190.77620492,2197.33209549,1929.39859613,-133781.78276256
2025-03-03 12:17:50,MSFT,SELL,103.0,478.46869302,480.38984141,-197.87828424,-133979.6610468
2025-03-03 12:18:50,AAPL,BUY,274.6,2724.15323932,2723.52523261,-172.45064215,-134152.11168896
2025-03-03 12:19:20,TSLA,BUY,298.0,1234.63048482,1245.72662543,3306.64990148,-130845.46178747
2025-03-03 12:19:40,NFLX,SELL,183.8,2738.87397255,2753.70758465,-2726.41790451,-133571.87969199
2025-03-03 12:20:10,AAPL,BUY,199.0,2811.46252422,2825.11369541,2716.58306534,-130855.29662665
2025-03-03 12:20:30,NFLX,SELL,255.9,1913.92919286,1885.72677129,7216.99967933,-123638.29694732
2025-03-03 12:21:00,NFLX,BUY,152.8,3437.8725391,3428.38447399,-1449.77634904,-125088.07329636
2025-03-03 12:21:20,NFLX,BUY,142.9,2741.22665612,2746.20535663,711.45630294,-124376.61699342
2025-03-03 12:21:40,NVDA,SELL,140.8,233.92655382,232.19563616,243.71320778,-124132.90378564
2025-03-03 12:22:00,AAPL,SELL,69.4,3241.71727426,3248.68763521,-483.74304984,-124616.64683548
2025-03-03 12:23:00,AAPL,BUY,226.8,3262.02284743,3235.21549442,-6079.90766423,-130696.55449971
2025-03-03 12:23:30,AAPL,BUY,200.4,2618.75184009,2585.20707041,-6722.37184499,-137418.92634471
2025-03-03 12:23:40,NVDA,SELL,147.3,2383.58593295,2388.99974419,-797.45439661,-138216.38074132
2025-03-03 12:23:50,TSLA,SELL,154.5,827.3377597,827.29101244,7.22245182,-138209.15828949
2025-03-03 12:24:00,AAPL,SELL,241.3,1092.19883775,1085.38520619,1644.12929526,-136565.02899423
2025-03-03 12:24:20,MSFT,BUY,52.9,376.72707655,379.71656054,158.14370313,-136406.88529111
2025-03-03 12:24:40,AAPL,BUY,152.6,1553.33181302,1553.10646505,-34.38810156,-136441.27339267
2025-03-03 12:25:10,NFLX,SELL,272.8,971.82245656,974.10261971,-622.02850847,-137063.30190114
2025-03-03 12:26:10,NFLX,SELL,199.8,1769.63102882,1766.36377814,652.79668712,-136410.50521401
2025-03-03 12:26:40,AMZN,SELL,197.4,3310.36049321,3289.25398775,4166.42417711,-132244.0810369
2025-03-03 12:27:10,AAPL,SELL,206.4,1271.30630748,1268.80442408,516.38873419,-131727.69230271
2025-03-03 12:27:40,NVDA,SELL,289.7,1817.3968428,1823.89154466,-1881.51512757,-133609.20743027
2025-03-03 12:27:50,NFLX,BUY,229.9,686.14688721,694.69850292,1966.01645028,-131643.19097999
2025-03-03 12:28:10,AMZN,BUY,128.5,1294.14674427,1304.42359569,1320.57540773,-130322.61557227
2025-03-03 12:28:30,AMZN,BUY,103.9,2426.31288,2401.37566778,-2590.97634921,-132913.59192148
2025-03-03 12:28:50,NFLX,SELL,292.5,128.23645982,127.89686471,99.33156962,-132814.26035186
2025-03-03 12:29:20,NFLX,BUY,292.3,1567.79012743,1571.03717776,949.11281146,-131865.1475404
2025-03-03 12:29:40,AMZN,BUY,247.5,783.31171149,776.63286552,-1653.01437696,-133518.16191736
2025-03-03 12:30:10,NFLX,SELL,78.2,2764.59016179,2766.86991408,-178.27662963,-133696.43854699
2025-03-03 12:30:30,NFLX,SELL,289.1,3100.14821821,3100.74295111,-171.93728307,-133868.37583006
2025-03-03 12:31:00,MSFT,SELL,76.4,1264.83582214,1264.85791721,-1.68806345,-133870.06389351
2025-03-03 12:31:30,TSLA,BUY,87.5,2796.98090613,2766.212209,-2692.26099903,-136562.32489254
2025-03-03 12:32:00,MSFT,BUY,130.9,2343.08720969,2366.88572646,3115.22584581,-133447.09904673
2025-03-03 12:33:00,AMZN,SELL,253.0,1687.79802641,1670.98552494,4253.56287381,-129193.53617292
2025-03-03 12:33:30,AAPL,SELL,247.5,630.12293285,634.77598656,-1151.6307931,-130345.16696602
2025-03-03 12:33:50,NFLX,BUY,131.8,959.11073431,962.22664737,410.67734143,-129934.4896246
2025-03-03 12:34:20,MSFT,BUY,102.9,1926.21054417,1935.03214793,907.74302659,-129026.74659801
2025-03-03 12:34:50,NVDA,BUY,166.0,593.99182068,597.08516699,513.49548744,-128513.25111057
2025-03-03 12:35:20,AMZN,BUY,134.3,2734.41440663,2723.81300399,-1423.76837337,-129937.01948394
2025-03-03 12:35:40,MSFT,BUY,88.2,2169.5417858,2172.03099014,219.54782285,-129717.47166109
2025-03-03 12:35:50,NVDA,BUY,138.9,2923.98330539,2942.07826394,2513.38974255,-127204.08191854
2025-03-03 12:36:50,NFLX,BUY,149.2,270.48967844,269.41701171,-160.04187713,-127364.12379567
2025-03-03 12:37:00,TSLA,SELL,121.2,1358.01203796,1360.16549009,-260.99839905,-127625.12219472
2025-03-03 12:37:30,MSFT,BUY,228.7,317.33875825,318.16449781,188.84663788,-127436.27555684
2025-03-03 12:37:40,NVDA,BUY,275.2,1892.81705264,1903.46609934,2930.61765327,-124505.65790357
2025-03-03 12:38:00,MSFT,BUY,172.4,1802.56793412,1776.98913271,-4409.78536226,-128915.44326583
2025-03-03 12:38:30,AAPL,SELL,101.4,1650.75835836,1646.76884463,404.53669161,-128510.90657422
2025-03-03 12:39:00,NFLX,SELL,115.2,3358.95533501,3401.61139679,-4913.97831685,-133424.88489106
2025-03-03 12:40:00,AAPL,SELL,285.2,2421.32905473,2437.54210274,-4623.96129251,-138048.84618357
2025-03-03 12:40:30,NVDA,BUY,140.0,2913.43526317,2922.02401408,1202.42512757,-136846.42105601
2025-03-03 12:41:30,NVDA,BUY,89.1,2140.42139579,2113.9217838,-2361.11542838,-139207.53648439
2025-03-03 12:41:50,TSLA,SELL,182.0,2628.70517084,2632.99403702,-780.57364521,-139988.1101296
2025-03-03 12:42:10,NVDA,BUY,117.2,1498.17303295,1508.03319796,1155.6113391,-138832.4987905
2025-03-03 12:42:40,NFLX,SELL,293.0,827.46988486,829.68960431,-650.37779952,-139482.87659002
2025-03-03 12:43:00,AMZN,BUY,75.3,585.46849047,586.31299388,63.59110677,-139419.28548326
2025-03-03 12:43:20,AMZN,SELL,141.7,2755.31296244,2734.23733767,2986.41602987,-136432.86945339
2025-03-03 12:43:50,NVDA,SELL,158.6,3424.84635847,3421.69033985,500.54455421,-135932.32489918
2025-03-03 12:44:50,AMZN,SELL,258.1,2408.72636244,2385.92852828,5884.12099587,-130048.20390331
2025-03-03 12:45:00,MSFT,BUY,198.4,1659.81218585,1670.73471832,2167.03044143,-127881.17346188
2025-03-03 12:46:00,TSLA,SELL,62.3,3452.30460943,3416.0818152,2256.68008087,-125624.49338101
2025-03-03 12:46:20,MSFT,SELL,190.6,3114.2042804,3062.57986401,9839.61376296,-115784.87961805
2025-03-03 12:46:40,MSFT,SELL,111.1,717.09193612,715.91629272,130.61398151,-115654.26563654
2025-03-03 12:46:50,AMZN,BUY,203.6,2931.68674141,2928.56088987,-636.4233733,-116290.68900984
2025-03-03 12:47:50,AAPL,SELL,51.5,511.87115109,512.71261168,-43.33522057,-116334.02423041
2025-03-03 12:48:50,AAPL,BUY,299.6,1826.73092789,1810.8114408,-4769.47833489,-121103.5025653
2025-03-03 12:49:00,NFLX,BUY,245.4,3081.31918229,3108.6429552,6705.25387219,-114398.24869312
2025-03-03 12:49:30,AAPL,SELL,254.2,152.41156466,151.4281935,249.9729478,-114148.27574531
2025-03-03 12:50:30,NVDA,BUY,167.1,869.52485511,866.33042671,-533.78898567,-114682.06473099
2025-03-03 12:50:40,MSFT,BUY,122.2,1544.55095203,1551.00743161,788.98180446,-113893.08292653
2025-03-03 12:51:00,TSLA,SELL,244.4,3466.3732647,3448.26112081,4426.60796745,-109466.47495908
2025-03-03 12:51:20,NFLX,BUY,111.2,1106.18569008,1102.1561439,-448.08553527,-109914.56049435
2025-03-03 12:51:50,NVDA,BUY,201.4,1974.52386895,1968.93424521,-1125.75022257,-111040.31071692
2025-03-03 12:52:50,NFLX,BUY,220.1,2498.70904625,2478.74294432,-4394.53903576,-115434.84975268
2025-03-03 12:53:00,AAPL,BUY,137.4,2417.1494205,2393.51231714,-3247.73800249,-118682.58775517
2025-03-03 12:53:10,AAPL,BUY,143.6,822.91884471,820.08144554,-407.45051956,-119090.03827473
2025-03-03 12:53:30,AMZN,BUY,263.3,2922.47226774,2916.89372335,-1468.83073918,-120558.86901391
2025-03-03 12:54:30,AAPL,BUY,66.2,847.15102057,841.53826849,-371.56418764,-120930.43320155
2025-03-03 12:55:00,AMZN,BUY,66.0,1437.68066409,1445.56670359,520.47860712,-120409.95459443
2025-03-03 12:55:20,MSFT,SELL,248.2,869.31658818,865.35701508,982.76604248,-119427.18855195
2025-03-03 12:56:20,NFLX,BUY,83.6,1242.10707336,1247.98639392,491.51119856,-118935.6773534
2025-03-03 12:57:20,NFLX,BUY,298.0,352.18694297,353.75274408,466.60873081,-118469.06862259
2025-03-03 12:57:40,NFLX,BUY,260.0,2702.69490138,2747.10758273,11547.29715032,-106921.77147226
2025-03-03 12:58:00,NFLX,BUY,54.1,2842.83021135,2854.90204158,653.08601525,-106268.68545702
2025-03-03 12:59:00,NVDA,SELL,295.6,1377.58178253,1365.75452357,3496.13775035,-102772.54770667
2025-03-03 12:59:10,MSFT,SELL,289.1,2362.37629497,2369.55224311,-2074.56660644,-104847.1143131
2025-03-03 12:59:40,NVDA,SELL,297.4,1192.59783977,1189.62619894,883.76598296,-103963.34833014
2025-03-03 13:00:40,AAPL,SELL,179.1,636.14148505,634.51343472,291.58381362,-103671.76451652
2025-03-03 13:01:40,AMZN,BUY,296.6,1691.48580464,1710.30640626,5582.19044251,-98089.57407401
2025-03-03 13:01:50,AMZN,BUY,201.0,1546.04771102,1532.32554125,-2758.15612494,-100847.73019895
2025-03-03 13:02:50,MSFT,SELL,197.9,154.97643585,157.09987513,-420.22863375,-101267.9588327
2025-03-03 13:03:00,NFLX,SELL,50.3,143.03661685,141.66437581,69.02372414,-101198.93510856
2025-03-03 13:03:10,NVDA,BUY,213.3,752.41766904,755.11250569,574.80865736,-100624.1264512
2025-03-03 13:04:10,NFLX,SELL,128.4,282.57043899,283.14909159,-74.29899347,-100698.42544466
2025-03-03 13:04:40,TSLA,SELL,230.3,2350.00152607,2328.95960785,4845.95376565,-95852.47167901
2025-03-03 13:05:00,NFLX,SELL,72.3,967.78613752,966.7299178,76.36468627,-95776.10699274
2025-03-03 13:05:10,NFLX,BUY,104.4,3315.87099081,3295.22482479,-2155.45973275,-97931.56672549
2025-03-03 13:05:40,NFLX,SELL,75.2,972.92144456,985.47499836,-944.02724583,-98875.59397132
2025-03-03 13:06:40,TSLA,SELL,265.3,2285.96610775,2303.27760671,-4592.74067369,-103468.33464501
2025-03-03 13:07:10,AMZN,BUY,83.6,1753.84783909,1767.46455179,1138.3571819,-102329.97746311
2025-03-03 13:08:10,AMZN,BUY,182.8,2184.61471072,2162.62412337,-4019.87936838,-106349.8568315
2025-03-03 13:08:40,NFLX,SELL,209.3,2422.07902354,2426.3096932,-885.4791598,-107235.33599129
2025-03-03 13:09:10,MSFT,SELL,112.2,2747.24461958,2768.51778629,-2386.84930451,-109622.18529581
2025-03-03 13:09:20,AAPL,BUY,275.5,2405.8207876,2431.14941166,6978.03592743,-102644.14936838
2025-03-03 13:09:40,NFLX,BUY,64.9,2564.28362406,2553.23084697,-717.32523332,-103361.4746017
2025-03-03 13:10:40,NFLX,SELL,82.5,2077.12825272,2048.56474132,2356.48969063,-101004.98491107
2025-03-03 13:11:10,TSLA,BUY,185.4,218.67992085,220.51150433,339.57557677,-100665.4093343
2025-03-03 13:11:20,TSLA,SELL,75.3,1418.67333893,1426.48466455,-588.19281884,-101253.60215314
2025-03-03 13:12:20,AAPL,BUY,115.9,836.0679287,839.73150465,424.6084523,-100828.99370084
2025-03-03 13:12:50,AAPL,BUY,241.3,808.99363702,809.38137003,93.55997488,-100735.43372596
2025-03-03 13:13:50,NVDA,BUY,209.7,3096.98700059,3100.05313274,642.96791255,-100092.46581341
2025-03-03 13:14:10,AAPL,SELL,156.4,1418.0436619,1411.60634174,1006.79687377,-99085.66893964
2025-03-03 13:15:10,NFLX,BUY,189.4,1977.53123139,2006.03186091,5398.01923219,-93687.64970745
2025-03-03 13:15:30,AMZN,SELL,169.0,1043.07776533,1023.52598941,3304.2501308,-90383.39957665
2025-03-03 13:16:00,TSLA,BUY,162.8,2890.29630356,2876.09828574,-2311.43730248,-92694.83687913
2025-03-03 13:17:00,MSFT,BUY,273.9,2152.39138332,2137.06902958,-4196.79268933,-96891.62956846
2025-03-03 13:17:10,AAPL,BUY,212.3,3191.82511086,3167.2919883,-5208.38191951,-102100.01148797
2025-03-03 13:17:30,TSLA,BUY,83.8,377.79346265,378.97786408,99.25284001,-102000.75864796
2025-03-03 13:18:00,AMZN,BUY,264.9,2600.40768672,2578.88467483,-5701.44585088,-107702.20449884
2025-03-03 13:18:30,NFLX,SELL,100.4,3298.16427274,3269.91440323,2836.28689893,-104865.9175999
2025-03-03 13:18:50,TSLA,SELL,278.7,1319.78932938,1311.50822181,2307.94468238,-102557.97291752
2025-03-03 13:19:20,MSFT,BUY,234.5,2055.38272759,2047.38102088,-1876.4002238,-104434.37314132
2025-03-03 13:19:30,AMZN,SELL,184.5,318.26465239,318.23866774,4.79416883,-104429.5789725
2025-03-03 13:19:40,AAPL,BUY,103.8,2543.88271839,2561.08492745,1785.58930056,-102643.98967193
2025-03-03 13:20:10,AAPL,SELL,236.6,1500.45142643,1507.69898457,-1714.77225543,-104358.76192736
2025-03-03 13:20:30,MSFT,SELL,219.6,1473.70183112,1461.76265856,2621.84229257,-101736.91963479
2025-03-03 13:20:40,NVDA,SELL,101.0,663.10820199,653.77185664,942.9708813,-100793.94875349
2025-03-03 13:21:40,NVDA,BUY,279.3,2457.54300883,2434.08874189,-6550.77675673,-107344.72551022
2025-03-03 13:22:00,NVDA,BUY,163.8,1069.3382979,1065.97864024,-550.3119245,-107895.03743472
2025-03-03 13:22:20,MSFT,SELL,108.4,1088.21111984,1100.69181335,-1352.90717605,-109247.94461077
2025-03-03 13:23:20,AAPL,BUY,200.8,1005.17617348,1006.71570706,309.13834379,-108938.80626698
2025-03-03 13:24:20,NVDA,BUY,213.8,2374.2603591,2336.30362919,-8115.1488557,-117053.95512268
2025-03-03 13:24:30,AMZN,SELL,239.6,2942.14184829,2925.5407135,3977.63189758,-113076.3232251
2025-03-03 13:24:50,AAPL,BUY,75.8,1192.26758961,1186.56968499,-431.90117033,-113508.22439543
2025-03-03 13:25:10,NFLX,SELL,238.3,1245.55137488,1246.65162568,-262.189766,-113770.41416143
2025-03-03 13:25:20,AMZN,BUY,240.8,1100.78376615,1093.31933195,-1797.43575587,-115567.8499173
2025-03-03 13:25:30,AAPL,SELL,236.9,2577.99541232,2594.87807768,-3999.50342499,-119567.35334229
2025-03-03 13:25:40,MSFT,SELL,102.6,1451.34334727,1460.89885941,-980.39554587,-120547.74888816
2025-03-03 13:26:00,NFLX,BUY,93.2,2274.69689027,2275.45285103,70.45554324,-120477.29334492
2025-03-03 13:26:10,AMZN,BUY,156.8,2421.37354409,2451.29865007,4692.25661693,-115785.03672799
2025-03-03 13:26:40,AMZN,SELL,253.5,1850.82099515,1859.76560475,-2267.45853322,-118052.49526121
2025-03-03 13:27:00,AAPL,BUY,203.8,2555.32896968,2560.34760883,1022.79865855,-117029.69660266
2025-03-03 13:27:20,MSFT,SELL,84.2,3282.07899009,3275.37863445,564.16994433,-116465.52665833
2025-03-03 13:27:30,AMZN,BUY,114.7,1760.01984007,1771.61376921,1329.82367153,-115135.7029868
2025-03-03 13:28:30,AMZN,BUY,269.3,579.00940994,583.38965516,1179.60003863,-113956.10294816
2025-03-03 13:29:30,AMZN,BUY,249.3,715.30841753,703.99612066,-2820.15560862,-116776.25855678
2025-03-03 13:29:40,AAPL,SELL,91.9,638.01349309,635.48586178,232.28931795,-116543.96923883
2025-03-03 13:30:10,NVDA,SELL,187.6,2350.42788598,2352.75065783,-435.75199829,-116979.72123713
2025-03-03 13:30:20,TSLA,BUY,64.6,2520.39908978,2516.02908495,-282.30231221,-117262.02354933
2025-03-03 13:30:30,AMZN,BUY,71.2,2004.91825703,2012.1489921,514.82833691,-116747.19521242
2025-03-03 13:30:40,NFLX,BUY,257.1,2858.94030341,2863.73614291,1233.01033694,-115514.18487548
2025-03-03 13:30:50,AAPL,BUY,126.5,2037.00669194,2026.07179809,-1383.26407178,-116897.44894727
2025-03-03 13:31:50,NVDA,BUY,93.2,2236.8844623,2217.27433753,-1827.66362905,-118725.11257632
2025-03-03 13:32:20,MSFT,BUY,167.0,979.37680457,983.12223775,625.48734159,-118099.62523472
2025-03-03 13:32:50,MSFT,SELL,237.0,3238.79849675,3201.49769155,8840.29083228,-109259.33440244
2025-03-03 13:33:50,AAPL,BUY,195.7,2365.85048811,2340.02152689,-5054.72770956,-114314.062112
2025-03-03 13:34:00,MSFT,BUY,112.1,3142.01554845,3140.69655908,-147.85870872,-114461.92082073
2025-03-03 13:35:00,NFLX,SELL,237.5,410.45018377,409.00243669,343.83993024,-114118.08089048
2025-03-03 13:35:20,NFLX,SELL,84.3,196.16875619,194.41665398,147.70221586,-113970.37867462
2025-03-03 13:35:50,MSFT,SELL,63.6,688.89234458,694.33658684,-346.25380729,-114316.63248191
2025-03-03 13:36:10,NVDA,SELL,268.6,1369.27238164,1374.30258647,-1351.11301659,-115667.7454985
2025-03-03 13:36:20,NVDA,SELL,131.3,825.3783535,827.74829594,-311.17344165,-115978.91894015
2025-03-03 13:37:20,AAPL,BUY,203.3,1527.55660896,1514.84986486,-2583.28107484,-118562.20001499
2025-03-03 13:37:40,MSFT,BUY,186.4,2689.69467834,2702.58562664,2402.87276288,-116159.32725211
2025-03-03 13:38:10,MSFT,BUY,139.8,1116.81865267,1118.3882181,219.42524727,-115939.90200484
2025-03-03 13:38:20,NFLX,BUY,202.8,2540.19142981,2531.27332593,-1808.5914665,-117748.49347134
2025-03-03 13:38:30,TSLA,SELL,154.8,1690.64924462,1675.2432168,2384.85310644,-115363.6403649
2025-03-03 13:39:30,AAPL,BUY,281.1,706.13434829,705.49229229,-180.4819425,-115544.1223074
2025-03-03 13:40:30,AAPL,SELL,274.3,2412.20749624,2443.06683279,-8464.71601613,-124008.83832353
2025-03-03 13:41:00,AMZN,SELL,112.6,562.99208403,569.32303179,-712.86471808,-124721.70304161
2025-03-03 13:41:10,NVDA,SELL,296.0,223.2666445,223.62519026,-106.12954594,-124827.83258754
2025-03-03 13:42:10,AMZN,SELL,139.8,1646.6824498,1635.37677558,1580.53325614,-123247.29933141
2025-03-03 13:43:10,TSLA,BUY,288.9,2791.35129036,2779.15277239,-3524.15184304,-126771.45117444
2025-03-03 13:44:10,NFLX,SELL,288.1,1506.39216647,1505.4658509,266.87151742,-126504.57965702
2025-03-03 13:44:20,NVDA,BUY,158.7,2391.68900903,2416.82036362,3988.34597323,-122516.2336838
2025-03-03 13:44:50,AAPL,SELL,64.5,1999.65958792,1995.1610962,290.15271631,-122226.08096749
2025-03-03 13:45:20,MSFT,BUY,256.2,2878.08881953,2880.93050935,728.04093342,-121498.04003407
2025-03-03 13:45:30,NFLX,SELL,130.9,906.06277769,924.20702398,-2375.08183901,-123873.12187308
2025-03-03 13:46:30,NFLX,BUY,198.1,1077.00244992,1072.83243137,-826.0806759,-124699.20254898
2025-03-03 13:46:40,AMZN,SELL,63.9,1112.47604898,1116.68401251,-268.88886938,-124968.09141836
2025-03-03 13:47:40,MSFT,SELL,187.8,599.28377485,586.23159409,2451.19954592,-122516.89187244
2025-03-03 13:48:00,AMZN,SELL,202.8,591.82666682,587.77628704,821.4170193,-121695.47485314
2025-03-03 13:48:20,AAPL,SELL,93.4,1298.41650143,1295.57424059,265.46716215,-121430.00769099
2025-03-03 13:48:50,TSLA,SELL,154.4,1369.23696642,1380.38756183,-1721.6519315,-123151.6596225
2025-03-03 13:49:20,AMZN,BUY,150.1,3224.09697428,3190.66828093,-5017.6468722,-128169.30649469
2025-03-03 13:49:50,NVDA,SELL,117.7,753.96673202,755.33133995,-160.61435441,-128329.9208491
2025-03-03 13:50:00,NVDA,SELL,87.4,1647.03750984,1661.76774136,-1287.42223453,-129617.34308363
2025-03-03 13:50:30,TSLA,SELL,119.6,1629.0728483,1629.51862368,-53.31473579,-129670.65781943
2025-03-03 13:51:30,AMZN,BUY,152.7,865.19837475,859.28301594,-903.27529007,-130573.9331095
2025-03-03 13:52:30,NVDA,SELL,181.9,3081.28319406,3054.23830632,4919.46507974,-125654.46802976
2025-03-03 13:52:50,AAPL,BUY,206.1,2821.10452198,2807.05154489,-2896.31857839,-128550.78660815
2025-03-03 13:53:20,MSFT,SELL,104.4,1691.42256545,1695.25371634,-399.97215341,-128950.75876156
2025-03-03 13:53:30,TSLA,SELL,150.2,1868.30578786,1866.7804075,229.11213043,-128721.64663113
2025-03-03 13:54:00,AMZN,BUY,244.7,1872.83494398,1857.3862124,-3780.30461775,-132501.95124887
2025-03-03 13:54:20,TSLA,BUY,216.3,2088.78280235,2080.20831141,-1854.66239054,-134356.61363941
2025-03-03 13:54:30,AAPL,BUY,270.5,2523.24121006,2509.8955428,-3610.00299272,-137966.61663213
2025-03-03 13:54:50,MSFT,SELL,158.8,3358.38518435,3352.99642209,855.73544565,-137110.88118648
2025-03-03 13:55:20,MSFT,BUY,216.6,2219.07553289,2193.87776412,-5457.83671463,-142568.71790111
2025-03-03 13:55:30,NFLX,SELL,250.9,2667.48637039,2672.26639861,-1199.30907854,-143768.02697965
2025-03-03 13:56:00,NVDA,BUY,172.1,1980.11699246,1959.88677772,-3481.61995699,-147249.64693665
2025-03-03 13:56:20,AAPL,BUY,245.9,3342.43193328,3313.46806404,-7122.21544393,-154371.86238058
2025-03-03 13:57:20,MSFT,BUY,179.4,2343.74260388,2328.06399991,-2812.74155292,-157184.60393349
2025-03-03 13:57:40,NVDA,SELL,268.5,1778.91624543,1775.13315425,1015.7599832,-156168.84395029
2025-03-03 13:58:40,NFLX,SELL,52.7,3116.78940604,3108.44628805,439.68231818,-155729.16163211
2025-03-03 13:59:10,AAPL,SELL,261.9,232.50603749,233.55814201,-275.54617316,-156004.70780527
2025-03-03 13:59:40,AMZN,SELL,199.1,3037.14697036,3068.52601695,-6247.56817605,-162252.27598132
2025-03-03 14:00:40,NVDA,BUY,272.5,2773.45247922,2780.2641464,1856.17930739,-160396.09667393
2025-03-03 14:01:00,AAPL,SELL,291.9,1979.34132183,1979.33168668,2.81250134,-160393.28417259
2025-03-03 14:01:20,MSFT,BUY,203.3,1417.72555022,1431.29746097,2759.16945472,-157634.11471787
2025-03-03 14:01:30,TSLA,SELL,176.6,290.28289469,289.56073711,127.53302856,-157506.58168931
2025-03-03 14:02:00,TSLA,SELL,284.9,1549.72564222,1554.71595975,-1421.74146518,-158928.32315449
2025-03-03 14:02:10,NFLX,BUY,139.6,1557.11704854,1568.2846879,1559.00245519,-157369.3206993
2025-03-03 14:03:10,NFLX,BUY,250.2,2248.77057005,2199.46984775,-12335.04071896,-169704.36141826
2025-03-03 14:03:20,TSLA,SELL,254.4,1637.1474996,1610.14890171,6868.44330189,-162835.91811637
2025-03-03 14:03:30,MSFT,BUY,229.4,2337.03281561,2345.07898853,1845.79206934,-160990.12604703
2025-03-03 14:04:30,MSFT,SELL,64.2,1997.36651714,1988.85236256,546.60872398,-160443.51732305
2025-03-03 14:05:00,TSLA,SELL,218.4,1060.92706024,1053.97360454,1518.63472296,-158924.88260009
2025-03-03 14:05:20,TSLA,SELL,238.9,162.38544969,161.22430743,277.39688692,-158647.48571318
2025-03-03 14:05:40,NVDA,BUY,104.0,1894.89341501,1878.15732779,-1740.55307118,-160388.03878436
2025-03-03 14:06:00,NFLX,SELL,71.3,3107.20246616,3136.07466725,-2058.58793797,-162446.62672232
2025-03-03 14:06:30,NVDA,BUY,123.1,2193.86924103,2190.6244776,-399.43037839,-162846.05710072
2025-03-03 14:07:00,AMZN,BUY,226.7,1530.58470644,1524.72496371,-1328.40367798,-164174.4607787
2025-03-03 14:08:00,AMZN,BUY,109.3,306.61551255,307.88038893,138.25098912,-164036.20978958
2025-03-03 14:08:20,MSFT,BUY,232.6,1548.74052353,1532.23157176,-3839.98218198,-167876.19197156
2025-03-03 14:09:20,MSFT,BUY,281.6,1811.11952354,1820.26812006,2576.24478082,-165299.94719074
2025-03-03 14:09:50,NVDA,SELL,130.8,2871.02644174,2883.15448439,-1586.34797862,-166886.29516936
2025-03-03 14:10:20,AAPL,SELL,177.9,724.71234786,720.2571902,792.57254791,-166093.72262145
2025-03-03 14:11:20,TSLA,SELL,280.2,417.08440861,419.37300234,-641.26396124,-166734.98658269
2025-03-03 14:11:40,TSLA,SELL,51.5,3312.5771825,3305.62783099,357.89160263,-166377.09498006
2025-03-03 14:11:50,AAPL,SELL,56.2,1678.05963648,1678.60074626,-30.41036999,-166407.50535005
2025-03-03 14:12:20,MSFT,SELL,77.6,354.80964317,357.3498817,-197.12250966,-166604.6278597
2025-03-03 14:12:30,AAPL,SELL,285.1,1403.93068328,1412.50778045,-2445.33040542,-169049.95826512
2025-03-03 14:12:40,TSLA,BUY,60.8,1345.95259756,1350.26758434,262.35119625,-168787.60706887
2025-03-03 14:13:00,MSFT,SELL,54.3,3412.6799665,3408.63326823,219.73571588,-168567.871353
2025-03-03 14:14:00,TSLA,SELL,222.3,134.30737707,134.85025968,-120.68280329,-168688.55415629
2025-03-03 14:14:20,NVDA,BUY,291.4,3433.83703371,3423.75466693,-2938.00167768,-171626.55583397
2025-03-03 14:14:50,NVDA,BUY,209.3,2022.83230971,2016.51445118,-1322.32779041,-172948.88362438
2025-03-03 14:15:00,NFLX,SELL,95.3,2614.02090646,2616.49586283,-235.8633418,-173184.74696619
2025-03-03 14:16:00,AMZN,SELL,185.0,2979.95952416,2989.29397739,-1726.87384779,-174911.62081398
2025-03-03 14:17:00,AMZN,BUY,294.3,1508.54128181,1521.11878188,3701.55827092,-171210.06254305
2025-03-03 14:17:20,MSFT,BUY,218.8,3341.19414765,3347.42975256,1364.35035477,-169845.71218828
2025-03-03 14:17:40,AAPL,SELL,50.9,1966.39150696,1957.16213691,469.77493566,-169375.93725263
2025-03-03 14:18:40,NVDA,SELL,140.0,1136.77776817,1129.94648661,956.37941889,-168419.55783374
2025-03-03 14:19:00,NFLX,SELL,74.7,1529.82814623,1531.09016367,-94.27270277,-168513.83053651
2025-03-03 14:19:10,NVDA,SELL,161.0,1926.93840447,1922.75623033,673.3300353,-167840.50050121
2025-03-03 14:19:40,MSFT,SELL,256.9,2257.09579997,2291.53891346,-8848.43585404,-176688.93635525
2025-03-03 14:20:10,AMZN,SELL,259.9,3342.14556104,3316.01361587,6791.69255075,-169897.2438045
2025-03-03 14:20:30,TSLA,BUY,211.2,1548.40275571,1551.3600554,624.5816948,-169272.66210969
2025-03-03 14:20:50,MSFT,SELL,179.6,3436.51618987,3401.49568914,6289.68193087,-162982.98017882
2025-03-03 14:21:20,NVDA,SELL,151.8,3253.97021725,3256.5477378,-391.26762066,-163374.24779948
2025-03-03 14:21:40,NVDA,SELL,58.1,1033.54716531,1029.22764322,250.9642336,-163123.28356588
2025-03-03 14:22:40,TSLA,BUY,118.9,2890.90123596,2875.78200683,-1797.67634425,-164920.95991012
2025-03-03 14:23:10,NVDA,BUY,293.5,760.70960317,766.28044981,1635.04348984,-163285.91642028
2025-03-03 14:23:30,NVDA,BUY,200.3,1329.59411437,1341.64477242,2413.74680792,-160872.16961237
2025-03-03 14:23:40,MSFT,BUY,218.6,3209.96552797,3262.87661465,11566.36354836,-149305.80606401
2025-03-03 14:23:50,AAPL,BUY,265.6,1472.69221396,1474.83975528,570.38697664,-148735.41908737
2025-03-03 14:24:00,AAPL,SELL,206.3,3331.87126461,3296.84131542,7226.67851784,-141508.74056954
2025-03-03 14:24:20,MSFT,SELL,213.4,2877.69273161,2859.85559084,3806.44584068,-137702.29472886
2025-03-03 14:25:20,TSLA,SELL,225.5,1745.56855113,1738.13093829,1677.18169463,-136025.11303423
2025-03-03 14:25:50,AAPL,BUY,51.0,872.45026082,873.84641706,71.2039682,-135953.90906602
2025-03-03 14:26:50,AMZN,SELL,150.3,2462.88936606,2461.56905951,198.44207499,-135755.46699103
2025-03-03 14:27:20,TSLA,SELL,139.0,754.75873098,752.0371297,378.30257759,-135377.16441345
2025-03-03 14:27:30,NVDA,BUY,125.4,796.39224006,783.63909504,-1599.24438466,-136976.4087981
2025-03-03 14:27:50,AAPL,SELL,243.6,782.96050135,788.52142467,-1354.6409198,-138331.0497179
2025-03-03 14:28:10,NVDA,SELL,277.3,1416.54071407,1432.38879018,-4394.67150622,-142725.72122412
2025-03-03 14:29:10,NFLX,BUY,93.4,3396.41064122,3400.24490344,358.1200919,-142367.60113222
2025-03-03 14:29:40,AAPL,SELL,159.1,410.25193556,405.24691137,796.29934817,-141571.30178405
2025-03-03 14:29:50,NFLX,SELL,180.5,2078.09030024,2086.39969619,-1499.84596872,-143071.14775278
2025-03-03 14:30:10,MSFT,BUY,101.5,3359.92324448,3306.40261992,-5432.34339242,-148503.4911452
2025-03-03 14:30:20,TSLA,SELL,60.8,2326.42661854,2328.05246366,-98.85138303,-148602.34252823
2025-03-03 14:30:40,TSLA,SELL,55.6,456.79321312,454.12256931,148.48779565,-148453.85473258
2025-03-03 14:31:40,AMZN,BUY,191.2,683.144192,677.98012076,-987.37042243,-149441.22515501
2025-03-03 14:32:40,TSLA,BUY,95.6,2372.08208651,2384.33716665,1171.58566113,-148269.63949388
2025-03-03 14:32:50,MSFT,BUY,153.0,2185.75525055,2172.21633416,-2071.45420704,-150341.09370092
2025-03-03 14:33:00,AAPL,SELL,231.7,481.72737832,480.86540783,199.71856253,-150141.37513839
2025-03-03 14:33:20,TSLA,BUY,202.7,3310.72960154,3336.17224686,5157.22420553,-144984.15093286
2025-03-03 14:34:20,NVDA,SELL,61.3,993.56853348,999.85978905,-385.65396667,-145369.80489953
2025-03-03 14:34:40,NVDA,SELL,137.7,106.36732933,106.22112916,20.13176224,-145349.67313729
2025-03-03 14:35:00,NVDA,BUY,85.1,3210.5864941,3206.82030215,-320.50293467,-145670.17607196
2025-03-03 14:35:30,AMZN,SELL,198.3,1928.00477756,1913.78653425,2819.4776479,-142850.69842406
2025-03-03 14:36:30,NVDA,SELL,62.8,1183.91442995,1184.86144939,-59.47282078,-142910.17124485
2025-03-03 14:37:00,TSLA,BUY,97.1,1445.27770793,1466.22331733,2033.81867325,-140876.35257159
2025-03-03 14:37:30,AMZN,SELL,158.6,1909.2075247,1918.05213934,-1402.75588317,-142279.10845476
2025-03-03 14:37:50,AMZN,BUY,260.4,1416.93363091,1425.06414961,2117.1870693,-140161.92138547
2025-03-03 14:38:10,NVDA,BUY,154.8,2675.43990412,2657.04573658,-2847.41713481,-143009.33852027
2025-03-03 14:38:40,AMZN,BUY,167.6,1110.82203737,1110.25948845,-94.28319886,-143103.62171913
2025-03-03 14:39:40,AMZN,SELL,262.3,1814.20118915,1813.0605879,299.17970709,-142804.44201204
2025-03-03 14:40:00,NVDA,SELL,283.8,901.1839288,898.14454317,862.57764177,-141941.86437028
2025-03-03 14:40:20,AMZN,BUY,192.2,347.12529741,350.02742081,557.78811783,-141384.07625245
2025-03-03 14:40:50,NFLX,SELL,262.5,1999.51690939,1999.56371355,-12.28609169,-141396.36234413
2025-03-03 14:41:50,AMZN,SELL,96.5,1273.69370554,1275.50651192,-174.93581629,-141571.29816042
2025-03-03 14:42:50,AAPL,SELL,177.3,116.31940438,117.50346927,-209.93470549,-141781.23286592
2025-03-03 14:43:50,TSLA,SELL,279.1,1815.56169084,1818.71940074,-881.31683326,-142662.54969917
2025-03-03 14:44:00,AMZN,SELL,260.1,2235.48382034,2235.72383057,-62.42665916,-142724.97635833
2025-03-03 14:44:20,TSLA,BUY,92.6,2395.48910511,2395.23454915,-23.57188181,-142748.54824014
2025-03-03 14:44:30,MSFT,SELL,281.6,745.1960977,744.95641441,67.49481452,-142681.05342562
2025-03-03 14:44:50,MSFT,BUY,216.3,1165.81598578,1161.13414376,-1012.68242789,-143693.73585351
2025-03-03 14:45:00,AMZN,BUY,140.1,2954.73991773,2962.19822356,1044.9086465,-142648.82720701
2025-03-03 14:45:30,NVDA,BUY,274.3,2765.31613291,2764.25737239,-290.41801006,-142939.24521707
2025-03-03 14:45:40,TSLA,SELL,108.5,1591.79155022,1612.3768743,-2233.50766303,-145172.7528801
2025-03-03 14:46:00,MSFT,SELL,117.6,472.06337644,469.57343422,292.81720481,-144879.93567528
2025-03-03 14:46:20,TSLA,SELL,158.1,258.56206157,259.56888466,-159.17873053,-145039.11440581
2025-03-03 14:46:50,TSLA,BUY,223.4,905.55472914,906.98415389,319.33348893,-144719.78091688
2025-03-03 14:47:00,AAPL,BUY,290.6,3415.34646374,3406.04741842,-2702.30256927,-147422.08348615
2025-03-03 14:48:00,AMZN,BUY,225.5,604.16062885,603.06964703,-246.01639962,-147668.09988577
2025-03-03 14:48:20,NVDA,BUY,218.6,2567.58017654,2547.26810425,-4440.21900375,-152108.31888952
2025-03-03 14:48:40,NFLX,BUY,170.9,2074.58771264,2066.44084163,-1392.30025556,-153500.61914508
2025-03-03 14:48:50,NFLX,BUY,160.3,2578.03610022,2551.91271614,-4187.57846684,-157688.19761192
2025-03-03 14:49:50,AMZN,BUY,116.4,818.99908817,812.51490226,-754.75924005,-158442.95685197
2025-03-03 14:50:20,AAPL,BUY,136.7,422.42349207,419.65461898,-378.504952,-158821.46180398
2025-03-03 14:50:30,NFLX,SELL,229.2,2372.00585772,2393.98907662,-5038.5537703,-163860.01557427
2025-03-03 14:50:40,NFLX,BUY,289.7,2076.03016529,2067.77535963,-2391.41719831,-166251.43277259
2025-03-03 14:50:50,MSFT,SELL,200.3,686.33625558,681.10276316,1048.26853221,-165203.16424038
2025-03-03 14:51:10,MSFT,SELL,129.3,2521.43913873,2559.77810579,-4957.22844116,-170160.39268153
2025-03-03 14:51:40,MSFT,BUY,263.5,1532.55537648,1537.37734911,1270.58978756,-168889.80289398
2025-03-03 14:52:10,AMZN,BUY,66.2,2723.26977998,2694.12699849,-1929.25213474,-170819.05502871
2025-03-03 14:52:20,NFLX,SELL,289.2,1995.56209987,2005.33511171,-2826.35502583,-173645.41005455
2025-03-03 14:53:20,AMZN,BUY,151.1,3088.81081548,3064.45287264,-3680.48516291,-177325.89521746
2025-03-03 14:53:40,AMZN,SELL,78.6,1910.55055717,1898.72378184,929.58454087,-176396.31067659
2025-03-03 14:54:40,NFLX,BUY,50.3,1967.53502764,1950.41128677,-861.32416531,-177257.63484191
2025-03-03 14:55:40,AMZN,SELL,231.8,3402.14388587,3383.52076306,4316.83986671,-172940.7949752
2025-03-03 14:56:10,MSFT,BUY,73.2,1288.82149357,1273.48581233,-1122.57186707,-174063.36684227
2025-03-03 14:57:10,MSFT,BUY,258.8,1923.86045605,1925.20261794,347.3514961,-173716.01534617
2025-03-03 14:58:10,TSLA,SELL,208.4,2193.69467714,2207.34358301,-2844.43198268,-176560.44732885
2025-03-03 14:58:40,MSFT,BUY,178.2,3268.46912703,3270.421994,348.00089352,-176212.44643533
2025-03-03 14:59:10,TSLA,BUY,164.9,1139.58225629,1144.06768901,739.64785563,-175472.79857971
2025-03-03 14:59:20,TSLA,BUY,75.8,1800.31394166,1784.02371267,-1234.79935726,-176707.59793697
2025-03-03 15:00:20,TSLA,BUY,169.9,772.00245581,773.02453496,173.65124782,-176533.94668914
2025-03-03 15:00:40,MSFT,SELL,134.8,2417.21900071,2435.90196987,-2518.46424339,-179052.41093253
2025-03-03 15:01:00,AMZN,SELL,161.8,2042.79873635,2036.07775805,1087.4542892,-177964.95664333
2025-03-03 15:02:00,NFLX,SELL,124.0,1777.22073521,1779.29108358,-256.72319778,-178221.67984111
2025-03-03 15:02:20,NVDA,SELL,290.2,1209.02920834,1203.58295659,1580.50225802,-176641.17758309
2025-03-03 15:02:30,NFLX,BUY,265.8,1833.63475748,1819.74952867,-3690.69381796,-180331.87140105
2025-03-03 15:03:30,AMZN,SELL,236.0,1516.6782829,1511.40273355,1245.029647,-179086.84175405
2025-03-03 15:03:50,AMZN,SELL,139.1,1435.35062403,1444.7159337,-1302.71457419,-180389.55632824
2025-03-03 15:04:00,AAPL,SELL,61.1,2931.7097493,2957.44980842,-1572.71761235,-181962.27394059
2025-03-03 15:04:10,TSLA,BUY,159.1,2022.50789852,2003.5459335,-3016.84863583,-184979.12257642
2025-03-03 15:04:30,NFLX,BUY,99.4,1935.82397255,1936.89386673,106.34748127,-184872.77509515
2025-03-03 15:04:50,AMZN,BUY,115.2,3164.04301465,3092.89942351,-8195.74169882,-193068.51679397
2025-03-03 15:05:00,AMZN,SELL,211.1,3050.61690736,3041.16020691,1996.30946578,-191072.20732819
2025-03-03 15:05:20,MSFT,SELL,145.4,975.19818267,980.75684697,-808.22978873,-191880.43711692
2025-03-03 15:05:40,MSFT,SELL,143.1,1310.96768207,1321.55595868,-1515.18238281,-193395.61949972
2025-03-03 15:06:40,NVDA,BUY,261.5,658.49645665,650.51772634,-2086.43797669,-195482.05747642
2025-03-03 15:07:40,NFLX,SELL,169.1,2862.16844571,2852.1296219,1697.56510617,-193784.49237025
2025-03-03 15:08:10,NVDA,BUY,204.8,159.72254939,160.50404188,160.04966093,-193624.44270932
2025-03-03 15:08:30,MSFT,BUY,191.8,1656.89198368,1673.97960131,3277.40506189,-190347.03764742
2025-03-03 15:09:00,MSFT,SELL,90.2,384.94867386,386.97013655,-182.3359351,-190529.37358252
2025-03-03 15:10:00,TSLA,SELL,157.8,2592.89633684,2554.56067332,6049.36770407,-184480.00587845
2025-03-03 15:10:20,MSFT,SELL,96.3,2165.01170382,2155.97465647,870.26766055,-183609.7382179
2025-03-03 15:10:30,AMZN,BUY,93.4,2231.51534967,2228.18706388,-310.8618927,-183920.60011061
2025-03-03 15:10:50,AAPL,BUY,272.2,885.87716283,882.47997315,-924.71503245,-184845.31514305
2025-03-03 15:11:20,TSLA,BUY,94.2,286.84174315,284.34361582,-235.32359433,-185080.63873738
2025-03-03 15:11:30,AMZN,SELL,51.8,255.89686247,261.63176294,-297.06784431,-185377.70658169
2025-03-03 15:11:40,MSFT,SELL,214.7,3459.43100267,3445.94843262,2894.70779008,-182482.99879161
2025-03-03 15:12:00,NVDA,BUY,136.2,1006.27040954,988.41829437,-2431.4580873,-184914.45687891
2025-03-03 15:12:30,AAPL,BUY,270.7,2306.75118871,2314.10903855,1991.76995058,-182922.68692833
2025-03-03 15:13:00,AMZN,SELL,103.7,513.29254036,511.77310219,157.56573842,-182765.12118991
2025-03-03 15:13:30,AMZN,SELL,85.2,226.39597937,226.24892489,12.52904199,-182752.59214792
2025-03-03 15:13:50,MSFT,BUY,289.9,364.06393005,366.49684823,705.30298241,-182047.28916551
2025-03-03 15:14:00,TSLA,SELL,238.7,3088.57384638,3100.91724301,-2946.36877558,-184993.65794109
2025-03-03 15:14:20,MSFT,BUY,249.2,3057.18144853,3078.81265662,5390.49705725,-179603.16088384
2025-03-03 15:14:40,MSFT,SELL,243.6,1278.0832148,1269.33353298,2131.4224916,-177471.73839225
2025-03-03 15:15:10,MSFT,SELL,283.8,466.87943856,462.44997927,1257.08054457,-176214.65784767
2025-03-03 15:16:10,TSLA,BUY,180.2,1089.41143556,1093.43924322,725.81093995,-175488.84690772
2025-03-03 15:16:30,AAPL,BUY,244.6,1239.16718119,1238.0847132,-264.77167106,-175753.61857878
2025-03-03 15:16:50,AMZN,BUY,158.9,3008.41492575,3041.70329314,5289.52157872,-170464.09700007
2025-03-03 15:17:20,AAPL,BUY,238.7,3203.84633304,3186.41350374,-4161.21635472,-174625.31335479
2025-03-03 15:18:20,NFLX,SELL,272.1,872.22964301,881.17092768,-2432.92355906,-177058.23691385
2025-03-03 15:18:50,MSFT,BUY,97.1,2926.8811056,2882.63360622,-4296.43218893,-181354.66910278
2025-03-03 15:19:10,AMZN,SELL,199.0,2767.3344613,2793.86158469,-5278.89755344,-186633.56665622
2025-03-03 15:20:10,AMZN,SELL,78.1,165.38779175,165.00999096,29.50624177,-186604.06041445
2025-03-03 15:20:40,MSFT,SELL,120.1,3467.92172337,3503.98453716,-4331.14393548,-190935.20434993
2025-03-03 15:20:50,MSFT,BUY,195.3,2336.44658461,2323.10002146,-2606.58378282,-193541.78813276
2025-03-03 15:21:10,NFLX,SELL,260.9,1901.65719774,1896.60976182,1316.87603025,-192224.91210251
2025-03-03 15:21:30,AMZN,SELL,199.0,628.53779333,620.85157413,1529.55762122,-190695.35448129
2025-03-03 15:22:30,NVDA,BUY,133.5,951.85104252,948.34524315,-468.0242165,-191163.37869778
2025-03-03 15:23:30,NVDA,BUY,221.5,412.58898213,412.49666315,-20.44865363,-191183.82735141
2025-03-03 15:23:40,NVDA,SELL,266.2,1558.49793444,1548.67662416,2614.43279686,-188569.39455456
2025-03-03 15:24:10,AMZN,BUY,297.9,2755.17281129,2760.1606057,1485.86395679,-187083.53059776
2025-03-03 15:24:30,NVDA,BUY,220.7,1906.07590042,1900.54285749,-1221.14257538,-188304.67317314
2025-03-03 15:24:40,AMZN,SELL,91.9,3010.7241296,2973.93401151,3381.01185295,-184923.66132019
2025-03-03 15:25:00,MSFT,SELL,161.4,1002.82105909,995.99734001,1101.34825916,-183822.31306104
2025-03-03 15:25:30,NVDA,SELL,73.6,3254.28975126,3292.15766811,-2787.07868006,-186609.3917411
2025-03-03 15:25:40,NVDA,BUY,227.2,1360.73427165,1368.05781739,1663.9095909,-184945.4821502
2025-03-03 15:26:10,AMZN,SELL,64.0,658.33765797,652.1304672,397.2602096,-184548.2219406
2025-03-03 15:26:20,NFLX,SELL,282.5,511.45343695,517.19937606,-1623.22779911,-186171.44973971
2025-03-03 15:26:50,AAPL,BUY,198.2,1231.02530308,1233.44043535,478.67921627,-185692.77052344
2025-03-03 15:27:50,NFLX,SELL,286.4,1782.8372546,1794.98806168,-3479.99114926,-189172.7616727
2025-03-03 15:28:50,AMZN,BUY,187.4,257.60111608,259.4864838,353.317912,-188819.4437607
2025-03-03 15:29:00,AAPL,BUY,282.0,1687.77094327,1675.98645459,-3323.22580615,-192142.66956685
2025-03-03 15:29:20,TSLA,BUY,110.8,1498.5772462,1487.54589262,-1222.27397631,-193364.94354316
2025-03-03 15:30:20,AAPL,BUY,264.4,539.22532055,543.98211633,1257.6968032,-192107.24673996
2025-03-03 15:31:20,NFLX,BUY,120.5,2925.85820237,2930.0206406,501.57380608,-191605.67293388
2025-03-03 15:31:50,MSFT,SELL,70.8,1962.3073107,1959.48739075,199.65033239,-191406.02260149
2025-03-03 15:32:10,MSFT,BUY,125.7,1438.49902522,1447.46525439,1127.05500584,-190278.96759565
2025-03-03 15:32:40,NFLX,SELL,112.9,1666.25673202,1682.40512588,-1823.15366749,-192102.12126315
2025-03-03 15:33:00,MSFT,SELL,126.0,2936.46871219,2924.59487286,1496.10375615,-190606.017507
2025-03-03 15:33:10,NFLX,SELL,268.5,1694.64906388,1703.93187497,-2492.43477807,-193098.45228507
2025-03-03 15:34:10,NFLX,BUY,188.2,2080.67576771,2062.74942198,-3373.7382662,-196472.19055126
2025-03-03 15:34:20,MSFT,BUY,75.4,3021.82476416,3034.42494644,950.05374409,-195522.13680718
2025-03-03 15:34:50,TSLA,SELL,104.1,2858.38210342,2810.71957378,4961.66933471,-190560.46747247
2025-03-03 15:35:00,MSFT,BUY,149.9,2829.96146067,2843.2771598,1996.0232995,-188564.44417297
2025-03-03 15:36:00,NFLX,BUY,178.7,409.05626501,406.74435918,-413.13757314,-188977.58174611
2025-03-03 15:36:30,MSFT,SELL,139.1,317.17766513,320.15853077,-414.6384104,-189392.22015651
2025-03-03 15:36:40,AMZN,BUY,157.3,1475.82842088,1500.81138674,3929.82052964,-185462.39962688
2025-03-03 15:37:40,AAPL,BUY,164.0,871.01648139,871.33848994,52.80940177,-185409.5902251
2025-03-03 15:38:00,AAPL,BUY,245.2,1928.64859871,1940.2040754,2833.40288473,-182576.18734037
2025-03-03 15:38:30,NFLX,BUY,170.5,1169.94251116,1170.18759212,41.78630259,-182534.40103778
2025-03-03 15:38:50,AAPL,BUY,83.3,622.73310879,623.08825228,29.58345347,-182504.81758432
2025-03-03 15:39:20,AAPL,BUY,241.7,794.50017833,791.73498338,-668.34761888,-183173.1652032
2025-03-03 15:39:50,NFLX,BUY,269.8,3229.3254271,3191.14182499,-10301.9358506,-193475.1010538
2025-03-03 15:40:10,AAPL,SELL,152.7,1653.44148694,1632.66995215,3171.8133631,-190303.28769069
2025-03-03 15:40:40,NVDA,BUY,284.8,277.42897269,278.17628266,212.83387937,-190090.45381132
2025-03-03 15:41:10,TSLA,BUY,99.6,734.77654858,728.98995962,-576.34426077,-190666.7980721
2025-03-03 15:41:40,TSLA,BUY,87.0,162.67631298,158.46941837,-365.99983092,-191032.79790302
2025-03-03 15:42:10,NFLX,SELL,220.9,1385.72638311,1381.15437213,1009.95722409,-190022.84067893
2025-03-03 15:42:40,AMZN,SELL,272.1,1994.97322004,1971.75345277,6318.0986721,-183704.74200683
2025-03-03 15:43:10,NFLX,SELL,83.4,1208.63970791,1224.86622704,-1353.29169521,-185058.03370204
2025-03-03 15:43:30,MSFT,SELL,156.2,473.52317398,473.24675224,43.17707515,-185014.85662689
2025-03-03 15:43:50,MSFT,BUY,58.4,160.46948029,158.03730067,-142.03928985,-185156.89591674
2025-03-03 15:44:50,NFLX,SELL,200.5,2973.36481662,2969.55798973,763.26879157,-184393.62712517
2025-03-03 15:45:10,NFLX,SELL,152.0,1643.37206993,1635.73708042,1160.51840471,-183233.10872046
2025-03-03 15:45:20,TSLA,SELL,299.6,3135.49741183,3135.4100983,26.15913464,-183206.94958582
2025-03-03 15:45:40,NVDA,BUY,80.1,717.05622452,719.39724707,187.51590642,-183019.43367941
2025-03-03 15:45:50,NFLX,BUY,262.0,2348.89885073,2331.92489753,-4447.17573793,-187466.60941734
2025-03-03 15:46:50,AMZN,SELL,162.4,2656.20972065,2689.28305987,-5371.11029004,-192837.71970738
2025-03-03 15:47:20,AMZN,BUY,168.9,1843.30399897,1857.06087688,2323.53667913,-190514.18302825
2025-03-03 15:47:50,AAPL,SELL,189.4,2293.33131519,2316.03464558,-4300.01077725,-194814.19380549
2025-03-03 15:48:00,AMZN,SELL,210.7,2545.26830575,2577.40675049,-6771.57030697,-201585.76411247
2025-03-03 15:48:30,NFLX,BUY,220.4,1867.12445389,1843.64005312,-5175.96192927,-206761.72604173
2025-03-03 15:48:50,NVDA,SELL,190.0,104.82194846,104.56411925,48.98754893,-206712.7384928
2025-03-03 15:49:10,MSFT,BUY,293.0,2108.22777047,2087.20347803,-6160.11768416,-212872.85617696
2025-03-03 15:49:20,MSFT,SELL,67.6,786.11857656,775.86087609,693.42055233,-212179.43562463
2025-03-03 15:50:20,AMZN,SELL,112.4,2727.53527573,2762.01873551,-3875.94087933,-216055.37650395
2025-03-03 15:50:40,NFLX,SELL,269.1,1702.20473679,1714.68622266,-3358.76784764,-219414.1443516
2025-03-03 15:51:10,NFLX,SELL,121.2,1608.90245933,1605.57184574,403.67036701,-219010.47398459
2025-03-03 15:51:40,TSLA,BUY,189.6,3405.68332592,3392.14089899,-2567.64414635,-221578.11813093
2025-03-03 15:52:40,NVDA,SELL,272.2,1369.0898889,1348.23854687,5675.73529929,-215902.38283165
2025-03-03 15:52:50,MSFT,BUY,262.4,3300.14639774,3287.39786041,-3345.21619458,-219247.59902622
2025-03-03 15:53:20,MSFT,BUY,178.1,2968.47247643,2954.98830081,-2401.53167639,-221649.13070262
2025-03-03 15:53:40,NFLX,SELL,296.0,2048.95805569,2057.35949886,-2486.82717844,-224135.95788105
2025-03-03 15:53:50,AAPL,SELL,248.6,1089.25866376,1084.24644917,1246.03654668,-222889.92133438
2025-03-03 15:54:10,NVDA,SELL,92.1,2694.26595257,2694.00944071,23.62474229,-222866.29659209
2025-03-03 15:55:10,AMZN,BUY,71.4,2247.01012825,2245.20941444,-128.57096592,-222994.86755801
2025-03-03 15:55:30,TSLA,SELL,82.3,869.9799517,871.47580195,-123.10847506,-223117.97603307
2025-03-03 15:56:00,TSLA,BUY,228.0,3316.40745735,3316.29597524,-25.41792069,-223143.39395376
2025-03-03 15:56:20,AAPL,BUY,77.5,1714.07446992,1737.45941454,1812.3332079,-221331.06074586
2025-03-03 15:56:40,MSFT,SELL,111.7,2003.45972499,1985.58491283,1996.61651743,-219334.44422842
2025-03-03 15:56:50,TSLA,SELL,80.5,2770.12774987,2763.96011017,496.4949961,-218837.94923232
2025-03-03 15:57:00,MSFT,SELL,102.9,743.73476189,752.27793281,-879.09228802,-219717.04152034
2025-03-03 15:57:20,AMZN,SELL,71.2,1168.67058766,1171.33110637,-189.42893187,-219906.47045221
2025-03-03 15:58:20,TSLA,BUY,237.0,1679.43077598,1670.17003699,-2194.79514127,-222101.26559348
2025-03-03 15:59:20,NVDA,BUY,288.5,3320.57189298,3302.37526128,-5249.7282464,-227350.99383988
2025-03-03 16:00:20,NVDA,SELL,251.9,3467.58348901,3452.35035366,3837.22679489,-223513.76704499
2025-03-03 16:01:20,AMZN,BUY,129.5,1256.76582118,1250.78866583,-774.04161737,-224287.80866236
2025-03-03 16:01:50,NFLX,BUY,247.3,3352.19434687,3329.9540023,-5500.03721102,-229787.84587338
2025-03-03 16:02:10,MSFT,BUY,257.0,3192.38690183,3207.4950904,3882.80446159,-225905.04141179
2025-03-03 16:02:30,NVDA,SELL,267.8,656.38226051,654.38036138,536.1085895,-225368.93282229
2025-03-03 16:02:40,MSFT,SELL,213.5,2333.19584215,2329.32905182,825.55973614,-224543.37308615
2025-03-03 16:02:50,TSLA,BUY,129.7,422.76883252,419.84519897,-379.19527223,-224922.56835838
2025-03-03 16:03:50,AAPL,BUY,119.2,367.85904141,369.89779206,243.01907682,-224679.54928155
2025-03-03 16:04:20,AAPL,SELL,108.6,946.25450966,948.67736171,-263.12173333,-224942.67101488
2025-03-03 16:05:20,TSLA,SELL,255.1,1215.55181786,1202.75995086,3263.20527249,-221679.46574238
2025-03-03 16:05:40,NVDA,SELL,166.2,725.42122068,725.34945657,11.92719543,-221667.53854695
2025-03-03 16:06:40,NVDA,SELL,294.4,289.84995098,289.08864051,224.12980328,-221443.40874367
2025-03-03 16:07:00,AMZN,BUY,172.5,2788.01323741,2791.97663344,683.68581542,-220759.72292826
2025-03-03 16:08:00,AAPL,SELL,97.7,2679.79675239,2662.76055158,1664.43681888,-219095.28610937
2025-03-03 16:08:10,AMZN,BUY,253.6,2031.90835868,2043.10356814,2839.10511883,-216256.18099055
2025-03-03 16:08:30,TSLA,SELL,284.4,3089.69964456,3104.77089597,-4286.26390288,-220542.44489343
2025-03-03 16:09:30,NFLX,SELL,47.7,1073.25077249,1073.25255067,-0.08481924,-220542.52971267
2025-03-03 16:10:30,AAPL,SELL,6.0,2489.24854783,2491.6163413,-14.20676076,-220556.73647343
2025-03-03 16:11:30,NVDA,BUY,26.1,952.31971676,947.98442577,-113.15109489,-220669.88756832
2025-03-03 16:12:30,AMZN,SELL,11.4,1801.89721796,1794.35380844,85.9948685,-220583.89269982
2025-03-03 16:13:30,AMZN,SELL,57.0,1879.86120146,1872.29111627,431.49485622,-220152.3978436
2025-03-03 16:14:30,MSFT,SELL,62.2,1609.26540483,1602.71856235,407.2136019,-219745.18424171
2025-03-03 16:15:30,TSLA,SELL,68.9,2203.56547141,2206.86462551,-227.31171731,-219972.49595902
2025-03-03 16:16:30,AMZN,BUY,65.6,2280.77334722,2279.45052154,-86.77736414,-220059.27332316
2025-03-03 16:17:30,AAPL,SELL,5.9,2247.20229835,2242.50696838,27.70244687,-220031.57087629
2025-03-03 16:18:30,NFLX,SELL,14.5,2015.63917498,2023.99905478,-121.21825712,-220152.78913341
2025-03-03 16:19:30,MSFT,SELL,25.4,1050.25862995,1046.0250022,107.53414492,-220045.25498849
2025-03-03 16:20:30,AAPL,SELL,5.7,2033.8331981,2031.29835003,14.44863402,-220030.80635447
2025-03-03 16:21:30,AAPL,BUY,18.1,850.01309676,843.13947914,-124.41247901,-220155.21883348
2025-03-03 16:22:30,AMZN,SELL,41.6,721.59629087,721.34091897,10.62347087,-220144.59536261
2025-03-03 16:23:30,AAPL,SELL,14.1,1666.45369442,1662.69062254,53.05931348,-220091.53604913
2025-03-03 16:24:30,AMZN,SELL,34.8,2436.99571388,2429.24204949,269.82752088,-219821.70852825
2025-03-03 16:25:30,NVDA,BUY,23.1,1537.57621751,1531.73072223,-135.03094105,-219956.7394693
2025-03-03 16:26:30,NVDA,BUY,40.2,183.38115021,183.00452496,-15.14033524,-219971.87980454
2025-03-03 16:27:30,NVDA,SELL,15.3,1056.78229004,1059.82158632,-46.50123306,-220018.3810376
2025-03-03 16:28:30,AMZN,SELL,67.4,2411.14226167,2396.47040051,988.88344226,-219029.49759533
2025-03-03 16:29:30,NFLX,BUY,60.3,1212.52533593,1213.9951937,88.63242367,-218940.86517166
2025-03-03 16:30:30,AAPL,SELL,17.1,769.74466523,765.4954708,72.6612248,-218868.20394686
2025-03-03 16:31:30,AAPL,SELL,14.8,1123.07417501,1121.45459496,23.96978469,-218844.23416217
2025-03-03 16:32:30,TSLA,BUY,16.0,1374.74711816,1391.38800152,266.25413391,-218577.98002826
2025-03-03 16:33:30,AAPL,BUY,48.8,435.45198662,437.681921,108.8207973,-218469.15923097
2025-03-03 16:34:30,TSLA,SELL,70.7,273.45282941,273.07274035,26.87229674,-218442.28693423
2025-03-03 16:35:30,NVDA,SELL,35.6,1358.2863601,1350.54189305,275.70302689,-218166.58390734
2025-03-03 16:36:30,AMZN,BUY,71.4,833.92619788,829.51752221,-314.77944245,-218481.36334978
2025-03-03 16:37:30,NFLX,SELL,55.2,1837.10855242,1829.87992454,399.02025872,-218082.34309107
2025-03-03 16:38:30,AAPL,SELL,39.5,1583.302749,1592.42189989,-360.20646024,-218442.5495513
2025-03-03 16:39:30,AAPL,BUY,28.2,1977.85992448,1978.91090006,29.6375114,-218412.9120399
2025-03-03 16:40:30,NFLX,BUY,10.0,1065.16114287,1068.24641081,30.85267938,-218382.05936052
2025-03-03 16:41:30,MSFT,BUY,30.9,1338.52197362,1342.66830241,128.12155964,-218253.93780088
2025-03-03 16:42:30,NFLX,SELL,40.0,1265.45996319,1267.73905218,-91.16355931,-218345.10136019
2025-03-03 16:43:30,AMZN,BUY,12.8,1671.00352046,1669.11197241,-24.21181505,-218369.31317525
2025-03-03 16:44:30,NFLX,SELL,6.0,1707.86227207,1703.57439115,25.72728552,-218343.58588972
2025-03-03 16:45:30,NFLX,BUY,56.2,591.10113414,593.8564989,154.85149939,-218188.73439033
2025-03-03 16:46:30,AMZN,BUY,74.8,801.22432812,804.30780199,230.64384563,-217958.0905447
2025-03-03 16:47:30,TSLA,SELL,57.2,1427.07254459,1420.20830399,392.63456242,-217565.45598229
2025-03-03 16:48:30,MSFT,BUY,14.2,2411.47518252,2417.47935266,85.25921595,-217480.19676634
2025-03-03 16:49:30,AAPL,SELL,66.0,711.71669539,717.07993155,-353.97358651,-217834.17035285
2025-03-03 16:50:30,AMZN,BUY,33.3,1337.7668521,1336.62453448,-38.03917676,-217872.20952961
2025-03-03 16:51:30,AMZN,SELL,7.7,2312.42919891,2304.9875995,57.30031549,-217814.90921412
2025-03-03 16:52:30,NFLX,BUY,15.4,2136.96718661,2145.99176762,138.97854753,-217675.93066659
2025-03-03 16:53:30,MSFT,BUY,71.6,1492.52551286,1508.93062704,1174.60617528,-216501.32449131
2025-03-03 16:54:30,AMZN,BUY,60.2,2031.21188285,2031.06514545,-8.83359159,-216510.1580829
2025-03-03 16:55:30,NVDA,SELL,38.5,2320.7913685,2312.00944996,338.10386394,-216172.05421896
2025-03-03 16:56:30,AMZN,BUY,18.9,1439.07697944,1436.86740552,-41.76094718,-216213.81516614
2025-03-03 16:57:30,AMZN,BUY,7.7,193.44089749,193.24276663,-1.52560767,-216215.34077381
2025-03-03 16:58:30,NVDA,SELL,72.1,959.40472454,960.88008703,-106.37363541,-216321.71440922
2025-03-03 16:59:30,NFLX,SELL,78.5,268.47186738,266.98599934,116.6406409,-216205.07376832
2025-03-03 17:00:30,TSLA,BUY,62.3,1729.76583754,1735.98798242,387.63962551,-215817.43414281
2025-03-03 17:01:30,NFLX,SELL,69.6,1130.42268009,1128.38824278,141.5968366,-215675.8373062
2025-03-03 17:02:30,AAPL,SELL,20.8,324.3816678,323.27182573,23.08471506,-215652.75259115
2025-03-03 17:03:30,NFLX,SELL,73.8,672.94914859,673.08254973,-9.84500465,-215662.5975958
2025-03-03 17:04:30,AMZN,SELL,72.4,1377.75684934,1371.79104899,431.92394554,-215230.67365026
2025-03-03 17:05:30,AMZN,SELL,61.5,2494.47092479,2494.35452378,7.15866197,-215223.51498829
2025-03-03 17:06:30,MSFT,BUY,31.3,1651.83348113,1646.07754262,-180.16087538,-215403.67586367
2025-03-03 17:07:30,NVDA,SELL,48.3,756.12140347,756.34024535,-10.57006258,-215414.24592625
2025-03-03 17:08:30,AMZN,BUY,74.8,2413.48822093,2415.34043681,138.54574732,-215275.70017893
2025-03-03 17:09:30,NFLX,SELL,44.0,1929.35814891,1933.7962859,-195.27802774,-215470.97820667
2025-03-03 17:10:30,MSFT,BUY,72.2,1936.84478541,1924.73859405,-874.06701595,-216345.04522263
2025-03-03 17:11:30,AMZN,SELL,19.6,1995.30882211,1981.33568281,273.87353024,-216071.17169238
2025-03-03 17:12:30,AAPL,BUY,20.0,122.09360174,122.94134657,16.95489664,-216054.21679574
2025-03-03 17:13:30,AMZN,SELL,68.2,371.72955984,370.14274663,108.22066068,-215945.99613507
2025-03-03 17:14:30,TSLA,SELL,33.4,2403.84777232,2392.0456568,394.19065837,-215551.8054767
2025-03-03 17:15:30,NVDA,SELL,26.3,123.00553635,123.24952329,-6.41685654,-215558.22233324
2025-03-03 17:16:30,NFLX,SELL,32.1,554.43453671,552.09039997,75.24678951,-215482.97554372
2025-03-03 17:17:30,TSLA,BUY,36.8,2168.84251871,2170.95588739,77.77196729,-215405.20357643
2025-03-03 17:18:30,NVDA,SELL,61.3,1057.20787562,1063.7165606,-398.9823897,-215804.18596613
2025-03-03 17:19:30,AAPL,SELL,11.7,275.62023704,274.91472648,8.25447363,-215795.9314925
2025-03-03 17:20:30,NFLX,SELL,73.7,1996.99660077,2025.00878595,-2064.49804774,-217860.42954024
2025-03-03 17:21:30,AMZN,BUY,49.7,1032.08050641,1031.21505009,-43.01317923,-217903.44271947
2025-03-03 17:22:30,MSFT,BUY,73.4,2094.60257766,2090.41689138,-307.2293723,-218210.67209177
2025-03-03 17:23:30,AMZN,BUY,62.9,710.41621019,707.20596357,-201.92451199,-218412.59660376
2025-03-03 17:24:30,AAPL,SELL,6.4,2366.23878317,2356.70707137,61.00295556,-218351.5936482
2025-03-03 17:25:30,TSLA,SELL,16.2,2416.93288879,2411.0559442,95.20650238,-218256.38714582
2025-03-03 17:26:30,AMZN,SELL,21.3,941.68558583,947.23394551,-118.18006118,-218374.567207
2025-03-03 17:27:30,TSLA,SELL,31.1,1505.23370195,1507.96282658,-84.87577573,-218459.44298274
2025-03-03 17:28:30,MSFT,SELL,23.4,2231.62698491,2224.97401326,155.67953668,-218303.76344606
2025-03-03 17:29:30,NVDA,BUY,62.6,1478.48733817,1473.77798393,-294.80557546,-218598.56902152
2025-03-03 17:30:30,NFLX,SELL,15.1,1357.53808645,1348.23017038,140.54953255,-218458.01948897
2025-03-03 17:31:30,MSFT,SELL,16.5,162.35750494,161.8814784,7.85443799,-218450.16505098
2025-03-03 17:32:30,AMZN,SELL,30.3,555.27127564,556.47610672,-36.50638162,-218486.6714326
2025-03-03 17:33:30,AMZN,SELL,19.4,286.88815434,285.30134873,30.78402875,-218455.88740385
2025-03-03 17:34:30,AMZN,BUY,49.2,1714.35697464,1732.14193171,875.01988807,-217580.86751578
2025-03-03 17:35:30,TSLA,SELL,68.5,636.39701045,642.0864287,-389.72515025,-217970.59266603
2025-03-03 17:36:30,AAPL,SELL,78.9,1074.43008685,1072.17463891,177.9548425,-217792.63782353
2025-03-03 17:37:30,AMZN,BUY,77.4,1949.1744604,1916.65945221,-2516.66163379,-220309.29945732
2025-03-03 17:38:30,AAPL,SELL,71.0,1913.08914238,1918.47296748,-382.25158214,-220691.55103946
2025-03-03 17:39:30,NFLX,SELL,29.3,2413.94991008,2404.79660596,268.19181073,-220423.35922873
2025-03-03 17:40:30,AMZN,SELL,18.5,1409.37843219,1416.00177247,-122.53179513,-220545.89102386
2025-03-03 17:41:30,NFLX,BUY,74.9,933.7536682,932.92505835,-62.06287788,-220607.95390174
2025-03-03 17:42:30,TSLA,BUY,14.1,1523.09025503,1515.51439926,-106.81956631,-220714.77346805
2025-03-03 17:43:30,MSFT,BUY,47.2,882.34970505,881.9668199,-18.07217907,-220732.84564712
2025-03-03 17:44:30,MSFT,SELL,21.1,2433.17562288,2424.34415769,186.34391557,-220546.50173155
2025-03-03 17:45:30,AAPL,SELL,39.1,548.5887155,546.33417857,88.15239404,-220458.34933751
2025-03-03 17:46:30,TSLA,BUY,45.6,147.71178087,148.71574121,45.78059128,-220412.56874623
2025-03-03 17:47:30,NFLX,SELL,34.3,2395.84136264,2404.56933361,-299.36940414,-220711.93815037
2025-03-03 17:48:30,AAPL,SELL,58.9,1767.0582679,1763.12642012,231.58583424,-220480.35231614
2025-03-03 17:49:30,NFLX,SELL,78.1,1450.48481289,1457.6559033,-560.06216077,-221040.41447691
2025-03-03 17:50:30,MSFT,BUY,60.1,1778.50927776,1776.62904178,-113.00218236,-221153.41665927
2025-03-03 17:51:30,TSLA,SELL,27.8,796.98621314,793.71558206,90.9235441,-221062.49311516
2025-03-03 17:52:30,NFLX,BUY,23.7,1450.64816992,1460.59502092,235.7403686,-220826.75274656
2025-03-03 17:53:30,AMZN,BUY,13.3,2060.76011394,2067.30356011,87.02783398,-220739.72491258
2025-03-03 17:54:30,TSLA,SELL,45.7,548.58288358,552.95831942,-199.95741749,-220939.68233007
2025-03-03 17:55:30,AAPL,BUY,29.3,777.99720843,775.1856573,-82.37844809,-221022.06077815
2025-03-03 17:56:30,AMZN,SELL,7.4,2466.30804256,2460.02215166,46.5155927,-220975.54518545
2025-03-03 17:57:30,NFLX,SELL,32.8,1689.99249564,1678.2441947,385.34427095,-220590.2009145
2025-03-03 17:58:30,TSLA,SELL,59.7,1717.00155102,1732.58612257,-930.39892157,-221520.59983607
2025-03-03 17:59:30,NFLX,BUY,13.5,1757.32633696,1747.07741048,-138.36050747,-221658.96034354
2025-03-03 18:00:30,MSFT,SELL,36.1,169.12328937,169.24720957,-4.47351935,-221663.43386289
2025-03-03 18:01:30,TSLA,BUY,40.0,1140.50344673,1134.66906155,-233.37540698,-221896.80926987
2025-03-03 18:02:30,NFLX,BUY,9.5,856.67323145,857.81979827,10.89238475,-221885.91688512
2025-03-03 18:03:30,NFLX,BUY,47.6,1748.37091838,1764.01888693,744.84330303,-221141.07358209
2025-03-03 18:04:30,NFLX,SELL,40.2,1389.65859814,1382.94097455,270.04846839,-220871.0251137
2025-03-03 18:05:30,MSFT,SELL,52.7,1327.17890479,1318.3890925,463.22310742,-220407.80200627
2025-03-03 18:06:30,AMZN,BUY,16.7,437.78407214,440.75196762,49.56385449,-220358.23815178
2025-03-03 18:07:30,AMZN,SELL,70.5,1634.53812617,1624.5431062,704.64890786,-219653.58924393
2025-03-03 18:08:30,NFLX,BUY,67.4,1915.84599591,1914.02890868,-122.47167865,-219776.06092257
2025-03-03 18:09:30,MSFT,BUY,50.5,2213.39786349,2206.56919694,-344.84766083,-220120.9085834
2025-03-03 18:10:30,AMZN,BUY,40.5,1291.27449392,1289.3840801,-76.56175959,-220197.47034299
2025-03-03 18:11:30,AMZN,BUY,70.3,845.68845654,842.81423026,-202.05810769,-220399.52845069
2025-03-03 18:12:30,AMZN,SELL,7.3,1958.01160006,1947.97804597,73.24494479,-220326.28350589
2025-03-03 18:13:30,AAPL,BUY,66.2,1715.08096059,1725.28995872,675.83567611,-219650.44782979
2025-03-03 18:14:30,NVDA,BUY,24.3,285.50438356,282.83283803,-64.9185565,-219715.36638629
2025-03-03 18:15:30,TSLA,SELL,28.6,326.13370899,325.14281277,28.33963211,-219687.02675418
2025-03-03 18:16:30,NFLX,SELL,37.5,1448.5554472,1457.38854812,-331.24128436,-220018.26803854
2025-03-03 18:17:30,TSLA,SELL,77.7,1201.39965832,1202.2652697,-67.25800454,-220085.52604309
2025-03-03 18:18:30,NVDA,BUY,9.6,1108.15040699,1101.10755239,-67.61140421,-220153.1374473
2025-03-03 18:19:30,NFLX,BUY,66.0,1274.3939959,1273.56584882,-54.65770725,-220207.79515454
2025-03-03 18:20:30,NFLX,SELL,47.4,1837.58892195,1830.66353261,328.26345465,-219879.53169989
2025-03-03 18:21:30,TSLA,SELL,71.6,1223.74336982,1229.92687787,-442.73917596,-220322.27087585
2025-03-03 18:22:30,NVDA,SELL,53.2,2051.82952324,2051.28076321,29.19403379,-220293.07684206
2025-03-03 18:23:30,AMZN,SELL,69.9,1199.23509836,1205.05291685,-406.66551279,-220699.74235486
2025-03-03 18:24:30,NVDA,BUY,13.9,1033.10828551,1029.85473332,-45.22437534,-220744.96673019
2025-03-03 18:25:30,TSLA,BUY,16.7,293.0636805,292.41049007,-10.90828016,-220755.87501035
2025-03-03 18:26:30,NVDA,BUY,79.0,1783.59496136,1771.13700899,-984.1782367,-221740.05324705
2025-03-03 18:27:30,NVDA,SELL,43.9,1159.61618389,1166.7413885,-312.79648239,-222052.84972944
2025-03-03 18:28:30,NVDA,SELL,5.7,1342.57757705,1345.94158964,-19.17487177,-222072.02460121
2025-03-03 18:29:30,NFLX,BUY,12.3,104.13957306,104.025948,-1.39758826,-222073.42218947
2025-03-03 18:30:30,NFLX,SELL,72.1,591.79847804,589.56888842,160.75341152,-221912.66877795
2025-03-03 18:31:30,NFLX,SELL,78.2,2328.65519098,2329.66667426,-79.09799225,-221991.7667702
2025-03-03 18:32:30,NVDA,BUY,18.2,1323.46442729,1321.53797022,-35.06151862,-222026.82828882
2025-03-03 18:33:30,NFLX,BUY,71.6,2034.90317241,2029.515782,-385.73715347,-222412.56544229
2025-03-03 18:34:30,MSFT,SELL,12.3,1920.81732325,1923.53253938,-33.39715847,-222445.96260076
2025-03-03 18:35:30,AMZN,SELL,61.5,196.58744949,196.95937183,-22.87322399,-222468.83582475
2025-03-03 18:36:30,TSLA,BUY,73.7,2061.10547721,2056.49245846,-339.97948152,-222808.81530628
2025-03-03 18:37:30,TSLA,SELL,76.2,814.84002709,816.23512234,-106.30625837,-222915.12156465
2025-03-03 18:38:30,MSFT,BUY,67.2,1236.21071352,1232.7824865,-230.37685572,-223145.49842036
2025-03-03 18:39:30,NVDA,SELL,20.7,1851.24833391,1845.85378978,111.66706342,-223033.83135694
2025-03-03 18:40:30,MSFT,BUY,36.7,1300.35539959,1306.49698516,225.39619031,-222808.43516663
2025-03-03 18:41:30,NVDA,BUY,31.9,512.4029366,511.21444565,-37.91286122,-222846.34802785
2025-03-03 18:42:30,MSFT,SELL,41.7,548.93640646,546.89375402,85.17860675,-222761.16942109
2025-03-03 18:43:30,NVDA,SELL,47.7,2015.03528203,2020.44680231,-258.12951738,-223019.29893847
2025-03-03 18:44:30,AMZN,BUY,55.1,1754.41627752,1755.16535332,41.27407647,-222978.024862
2025-03-03 18:45:30,MSFT,SELL,56.7,1178.70206364,1174.79949437,221.27567775,-222756.74918425
2025-03-03 18:46:30,AMZN,SELL,5.9,1943.27789021,1954.35611693,-65.36153767,-222822.11072192
2025-03-03 18:47:30,NFLX,BUY,9.9,621.39177395,621.46932281,0.76773371,-222821.3429882
2025-03-03 18:48:30,TSLA,SELL,5.3,2052.72645712,2064.33267884,-61.51297509,-222882.85596329
2025-03-03 18:49:30,TSLA,BUY,57.9,1302.95854403,1302.01841993,-54.43318519,-222937.28914849
2025-03-03 18:50:30,MSFT,BUY,18.6,301.86423834,300.37267741,-27.74303339,-222965.03218188
2025-03-03 18:51:30,TSLA,SELL,54.0,1241.91235599,1238.28019977,196.1364359,-222768.89574598
2025-03-03 18:52:30,AMZN,BUY,22.9,590.67128096,590.03306102,-14.61523646,-222783.51098244
2025-03-03 18:53:30,NFLX,BUY,34.6,643.72923646,640.92518167,-97.02029568,-222880.53127812
2025-03-03 18:54:30,TSLA,SELL,58.9,1962.337381,1969.88627574,-444.62990027,-223325.16117839
2025-03-03 18:55:30,AAPL,SELL,8.7,403.66459372,404.28285705,-5.378891,-223330.54006939
2025-03-03 18:56:30,AAPL,SELL,71.5,2468.56879944,2477.21472392,-618.18360031,-223948.7236697
2025-03-03 18:57:30,AAPL,SELL,32.9,1086.02362595,1081.23299005,157.61192128,-223791.11174841
2025-03-03 18:58:30,MSFT,BUY,14.9,431.40077584,430.61632583,-11.68830524,-223802.80005365
2025-03-03 18:59:30,AAPL,SELL,23.0,373.87541725,373.37364905,11.54066861,-223791.25938504
2025-03-03 19:00:30,MSFT,BUY,39.3,993.92067478,995.12508037,47.33313954,-223743.9262455
2025-03-03 19:01:30,NVDA,BUY,18.7,878.988782,878.56469046,-7.93051175,-223751.85675725
2025-03-03 19:02:30,NFLX,BUY,32.3,547.20034323,544.25147928,-95.24830561,-223847.10506286
2025-03-03 19:03:30,NFLX,SELL,39.2,409.83123966,407.96785424,73.04470855,-223774.06035431
2025-03-03 19:04:30,AAPL,SELL,37.1,326.35036351,324.11417662,82.96253353,-223691.09782077
2025-03-03 19:05:30,NVDA,BUY,29.7,2459.81826631,2475.66123159,470.5360689,-223220.56175187
2025-03-03 19:06:30,TSLA,BUY,39.7,281.54723358,282.51437693,38.3955911,-223182.16616077
2025-03-03 19:07:30,TSLA,SELL,62.7,2474.21497268,2482.33812187,-509.32145444,-223691.48761521
2025-03-03 19:08:30,TSLA,BUY,44.2,1925.2048106,1925.343623,6.13550823,-223685.35210698
2025-03-03 19:09:30,MSFT,SELL,66.9,2318.17048195,2326.88175841,-582.78439524,-224268.13650222
2025-03-03 19:10:30,AAPL,BUY,7.7,830.99187301,831.60748978,4.74024915,-224263.39625307
2025-03-03 19:11:30,NFLX,BUY,49.0,2345.57231058,2336.70443491,-434.52590788,-224697.92216096
2025-03-03 19:12:30,AMZN,BUY,67.7,2090.8555972,2083.79855166,-477.76198338,-225175.68414434
2025-03-03 19:13:30,AAPL,SELL,53.4,2054.81912351,2041.92531122,688.52957629,-224487.15456805
2025-03-03 19:14:30,AAPL,BUY,67.5,120.53144828,119.94726667,-39.43225886,-224526.58682692
2025-03-03 19:15:30,AMZN,SELL,52.3,309.83847398,312.35848471,-131.79656087,-224658.38338779
2025-03-03 19:16:30,AAPL,SELL,7.4,2324.11082874,2323.05837574,7.78815222,-224650.59523557
2025-03-03 19:17:30,AAPL,SELL,8.9,1956.14133911,1957.17812318,-9.22737821,-224659.82261378
2025-03-03 19:18:30,NFLX,BUY,64.2,251.38041842,250.48892094,-57.23413831,-224717.05675209
2025-03-03 19:19:30,NFLX,SELL,7.2,1370.95142476,1368.67008728,16.42562985,-224700.63112224
2025-03-03 19:20:30,NVDA,SELL,37.8,2034.66836238,2031.12764294,133.83919493,-224566.79192731
2025-03-03 19:21:30,NVDA,SELL,65.0,1430.99361169,1420.90860069,655.52571474,-223911.26621257
2025-03-03 19:22:30,TSLA,SELL,52.1,1571.32486209,1577.97316734,-346.37670364,-224257.64291621
2025-03-03 19:23:30,AMZN,SELL,51.6,1861.85675411,1858.43122221,176.75744622,-224080.88546999
2025-03-03 19:24:30,NFLX,SELL,12.5,1712.69473719,1720.86192383,-102.08983303,-224182.97530302
2025-03-03 19:25:30,MSFT,BUY,62.7,1013.38225931,1008.73658032,-291.28407237,-224474.25937538
2025-03-03 19:26:30,NVDA,SELL,72.3,2490.05543003,2485.80357775,307.40891942,-224166.85045597
2025-03-03 19:27:30,TSLA,SELL,69.4,150.59358503,150.53937537,3.76215027,-224163.08830569
2025-03-03 19:28:30,NVDA,SELL,38.2,1826.80397211,1835.7459699,-341.58431536,-224504.67262105
2025-03-03 19:29:30,TSLA,BUY,30.5,1672.55796298,1665.37508306,-219.0778378,-224723.75045885
2025-03-03 19:30:30,AMZN,SELL,67.3,449.36262077,446.042753,223.42710071,-224500.32335814
2025-03-03 19:31:30,AMZN,SELL,35.0,936.87494887,937.76482574,-31.14569066,-224531.4690488
2025-03-03 19:32:30,NFLX,BUY,76.7,1406.20938244,1407.51365666,100.03783216,-224431.43121664
2025-03-03 19:33:30,AAPL,BUY,17.7,2228.14331955,2236.773109,152.74727322,-224278.68394341
2025-03-03 19:34:30,NVDA,SELL,32.9,993.67911575,994.51054217,-27.35392941,-224306.03787282
2025-03-03 19:35:30,MSFT,SELL,13.6,568.07255629,568.3866709,-4.27195861,-224310.30983144
2025-03-03 19:36:30,NFLX,SELL,63.0,2425.63111241,2426.29067224,-41.55226963,-224351.86210107
2025-03-03 19:37:30,MSFT,BUY,8.0,684.04598568,683.91971014,-1.01020432,-224352.87230539
2025-03-03 19:38:30,NFLX,BUY,21.1,1504.23975651,1499.96643979,-90.16698265,-224443.03928804
2025-03-03 19:39:30,TSLA,BUY,79.5,2233.83098252,2232.882739,-75.38535952,-224518.42464757
2025-03-03 19:40:30,AMZN,BUY,78.0,2295.55834184,2274.51818518,-1641.13221901,-226159.55686658
2025-03-03 19:41:30,TSLA,BUY,21.0,729.19338498,727.99389876,-25.18921059,-226184.74607717
2025-03-03 19:42:30,MSFT,SELL,35.9,132.65054908,132.06554938,21.00148943,-226163.74458773
2025-03-03 19:43:30,MSFT,SELL,35.4,276.12163996,275.339136,27.70064041,-226136.04394733
2025-03-03 19:44:30,NFLX,SELL,61.0,2188.11519186,2176.12081446,731.6570212,-225404.38692613
2025-03-03 19:45:30,AMZN,SELL,29.3,625.69206794,620.72685002,145.48088497,-225258.90604115
2025-03-03 19:46:30,TSLA,SELL,77.9,1938.59199788,1963.18451238,-1915.75687942,-227174.66292057
2025-03-03 19:47:30,NFLX,SELL,78.7,930.40579113,932.84325001,-191.82801371,-227366.49093428
2025-03-03 19:48:30,NFLX,SELL,257.2,219.44127181,219.71270003,-69.81133662,-227436.30227089
2025-03-03 19:49:30,NVDA,SELL,240.5,178.8050298,178.13967016,160.01899313,-227276.28327776
2025-03-03 19:50:30,AMZN,SELL,102.0,2337.88101059,2353.2518542,-1567.82604795,-228844.10932572
2025-03-03 19:51:30,AMZN,BUY,118.4,2341.9728251,2334.7435846,-855.94207505,-229700.05140076
2025-03-03 19:52:30,AMZN,SELL,151.0,1046.009091,1041.74330263,644.13404355,-229055.91735721
2025-03-03 19:53:30,TSLA,SELL,81.3,1287.78785146,1285.55113448,181.84509113,-228874.07226608
2025-03-03 19:54:30,NVDA,BUY,142.4,1985.50433029,1993.59141429,1151.60076196,-227722.47150412
2025-03-03 19:55:30,NFLX,BUY,47.1,2204.77319434,2159.31496465,-2141.08261812,-229863.55412224
2025-03-03 19:56:30,NFLX,SELL,66.9,1059.66086833,1058.05915737,107.15446334,-229756.39965889
2025-03-03 19:57:30,NVDA,BUY,78.8,2083.26210442,2088.13873116,384.27818749,-229372.1214714
2025-03-03 19:58:30,AMZN,SELL,83.4,243.95025326,243.74633011,17.00719037,-229355.11428103
2025-03-03 19:59:30,MSFT,BUY,39.7,1957.74809667,1931.38066631,-1046.78698531,-230401.90126634
2025-03-03 20:00:30,TSLA,SELL,62.5,2181.76987174,2191.233269,-591.46232883,-230993.36359517
2025-03-03 20:01:30,NVDA,BUY,279.5,889.75076056,884.20385246,-1550.36081347,-232543.72440864
2025-03-03 20:02:30,TSLA,BUY,206.1,1099.91644029,1090.34744312,-1972.17031511,-234515.89472375
2025-03-03 20:03:30,NFLX,SELL,279.9,1359.70532321,1381.8081378,-6186.5778038,-240702.47252755
2025-03-03 20:04:30,NFLX,SELL,137.9,838.59883986,844.01776993,-747.27045658,-241449.74298413
2025-03-03 20:05:30,AAPL,SELL,355.2,1925.93809943,1914.00483648,4238.69500325,-237211.04798088
2025-03-03 20:06:30,NFLX,SELL,89.3,1296.56612071,1277.6493007,1689.27202671,-235521.77595417
2025-03-03 20:07:30,NVDA,SELL,25.4,1682.77641061,1677.4175127,136.11600689,-235385.65994728
2025-03-03 20:08:30,AAPL,BUY,127.6,1223.89256241,1224.02053283,16.32902478,-235369.3309225
2025-03-03 20:09:30,NVDA,SELL,39.4,1182.91675187,1176.78969729,241.40595019,-235127.92497231
2025-03-03 20:10:30,NVDA,SELL,142.4,541.22974453,547.62442291,-910.60220101,-236038.52717332
2025-03-03 20:11:30,NVDA,BUY,130.8,1377.64270364,1360.41029086,-2253.99959242,-238292.52676574
2025-03-03 20:12:30,TSLA,BUY,256.5,2465.29715362,2435.63215809,-7609.07135162,-245901.59811737
2025-03-03 20:13:30,NFLX,SELL,165.9,437.66901727,434.89629953,459.99387268,-245441.60424468
2025-03-03 20:14:30,TSLA,BUY,74.5,1210.08156491,1208.61670594,-109.1319929,-245550.73623758
2025-03-03 20:15:30,NVDA,BUY,66.1,1970.40703677,1954.00473259,-1084.19230609,-246634.92854368
2025-03-03 20:16:30,AAPL,SELL,398.4,1861.27356159,1862.43539325,-462.87373665,-247097.80228033
2025-03-03 20:17:30,NVDA,SELL,266.7,2065.9327306,2087.34239778,-5709.95823667,-252807.76051699
2025-03-03 20:18:30,MSFT,SELL,396.8,2346.33780331,2342.777173,1412.85810645,-251394.90241054
2025-03-03 20:19:30,AAPL,BUY,148.8,1051.69414615,1046.14187134,-826.17849265,-252221.08090319
2025-03-03 20:20:30,AAPL,SELL,55.3,313.63869936,311.4512269,120.96722693,-252100.11367626
2025-03-03 20:21:30,NVDA,SELL,130.9,1943.05012388,1951.45616816,-1100.35119574,-253200.464872
2025-03-03 20:22:30,TSLA,BUY,112.1,1333.51963005,1347.29962637,1544.73758647,-251655.72728553
2025-03-03 20:23:30,AMZN,BUY,129.4,1038.00051824,1048.03285849,1298.18482829,-250357.54245724
2025-03-03 20:24:30,NVDA,SELL,135.1,1386.24638351,1398.1037562,-1601.93105018,-251959.47350742
2025-03-03 20:25:30,NFLX,SELL,69.5,704.83536083,703.87654871,66.63744215,-251892.83606526
2025-03-03 20:26:30,MSFT,BUY,65.0,2234.11363222,2262.70383656,1858.36328202,-250034.47278325
2025-03-03 20:27:30,AAPL,SELL,135.5,986.39240517,997.09190571,-1449.78232421,-251484.25510746
2025-03-03 20:28:30,AMZN,SELL,56.0,898.63291681,874.20991929,1367.6878609,-250116.56724656
2025-03-03 20:29:30,AAPL,BUY,35.6,1674.27690601,1676.97306147,95.98313415,-250020.58411241
2025-03-03 20:30:30,MSFT,SELL,110.2,557.79583289,559.21593376,-156.49511493,-250177.07922733
2025-03-03 20:31:30,MSFT,SELL,44.0,1546.31901109,1536.00183354,453.95581189,-249723.12341545
2025-03-03 20:32:30,MSFT,SELL,103.0,1778.18256459,1751.27105993,2771.88497985,-246951.2384356
2025-03-03 20:33:30,MSFT,SELL,119.9,1377.36363442,1383.74549575,-765.18517288,-247716.42360848
2025-03-03 20:34:30,MSFT,SELL,63.5,1988.77620012,2011.3066758,-1430.68520563,-249147.10881411
2025-03-03 20:35:30,AAPL,BUY,284.5,2214.99886797,2216.49363158,425.26024625,-248721.84856786
2025-03-03 20:36:30,AAPL,BUY,90.5,624.25178797,630.9102513,602.59093142,-248119.25763644
2025-03-03 20:37:30,TSLA,BUY,110.7,990.66799306,1000.84960703,1127.10466626,-246992.15297018
2025-03-03 20:38:30,AMZN,BUY,109.0,1727.37402957,1724.24370666,-341.205198,-247333.35816818
2025-03-03 20:39:30,AAPL,SELL,148.0,621.17280038,622.95636562,-263.96765593,-247597.32582412
2025-03-03 20:40:30,NVDA,SELL,260.7,892.51654038,895.70890948,-832.25062455,-248429.57644867
2025-03-03 20:41:30,NFLX,BUY,261.5,429.04765138,429.2796307,60.66259383,-248368.91385484
2025-03-03 20:42:30,NVDA,BUY,70.7,1656.93251237,1638.23157188,-1322.15649309,-249691.07034793
2025-03-03 20:43:30,NFLX,SELL,133.8,1296.507708,1297.3671861,-114.99817048,-249806.0685184
2025-03-03 20:44:30,MSFT,SELL,111.0,509.81092239,508.16359879,182.85291986,-249623.21559855
2025-03-03 20:45:30,AAPL,SELL,119.5,545.37904659,549.7113536,-517.7106874,-250140.92628595
2025-03-03 20:46:30,NVDA,BUY,22.9,1359.29809884,1354.84261658,-102.03054365,-250242.95682959
2025-03-03 20:47:30,AMZN,BUY,133.1,1820.11266304,1809.4900063,-1413.87561264,-251656.83244223
2025-03-03 20:48:30,TSLA,SELL,328.4,929.07132593,932.05988121,-981.44155336,-252638.27399559
2025-03-03 20:49:30,TSLA,SELL,211.4,2390.15525794,2378.38920195,2487.34423764,-250150.92975795
2025-03-03 20:50:30,TSLA,SELL,105.5,2037.23144849,2043.70757308,-683.23114421,-250834.16090217
2025-03-03 20:51:30,AMZN,BUY,59.3,562.58441731,560.46448867,-125.7117681,-250959.87267026
2025-03-03 20:52:30,MSFT,SELL,293.2,588.7567387,583.04004556,1676.13442877,-249283.7382415
2025-03-03 20:53:30,NFLX,BUY,21.6,2486.81225013,2536.54140216,1074.1496838,-248209.5885577
2025-03-03 20:54:30,TSLA,BUY,85.8,2294.10109523,2318.56389988,2098.90863846,-246110.67991924
2025-03-03 20:55:30,TSLA,BUY,81.3,1404.88340715,1396.0158793,-720.93001381,-246831.60993306
2025-03-03 20:56:30,MSFT,BUY,59.9,1421.18192672,1418.21950607,-177.44899684,-247009.05892989
2025-03-03 20:57:30,TSLA,SELL,140.3,1380.64576366,1372.50206619,1142.56075566,-245866.49817424
2025-03-03 20:58:30,AAPL,SELL,32.4,1572.38265244,1555.55863699,545.09810078,-245321.40007346
2025-03-03 20:59:30,NVDA,BUY,52.6,950.96277068,955.68854254,248.57559987,-245072.82447359
2025-03-03 21:00:30,TSLA,BUY,141.2,2333.74190691,2386.06981212,7388.70021509,-237684.1242585
2025-03-03 21:01:30,TSLA,SELL,36.3,2426.39230084,2434.39526906,-290.50774608,-237974.63200459
2025-03-03 21:02:30,TSLA,BUY,22.4,1399.44274386,1386.49040478,-290.13239558,-238264.76440016
2025-03-03 21:03:30,NVDA,BUY,366.4,248.74008637,247.70910236,-377.7525442,-238642.51694436
2025-03-03 21:04:30,AMZN,BUY,278.1,2238.52148063,2254.47659509,4437.1173313,-234205.39961306
2025-03-03 21:05:30,AMZN,BUY,75.6,2034.17355285,2029.09143414,-384.20817411,-234589.60778717
2025-03-03 21:06:30,NFLX,BUY,91.6,1197.51951519,1185.85482629,-1068.48550384,-235658.09329101
2025-03-03 21:07:30,AAPL,SELL,397.4,353.39851097,350.69548997,1074.18054564,-234583.91274537
2025-03-03 21:08:30,AMZN,BUY,89.8,1364.32700525,1355.26343897,-813.90825256,-235397.82099793
2025-03-03 21:09:30,AMZN,BUY,120.3,1155.5697708,1179.64676267,2896.46212167,-232501.35887626
2025-03-03 21:10:30,TSLA,BUY,23.3,1836.99132498,1841.24426857,99.09358577,-232402.26529049
2025-03-03 21:11:30,TSLA,BUY,134.9,1469.54603811,1467.42225143,-286.49882223,-232688.76411272
2025-03-03 21:12:30,AMZN,SELL,65.9,2322.94588049,2315.35912051,499.96748275,-232188.79662997
2025-03-03 21:13:30,NVDA,SELL,147.6,1200.94917808,1216.06398329,-2230.94524852,-234419.74187849
2025-03-03 21:14:30,TSLA,BUY,116.0,2105.93528708,2047.59924202,-6766.98122775,-241186.72310624
2025-03-03 21:15:30,MSFT,SELL,105.1,736.35760532,743.2224212,-721.49214838,-241908.21525462
2025-03-03 21:16:30,NVDA,BUY,386.9,2250.00322406,2246.43957227,-1378.77687666,-243286.99213128
2025-03-03 21:17:30,AMZN,BUY,274.0,2210.95177027,2238.41289151,7524.34722017,-235762.64491111
2025-03-03 21:18:30,AMZN,SELL,90.0,1875.57192248,1868.62325886,625.37972597,-235137.26518514
2025-03-03 21:19:30,AAPL,SELL,140.4,309.58569414,303.35799288,874.36925747,-234262.89592767
2025-03-03 21:20:30,NVDA,BUY,107.6,1610.96174841,1599.34653152,-1249.79733698,-235512.69326465
2025-03-03 21:21:30,NFLX,SELL,128.8,605.65100087,600.23868156,697.10672704,-234815.58653761
2025-03-03 21:22:30,NFLX,BUY,115.0,1075.35964685,1068.56236243,-781.68770859,-235597.2742462
2025-03-03 21:23:30,NFLX,SELL,125.2,2417.09962826,2416.88887331,26.38651921,-235570.88772699
2025-03-03 21:24:30,AMZN,BUY,127.6,796.71395931,790.51284073,-791.26273035,-236362.15045734
2025-03-03 21:25:30,NVDA,SELL,146.2,1712.77089137,1709.55371671,470.35093522,-235891.79952212
2025-03-03 21:26:30,TSLA,BUY,51.1,1302.97714582,1281.93349265,-1075.33067694,-236967.13019906
2025-03-03 21:27:30,MSFT,BUY,77.6,1516.22415877,1486.57635429,-2300.6696274,-239267.79982646
2025-03-03 21:28:30,MSFT,BUY,256.6,140.63044582,139.47705429,-295.96026575,-239563.76009221
2025-03-03 21:29:30,NFLX,SELL,100.4,904.59480568,894.70097267,993.3408341,-238570.4192581
2025-03-03 21:30:30,AAPL,BUY,37.1,1044.27556774,1034.22822642,-372.75636274,-238943.17562084
2025-03-03 21:31:30,TSLA,SELL,110.0,1318.44117912,1331.15900039,-1398.96033915,-240342.13595999
2025-03-03 21:32:30,MSFT,SELL,255.7,1184.81989117,1189.04115221,-1079.37644762,-241421.51240761
2025-03-03 21:33:30,TSLA,SELL,228.3,2044.96465806,2032.39707744,2869.17865543,-238552.33375218
2025-03-03 21:34:30,TSLA,BUY,118.8,1102.56686683,1118.9535006,1946.73209192,-236605.60166026
2025-03-03 21:35:30,NFLX,BUY,64.0,519.60859712,516.14470534,-221.68907375,-236827.29073401
2025-03-03 21:36:30,AAPL,BUY,95.3,652.89957368,645.00386223,-752.46130065,-237579.75203466
2025-03-03 21:37:30,AMZN,BUY,336.0,2015.60992628,1983.45925556,-10802.62536336,-248382.37739802
2025-03-03 21:38:30,AMZN,SELL,319.0,2105.29427018,2132.55439399,-8695.97949708,-257078.3568951
2025-03-03 21:39:30,NVDA,SELL,158.8,1898.26080838,1915.60624443,-2754.4552456,-259832.8121407
2025-03-03 21:40:30,AAPL,SELL,305.0,1309.69121831,1307.2192081,753.96311292,-259078.84902778
2025-03-03 21:41:30,AMZN,BUY,129.5,1511.04095928,1517.49264149,835.49284605,-258243.35618173
2025-03-03 21:42:30,TSLA,SELL,109.7,395.76320322,389.41437371,696.46659727,-257546.88958446
2025-03-03 21:43:30,MSFT,SELL,25.6,1856.72281205,1840.72234585,409.61193456,-257137.2776499
2025-03-03 21:44:30,MSFT,BUY,74.6,397.83250266,403.67941857,436.17992692,-256701.09772298
2025-03-03 21:45:30,AAPL,BUY,74.0,566.15903127,572.89913201,498.7674549,-256202.33026808
2025-03-03 21:46:30,TSLA,BUY,98.9,1958.1173396,1943.89920151,-1406.17385724,-257608.50412532
2025-03-03 21:47:30,AAPL,BUY,141.0,154.44842124,153.59874269,-119.80467544,-257728.30880076
2025-03-03 21:48:30,AMZN,SELL,240.0,1490.13085497,1495.77577149,-1354.77996523,-259083.08876599
2025-03-03 21:49:30,MSFT,SELL,366.9,1107.61307765,1098.80145785,3232.98330546,-255850.10546052
2025-03-03 21:50:30,MSFT,BUY,139.7,2371.93294532,2367.12748276,-671.32311953,-256521.42858006
2025-03-03 21:51:30,AMZN,SELL,80.8,1742.638455,1721.67484113,1693.86000059,-254827.56857947
2025-03-03 21:52:30,NVDA,BUY,75.0,118.55264162,118.57791856,1.89577064,-254825.67280883
2025-03-03 21:53:30,NFLX,SELL,40.9,429.32135586,432.26546767,-120.41417304,-254946.08698187
2025-03-03 21:54:30,MSFT,BUY,85.9,1186.08074567,1191.39540746,456.52944792,-254489.55753395
2025-03-03 21:55:30,AMZN,BUY,29.0,178.37208303,178.67498627,8.78419404,-254480.77333991
2025-03-03 21:56:30,TSLA,BUY,98.7,1874.92275696,1845.11007098,-2942.51210627,-257423.28544618
2025-03-03 21:57:30,TSLA,BUY,35.4,1041.10685197,1034.44980513,-235.65945791,-257658.94490409
2025-03-03 21:58:30,AAPL,BUY,253.9,1866.52963476,1885.41683531,4795.46022112,-252863.48468297
2025-03-03 21:59:30,AMZN,SELL,137.9,1872.78892855,1872.06577179,99.72331759,-252763.76136538
2025-03-03 22:00:30,MSFT,BUY,54.5,1327.62007544,1336.06629995,460.31923619,-252303.44212919
2025-03-03 22:01:30,TSLA,SELL,79.5,2345.91959567,2339.6106802,501.55878018,-251801.88334901
2025-03-03 22:02:30,NFLX,SELL,85.3,404.92780057,400.73736072,357.4445191,-251444.43882991
2025-03-03 22:03:30,NFLX,SELL,63.9,1447.06123565,1453.15561241,-389.43067487,-251833.86950478
2025-03-03 22:04:30,MSFT,SELL,118.9,980.48414629,983.62543953,-373.49976657,-252207.36927135
2025-03-03 22:05:30,TSLA,SELL,160.3,1264.89494841,1259.67409109,836.90342702,-251370.46584433
2025-03-03 22:06:30,NVDA,BUY,149.8,430.12506754,426.43430995,-552.8754864,-251923.34133073
2025-03-03 22:07:30,NFLX,BUY,77.3,218.05357656,214.23239531,-295.37731017,-252218.7186409
2025-03-03 22:08:30,AMZN,BUY,145.0,1471.2437577,1463.93080787,-1060.37772522,-253279.09636612
2025-03-03 22:09:30,TSLA,BUY,199.7,1981.38971341,2008.00927724,5315.92689743,-247963.16946869
2025-03-03 22:10:30,TSLA,BUY,128.7,2233.70108246,2245.12519555,1470.28335497,-246492.88611372
2025-03-03 22:11:30,TSLA,BUY,70.5,1559.94166745,1580.50401366,1449.64540807,-245043.24070565
2025-03-03 22:12:30,NVDA,BUY,33.5,2206.10930214,2204.27627814,-61.4063042,-245104.64700986
2025-03-03 22:13:30,AMZN,SELL,120.9,1023.65502998,1005.43784661,2202.4574701,-242902.18953976
2025-03-03 22:14:30,NVDA,BUY,98.4,1087.17447238,1078.6482414,-838.98112775,-243741.17066751
2025-03-03 22:15:30,MSFT,SELL,84.1,2499.53234592,2485.49305214,1180.70460729,-242560.46606022
2025-03-03 22:16:30,TSLA,SELL,92.6,201.63939394,200.63287171,93.2039588,-242467.26210141
2025-03-03 22:17:30,NVDA,SELL,46.7,1406.97301957,1419.15782695,-569.03050441,-243036.29260582
2025-03-03 22:18:30,NFLX,SELL,64.7,721.83569292,726.76305356,-318.80023347,-243355.09283929
2025-03-03 22:19:30,MSFT,SELL,212.3,2477.13201363,2468.31914351,1870.9723266,-241484.12051268
2025-03-03 22:20:30,TSLA,SELL,120.0,2004.02758687,2030.3006362,-3152.76592055,-244636.88643323
2025-03-03 22:21:30,AMZN,SELL,131.1,1702.61446048,1702.75999473,-19.07954076,-244655.965974
2025-03-03 22:22:30,AAPL,SELL,219.6,669.92537733,673.24871774,-729.80555217,-245385.77152617
2025-03-03 22:23:30,MSFT,SELL,295.3,1919.93371243,1898.69139793,6272.85547203,-239112.91605414
2025-03-03 22:24:30,NVDA,SELL,117.1,1299.20858495,1307.52000338,-973.26709816,-240086.1831523
2025-03-03 22:25:30,AAPL,BUY,30.8,1450.40027358,1441.76342174,-266.01503656,-240352.19818887
2025-03-03 22:26:30,TSLA,SELL,269.6,718.87420875,714.16517221,1269.55625038,-239082.64193849
2025-03-03 22:27:30,AAPL,BUY,46.4,1309.51787158,1307.94543284,-72.96115777,-239155.60309626
2025-03-03 22:28:30,NFLX,SELL,130.3,2181.62921129,2186.19316038,-594.68256737,-239750.28566363
2025-03-03 22:29:30,NVDA,SELL,312.0,1327.64693791,1333.46674379,-1815.77943322,-241566.06509685
2025-03-03 22:30:30,MSFT,BUY,349.6,753.72299023,746.35173283,-2576.9915877,-244143.05668455
2025-03-03 22:31:30,MSFT,BUY,331.9,300.93791946,303.4347316,828.69194744,-243314.36473711
2025-03-03 22:32:30,MSFT,BUY,67.6,1270.00546869,1253.76236673,-1098.03369249,-244412.3984296
2025-03-03 22:33:30,NFLX,BUY,143.2,1649.06039964,1665.69915215,2382.66935943,-242029.72907017
2025-03-03 22:34:30,AAPL,BUY,81.3,1021.29988824,1024.29878632,243.81041399,-241785.91865617
2025-03-03 22:35:30,NFLX,SELL,73.9,2185.24180432,2175.34608968,731.2933119,-241054.62534427
2025-03-03 22:36:30,MSFT,BUY,103.4,480.63521401,480.27708424,-37.03061823,-241091.6559625
2025-03-03 22:37:30,MSFT,BUY,95.7,1820.74456255,1816.09197725,-445.25241318,-241536.90837568
2025-03-03 22:38:30,MSFT,SELL,248.7,952.22743927,941.59907672,2643.27376566,-238893.63461002
2025-03-03 22:39:30,TSLA,BUY,120.9,2188.78968293,2219.60943214,3726.10767924,-235167.52693078
2025-03-03 22:40:30,TSLA,BUY,107.2,436.09415503,434.89666092,-128.37136873,-235295.89829951
2025-03-03 22:41:30,TSLA,BUY,77.0,667.18244226,665.34561788,-141.43547723,-235437.33377674
2025-03-03 22:42:30,NFLX,BUY,307.6,340.04341606,338.76900733,-392.00812341,-235829.34190015
2025-03-03 22:43:30,MSFT,SELL,285.3,169.6957653,169.01978316,192.85770648,-235636.48419367
2025-03-03 22:44:30,TSLA,SELL,88.0,2336.29250332,2335.64595992,56.89581973,-235579.58837394
2025-03-03 22:45:30,AMZN,SELL,64.5,203.7355634,203.20029568,34.52476818,-235545.06360576
2025-03-03 22:46:30,MSFT,SELL,81.1,1707.82322119,1695.1307182,1029.36199233,-234515.70161344
2025-03-03 22:47:30,AMZN,SELL,35.5,1020.93321933,1016.35188567,162.63734476,-234353.06426867
2025-03-03 22:48:30,TSLA,SELL,37.6,2037.99695598,2031.42534408,247.0926073,-234105.97166138
2025-03-03 22:49:30,AAPL,SELL,64.6,1528.89607972,1536.0715639,-463.5362782,-234569.50793957
2025-03-03 22:50:30,MSFT,SELL,72.0,1196.8055425,1182.22145654,1050.05418969,-233519.45374988
2025-03-03 22:51:30,NFLX,BUY,83.9,1522.84481174,1528.76763138,496.92456807,-233022.52918181
2025-03-03 22:52:30,TSLA,BUY,23.5,1706.79658372,1677.3230966,-692.62694745,-233715.15612927
2025-03-03 22:53:30,TSLA,BUY,27.5,1218.09214938,1219.65514674,42.98242751,-233672.17370176
2025-03-03 22:54:30,TSLA,SELL,134.8,2178.85339664,2150.89273806,3769.09677615,-229903.07692561
2025-03-03 22:55:30,MSFT,BUY,74.5,267.86562433,264.93682792,-218.19533275,-230121.27225835
2025-03-03 22:56:30,NVDA,BUY,116.8,1937.03732019,1939.62590097,302.34623535,-229818.926023
2025-03-03 22:57:30,NVDA,BUY,21.1,2268.0184329,2277.47488395,199.53111726,-229619.39490574
2025-03-03 22:58:30,AMZN,BUY,136.3,1709.39212198,1700.03093381,-1275.92994851,-230895.32485426
2025-03-03 22:59:30,NFLX,BUY,97.6,237.23117087,235.93306915,-126.69472787,-231022.01958213
2025-03-03 23:00:30,AMZN,BUY,282.9,1332.45298459,1332.00658942,-126.28519291,-231148.30477504
2025-03-03 23:01:30,NVDA,SELL,182.0,559.10361809,556.06997804,552.12248903,-230596.18228601
2025-03-03 23:02:30,NFLX,BUY,64.5,2159.23277816,2199.3850958,2589.82448768,-228006.35779833
2025-03-03 23:03:30,NVDA,BUY,148.0,739.98318013,736.73957174,-480.05404134,-228486.41183967
2025-03-03 23:04:30,NFLX,SELL,55.6,165.96446759,166.1886293,-12.46339121,-228498.87523088
2025-03-03 23:05:30,NFLX,SELL,345.8,746.43010975,741.37677426,1747.44341282,-226751.43181805
2025-03-03 23:06:30,AAPL,SELL,149.9,1777.42638627,1802.18562878,-3711.41045232,-230462.84227038
2025-03-03 23:07:30,AAPL,SELL,119.0,1804.34051815,1815.32080826,-1306.65452354,-231769.49679392
2025-03-03 23:08:30,NVDA,BUY,163.3,2390.50864053,2398.00570447,1224.27054166,-230545.22625226
2025-03-03 23:09:30,NVDA,BUY,108.5,1309.42961854,1314.92314889,596.0480433,-229949.17820896
2025-03-03 23:10:30,AMZN,SELL,63.3,718.189078,708.09262055,639.1057562,-229310.07245276
2025-03-03 23:11:30,TSLA,SELL,88.8,1159.64487163,1154.28639596,475.83263895,-228834.2398138
2025-03-03 23:12:30,NVDA,BUY,40.7,816.61301509,793.7941041,-928.72967733,-229762.96949114
2025-03-03 23:13:30,AAPL,BUY,45.5,213.63994558,216.0890797,111.43560248,-229651.53388865
2025-03-03 23:14:30,MSFT,SELL,34.1,506.19423386,507.49497661,-44.35532773,-229695.88921638
2025-03-03 23:15:30,NFLX,SELL,59.7,1898.29686532,1896.70322667,95.14022737,-229600.74898901
2025-03-03 23:16:30,NFLX,SELL,57.6,884.21451338,883.62925333,33.71097935,-229567.03800966
2025-03-03 23:17:30,AAPL,BUY,30.3,1356.87612705,1356.47038248,-12.29406062,-229579.33207028
2025-03-03 23:18:30,NVDA,SELL,107.6,125.36109466,126.97785588,-173.96350773,-229753.29557801
2025-03-03 23:19:30,NVDA,SELL,253.3,1116.85642879,1118.37957289,-385.81240175,-230139.10797976
2025-03-03 23:20:30,NFLX,SELL,122.0,2449.9677754,2415.54536751,4199.53376297,-225939.57421679
2025-03-03 23:21:30,AAPL,BUY,51.6,781.40175919,775.95535384,-281.03451635,-226220.60873313
2025-03-03 23:22:30,NFLX,SELL,138.7,2063.46348339,2035.86188491,3828.34170855,-222392.26702458
2025-03-03 23:23:30,MSFT,SELL,90.6,585.3162099,586.60976368,-117.19597236,-222509.46299694
2025-03-03 23:24:30,MSFT,SELL,45.0,1141.78334607,1163.62878962,-983.04495961,-223492.50795655
2025-03-03 23:25:30,NVDA,BUY,220.4,1271.72646208,1277.81097931,1341.02759829,-222151.48035826
2025-03-03 23:26:30,NFLX,SELL,31.5,421.59683489,423.90961103,-72.8524483,-222224.33280656
2025-03-03 23:27:30,MSFT,SELL,89.6,2279.56946375,2329.52506784,-4476.02212689,-226700.35493346
2025-03-03 23:28:30,MSFT,SELL,129.3,2165.6848781,2196.89400454,-4035.34004823,-230735.69498168
2025-03-03 23:29:30,MSFT,BUY,222.0,677.06935282,673.91734938,-699.7447645,-231435.43974618
2025-03-03 23:30:30,NFLX,BUY,367.8,2091.80327437,2071.88335625,-7326.54588579,-238761.98563197
2025-03-03 23:31:30,AAPL,BUY,285.9,548.40257511,547.49474845,-259.54764241,-239021.53327438
2025-03-03 23:32:30,TSLA,SELL,237.3,348.50457269,350.78453368,-541.03474461,-239562.56801899
2025-03-03 23:33:30,NFLX,SELL,273.3,1001.90776549,997.95007402,1081.63707963,-238480.93093937
2025-03-03 23:34:30,AMZN,BUY,90.7,2485.59456019,2482.17701629,-309.97123242,-238790.90217178
2025-03-03 23:35:30,NFLX,SELL,144.1,1236.71381316,1231.3804545,768.53698397,-238022.36518781
2025-03-03 23:36:30,AMZN,BUY,53.9,2039.23539775,2029.71562678,-513.1156554,-238535.48084321
2025-03-03 23:37:30,AMZN,SELL,55.3,2018.1450551,2016.47199618,92.52015827,-238442.96068494
2025-03-03 23:38:30,AAPL,BUY,118.5,572.0474419,568.79175215,-385.79923555,-238828.7599205
2025-03-03 23:39:30,TSLA,BUY,140.1,1638.87911976,1628.4445039,-1461.8896811,-240290.6496016
2025-03-03 23:40:30,NVDA,BUY,292.5,2020.379768,2027.971776,2220.66234061,-238069.98726099
2025-03-03 23:41:30,AMZN,BUY,128.2,1705.48394023,1686.47066196,-2437.50227371,-240507.4895347
2025-03-03 23:42:30,AMZN,SELL,58.7,1627.93848486,1662.1858873,-2010.32252319,-242517.81205789
2025-03-03 23:43:30,NFLX,SELL,285.0,538.23311461,537.09275556,325.00232865,-242192.80972924
2025-03-03 23:44:30,TSLA,SELL,99.1,101.330043,101.15689266,17.159199,-242175.65053024
2025-03-03 23:45:30,AAPL,SELL,117.8,969.15708035,965.90313055,383.31528633,-241792.33524391
2025-03-03 23:46:30,NFLX,SELL,104.6,1077.00393476,1053.28332541,2481.17573728,-239311.15950663
2025-03-03 23:47:30,TSLA,BUY,145.3,954.73398884,952.93717116,-261.07760806,-239572.23711469
2025-03-03 23:48:30,MSFT,SELL,116.5,1387.43295229,1396.15818218,-1016.4892821,-240588.72639679
2025-03-03 23:49:30,AMZN,SELL,367.2,1770.75021985,1785.19561557,-5304.34930611,-245893.0757029
2025-03-03 23:50:30,TSLA,SELL,307.4,1774.3235748,1765.15698022,2817.81117463,-243075.26452827
2025-03-03 23:51:30,AAPL,SELL,122.1,882.00542763,879.78714984,270.85171832,-242804.41280995
2025-03-03 23:52:30,MSFT,BUY,71.0,1601.19240908,1603.04211119,131.32885002,-242673.08395994
2025-03-03 23:53:30,NVDA,BUY,82.2,2474.91548631,2459.58823581,-1259.89999095,-243932.98395089
2025-03-03 23:54:30,NFLX,BUY,29.9,1669.21213556,1647.6093623,-645.92292035,-244578.90687124
2025-03-03 23:55:30,AMZN,SELL,379.4,1548.64460853,1551.92853443,-1245.92148536,-245824.8283566
2025-03-03 23:56:30,AMZN,BUY,169.9,151.93437987,151.32159245,-104.11258249,-245928.94093909
2025-03-03 23:57:30,AMZN,BUY,275.8,1917.5334288,1927.77901122,2825.73163047,-243103.20930862
2025-03-03 23:58:30,NFLX,SELL,136.0,221.44332909,222.83529462,-189.30731179,-243292.51662041
2025-03-03 23:59:30,NVDA,SELL,91.9,644.87640228,638.16839873,616.46552596,-242676.05109445
2025-03-04 00:00:30,NVDA,BUY,83.5,2442.95501608,2450.51323114,631.11095703,-242044.94013742
2025-03-04 00:01:30,TSLA,SELL,141.8,238.34246943,241.70019304,-476.12520727,-242521.06534469
2025-03-04 00:02:30,AAPL,BUY,128.5,1360.42189584,1367.95091138,967.47849675,-241553.58684795
2025-03-04 00:03:30,NVDA,SELL,54.9,179.52030926,178.03658448,81.45649052,-241472.13035742
2025-03-04 00:04:30,MSFT,BUY,71.2,1794.17600638,1791.44743171,-194.27451696,-241666.40487438
2025-03-04 00:05:30,MSFT,BUY,20.4,754.40317664,759.01523532,94.08599695,-241572.31887744
2025-03-04 00:06:30,AAPL,BUY,93.3,1048.09728564,1051.95911796,360.30895621,-241212.00992123
2025-03-04 00:07:30,MSFT,SELL,100.9,646.44790223,645.75924045,69.48597377,-241142.52394745
2025-03-04 00:08:30,NVDA,BUY,139.4,1646.09315642,1639.82916565,-873.20031324,-242015.72426069
2025-03-04 00:09:30,NVDA,SELL,119.5,1015.20596109,1020.66982953,-652.93227834,-242668.65653904
2025-03-04 00:10:30,TSLA,SELL,195.7,1056.10642158,1056.59223999,-95.0746625,-242763.73120154
2025-03-04 00:11:30,NFLX,SELL,114.8,2229.14079687,2223.90476292,601.09669729,-242162.63450425
2025-03-04 00:12:30,MSFT,BUY,72.2,109.66066925,110.64878119,71.34168213,-242091.29282212
2025-03-04 00:13:30,TSLA,SELL,101.2,548.32201851,547.08125019,125.56575349,-241965.72706863
2025-03-04 00:14:30,AAPL,BUY,105.3,197.24686106,200.63166809,356.42018059,-241609.30688805
2025-03-04 00:15:30,TSLA,SELL,113.6,2120.89308065,2110.06482895,1230.08939389,-240379.21749415
2025-03-04 00:16:30,AMZN,BUY,61.9,2233.33105518,2241.19946678,487.05467836,-239892.1628158
2025-03-04 00:17:30,NFLX,BUY,129.6,132.1715542,132.24124013,9.03129544,-239883.13152036
2025-03-04 00:18:30,TSLA,SELL,52.7,655.44791311,657.63560846,-115.29154467,-239998.42306503
2025-03-04 00:19:30,TSLA,BUY,136.7,1219.82289625,1221.73230049,261.01556036,-239737.40750467
2025-03-04 00:20:30,NVDA,BUY,125.1,799.12674089,796.12397514,-375.64599565,-240113.05350032
2025-03-04 00:21:30,AAPL,SELL,75.6,2308.65087424,2330.71397951,-1667.97075788,-241781.0242582
2025-03-04 00:22:30,AMZN,SELL,305.3,1370.75891771,1362.92662932,2391.1976448,-239389.82661341
2025-03-04 00:23:30,MSFT,BUY,39.9,1594.79016871,1587.6981481,-282.97162216,-239672.79823557
2025-03-04 00:24:30,TSLA,SELL,52.6,2337.47714577,2344.27129514,-357.37225689,-240030.17049246
2025-03-04 00:25:30,MSFT,SELL,185.4,1861.31433586,1840.08577354,3935.77545392,-236094.39503854
2025-03-04 00:26:30,NVDA,SELL,92.4,1894.94140966,1874.13706763,1922.321204,-234172.07383454
2025-03-04 00:27:30,NVDA,SELL,60.0,2219.08589403,2238.30331455,-1153.04523119,-235325.11906573
2025-03-04 00:28:30,NVDA,BUY,72.1,463.55707127,466.49238879,211.6363928,-235113.48267293
2025-03-04 00:29:30,MSFT,SELL,66.2,1258.76198644,1270.84960882,-800.20060154,-235913.68327447
2025-03-04 00:30:30,NFLX,BUY,112.2,618.07935438,611.20786095,-770.98156275,-236684.66483722
2025-03-04 00:31:30,NFLX,BUY,269.6,2344.10607134,2327.84861995,-4383.00889447,-241067.67373169
2025-03-04 00:32:30,MSFT,BUY,185.6,2174.74456868,2175.90666981,215.68597006,-240851.98776163
2025-03-04 00:33:30,MSFT,SELL,147.3,1576.12279727,1596.65203256,-3023.95635783,-243875.94411946
2025-03-04 00:34:30,NVDA,BUY,27.8,1168.76708374,1174.56505122,161.18349604,-243714.76062343
2025-03-04 00:35:30,MSFT,BUY,24.5,2014.23843878,2010.84829608,-83.05849596,-243797.81911938
2025-03-04 00:36:30,NVDA,BUY,97.6,1334.25158906,1333.88183613,-36.0878862,-243833.90700558
2025-03-04 00:37:30,NVDA,BUY,202.2,1198.1089777,1176.0741376,-4455.44466705,-248289.35167263
2025-03-04 00:38:30,MSFT,SELL,207.7,1151.49363299,1146.92429402,949.05170438,-247340.29996825
2025-03-04 00:39:30,MSFT,SELL,50.9,1458.89157642,1457.43976669,73.89711536,-247266.40285289
2025-03-04 00:40:30,TSLA,BUY,82.0,565.98898579,566.96625677,80.13622008,-247186.26663281
2025-03-04 00:41:30,AMZN,BUY,22.8,2179.39631086,2187.28941375,179.96274586,-247006.30388696
2025-03-04 00:42:30,NVDA,SELL,126.3,506.93918649,515.2023059,-1043.6319811,-248049.93586806
2025-03-04 00:43:30,NFLX,BUY,58.2,985.3230937,988.35528453,176.47350631,-247873.46236175
2025-03-04 00:44:30,NFLX,SELL,101.9,2255.82180082,2275.35284638,-1990.21354221,-249863.67590396
2025-03-04 00:45:30,NFLX,SELL,128.7,1877.96237904,1864.9551189,1674.03437931,-248189.64152465
2025-03-04 00:46:30,NVDA,BUY,30.7,1320.58701248,1321.33355565,22.91887524,-248166.72264941
2025-03-04 00:47:30,MSFT,SELL,91.0,1866.27328414,1842.40815071,2171.72714144,-245994.99550797
2025-03-04 00:48:30,NFLX,BUY,113.9,1573.75596335,1579.00218693,597.54486663,-245397.45064134
2025-03-04 00:49:30,TSLA,SELL,126.0,1833.53039039,1853.1216817,-2468.50270439,-247865.95334574
2025-03-04 00:50:30,MSFT,SELL,44.8,1296.60708974,1282.62019552,626.61286079,-247239.34048494
2025-03-04 00:51:30,TSLA,SELL,73.0,1426.5029684,1440.74865008,-1039.93476272,-248279.27524766
2025-03-04 00:52:30,MSFT,SELL,23.4,1078.2360012,1072.95247767,123.63445055,-248155.64079711
2025-03-04 00:53:30,AAPL,BUY,131.3,239.35201334,239.22472255,-16.71328028,-248172.35407739
2025-03-04 00:54:30,NVDA,BUY,142.0,974.48390584,974.62478237,20.00446749,-248152.34960991
2025-03-04 00:55:30,AAPL,BUY,129.8,1690.7274073,1679.8007923,-1418.27462775,-249570.62423766
2025-03-04 00:56:30,AMZN,BUY,44.2,1248.88528204,1262.64301981,608.09200917,-248962.53222849
2025-03-04 00:57:30,MSFT,BUY,156.7,946.84089128,949.25323189,378.01377417,-248584.51845432
2025-03-04 00:58:30,TSLA,BUY,21.9,1449.0037203,1454.38922951,117.94265164,-248466.57580268
2025-03-04 00:59:30,AMZN,BUY,78.0,265.14905123,268.46563479,258.69351827,-248207.88228441
2025-03-04 01:00:30,AAPL,BUY,198.0,118.81961202,118.48507163,-66.23899766,-248274.12128207
2025-03-04 01:01:30,AMZN,SELL,170.4,1155.42276187,1150.3005637,872.82256829,-247401.29871378
2025-03-04 01:02:30,AMZN,SELL,143.4,2412.94010235,2416.5934655,-523.89227634,-247925.19099012
2025-03-04 01:03:30,AMZN,BUY,105.3,1629.56464629,1633.23535639,386.52577305,-247538.66521707
2025-03-04 01:04:30,NVDA,BUY,23.2,2742.61095169,2736.26054335,-147.32947344,-247685.99469051
2025-03-04 01:05:30,NVDA,SELL,181.0,864.18320688,869.04841199,-880.60212395,-248566.59681446
2025-03-04 01:06:30,NFLX,SELL,121.3,1650.97267834,1641.91573695,1098.60698996,-247467.9898245
2025-03-04 01:07:30,NVDA,SELL,63.5,1305.78781457,1312.4217458,-421.25463312,-247889.24445762
2025-03-04 01:08:30,TSLA,SELL,52.5,1966.53798555,1980.07114989,-710.49112776,-248599.73558537
2025-03-04 01:09:30,TSLA,BUY,162.7,164.80030792,163.36049718,-234.25720826,-248833.99279363
2025-03-04 01:10:30,NFLX,BUY,17.2,395.60252966,395.82142472,3.76499499,-248830.22779864
2025-03-04 01:11:30,AMZN,BUY,161.9,1111.71349321,1104.44887743,-1176.14129358,-250006.36909222
2025-03-04 01:12:30,NVDA,BUY,46.7,2414.33509023,2418.51448288,195.17763714,-249811.19145509
2025-03-04 01:13:30,MSFT,BUY,50.5,874.90110259,866.9351179,-402.28222694,-250213.47368203
2025-03-04 01:14:30,AAPL,SELL,93.4,547.05254391,548.06443989,-94.5110842,-250307.98476622
2025-03-04 01:15:30,TSLA,BUY,116.3,2634.33099248,2634.1259369,-23.84796386,-250331.83273008
2025-03-04 01:16:30,MSFT,BUY,117.2,584.22423365,585.59180604,160.2794838,-250171.55324628
2025-03-04 01:17:30,NVDA,SELL,133.7,1443.65381448,1449.83349159,-826.22282858,-250997.77607486
2025-03-04 01:18:30,AAPL,SELL,82.7,2832.55740361,2846.28419316,-1135.20549546,-252132.98157032
2025-03-04 01:19:30,AAPL,BUY,112.4,698.52155252,698.05957586,-51.92617693,-252184.90774725
2025-03-04 01:20:30,NFLX,SELL,82.3,702.87536026,701.42550094,119.32342209,-252065.58432517
2025-03-04 01:21:30,MSFT,BUY,11.2,422.52806751,425.33034488,31.3855066,-252034.19881857
2025-03-04 01:22:30,NVDA,BUY,133.8,2154.24091451,2173.65054603,2597.00869752,-249437.19012104
2025-03-04 01:23:30,NFLX,BUY,61.8,431.45457531,430.20640517,-77.13691483,-249514.32703587
2025-03-04 01:24:30,NVDA,BUY,193.5,1089.79679742,1094.39609367,889.96382424,-248624.36321163
2025-03-04 01:25:30,AMZN,BUY,161.2,1823.06213785,1817.24057506,-938.43592176,-249562.79913339
2025-03-04 01:26:30,TSLA,SELL,138.7,2373.35909366,2367.65224694,791.53963927,-248771.25949412
2025-03-04 01:27:30,MSFT,BUY,112.8,2074.83599471,2093.8726893,2147.33914976,-246623.92034436
2025-03-04 01:28:30,MSFT,BUY,73.8,883.00719525,885.83739152,208.86848494,-246415.05185942
2025-03-04 01:29:30,NVDA,SELL,65.2,2627.74663451,2654.37420972,-1736.11790369,-248151.1697631
2025-03-04 01:30:30,NVDA,BUY,89.9,2999.78199782,3009.04303031,832.56682105,-247318.60294205
2025-03-04 01:31:30,MSFT,BUY,169.3,1341.46934221,1346.98794,934.29860519,-246384.30433687
2025-03-04 01:32:30,AAPL,SELL,68.2,1443.36594849,1450.75134049,-503.68373468,-246887.98807155
2025-03-04 01:33:30,MSFT,BUY,175.9,1865.3183995,1856.02431022,-1634.83030321,-248522.81837475
2025-03-04 01:34:30,NVDA,SELL,137.2,2935.08456582,2902.35657699,4490.28006671,-244032.53830805
2025-03-04 01:35:30,NFLX,SELL,10.1,1281.01461006,1276.63403361,44.24382219,-243988.29448586
2025-03-04 01:36:30,AMZN,BUY,151.7,2519.90487631,2524.22758334,655.7546563,-243332.53982956
2025-03-04 01:37:30,MSFT,BUY,88.7,1435.47656373,1434.72564694,-66.60632004,-243399.1461496
2025-03-04 01:38:30,TSLA,SELL,188.1,822.15789011,825.33213127,-597.0747624,-243996.22091201
2025-03-04 01:39:30,TSLA,SELL,165.0,2446.81292659,2444.56897963,370.25124789,-243625.96966412
2025-03-04 01:40:30,AMZN,BUY,51.2,175.48569447,175.37370526,-5.73384765,-243631.70351177
2025-03-04 01:41:30,AAPL,SELL,51.8,2345.15242597,2336.70414583,437.62091137,-243194.0826004
2025-03-04 01:42:30,NFLX,BUY,196.7,1246.34824406,1252.89179914,1287.11728555,-241906.96531485
2025-03-04 01:43:30,MSFT,BUY,78.4,809.95402072,808.14112997,-142.13063477,-242049.09594961
2025-03-04 01:44:30,NFLX,SELL,78.8,1520.69301218,1519.7045095,77.89401144,-241971.20193817
2025-03-04 01:45:30,MSFT,SELL,164.4,2115.17254884,2112.03991616,515.00481356,-241456.19712461
2025-03-04 01:46:30,MSFT,BUY,15.8,1894.87483308,1897.21439997,36.9651568,-241419.23196781
2025-03-04 01:47:30,NVDA,BUY,138.6,1887.43333844,1894.23559445,942.79268348,-240476.43928432
2025-03-04 01:48:30,TSLA,SELL,163.6,2742.14688156,2738.13121432,656.9631614,-239819.47612293
2025-03-04 01:49:30,NFLX,SELL,119.4,984.81665162,984.55885871,30.78047275,-239788.69565018
2025-03-04 01:50:30,AMZN,SELL,6.8,2478.08068457,2487.79118523,-66.03140448,-239854.72705465
2025-03-04 01:51:30,AMZN,BUY,153.1,110.57543808,111.09537551,79.60242185,-239775.12463281
2025-03-04 01:52:30,AAPL,SELL,28.0,2797.07782988,2809.24350299,-340.6388471,-240115.7634799
2025-03-04 01:53:30,AMZN,SELL,181.2,772.75645645,775.60783493,-516.66978001,-240632.43325992
2025-03-04 01:54:30,AMZN,SELL,21.2,1638.34270012,1632.17547817,130.74510535,-240501.68815457
2025-03-04 01:55:30,NFLX,BUY,106.5,927.26461963,930.30208993,323.49058681,-240178.19756776
2025-03-04 01:56:30,AAPL,BUY,101.7,1903.46116822,1912.71892169,941.5135282,-239236.68403955
2025-03-04 01:57:30,AAPL,SELL,28.3,966.18355306,965.24120088,26.66856676,-239210.0154728
2025-03-04 01:58:30,MSFT,BUY,89.3,712.06207887,712.50288941,39.36438072,-239170.65109208
2025-03-04 01:59:30,NVDA,BUY,13.6,1313.95503845,1323.34043587,127.64140498,-239043.0096871
2025-03-04 02:00:30,AAPL,BUY,188.9,326.50248166,330.42417361,740.80760966,-238302.20207744
2025-03-04 02:01:30,NVDA,SELL,171.7,388.21005896,391.19049102,-511.74018506,-238813.9422625
2025-03-04 02:02:30,NVDA,BUY,18.8,1265.06109573,1261.4216476,-68.42162482,-238882.36388732
2025-03-04 02:03:30,NFLX,SELL,18.9,2325.76941665,2348.84754849,-436.17669189,-239318.54057921
2025-03-04 02:04:30,MSFT,BUY,47.4,1240.4147479,1240.62919047,10.1645782,-239308.37600102
2025-03-04 02:05:30,NVDA,BUY,157.9,2301.36378805,2301.36129491,-0.39366714,-239308.76966815
2025-03-04 02:06:30,TSLA,BUY,75.8,1568.13003004,1575.05657544,525.03214079,-238783.73752736
2025-03-04 02:07:30,TSLA,BUY,151.5,845.53728337,842.84704358,-407.57132778,-239191.30885514
2025-03-04 02:08:30,NVDA,BUY,144.0,1270.65360711,1260.06621533,-1524.58441659,-240715.89327173
2025-03-04 02:09:30,TSLA,SELL,135.0,2761.60731572,2785.24761259,-3191.44007702,-243907.33334875
2025-03-04 02:10:30,MSFT,BUY,16.8,1958.81683995,1959.26836904,7.5856886,-243899.74766015
2025-03-04 02:11:30,AMZN,BUY,12.4,377.42440061,380.22504116,34.72794275,-243865.0197174
2025-03-04 02:12:30,NFLX,BUY,79.9,1007.94119112,1008.09151279,12.01070153,-243853.00901587
2025-03-04 02:13:30,NVDA,BUY,168.2,2737.48361427,2723.50468999,-2351.25506361,-246204.26407948
2025-03-04 02:14:30,TSLA,SELL,8.1,439.4202998,441.75887595,-18.94246685,-246223.20654633
2025-03-04 02:15:30,AMZN,BUY,62.1,410.33095055,409.27236395,-65.73822821,-246288.94477455
2025-03-04 02:16:30,AMZN,BUY,40.3,495.06055712,495.76613194,28.43466492,-246260.51010963
2025-03-04 02:17:30,TSLA,BUY,125.1,1932.74806965,1919.12198632,-1704.62302488,-247965.13313452
2025-03-04 02:18:30,NFLX,SELL,23.9,1176.24710453,1179.35000165,-74.15924097,-248039.29237549
2025-03-04 02:19:30,AMZN,SELL,180.1,756.7357509,758.3644728,-293.33281509,-248332.62519058
2025-03-04 02:20:30,NFLX,SELL,199.4,196.26980971,197.12649819,-170.82368311,-248503.44887369
2025-03-04 02:21:30,NFLX,BUY,138.1,386.96167489,386.1312559,-114.68086306,-248618.12973675
2025-03-04 02:22:30,AMZN,SELL,90.1,1973.20913592,1960.97814684,1102.01211662,-247516.11762013
2025-03-04 02:23:30,TSLA,SELL,70.2,826.5835709,828.73239004,-150.84710385,-247666.96472398
2025-03-04 02:24:30,MSFT,BUY,94.4,2415.97774618,2417.06052991,102.2147845,-247564.74993948
2025-03-04 02:25:30,NFLX,SELL,163.1,679.48066899,678.71803376,124.38580655,-247440.36413293
2025-03-04 02:26:30,NFLX,SELL,176.7,1161.43883634,1159.68165769,310.49346622,-247129.87066671
2025-03-04 02:27:30,NFLX,BUY,28.8,482.18133904,478.34039459,-110.61920003,-247240.48986674
2025-03-04 02:28:30,NFLX,BUY,93.1,1749.31103078,1750.63771108,123.51393553,-247116.97593121
2025-03-04 02:29:30,TSLA,SELL,26.8,1361.38140842,1364.50035184,-83.5876837,-247200.56361491
2025-03-04 02:30:30,TSLA,SELL,50.8,2669.05993896,2667.87676923,60.10502201,-247140.4585929
2025-03-04 02:31:30,NFLX,SELL,15.4,429.03545442,432.73849366,-57.02680432,-247197.48539722
2025-03-04 02:32:30,NFLX,SELL,137.5,1181.14896869,1186.86283046,-785.6559935,-247983.14139072
2025-03-04 02:33:30,MSFT,SELL,187.4,2167.58056512,2173.55323899,-1119.27908273,-249102.42047345
2025-03-04 02:34:30,MSFT,SELL,58.3,342.62388915,345.32416279,-157.42595321,-249259.84642665
2025-03-04 02:35:30,AAPL,SELL,114.3,963.38755937,963.21004534,20.28985343,-249239.55657322
2025-03-04 02:36:30,TSLA,BUY,63.3,2219.21067537,2219.94082133,46.21823876,-249193.33833446
2025-03-04 02:37:30,AMZN,BUY,29.9,1411.88511337,1415.36652009,104.09406107,-249089.24427338
2025-03-04 02:38:30,MSFT,BUY,101.6,2714.59831601,2735.68330097,2142.23447233,-246947.00980105
2025-03-04 02:39:30,AMZN,BUY,178.9,2830.13444827,2842.87847856,2279.90701868,-244667.10278237
2025-03-04 02:40:30,TSLA,BUY,76.3,1036.95736715,1038.63442563,127.95956196,-244539.1432204
2025-03-04 02:41:30,AMZN,BUY,119.9,231.88605879,233.183764,155.59485546,-244383.54836495
2025-03-04 02:42:30,NFLX,BUY,91.6,534.46722953,536.9948761,231.53242524,-244152.0159397
2025-03-04 02:43:30,AMZN,SELL,134.1,612.90331507,611.19189312,229.50168331,-243922.51425639
2025-03-04 02:44:30,NFLX,BUY,94.4,2567.62833424,2557.62208457,-944.58996866,-244867.10422505
2025-03-04 02:45:30,MSFT,BUY,101.4,169.58824282,168.46419929,-113.97801427,-244981.08223932
2025-03-04 02:46:30,MSFT,BUY,20.0,1734.78127069,1741.3051289,130.47716428,-244850.60507504
2025-03-04 02:47:30,TSLA,SELL,185.4,2419.68478238,2417.81898019,345.91972612,-244504.68534892
2025-03-04 02:48:30,MSFT,BUY,11.8,1044.72754697,1050.15060867,63.99212806,-244440.69322086
2025-03-04 02:49:30,TSLA,SELL,109.3,1989.06104023,1999.88597715,-1183.16560509,-245623.85882596
2025-03-04 02:50:30,NVDA,BUY,6.9,586.84881314,587.17567001,2.25531241,-245621.60351354
2025-03-04 02:51:30,AMZN,BUY,48.6,312.61771115,312.9353276,15.43615965,-245606.16735389
2025-03-04 02:52:30,NFLX,BUY,40.2,1010.86232018,1009.22037924,-66.00602575,-245672.17337964
2025-03-04 02:53:30,AMZN,BUY,44.9,2275.24381735,2265.33291378,-444.99957031,-246117.17294995
2025-03-04 02:54:30,NVDA,BUY,187.1,1584.30050592,1596.44583726,2272.39149379,-243844.78145616
2025-03-04 02:55:30,TSLA,BUY,102.6,208.31974097,208.80938028,50.23699362,-243794.54446255
2025-03-04 02:56:30,NFLX,SELL,82.5,902.9244992,908.73975041,-479.75822493,-244274.30268748
2025-03-04 02:57:30,AMZN,BUY,178.7,2072.77032331,2063.23351948,-1704.22684548,-245978.52953295
2025-03-04 02:58:30,TSLA,SELL,48.1,868.29957004,865.98385255,111.38601128,-245867.14352168
2025-03-04 02:59:30,TSLA,BUY,30.5,667.89264168,666.38723285,-45.91496918,-245913.05849086
2025-03-04 03:00:30,NVDA,BUY,152.4,2805.74313208,2797.91281056,-1193.34099899,-247106.39948985
2025-03-04 03:01:30,NFLX,BUY,25.4,2390.12834792,2388.73852967,-35.30138334,-247141.70087319
2025-03-04 03:02:30,MSFT,BUY,117.3,862.18677602,868.04389972,687.04061033,-246454.66026287
2025-03-04 03:03:30,NFLX,BUY,156.8,2484.33042687,2481.41463075,-457.19683127,-246911.85709414
2025-03-04 03:04:30,NVDA,SELL,176.5,142.42276369,141.5004356,162.79090958,-246749.06618456
2025-03-04 03:05:30,TSLA,BUY,173.0,548.25923928,545.73273395,-437.08542081,-247186.15160537
2025-03-04 03:06:30,TSLA,BUY,68.7,213.483538,212.14796448,-91.7539012,-247277.90550657
2025-03-04 03:07:30,AAPL,BUY,10.0,2676.25468012,2673.34739287,-29.07287254,-247306.97837911
2025-03-04 03:08:30,AMZN,BUY,38.7,1175.67793282,1176.36328995,26.523321,-247280.45505811
2025-03-04 03:09:30,TSLA,BUY,176.1,831.43334048,825.31410553,-1077.5972741,-248358.0523322
2025-03-04 03:10:30,MSFT,BUY,32.7,1809.08129606,1806.61468356,-80.65822862,-248438.71056083
2025-03-04 03:11:30,NFLX,SELL,111.5,852.23566152,856.32218679,-455.64756726,-248894.35812809
2025-03-04 03:12:30,MSFT,SELL,155.5,1525.32477655,1518.36787472,1081.79823469,-247812.5598934
2025-03-04 03:13:30,NFLX,SELL,27.6,2849.9091536,2834.99852155,411.53344455,-247401.02644885
2025-03-04 03:14:30,NFLX,BUY,163.0,538.43046608,535.89449608,-413.36310925,-247814.3895581
2025-03-04 03:15:30,AMZN,SELL,99.5,2303.64824171,2297.89782816,572.16614859,-247242.22340951
2025-03-04 03:16:30,NFLX,SELL,159.3,1710.97132175,1713.19526672,-354.27443391,-247596.49784342
2025-03-04 03:17:30,TSLA,SELL,56.7,1764.09996339,1755.60579686,481.6192423,-247114.87860112
2025-03-04 03:18:30,NVDA,BUY,100.1,1680.13252443,1693.63077238,1351.17461955,-245763.70398157
2025-03-04 03:19:30,NVDA,BUY,145.2,1205.4075028,1206.73353426,192.53976747,-245571.1642141
2025-03-04 03:20:30,AMZN,SELL,171.8,2132.12245305,2142.28888498,-1746.5930048,-247317.7572189
2025-03-04 03:21:30,TSLA,SELL,167.8,1454.60070771,1453.38816952,203.46390887,-247114.29331003
2025-03-04 03:22:30,AAPL,SELL,174.7,2006.66696968,2005.19343411,257.42666373,-246856.8666463
2025-03-04 03:23:30,NVDA,BUY,130.5,2688.03591485,2663.15743809,-3246.64121756,-250103.50786386
2025-03-04 03:24:30,AMZN,SELL,67.3,2942.00120524,2949.50432071,-504.95967133,-250608.46753518
2025-03-04 03:25:30,MSFT,BUY,108.7,2258.13971097,2243.13902456,-1630.57461291,-252239.04214809
2025-03-04 03:26:30,TSLA,SELL,116.5,2897.98706387,2923.44858452,-2966.2671554,-255205.30930349
2025-03-04 03:27:30,AMZN,SELL,6.5,2819.58412833,2846.03068253,-171.90260229,-255377.21190578
2025-03-04 03:28:30,AMZN,SELL,181.5,2260.73249637,2269.33188497,-1560.78903141,-256938.00093719
2025-03-04 03:29:30,AMZN,SELL,5.1,112.76466611,112.60483452,0.81514109,-256937.1857961
2025-03-04 03:30:30,AMZN,SELL,48.3,2926.14440562,2928.65373356,-121.2005397,-257058.3863358
2025-03-04 03:31:30,NVDA,SELL,16.9,1470.72771516,1455.02085279,265.44597404,-256792.94036176
2025-03-04 03:32:30,AMZN,BUY,70.3,229.51408374,230.23595094,50.74726416,-256742.1930976
2025-03-04 03:33:30,MSFT,BUY,198.0,1235.16445865,1237.75680998,513.28556383,-256228.90753377
2025-03-04 03:34:30,TSLA,BUY,159.4,2963.21509268,2944.9385165,-2913.28624174,-259142.1937755
2025-03-04 03:35:30,TSLA,SELL,193.8,2980.76575256,3012.50002798,-6150.10257626,-265292.29635176
2025-03-04 03:36:30,AMZN,SELL,91.0,420.28506813,420.48939505,-18.59374976,-265310.89010152
2025-03-04 03:37:30,NFLX,SELL,103.5,2446.15377257,2461.26997806,-1564.52726837,-266875.41736989
2025-03-04 03:38:30,AMZN,BUY,175.8,835.0605096,839.46310623,773.9764874,-266101.44088249
2025-03-04 03:39:30,AAPL,SELL,46.0,1433.48504964,1433.2279436,11.82687787,-266089.61400463
2025-03-04 03:40:30,MSFT,SELL,111.9,2275.9060713,2290.11676554,-1590.17668493,-267679.79068956
2025-03-04 03:41:30,TSLA,BUY,162.9,1207.42808148,1197.79806255,-1568.73008337,-269248.52077293
2025-03-04 03:42:30,MSFT,BUY,179.6,417.83382397,421.14635879,594.93125294,-268653.58951999
2025-03-04 03:43:30,AMZN,SELL,173.3,202.86179749,204.44349594,-274.10834085,-268927.69786084
2025-03-04 03:44:30,AMZN,BUY,34.6,2774.37919912,2758.20163323,-559.74378007,-269487.44164091
2025-03-04 03:45:30,TSLA,SELL,154.1,1744.15637935,1747.30183892,-484.71531858,-269972.15695949
2025-03-04 03:46:30,NFLX,BUY,152.7,1911.74443373,1929.09144265,2648.88826265,-267323.26869684
2025-03-04 03:47:30,NFLX,BUY,153.6,2538.9801495,2536.44044023,-390.0993434,-267713.36804023
2025-03-04 03:48:30,AMZN,BUY,29.9,1151.5891596,1152.4234776,24.94610816,-267688.42193207
2025-03-04 03:49:30,AMZN,SELL,59.9,452.18358561,452.94494182,-45.60523668,-267734.02716875
2025-03-04 03:50:30,TSLA,BUY,44.6,314.56776419,314.37276229,-8.69708452,-267742.72425327
2025-03-04 03:51:30,AMZN,SELL,17.3,369.40917203,370.70623177,-22.43913338,-267765.16338665
2025-03-04 03:52:30,MSFT,BUY,175.7,2897.5881137,2876.98161718,-3620.56143763,-271385.72482429
2025-03-04 03:53:30,AAPL,BUY,39.3,2640.20838379,2638.74796256,-57.39455444,-271443.11937872
2025-03-04 03:54:30,AAPL,BUY,18.6,2357.55818575,2357.88361484,6.05298094,-271437.06639778
2025-03-04 03:55:30,AAPL,SELL,53.3,1714.41744538,1721.6831978,-387.2646038,-271824.33100159
2025-03-04 03:56:30,AAPL,SELL,174.8,1758.7497875,1764.84858034,-1066.06898913,-272890.39999072
2025-03-04 03:57:30,NVDA,BUY,189.5,1971.92256358,1980.67347003,1658.29677256,-271232.10321816
2025-03-04 03:58:30,TSLA,BUY,81.6,2101.38090902,2086.91048869,-1180.7862984,-272412.88951656
2025-03-04 03:59:30,AAPL,SELL,196.1,2651.15314897,2621.18934123,5875.90269762,-266536.98681894
2025-03-04 04:00:30,NVDA,SELL,171.3,1468.61999281,1469.05927226,-75.24856831,-266612.23538725
2025-03-04 04:01:30,NVDA,BUY,13.7,1971.858434,1970.34877741,-20.68229531,-266632.91768256
2025-03-04 04:02:30,NVDA,BUY,69.0,2357.75257591,2360.47400584,187.77866524,-266445.13901732
2025-03-04 04:03:30,MSFT,BUY,160.7,1468.82169814,1460.10799111,-1400.29271951,-267845.43173683
2025-03-04 04:04:30,TSLA,BUY,199.6,1079.91413475,1078.16552066,-349.02337143,-268194.45510826
2025-03-04 04:05:30,AAPL,SELL,177.4,2493.70186896,2493.90150651,-35.41569979,-268229.87080805
2025-03-04 04:06:30,MSFT,SELL,50.6,961.52317761,964.91513752,-171.63317166,-268401.50397971
2025-03-04 04:07:30,NVDA,BUY,137.5,2507.33904279,2502.05364675,-726.74195666,-269128.24593636
2025-03-04 04:08:30,AAPL,BUY,108.0,1569.46411541,1560.5713979,-960.41349062,-270088.65942698
2025-03-04 04:09:30,AMZN,BUY,79.2,2677.3104128,2678.32167806,80.09220854,-270008.56721843
2025-03-04 04:10:30,AAPL,BUY,186.4,2264.4807569,2276.5635381,2252.23041564,-267756.33680279
2025-03-04 04:11:30,AMZN,SELL,16.1,2731.96954149,2733.15000001,-19.00538216,-267775.34218495
2025-03-04 04:12:30,AMZN,BUY,130.0,1351.50744086,1343.0782151,-1095.79934994,-268871.14153489
2025-03-04 04:13:30,AAPL,SELL,26.9,2839.65624739,2823.18590642,443.05217231,-268428.08936258
2025-03-04 04:14:30,AMZN,BUY,193.1,2692.91203535,2692.73888269,-33.43577965,-268461.52514223
2025-03-04 04:15:30,AAPL,SELL,25.3,1488.23487748,1494.84088309,-167.13194198,-268628.65708422
2025-03-04 04:16:30,NFLX,SELL,178.0,1128.54539717,1135.2901651,-1200.56869209,-269829.22577631
2025-03-04 04:17:30,NVDA,BUY,113.8,2929.91248037,2907.09157629,-2597.01888384,-272426.24466015
2025-03-04 04:18:30,NVDA,BUY,90.7,1795.06750435,1801.98376212,627.30457998,-271798.94008016
2025-03-04 04:19:30,TSLA,SELL,18.1,976.35397809,973.57279913,50.33933924,-271748.60074092
2025-03-04 04:20:30,AMZN,BUY,122.3,1671.92175521,1668.32737395,-439.5928271,-272188.19356802
2025-03-04 04:21:30,NFLX,BUY,80.7,1864.85800049,1877.8489955,1048.37329788,-271139.82027014
2025-03-04 04:22:30,NFLX,SELL,197.6,1481.0751592,1480.4737504,118.83837939,-271020.98189075
2025-03-04 04:23:30,NFLX,BUY,131.7,1374.88996703,1377.2685996,313.26591069,-270707.71598005
2025-03-04 04:24:30,MSFT,SELL,188.8,2569.1365438,2566.20586127,553.31286274,-270154.40311731
2025-03-04 04:25:30,MSFT,SELL,60.0,2992.22977376,2973.7820727,1106.86206328,-269047.54105403
2025-03-04 04:26:30,NVDA,SELL,35.7,1735.07069367,1755.8190009,-740.71456815,-269788.25562218
2025-03-04 04:27:30,MSFT,BUY,277.4,3010.90854683,2968.97982416,-11631.02766747,-281419.28328964
2025-03-04 04:28:30,TSLA,BUY,220.9,578.83365402,576.98569035,-408.21517415,-281827.49846379
2025-03-04 04:28:50,NVDA,SELL,277.4,1161.58825471,1172.36856048,-2990.45681982,-284817.95528361
2025-03-04 04:29:50,NVDA,BUY,61.4,2001.96719405,2023.77679945,1339.10977139,-283478.84551223
2025-03-04 04:30:20,NFLX,SELL,207.0,3268.53628133,3268.91234594,-77.84537473,-283556.69088695
2025-03-04 04:30:30,MSFT,BUY,64.1,2514.37703248,2518.20312902,245.25278821,-283311.43809874
2025-03-04 04:30:50,MSFT,BUY,241.2,2247.9030012,2260.51383845,3041.73394521,-280269.70415353
2025-03-04 04:31:00,AMZN,BUY,293.8,869.3609328,874.38980553,1477.48280857,-278792.22134496
2025-03-04 04:32:00,AMZN,BUY,68.9,3483.61921012,3479.33272042,-295.33914078,-279087.56048573
2025-03-04 04:32:30,AMZN,SELL,134.5,2443.56587795,2449.79847703,-838.2845759,-279925.84506163
2025-03-04 04:33:00,MSFT,SELL,75.4,3390.36469947,3314.88269299,5691.34328849,-274234.50177314
2025-03-04 04:34:00,NVDA,BUY,211.4,1208.47973775,1207.63720121,-178.11222255,-274412.61399568
2025-03-04 04:34:30,NVDA,BUY,229.2,545.58952763,543.97980604,-368.94818934,-274781.56218503
2025-03-04 04:35:30,NVDA,BUY,179.3,1204.61446204,1213.73041533,1634.49042515,-273147.07175988
2025-03-04 04:36:30,NFLX,BUY,286.3,255.47049019,253.4749069,-571.33549596,-273718.40725584
2025-03-04 04:37:00,MSFT,BUY,188.8,2529.28691947,2549.0221508,3726.01167524,-269992.3955806
2025-03-04 04:37:10,TSLA,BUY,283.0,469.94512678,476.27114308,1790.26261154,-268202.13296906
2025-03-04 04:37:30,TSLA,SELL,201.1,1803.46994485,1798.53211441,992.99770307,-267209.13526599
2025-03-04 04:37:40,MSFT,BUY,100.1,1129.43021401,1109.03970586,-2041.08986572,-269250.22513171
2025-03-04 04:37:50,AAPL,BUY,218.1,1426.38492568,1444.72274718,3999.47887113,-265250.74626058
2025-03-04 04:38:00,NVDA,BUY,61.5,2447.72254884,2428.91712627,-1156.53348772,-266407.2797483
2025-03-04 04:38:20,NFLX,SELL,109.0,429.43334796,423.40375323,657.22582561,-265750.05392269
2025-03-04 04:38:50,NFLX,BUY,299.1,275.58211056,274.72579704,-256.12337279,-266006.17729547
2025-03-04 04:39:00,NFLX,BUY,229.8,168.84789129,169.14873239,69.13328483,-265937.04401065
2025-03-04 04:39:20,NFLX,BUY,246.7,1593.25336332,1595.42583437,535.94860747,-265401.09540318
2025-03-04 04:39:40,NFLX,BUY,245.5,736.16863792,740.44943219,1050.9349926,-264350.16041058
2025-03-04 04:39:50,NFLX,BUY,195.1,3349.75992679,3319.52227804,-5899.36527111,-270249.52568169
2025-03-04 04:40:10,NFLX,BUY,233.7,1397.19416185,1411.31743648,3300.60928176,-266948.91639993
2025-03-04 04:41:10,NFLX,BUY,207.2,3254.42173458,3240.21646603,-2943.33164406,-269892.24804399
2025-03-04 04:42:10,TSLA,SELL,183.0,820.66090688,823.82284012,-578.63378345,-270470.88182744
2025-03-04 04:42:30,NVDA,BUY,208.7,700.28425363,705.54592537,1098.11089293,-269372.77093451
2025-03-04 04:43:30,MSFT,BUY,165.9,2847.57517849,2832.28458651,-2536.70920893,-271909.48014344
2025-03-04 04:43:40,TSLA,SELL,211.7,714.75615913,708.95281617,1228.56770461,-270680.91243883
2025-03-04 04:44:00,MSFT,BUY,261.2,2864.37410429,2850.64108518,-3587.0645907,-274267.97702953
2025-03-04 04:44:10,AAPL,BUY,131.4,979.30382246,981.5098681,289.87439703,-273978.1026325
2025-03-04 04:44:30,NVDA,BUY,214.0,1809.00773772,1806.37584759,-563.22448773,-274541.32712023
2025-03-04 04:44:50,NFLX,SELL,207.8,1512.63909478,1493.6014676,3956.01892684,-270585.30819339
2025-03-04 04:45:50,NFLX,SELL,197.8,2257.23224879,2237.00591053,4000.76970787,-266584.53848552
2025-03-04 04:46:10,NVDA,SELL,87.3,1097.99504417,1087.7267622,896.4210159,-265688.11746962
2025-03-04 04:46:30,AAPL,SELL,278.6,2237.52673364,2205.09799293,9034.64716384,-256653.47030578
2025-03-04 04:47:00,TSLA,BUY,110.9,223.02831161,223.04702455,2.07526467,-256651.39504111
2025-03-04 04:47:10,AMZN,SELL,232.3,1560.98274395,1543.49903119,4061.46647426,-252589.92856685
2025-03-04 04:47:20,AMZN,BUY,97.3,681.79819011,679.94729435,-180.09215698,-252770.02072383
2025-03-04 04:48:20,NFLX,SELL,20.8,574.19426644,575.12582205,-19.37635675,-252789.39708058
2025-03-04 04:49:20,NFLX,BUY,381.2,1796.42645783,1802.62539097,2363.0333132,-250426.36376738
2025-03-04 04:50:20,MSFT,SELL,140.6,1891.50342213,1870.36646891,2971.85562338,-247454.508144
2025-03-04 04:51:20,NFLX,BUY,146.1,1652.46453764,1631.87662248,-3007.89440451,-250462.40254851
2025-03-04 04:52:20,NVDA,SELL,69.9,1403.23002403,1385.18420841,1261.40251215,-249201.00003637
2025-03-04 04:53:20,NVDA,SELL,115.1,103.42174789,104.08870622,-76.76690366,-249277.76694003
2025-03-04 04:54:20,AMZN,SELL,87.9,928.04959987,934.16725886,-537.74222542,-249815.50916545
2025-03-04 04:55:20,AMZN,SELL,104.8,963.93644362,954.06535424,1034.49016749,-248781.01899796
2025-03-04 04:56:20,NFLX,BUY,118.2,292.09917782,292.25508247,18.42792991,-248762.59106805
2025-03-04 04:57:20,MSFT,BUY,144.7,122.8148858,123.09984764,41.23397702,-248721.35709103
2025-03-04 04:58:20,NFLX,SELL,95.9,239.19417393,238.98006295,20.53324381,-248700.82384723
2025-03-04 04:59:20,AMZN,SELL,129.7,938.38488634,926.20855256,1579.27049167,-247121.55335556
2025-03-04 05:00:20,AMZN,SELL,68.7,2158.12750504,2140.99414995,1177.06149457,-245944.49186098
2025-03-04 05:01:20,AMZN,SELL,70.7,140.39996767,138.68175696,121.47749704,-245823.01436394
2025-03-04 05:02:20,TSLA,SELL,27.4,1136.77022182,1143.66967056,-189.04489545,-246012.05925939
2025-03-04 05:03:20,AAPL,BUY,118.3,1511.42269963,1487.76245578,-2799.00684816,-248811.06610756
2025-03-04 05:04:20,NVDA,SELL,160.6,311.8779966,306.59927684,847.7623941,-247963.30371346
2025-03-04 05:05:20,NFLX,BUY,82.6,471.22072751,473.49998481,188.26665337,-247775.03706009
2025-03-04 05:06:20,NVDA,BUY,98.0,275.75561027,275.58474315,-16.74497726,-247791.78203735
2025-03-04 05:07:20,NFLX,BUY,87.1,1363.59646559,1358.81397482,-416.55494587,-248208.33698322
2025-03-04 05:08:20,MSFT,BUY,301.7,197.85585842,198.28666051,129.97299161,-248078.36399161
2025-03-04 05:09:20,AAPL,BUY,22.3,928.37791393,920.49725341,-175.73872959,-248254.10272119
2025-03-04 05:10:20,AMZN,BUY,42.4,1580.41210428,1563.39942332,-721.33767295,-248975.44039415
2025-03-04 05:11:20,NVDA,BUY,244.7,1091.33043509,1094.60849049,802.14015731,-248173.30023684
2025-03-04 05:12:20,AMZN,SELL,143.6,209.2101707,208.92891868,40.38778944,-248132.9124474
2025-03-04 05:13:20,NVDA,SELL,123.4,1496.64931359,1475.23516187,2642.50632225,-245490.40612515
2025-03-04 05:14:20,TSLA,SELL,136.5,2210.38359764,2163.81724797,6356.30672995,-239134.0993952
2025-03-04 05:15:20,NFLX,SELL,45.9,672.85331544,677.89193228,-231.27251309,-239365.37190829
2025-03-04 05:16:20,AMZN,BUY,104.8,873.65222417,872.70882096,-98.86865659,-239464.24056488
2025-03-04 05:17:20,NFLX,BUY,333.6,1799.56405058,1765.07701255,-11504.87588474,-250969.11644961
2025-03-04 05:18:20,AAPL,BUY,283.4,2420.83837312,2447.23413095,7480.55777038,-243488.55867923
2025-03-04 05:19:20,NVDA,SELL,64.8,1848.55650792,1826.97891605,1398.22795342,-242090.33072582
2025-03-04 05:20:20,NVDA,BUY,112.9,688.23260207,692.69842516,504.19142717,-241586.13929865
2025-03-04 05:21:20,MSFT,SELL,108.8,1351.34736703,1357.94874418,-718.22983369,-242304.36913234
2025-03-04 05:22:20,TSLA,SELL,97.6,1165.44075929,1148.25739916,1677.09594893,-240627.27318341
2025-03-04 05:23:20,AAPL,SELL,113.0,798.11135739,792.86704809,592.60695092,-240034.66623249
2025-03-04 05:24:20,TSLA,SELL,106.0,821.48934365,826.49943169,-531.06933147,-240565.73556395
2025-03-04 05:25:20,NVDA,SELL,111.5,1769.40441833,1752.69844376,1862.71616461,-238703.01939934
2025-03-04 05:26:20,AAPL,BUY,53.1,1047.64881857,1061.67456111,744.7669292,-237958.25247015
2025-03-04 05:27:20,NVDA,SELL,110.0,476.40087975,477.05563167,-72.02271129,-238030.27518143
2025-03-04 05:28:20,NVDA,BUY,73.1,2276.00515508,2278.6673635,194.60743609,-237835.66774535
2025-03-04 05:29:20,MSFT,SELL,40.5,2132.08173604,2151.94900006,-804.62419288,-238640.29193823
2025-03-04 05:30:20,AAPL,SELL,107.6,689.92925507,694.14898374,-454.04280552,-239094.33474375
2025-03-04 05:31:20,AMZN,BUY,351.3,203.72784941,204.48635533,266.46312819,-238827.87161556
2025-03-04 05:32:20,NVDA,BUY,28.9,638.75320296,633.06415451,-164.41350025,-238992.28511581
2025-03-04 05:33:20,NVDA,SELL,42.0,1255.58482852,1244.11046984,481.92306457,-238510.36205125
2025-03-04 05:34:20,NVDA,SELL,93.8,921.93413497,927.572278,-528.85781616,-239039.2198674
2025-03-04 05:35:20,NVDA,BUY,69.1,783.92386619,779.87594714,-279.71120609,-239318.9310735
2025-03-04 05:36:20,TSLA,SELL,198.5,297.28381476,298.20437818,-182.73183907,-239501.66291256
2025-03-04 05:37:20,NFLX,BUY,262.8,1118.50424083,1129.83675472,2978.18464861,-236523.47826395
2025-03-04 05:38:20,MSFT,BUY,76.1,194.3667704,193.22027961,-87.2479491,-236610.72621306
2025-03-04 05:39:20,TSLA,SELL,104.2,1017.41419518,1016.50424772,94.81652458,-236515.90968848
2025-03-04 05:40:20,AMZN,BUY,59.3,2468.50443266,2477.75379008,548.48689489,-235967.42279359
2025-03-04 05:41:20,MSFT,BUY,41.5,174.0835181,171.38539332,-111.97217852,-236079.39497211
2025-03-04 05:42:20,TSLA,SELL,76.2,332.92991436,329.84062987,235.40347786,-235843.99149425
2025-03-04 05:43:20,MSFT,SELL,35.9,911.47785198,915.8950851,-158.578669,-236002.57016325
2025-03-04 05:44:20,MSFT,SELL,112.8,824.91727717,821.54793556,380.06173419,-235622.50842906
2025-03-04 05:45:20,AMZN,SELL,75.5,1568.91299118,1558.0535667,819.88654813,-234802.62188093
2025-03-04 05:46:20,TSLA,SELL,65.6,1521.05731233,1501.59050437,1277.02260217,-233525.59927876
2025-03-04 05:47:20,TSLA,SELL,35.1,615.75144058,614.25343099,52.58013661,-233473.01914215
2025-03-04 05:48:20,AAPL,SELL,83.8,1600.49997218,1613.49040774,-1088.59849963,-234561.61764179
2025-03-04 05:49:20,TSLA,BUY,91.1,2194.15964406,2207.86690762,1248.73170995,-233312.88593184
2025-03-04 05:50:20,NVDA,SELL,34.5,1827.25503051,1824.82838853,83.71914811,-233229.16678373
2025-03-04 05:51:20,TSLA,SELL,122.3,526.49070687,526.75239897,-32.00494348,-233261.1717272
2025-03-04 05:52:20,NVDA,SELL,102.2,1430.69254688,1445.17951757,-1480.56840477,-234741.74013198
2025-03-04 05:53:20,MSFT,BUY,304.1,1153.87785828,1160.01295793,1865.68380347,-232876.0563285
2025-03-04 05:54:20,NFLX,BUY,40.9,859.17293682,868.66394152,388.18209214,-232487.87423636
2025-03-04 05:55:20,MSFT,BUY,106.0,1082.42311319,1068.27565877,-1499.63016847,-233987.50440483
2025-03-04 05:56:20,NFLX,BUY,125.8,1571.8873452,1591.93179195,2521.59140096,-231465.91300387
2025-03-04 05:57:20,TSLA,SELL,78.6,163.08345361,163.33420092,-19.70873865,-231485.62174252
2025-03-04 05:58:20,AMZN,SELL,87.2,1663.54261103,1685.53175414,-1917.45327889,-233403.07502141
2025-03-04 05:59:20,AAPL,SELL,116.4,2480.49890724,2457.9723113,2622.09576678,-230780.97925463
2025-03-04 06:00:20,TSLA,BUY,69.8,483.48534907,482.91622552,-39.72482424,-230820.70407887
2025-03-04 06:01:20,AAPL,BUY,145.3,473.2962196,472.17083781,-163.5179739,-230984.22205277
2025-03-04 06:02:20,NFLX,SELL,260.1,1635.39450889,1639.90159682,-1172.2935696,-232156.51562238
2025-03-04 06:03:20,NVDA,SELL,288.2,2057.40875324,2056.57519041,240.23280625,-231916.28281613
2025-03-04 06:04:20,TSLA,SELL,138.1,2267.00553576,2298.97598224,-4415.11865945,-236331.40147558
2025-03-04 06:05:20,AMZN,BUY,99.0,1357.38802409,1343.90382493,-1334.93571688,-237666.33719246
2025-03-04 06:06:20,AMZN,SELL,323.3,2250.08065398,2236.71687324,4320.51031163,-233345.82688083
2025-03-04 06:07:20,NVDA,SELL,147.6,353.54283729,355.41160328,-275.82986094,-233621.65674177
2025-03-04 06:08:20,TSLA,SELL,85.6,215.56189402,216.23914188,-57.97241682,-233679.62915859
2025-03-04 06:09:20,TSLA,BUY,262.9,1776.63588814,1791.16762813,3820.39444221,-229859.23471638
2025-03-04 06:10:20,AAPL,BUY,130.3,998.4089511,1002.21522104,495.95697245,-229363.27774393
2025-03-04 06:11:20,NVDA,SELL,55.2,490.99865144,489.95401272,57.66405717,-229305.61368676
2025-03-04 06:12:20,TSLA,SELL,124.7,1011.78290758,1006.92831949,605.36713436,-228700.2465524
2025-03-04 06:13:20,NFLX,SELL,76.8,1667.5136087,1659.07202602,648.31354927,-228051.93300313
2025-03-04 06:14:20,AAPL,SELL,101.5,532.65168644,532.85502948,-20.63931842,-228072.57232155
2025-03-04 06:15:20,NVDA,SELL,120.6,1639.28036614,1660.6327406,-2575.09635941,-230647.66868095
2025-03-04 06:16:20,NVDA,BUY,389.0,1741.55279814,1729.16513756,-4818.79996799,-235466.46864894
2025-03-04 06:17:20,NVDA,SELL,265.5,616.31254342,616.31101953,0.40459261,-235466.06405634
2025-03-04 06:18:20,MSFT,BUY,88.4,930.84473851,917.96354593,-1138.6974239,-236604.76148024
2025-03-04 06:19:20,MSFT,BUY,26.2,657.10864505,645.50129296,-304.1126247,-236908.87410494
2025-03-04 06:20:20,NFLX,BUY,197.2,536.6593642,540.07624134,673.80817189,-236235.06593305
2025-03-04 06:21:20,AAPL,BUY,143.6,218.27248347,220.55072666,327.15572135,-235907.9102117
2025-03-04 06:22:20,TSLA,BUY,137.4,1115.48367411,1117.65734571,298.66247724,-235609.24773447
2025-03-04 06:23:20,TSLA,BUY,94.6,1259.96373173,1278.48577809,1752.18558655,-233857.06214792
2025-03-04 06:24:20,NVDA,SELL,55.3,1459.97458624,1457.70827593,125.32696054,-233731.73518738
2025-03-04 06:25:20,AAPL,SELL,98.8,449.29487517,445.11644474,412.82892651,-233318.90626087
2025-03-04 06:26:20,AAPL,SELL,86.9,1049.4819179,1048.19915842,111.47179937,-233207.4344615
2025-03-04 06:27:20,MSFT,BUY,29.9,2084.54376118,2102.2167172,528.42138504,-232679.01307645
2025-03-04 06:28:20,AMZN,SELL,57.7,1656.21743625,1647.19025332,520.8684553,-232158.14462116
2025-03-04 06:29:20,TSLA,BUY,84.1,2128.80429285,2135.06632048,526.63652324,-231631.50809792
2025-03-04 06:30:20,TSLA,SELL,66.6,2373.07960777,2370.67418184,160.20136709,-231471.30673083
2025-03-04 06:31:20,AAPL,SELL,62.3,437.38990879,439.35343174,-122.32747985,-231593.63421068
2025-03-04 06:32:20,TSLA,BUY,86.5,2191.25761896,2186.21687059,-436.02473398,-232029.65894465
2025-03-04 06:33:20,NFLX,BUY,101.8,1456.54331481,1447.22603211,-948.49937876,-232978.15832341
2025-03-04 06:34:20,NFLX,BUY,293.0,2185.71304594,2192.00059794,1842.25273366,-231135.90558976
2025-03-04 06:35:20,AAPL,BUY,40.5,650.60482364,654.59253453,161.50229113,-230974.40329862
2025-03-04 06:36:20,TSLA,BUY,65.3,1824.06452539,1826.380936,151.26161251,-230823.14168611
2025-03-04 06:37:20,TSLA,SELL,60.4,1509.72062864,1491.01985762,1129.52656972,-229693.61511639
2025-03-04 06:38:20,AMZN,SELL,64.4,1583.56549662,1608.85835778,-1628.86025877,-231322.47537516
2025-03-04 06:39:20,MSFT,SELL,71.4,169.2756147,169.38878728,-8.08052237,-231330.55589753
2025-03-04 06:40:20,AAPL,SELL,365.5,301.49368737,302.90681935,-516.49973953,-231847.05563706
2025-03-04 06:41:20,AAPL,BUY,173.1,745.29963842,748.91169122,625.24633992,-231221.80929714
2025-03-04 06:42:20,MSFT,BUY,83.9,1407.25142424,1384.22022559,-1932.31756698,-233154.12686412
2025-03-04 06:43:20,TSLA,SELL,61.1,1822.08847243,1810.65749669,698.43261785,-232455.69424627
2025-03-04 06:44:20,NVDA,BUY,106.3,1978.28989378,1985.37495368,753.14186685,-231702.55237942
2025-03-04 06:45:20,NVDA,BUY,82.6,1739.69994291,1728.73282388,-905.88403211,-232608.43641153
2025-03-04 06:46:20,TSLA,BUY,27.2,2143.72268092,2146.09789075,64.60570753,-232543.830704
2025-03-04 06:47:20,AAPL,SELL,95.0,456.97962369,455.34690391,155.1083794,-232388.72232459
2025-03-04 06:48:20,MSFT,SELL,146.6,2309.83555389,2310.88334495,-153.60616834,-232542.32849293
2025-03-04 06:49:20,AMZN,BUY,82.6,1554.28041522,1540.99502764,-1097.37301408,-233639.70150702
2025-03-04 06:50:20,TSLA,SELL,374.8,1283.83464185,1296.17848112,-4626.47095648,-238266.1724635
2025-03-04 06:51:20,TSLA,SELL,378.1,2393.57302058,2372.54097812,7952.21525292,-230313.95721058
2025-03-04 06:52:20,NVDA,SELL,77.4,814.39481423,807.94945108,498.87110817,-229815.08610241
2025-03-04 06:53:20,NFLX,SELL,68.6,854.0017907,863.49220588,-651.04248096,-230466.12858337
2025-03-04 06:54:20,AAPL,SELL,125.9,1865.33967584,1873.85711811,-1072.34598192,-231538.47456529
2025-03-04 06:55:20,NFLX,SELL,114.3,177.24256772,177.33166908,-10.184286,-231548.65885128
2025-03-04 06:56:20,TSLA,BUY,115.8,1487.53761703,1505.60543188,2092.25295933,-229456.40589195
2025-03-04 06:57:20,AMZN,BUY,103.0,712.75312281,731.90430034,1972.57128551,-227483.83460645
2025-03-04 06:58:20,TSLA,BUY,89.9,2099.31911457,2097.75951332,-140.20815221,-227624.04275866
2025-03-04 06:59:20,NFLX,SELL,276.3,1857.31898683,1859.25252184,-534.23572299,-228158.27848165
2025-03-04 06:59:40,MSFT,SELL,77.8,2964.40523722,2928.73399096,2775.22295914,-225383.0555225
2025-03-04 07:00:10,AAPL,BUY,95.7,2801.8513246,2811.80109851,952.19336342,-224430.86215908
2025-03-04 07:00:40,MSFT,BUY,168.3,757.00237105,764.39777399,1244.64631574,-223186.21584334
2025-03-04 07:01:10,TSLA,BUY,208.5,2418.47756597,2435.85664075,3623.53709282,-219562.67875052
2025-03-04 07:01:40,AMZN,SELL,176.5,1865.49560926,1863.0535461,431.02414705,-219131.65460347
2025-03-04 07:02:10,AMZN,BUY,280.5,311.6520058,311.9391054,80.5314373,-219051.12316618
2025-03-04 07:03:10,MSFT,SELL,103.9,2832.12984476,2802.40977568,3087.91517707,-215963.20798911
2025-03-04 07:03:30,MSFT,BUY,110.2,1893.0691859,1898.82921464,634.75516757,-215328.45282154
2025-03-04 07:03:40,AAPL,BUY,273.6,3010.31792534,3047.28756127,10114.89238976,-205213.56043178
2025-03-04 07:03:50,NVDA,BUY,231.3,2305.69384031,2265.80203493,-9226.97458555,-214440.53501733
2025-03-04 07:04:20,AMZN,BUY,277.1,2303.60093827,2320.57484907,4703.47068262,-209737.0643347
2025-03-04 07:04:30,NVDA,BUY,128.6,1516.71329347,1502.55540862,-1820.70399112,-211557.76832582
2025-03-04 07:04:50,AMZN,SELL,174.6,350.10749852,344.46374201,985.39988736,-210572.36843846
2025-03-04 07:05:00,AMZN,BUY,197.1,1780.66844337,1799.09840672,3632.54577536,-206939.8226631
2025-03-04 07:05:30,AAPL,BUY,288.9,3085.93545493,3047.19834843,-11191.15006808,-218130.97273118
2025-03-04 07:06:00,NVDA,SELL,60.6,2084.28153488,2069.13874683,917.65295567,-217213.31977551
2025-03-04 07:06:20,NFLX,BUY,91.9,587.6232816,585.63852199,-182.39940864,-217395.71918415
2025-03-04 07:07:20,AAPL,BUY,275.5,254.94657349,258.73022248,1042.39529641,-216353.32388774
2025-03-04 07:07:30,TSLA,SELL,247.9,2915.56893151,2924.39088997,-2186.96350102,-218540.28738876
2025-03-04 07:08:00,AAPL,SELL,291.8,3100.85912068,3116.0564654,-4434.58518865,-222974.87257741
2025-03-04 07:08:10,NFLX,BUY,67.7,2559.18582437,2557.48883881,-114.88592196,-223089.75849937
2025-03-04 07:08:30,AMZN,SELL,221.7,2418.06261212,2413.41222359,1030.99113679,-222058.76736258
2025-03-04 07:08:40,AMZN,SELL,53.0,2088.69910092,2101.5294564,-680.00884031,-222738.77620289
2025-03-04 07:09:40,TSLA,BUY,65.6,1229.05582342,1242.24437968,865.16929098,-221873.60691191
2025-03-04 07:09:50,AAPL,SELL,181.9,801.90515324,802.49805719,-107.84922934,-221981.45614125
2025-03-04 07:10:20,AMZN,BUY,80.2,793.62936414,788.3651032,-422.19372715,-222403.6498684
2025-03-04 07:10:50,NFLX,SELL,57.8,2097.00574587,2097.36920581,-21.00798468,-222424.65785308
2025-03-04 07:11:10,NFLX,SELL,187.5,462.83090435,461.3546523,276.79725984,-222147.86059324
2025-03-04 07:11:20,AAPL,SELL,259.6,2049.48107921,2050.74969623,-329.33298055,-222477.19357379
2025-03-04 07:12:20,TSLA,BUY,82.8,2555.8750028,2590.78925498,2890.90008035,-219586.29349343
2025-03-04 07:12:50,AAPL,SELL,263.8,226.58608596,228.24778941,-438.35737085,-220024.65086428
2025-03-04 07:13:50,AMZN,BUY,262.6,3181.30915079,3195.24396008,3659.28092024,-216365.36994404
2025-03-04 07:14:20,NVDA,BUY,219.7,2253.66890636,2266.7508265,2874.0978543,-213491.27208975
2025-03-04 07:14:50,NFLX,SELL,215.6,2841.74399734,2817.15379326,5301.64799967,-208189.62409008
2025-03-04 07:15:50,MSFT,SELL,54.3,3149.99539247,3112.13836348,2055.63667389,-206133.98741619
2025-03-04 07:16:20,NVDA,SELL,288.7,2475.98997623,2465.21624951,3110.37490516,-203023.61251103
2025-03-04 07:16:40,NFLX,SELL,128.0,1616.59456726,1627.27511877,-1367.11059395,-204390.72310497
2025-03-04 07:17:40,AMZN,BUY,157.9,1013.08396111,1025.19826519,1912.84861379,-202477.87449118
2025-03-04 07:18:10,TSLA,SELL,124.3,2864.71408336,2833.56429923,3871.91816756,-198605.95632362
2025-03-04 07:18:40,AMZN,SELL,216.7,826.65191959,831.16536771,-978.0642075,-199584.02053112
2025-03-04 07:19:00,AAPL,SELL,263.3,154.21533394,154.57284762,-94.13335223,-199678.15388335
2025-03-04 07:19:20,NVDA,BUY,205.3,1871.40738802,1869.29282012,-434.12078979,-200112.27467314
2025-03-04 07:19:40,TSLA,SELL,113.6,872.82818461,866.84755222,679.39983914,-199432.874834
2025-03-04 07:19:50,AMZN,BUY,253.1,1813.9233899,1822.12590973,2076.05776999,-197356.81706401
2025-03-04 07:20:00,AAPL,BUY,156.8,1934.02185536,1957.45055898,3673.62072798,-193683.19633604
2025-03-04 07:20:30,MSFT,BUY,190.0,3407.21391011,3384.63353427,-4290.27141007,-197973.46774611
2025-03-04 07:20:50,NFLX,SELL,180.7,2178.60030464,2165.43939068,2378.17715185,-195595.29059426
2025-03-04 07:21:50,NVDA,SELL,257.5,126.17253005,127.18525468,-260.77659297,-195856.06718724
2025-03-04 07:22:50,NFLX,SELL,140.5,333.85423617,337.23423768,-474.89021164,-196330.95739887
2025-03-04 07:23:10,NVDA,SELL,265.6,3280.29968649,3259.80949259,5442.19550064,-190888.76189823
2025-03-04 07:23:20,NFLX,SELL,139.0,1626.89905437,1620.54407789,883.34173182,-190005.42016642
2025-03-04 07:23:40,NFLX,BUY,291.6,2419.5696808,2408.72317274,-3162.84174901,-193168.26191543
2025-03-04 07:23:50,MSFT,BUY,59.5,3151.88762836,3147.46595428,-263.08960796,-193431.35152339
2025-03-04 07:24:50,AAPL,SELL,216.1,3339.40405032,3339.00531553,86.16658888,-193345.18493451
2025-03-04 07:25:10,AMZN,SELL,132.9,1632.11960954,1624.52773223,1008.96049375,-192336.22444076
2025-03-04 07:25:30,NFLX,BUY,255.6,3356.03201292,3329.92340915,-6673.35912323,-199009.58356398
2025-03-04 07:25:50,AAPL,BUY,231.8,2596.69958794,2606.38147061,2244.26040191,-196765.32316207
2025-03-04 07:26:20,TSLA,BUY,281.2,1545.23179029,1538.77945163,-1814.39763206,-198579.72079414
2025-03-04 07:26:30,NVDA,SELL,248.9,314.96275345,313.08027713,468.54835687,-198111.17243727
2025-03-04 07:26:40,NVDA,SELL,128.7,2213.98191272,2210.8874561,398.25656744,-197712.91586982
2025-03-04 07:26:50,MSFT,SELL,114.7,940.40169464,931.02521044,1075.48273703,-196637.4331328
2025-03-04 07:27:20,NVDA,BUY,178.8,3076.95964667,3068.39364826,-1531.60051615,-198169.03364895
2025-03-04 07:27:50,MSFT,SELL,80.0,733.81730771,720.59372308,1057.88677078,-197111.14687817
2025-03-04 07:28:00,AMZN,BUY,284.9,3059.0328469,3053.5285399,-1568.17706285,-198679.32394101
2025-03-04 07:29:00,NVDA,BUY,70.8,3358.17113569,3341.31415987,-1193.47388835,-199872.79782937
2025-03-04 07:29:30,AMZN,SELL,293.1,2288.38066779,2287.9260981,133.23437514,-199739.56345422
2025-03-04 07:29:40,NFLX,SELL,100.5,653.34696646,655.50375031,-216.75677732,-199956.32023154
2025-03-04 07:30:40,AMZN,BUY,277.9,3124.64474342,3159.14390328,9587.31652418,-190369.00370736
2025-03-04 07:31:40,AAPL,SELL,215.5,2615.766255,2627.47139904,-2522.45854112,-192891.46224848
2025-03-04 07:32:10,AAPL,BUY,221.4,2912.74164656,2875.93985114,-8147.91750663,-201039.37975511
2025-03-04 07:32:30,NFLX,BUY,168.4,2629.21969,2633.51381304,723.13031999,-200316.24943512
2025-03-04 07:33:30,NFLX,SELL,250.5,1102.29172563,1105.57914896,-823.49954429,-201139.74897941
2025-03-04 07:33:50,AMZN,BUY,212.3,662.50157606,663.39028925,188.67380843,-200951.07517098
2025-03-04 07:34:20,MSFT,SELL,275.9,930.4141915,932.51655365,-580.04171743,-201531.11688841
2025-03-04 07:34:40,AMZN,BUY,138.7,2789.6914532,2773.52496436,-2242.29200096,-203773.40888937
2025-03-04 07:34:50,TSLA,BUY,262.7,3344.0694699,3315.93788522,-7390.16729754,-211163.57618691
2025-03-04 07:35:50,MSFT,BUY,291.8,3125.8796655,3101.4289247,-7134.72616562,-218298.30235252
2025-03-04 07:36:50,NFLX,SELL,167.8,339.4959523,337.09224319,403.34238809,-217894.95996444
2025-03-04 07:37:00,MSFT,BUY,129.3,1383.49221107,1384.65518537,150.37257724,-217744.5873872
2025-03-04 07:38:00,AMZN,SELL,215.3,1922.59160471,1911.10891324,2472.223473,-215272.36391421
2025-03-04 07:38:20,NVDA,SELL,219.6,2864.02218661,2873.60440472,-2104.25509553,-217376.61900973
2025-03-04 07:39:20,NFLX,BUY,162.3,3122.85471694,3071.92853818,-8265.31881333,-225641.93782307
2025-03-04 07:39:30,AMZN,SELL,228.8,3271.5608509,3243.91464029,6325.45298738,-219316.48483568
2025-03-04 07:39:50,AMZN,BUY,249.2,3256.03417789,3232.28382356,-5918.58829943,-225235.07313512
2025-03-04 07:40:50,NVDA,BUY,292.2,1091.03428677,1093.29857561,661.6251994,-224573.44793572
2025-03-04 07:41:10,NFLX,SELL,73.3,1186.03513563,1195.7584775,-712.72095902,-225286.16889474
2025-03-04 07:41:30,AMZN,BUY,124.4,1070.55624898,1078.34079871,968.39798738,-224317.77090735
2025-03-04 07:41:40,TSLA,BUY,55.4,1694.23615073,1685.31906751,-494.00641055,-224811.7773179
2025-03-04 07:41:50,AMZN,SELL,250.7,3002.79454681,3027.79323043,-6267.16998336,-231078.94730126
2025-03-04 07:42:50,NFLX,SELL,131.2,2348.7669126,2295.77555886,6952.46561083,-224126.48169043
2025-03-04 07:43:00,AMZN,BUY,262.0,1252.19841325,1260.55363655,2189.06850641,-221937.41318402
2025-03-04 07:43:30,MSFT,SELL,258.2,1743.92405356,1744.79506276,-224.89457366,-222162.30775768
2025-03-04 07:43:40,AAPL,SELL,180.8,1833.2168899,1838.19632916,-900.28261846,-223062.59037614
2025-03-04 07:44:10,AMZN,BUY,229.7,831.91383171,832.86946661,219.50933545,-222843.08104069
2025-03-04 07:44:30,AAPL,BUY,278.5,2040.61390839,2027.33972971,-3696.85876271,-226539.93980341
2025-03-04 07:44:40,TSLA,BUY,84.3,1889.02155436,1876.18501108,-1082.12059779,-227622.06040119
2025-03-04 07:45:40,MSFT,SELL,57.8,792.89904002,793.85823359,-55.44138857,-227677.50178976
2025-03-04 07:46:10,AAPL,BUY,71.1,1845.19818036,1856.27630535,787.65468674,-226889.84710302
2025-03-04 07:47:10,MSFT,BUY,69.4,2547.18880427,2546.10773675,-75.02608582,-226964.87318884
2025-03-04 07:47:30,TSLA,SELL,218.4,862.31336151,864.11149979,-392.71340029,-227357.58658913
2025-03-04 07:47:50,NFLX,SELL,289.5,1956.71050601,1977.33487371,-5970.75444956,-233328.34103869
2025-03-04 07:48:00,AAPL,BUY,262.5,2641.99168283,2657.91974573,4181.11651141,-229147.22452728
2025-03-04 07:48:10,NFLX,SELL,130.4,2192.37930325,2156.88149705,4628.91392861,-224518.31059867
2025-03-04 07:48:20,TSLA,SELL,109.2,2038.84362482,2033.10143125,627.04753835,-223891.26306032
2025-03-04 07:48:40,AMZN,BUY,279.0,2613.58473774,2592.75573767,-5811.29101827,-229702.5540786
2025-03-04 07:49:00,AMZN,SELL,210.7,1656.22777509,1675.30897813,-4020.40948061,-233722.96355921
2025-03-04 07:50:00,AAPL,BUY,114.1,2801.10008313,2808.99745797,901.09046905,-232821.87309016
2025-03-04 07:51:00,NFLX,BUY,290.1,1899.19314082,1903.23911133,1173.73604643,-231648.13704373
2025-03-04 07:51:20,TSLA,BUY,125.1,3371.69786532,3355.59498613,-2014.47018612,-233662.60722985
2025-03-04 07:51:30,MSFT,BUY,283.4,3028.92293277,3008.91296828,-5670.82393652,-239333.43116637
2025-03-04 07:51:50,NFLX,SELL,59.0,1235.60244401,1243.10939286,-442.90998206,-239776.34114843
2025-03-04 07:52:20,TSLA,SELL,262.4,2926.94099643,2893.47256247,8782.1170715,-230994.22407693
2025-03-04 07:53:20,AMZN,BUY,238.3,361.15749398,364.87381062,885.59825565,-230108.62582129
2025-03-04 07:53:50,AMZN,BUY,278.2,2570.18905827,2585.96102733,4387.76179035,-225720.86403094
2025-03-04 07:54:10,NFLX,SELL,207.7,2636.24570087,2647.59175802,-2356.57606856,-228077.4400995
2025-03-04 07:55:10,MSFT,BUY,275.5,1551.68574025,1537.74662256,-3840.22692434,-231917.66702384
2025-03-04 07:55:30,MSFT,SELL,122.7,383.79560362,388.91635173,-628.31579374,-232545.98281757
2025-03-04 07:55:50,MSFT,SELL,118.9,1948.67089842,1950.99194636,-275.97259986,-232821.95541743
2025-03-04 07:56:50,AAPL,SELL,250.1,677.38917605,669.17859638,2053.46597452,-230768.48944292
2025-03-04 07:57:00,AAPL,BUY,193.5,1746.85171456,1740.76996882,-1176.81780226,-231945.30724517
2025-03-04 07:57:20,NFLX,BUY,252.1,1494.30492309,1483.84746374,-2636.32550163,-234581.63274681
2025-03-04 07:57:50,AMZN,SELL,105.7,2718.54237849,2688.52199488,3173.15454838,-231408.47819843
2025-03-04 07:58:50,NVDA,SELL,288.0,3460.04032935,3477.34359095,-4983.33934155,-236391.81753997
2025-03-04 07:59:20,NVDA,SELL,224.7,2015.10004977,2025.3834812,-2310.6870425,-238702.50458248
2025-03-04 08:00:20,NFLX,BUY,289.6,2479.41754968,2496.67549025,4997.8995887,-233704.60499378
2025-03-04 08:01:20,AAPL,SELL,209.1,2127.95076144,2135.43552561,-1565.06418634,-235269.66918012
2025-03-04 08:01:50,MSFT,BUY,108.5,2591.97091486,2610.71379662,2033.60267151,-233236.0665086
2025-03-04 08:02:20,NVDA,SELL,86.8,1362.30754199,1328.71236039,2916.06176278,-230320.00474583
2025-03-04 08:02:50,MSFT,BUY,202.8,3490.35356855,3501.5626201,2273.19565489,-228046.80909094
2025-03-04 08:03:20,NVDA,BUY,133.5,2773.91239886,2782.57127983,1155.96060871,-226890.84848223
2025-03-04 08:03:40,NVDA,BUY,123.6,2469.77392743,2491.9840293,2745.16859007,-224145.67989216
2025-03-04 08:04:10,NFLX,SELL,208.5,1965.37053176,1977.79716098,-2590.95219068,-226736.63208284
2025-03-04 08:04:40,MSFT,SELL,292.7,3154.12705927,3158.40652024,-1252.59822369,-227989.23030654
2025-03-04 08:05:00,MSFT,BUY,293.0,2369.25522042,2359.31062644,-2913.76603579,-230902.99634233
2025-03-04 08:05:30,NFLX,SELL,109.6,1553.28127647,1562.74004336,-1036.68085032,-231939.67719265
2025-03-04 08:06:00,AMZN,BUY,97.0,114.27034682,112.65131262,-157.04631744,-232096.72351009
2025-03-04 08:06:10,NFLX,SELL,258.1,2689.85102972,2674.70918307,3908.11062003,-228188.61289006
2025-03-04 08:06:30,MSFT,SELL,210.5,3416.01843141,3364.48124506,10848.5777267,-217340.03516336
2025-03-04 08:06:50,AMZN,SELL,103.2,855.88191133,853.33095679,263.25850794,-217076.77665542
2025-03-04 08:07:10,AMZN,SELL,297.9,1491.24387405,1498.39681769,-2130.86191211,-219207.63856754
2025-03-04 08:08:10,NVDA,BUY,164.3,1298.44807383,1289.50948119,-1468.61077157,-220676.24933911
2025-03-04 08:08:40,AAPL,SELL,151.2,605.3220436,605.70558983,-57.99218986,-220734.24152896
2025-03-04 08:08:50,AMZN,SELL,247.6,432.9904423,429.69587675,815.73443035,-219918.50709861
2025-03-04 08:09:00,TSLA,SELL,231.0,2026.44583964,1996.62242753,6889.20819658,-213029.29890203
2025-03-04 08:10:00,MSFT,SELL,181.0,433.91022277,429.51943717,794.73219376,-212234.56670827
2025-03-04 08:11:00,NVDA,BUY,167.0,1849.30736051,1859.96268512,1779.43920912,-210455.12749915
2025-03-04 08:12:00,AMZN,BUY,86.0,2652.68489482,2663.74079469,950.80738821,-209504.32011094
2025-03-04 08:13:00,AMZN,SELL,70.1,2215.00233156,2198.68957963,1143.5239105,-208360.79620044
2025-03-04 08:13:10,TSLA,BUY,265.5,550.49645131,557.17414259,1772.92703736,-206587.86916308
2025-03-04 08:13:40,AAPL,BUY,138.7,2187.62835273,2188.30941968,94.46398595,-206493.40517713
2025-03-04 08:13:50,AAPL,SELL,199.1,3238.96798685,3226.28504342,2525.17403657,-203968.23114055
2025-03-04 08:14:10,AAPL,SELL,84.1,3403.61205571,3440.82706107,-3129.78195085,-207098.0130914
2025-03-04 08:14:30,NFLX,BUY,72.8,1886.83848583,1891.56528829,344.11121916,-206753.90187224
2025-03-04 08:14:40,NVDA,SELL,202.9,2081.81240526,2096.94740592,-3070.89163345,-209824.79350569
2025-03-04 08:15:10,TSLA,BUY,215.9,2720.62713992,2737.94528153,3738.98677459,-206085.8067311
2025-03-04 08:15:30,MSFT,SELL,151.1,833.75803382,834.21829161,-69.54495128,-206155.35168238
2025-03-04 08:16:00,TSLA,BUY,106.3,1162.5757225,1154.97171847,-808.30562856,-206963.65731094
2025-03-04 08:16:10,MSFT,SELL,201.5,1819.75632397,1825.02499656,-1061.63752715,-208025.29483809
2025-03-04 08:16:30,AMZN,BUY,133.7,1550.52626982,1535.36382467,-2027.21891629,-210052.51375437
2025-03-04 08:16:40,TSLA,BUY,245.6,2023.15373489,2032.84213405,2379.47083357,-207673.0429208
2025-03-04 08:17:10,AMZN,BUY,147.3,2685.31709941,2701.18337153,2337.10188223,-205335.94103857
2025-03-04 08:17:20,AMZN,BUY,146.7,2655.50987287,2664.90617481,1378.43749448,-203957.50354409
2025-03-04 08:17:40,MSFT,BUY,156.1,1185.31752202,1168.35282946,-2648.18850737,-206605.69205146
2025-03-04 08:18:00,TSLA,SELL,264.1,1774.23714396,1742.60828054,8353.18282692,-198252.50922453
2025-03-04 08:18:10,TSLA,SELL,152.2,942.30295772,945.1354969,-431.1124638,-198683.62168834
2025-03-04 08:19:10,MSFT,SELL,236.5,1853.50275501,1849.15174771,1029.01322664,-197654.6084617
2025-03-04 08:20:10,TSLA,BUY,140.1,1390.82365395,1386.37941849,-622.63738893,-198277.24585063
2025-03-04 08:20:20,NFLX,SELL,248.4,1431.94349786,1432.19629546,-62.79492558,-198340.0407762
2025-03-04 08:21:20,NFLX,SELL,108.0,2221.28391172,2184.95560454,3923.45717502,-194416.58360119
2025-03-04 08:22:20,MSFT,SELL,186.8,2543.5643163,2570.89148273,-5104.71468873,-199521.29828992
2025-03-04 08:22:40,NFLX,SELL,270.8,927.88388123,926.17129729,463.76773114,-199057.53055878
2025-03-04 08:23:40,MSFT,SELL,202.3,2007.56570025,2010.29093199,-551.31438222,-199608.84494099
2025-03-04 08:24:10,AMZN,SELL,238.3,2145.31103399,2148.75030714,-819.5787905,-200428.42373149
2025-03-04 08:25:10,TSLA,SELL,186.8,1573.28626679,1579.09141951,-1084.40252761,-201512.8262591
2025-03-04 08:25:30,AAPL,SELL,120.6,103.89623214,103.46781821,51.66671909,-201461.15954001
2025-03-04 08:25:50,AMZN,BUY,198.9,2085.73143661,2086.27933004,108.97600408,-201352.18353593
2025-03-04 08:26:10,NVDA,SELL,231.3,1831.96635641,1854.47215072,-5205.59022443,-206557.77376037
2025-03-04 08:26:40,NFLX,SELL,202.1,1795.32317511,1792.24209964,622.68535239,-205935.08840798
2025-03-04 08:27:00,MSFT,SELL,50.9,1409.42524113,1419.18830258,-496.93982808,-206432.02823606
2025-03-04 08:27:10,MSFT,BUY,57.4,2185.64928917,2210.29352395,1414.57907617,-205017.44915989
2025-03-04 08:27:20,NFLX,BUY,117.4,1969.73163977,1970.03448762,35.55433763,-204981.89482227
2025-03-04 08:28:20,NVDA,SELL,117.4,2772.97263293,2788.41675316,-1813.13971553,-206795.0345378
2025-03-04 08:29:20,AMZN,SELL,276.3,677.98740894,685.96813622,-2205.07494652,-209000.10948432
2025-03-04 08:30:20,AMZN,BUY,297.4,782.18852205,787.86741285,1688.90212172,-207311.2073626
2025-03-04 08:31:20,NVDA,BUY,114.2,2793.99327881,2818.36236041,2782.94911944,-204528.25824316
2025-03-04 08:31:50,NVDA,SELL,214.8,1610.73956808,1633.93084551,-4981.48639184,-209509.744635
2025-03-04 08:32:10,TSLA,BUY,78.7,2255.5095887,2245.59707351,-780.11494514,-210289.85958014
2025-03-04 08:32:20,AMZN,SELL,230.2,2755.54661166,2734.34516222,4880.5736607,-205409.28591944
2025-03-04 08:32:30,TSLA,BUY,148.3,1011.1879259,1014.7031395,521.30617649,-204887.97974295
2025-03-04 08:32:50,MSFT,BUY,107.0,1051.76071363,1056.14946002,469.59586315,-204418.38387979
2025-03-04 08:33:20,MSFT,SELL,106.5,2022.60524727,2041.24903448,-1985.56333756,-206403.94721735
2025-03-04 08:34:20,NVDA,BUY,97.8,3221.46031171,3191.13481968,-2965.83312098,-209369.78033833
2025-03-04 08:35:20,TSLA,BUY,131.1,792.98627864,796.97712742,523.20027499,-208846.58006334
2025-03-04 08:36:20,TSLA,BUY,220.4,124.24206875,125.03688454,175.17740003,-208671.40266331
2025-03-04 08:36:40,AAPL,BUY,170.0,1321.1870119,1314.98353572,-1054.59095169,-209725.993615
2025-03-04 08:37:00,MSFT,SELL,110.5,3383.34231631,3408.96237451,-2831.01643167,-212557.01004668
2025-03-04 08:38:00,TSLA,BUY,175.2,851.39373558,856.98506656,979.60118756,-211577.40885912
2025-03-04 08:38:10,TSLA,BUY,243.0,1290.68654606,1286.00544847,-1137.5067142,-212714.91557332
2025-03-04 08:38:20,AAPL,SELL,108.8,2749.83510116,2800.69702038,-5533.77681036,-218248.69238368
2025-03-04 08:38:40,AAPL,SELL,266.3,2662.31439399,2668.32058682,-1599.44915023,-219848.14153391
2025-03-04 08:39:10,TSLA,BUY,295.5,1487.24816779,1491.72643339,1323.32748255,-218524.81405136
2025-03-04 08:39:30,AAPL,SELL,209.7,1390.618389,1401.98205638,-2382.96105049,-220907.77510185
2025-03-04 08:39:50,NVDA,BUY,240.9,323.6407916,325.7699397,512.91177731,-220394.86332453
2025-03-04 08:40:00,TSLA,BUY,217.9,2734.05965935,2732.03428118,-441.32990294,-220836.19322747
2025-03-04 08:40:10,TSLA,BUY,167.9,475.47686245,468.36763101,-1193.63995821,-222029.83318568
2025-03-04 08:40:30,MSFT,SELL,137.3,929.00109884,925.45346766,487.08976159,-221542.74342409
2025-03-04 08:41:00,TSLA,SELL,280.0,360.33338219,358.61351472,481.56289115,-221061.18053293
2025-03-04 08:41:20,AAPL,BUY,149.2,1903.39633912,1937.20555909,5044.33561945,-216016.84491348
2025-03-04 08:41:40,MSFT,BUY,94.7,3234.38789746,3250.07434739,1485.50680866,-214531.33810483
2025-03-04 08:41:50,TSLA,BUY,293.9,1104.87849536,1103.08484483,-527.15388962,-215058.49199445
2025-03-04 08:42:20,MSFT,SELL,56.6,601.98787497,601.72422164,14.92277854,-215043.56921591
2025-03-04 08:43:20,MSFT,SELL,119.7,3465.73868423,3454.06646816,1397.16426314,-213646.40495277
2025-03-04 08:44:20,NFLX,SELL,170.4,377.41154332,377.68340518,-46.3252618,-213692.73021457
2025-03-04 08:45:20,NVDA,SELL,201.5,1480.9848439,1489.49554893,-1714.90706292,-215407.63727749
2025-03-04 08:45:40,AMZN,BUY,223.4,1918.11503241,1916.56216288,-346.91105113,-215754.54832862
2025-03-04 08:45:50,AAPL,SELL,86.7,3148.04992698,3138.98592218,785.84921619,-214968.69911242
2025-03-04 08:46:20,MSFT,SELL,178.1,574.77055738,573.63155895,202.85562147,-214765.84349095
2025-03-04 08:47:20,NVDA,SELL,155.8,1192.00948049,1183.20790278,1371.28580645,-213394.5576845
2025-03-04 08:47:30,AMZN,BUY,181.9,1182.8874651,1183.7761115,161.64478023,-213232.91290426
2025-03-04 08:47:40,AMZN,BUY,147.8,3318.54793628,3314.2228809,-639.24318589,-213872.15609015
2025-03-04 08:48:40,MSFT,BUY,107.5,595.51999797,592.50052747,-324.59307922,-214196.74916938
2025-03-04 08:49:10,TSLA,BUY,66.9,2201.50811876,2242.15127371,2719.02706625,-211477.72210313
2025-03-04 08:49:20,TSLA,SELL,54.8,1534.31853405,1525.18995352,500.24621305,-210977.47589007
2025-03-04 08:49:50,AMZN,SELL,141.8,3450.76581347,3431.79062,2690.68243412,-208286.79345596
2025-03-04 08:50:50,TSLA,SELL,147.1,1715.05697378,1730.12526957,-2216.54631064,-210503.33976659
2025-03-04 08:51:10,AAPL,BUY,55.5,1264.63338033,1272.91231526,459.48088874,-210043.85887785
2025-03-04 08:51:30,NFLX,BUY,86.4,2447.33735122,2441.57936733,-497.48980772,-210541.34868557
2025-03-04 08:52:00,AAPL,SELL,273.1,2109.92701572,2096.40288386,3693.44041143,-206847.90827414
2025-03-04 08:53:00,AMZN,SELL,125.4,3050.6304889,3061.76415093,-1396.16121935,-208244.06949349
2025-03-04 08:53:10,NVDA,SELL,181.5,1643.85889066,1645.31952469,-265.10507576,-208509.17456925
2025-03-04 08:54:10,AMZN,BUY,201.2,1731.74734261,1707.70052155,-4838.22039773,-213347.39496698
2025-03-04 08:54:40,TSLA,SELL,283.6,1730.11717771,1719.00173428,3152.33975561,-210195.05521137
2025-03-04 08:55:00,AAPL,BUY,69.2,3230.50898136,3206.67937615,-1649.00867995,-211844.06389132
2025-03-04 08:55:30,AAPL,BUY,220.4,2172.50679448,2206.28639156,7445.02319725,-204399.04069407
2025-03-04 08:56:00,AMZN,SELL,263.2,687.36579644,687.67073025,-80.25857803,-204479.2992721
2025-03-04 08:56:30,MSFT,SELL,150.2,576.0873442,576.47452186,-58.15408486,-204537.45335696
2025-03-04 08:57:00,NVDA,SELL,285.3,2377.13574525,2362.12657491,4282.11629806,-200255.3370589
2025-03-04 08:57:30,MSFT,BUY,185.3,2613.74306605,2612.95438581,-146.14244797,-200401.47950687
2025-03-04 08:58:30,AMZN,SELL,199.0,2008.09922054,2020.25588377,-2419.1759841,-202820.65549098
2025-03-04 08:58:40,MSFT,BUY,259.6,1493.93106801,1496.67563518,712.48963531,-202108.16585567
2025-03-04 08:59:00,AMZN,SELL,276.0,2555.59307104,2528.64124898,7438.70288884,-194669.46296683
2025-03-04 09:00:00,NFLX,SELL,177.2,3105.32254788,3075.31830477,5316.7518792,-189352.71108764
2025-03-04 09:00:20,TSLA,BUY,276.6,1691.80439379,1713.93133903,6120.31305302,-183232.39803461
2025-03-04 09:01:20,AMZN,BUY,273.9,3264.39357685,3260.50948157,-1063.85369974,-184296.25173435
2025-03-04 09:01:30,NVDA,BUY,244.8,1863.39738403,1870.56194148,1753.88366371,-182542.36807064
2025-03-04 09:01:50,AMZN,BUY,298.4,2011.06566772,2039.73580782,8555.16980491,-173987.19826573
2025-03-04 09:02:50,TSLA,SELL,173.5,2794.80987667,2786.56221155,1430.96989752,-172556.2283682
2025-03-04 09:03:20,TSLA,BUY,186.5,3013.74493942,2991.77401414,-4097.57756455,-176653.80593276
2025-03-04 09:03:30,AAPL,SELL,233.5,1437.60615959,1435.24512124,551.30245444,-176102.50347831
2025-03-04 09:04:30,AAPL,BUY,112.9,3232.37379971,3206.79526253,-2887.81684793,-178990.32032624
2025-03-04 09:05:30,TSLA,SELL,290.0,2448.45784038,2440.35226734,2350.61618012,-176639.70414612
2025-03-04 09:05:40,NFLX,SELL,204.3,2279.23754748,2263.62778121,3189.07524953,-173450.62889658
2025-03-04 09:06:10,NFLX,SELL,200.5,2580.31300986,2582.60987072,-460.52060259,-173911.14949917
2025-03-04 09:07:10,NVDA,SELL,274.7,2349.02101411,2361.54679343,-3440.83157794,-177351.98107711
2025-03-04 09:07:40,TSLA,SELL,297.5,3252.42481419,3269.955874,-5215.49029246,-182567.47136958
2025-03-04 09:08:00,AAPL,SELL,77.2,2076.36128867,2100.59925189,-1871.17076044,-184438.64213002
2025-03-04 09:09:00,NVDA,SELL,64.2,194.26610419,193.94384506,20.68903635,-184417.95309367
2025-03-04 09:10:00,AMZN,BUY,232.8,328.3364601,322.25866461,-1414.91078954,-185832.86388321
2025-03-04 09:10:30,NVDA,BUY,233.1,459.09795389,459.17357716,17.62778328,-185815.23609993
2025-03-04 09:10:50,TSLA,BUY,116.3,1191.46735587,1198.75139266,847.13347834,-184968.10262159
2025-03-04 09:11:10,TSLA,BUY,210.4,1332.19618217,1353.21850194,4423.09608068,-180545.0065409
2025-03-04 09:11:40,NFLX,SELL,248.7,1022.15316931,1017.39184032,1184.14251897,-179360.86402194
2025-03-04 09:12:40,NVDA,SELL,227.0,2760.2939923,2750.09248455,2315.7422573,-177045.12176464
2025-03-04 09:12:50,TSLA,SELL,79.1,720.97251739,723.65028858,-211.81170172,-177256.93346636
2025-03-04 09:13:00,NVDA,BUY,214.5,1212.67507058,1218.18541313,1181.9684762,-176074.96499016
2025-03-04 09:14:00,AMZN,BUY,176.8,522.14463426,521.93184036,-37.62196177,-176112.58695193
2025-03-04 09:15:00,AAPL,SELL,168.8,354.465593,353.82422214,108.26340113,-176004.32355079
2025-03-04 09:15:30,NVDA,BUY,161.1,1533.7175993,1532.10805281,-259.29793957,-176263.62149036
2025-03-04 09:16:30,AMZN,SELL,142.2,2672.04508694,2662.83185184,1310.12203099,-174953.49945937
2025-03-04 09:16:50,AMZN,BUY,142.4,2531.58463887,2564.4718219,4683.13486366,-170270.36459571
2025-03-04 09:17:20,MSFT,BUY,77.2,3332.31858514,3280.31041008,-4015.0311151,-174285.39571081
2025-03-04 09:17:50,MSFT,SELL,202.0,211.90681345,206.97056469,997.12225003,-173288.27346078
2025-03-04 09:18:50,AAPL,BUY,188.9,2292.87682053,2266.37774499,-5005.67537049,-178293.94883127
2025-03-04 09:19:00,NFLX,BUY,268.5,2255.89939589,2255.51440623,-103.36972229,-178397.31855356
2025-03-04 09:19:20,AMZN,SELL,209.9,1670.3391606,1692.82410268,-4719.58934331,-183116.90789686
2025-03-04 09:19:30,NFLX,BUY,164.4,1649.40136703,1666.84386555,2867.54675738,-180249.36113949
2025-03-04 09:19:40,AMZN,BUY,180.7,1047.67182287,1047.27740761,-71.27083703,-180320.63197652
2025-03-04 09:19:50,NVDA,SELL,76.2,1272.87108818,1274.98749994,-161.27057562,-180481.90255214
2025-03-04 09:20:20,MSFT,BUY,298.7,1281.77167482,1277.68444293,-1220.85616324,-181702.75871538
2025-03-04 09:20:30,NVDA,SELL,109.7,1128.15496742,1139.06037476,-1196.32318501,-182899.0819004
2025-03-04 09:20:40,MSFT,BUY,227.4,754.56416419,756.0418098,336.0166129,-182563.0652875
2025-03-04 09:20:50,AAPL,BUY,279.7,308.78238268,301.48567345,-2040.88957183,-184603.95485933
2025-03-04 09:21:10,AMZN,SELL,297.6,3409.2440703,3394.97694825,4245.89552244,-180358.05933689
2025-03-04 09:21:20,MSFT,SELL,81.8,2310.60562827,2371.34172191,-4968.21246026,-185326.27179715
2025-03-04 09:21:30,MSFT,SELL,192.4,1849.11785566,1859.40140683,-1978.55524445,-187304.8270416
2025-03-04 09:21:50,AMZN,SELL,227.8,163.6640269,162.83930916,187.87070231,-187116.95633929
2025-03-04 09:22:10,NFLX,BUY,192.1,2038.81410432,2044.48879397,1090.10788322,-186026.84845607
2025-03-04 09:23:10,TSLA,SELL,71.3,2420.33142865,2392.65703226,1973.18446264,-184053.66399343
2025-03-04 09:23:20,NVDA,BUY,243.3,1823.81016769,1835.84247987,2927.46155376,-181126.20243967
2025-03-04 09:24:20,AMZN,SELL,79.7,2499.19618363,2507.54267978,-665.21574268,-181791.41818236
2025-03-04 09:24:50,NFLX,SELL,263.2,633.01608694,633.42700975,-108.15488288,-181899.57306524
2025-03-04 09:25:50,TSLA,SELL,243.5,2488.66347388,2469.09057074,4766.00191625,-177133.57114899
2025-03-04 09:26:20,TSLA,SELL,140.0,3180.46614964,3154.752956,3599.84710904,-173533.72403995
2025-03-04 09:26:40,TSLA,BUY,200.1,314.25232836,314.90979098,131.55827094,-173402.16576901
2025-03-04 09:26:50,MSFT,BUY,268.7,2281.9379045,2275.89879199,-1622.70953136,-175024.87530037
2025-03-04 09:27:10,AMZN,BUY,78.0,2768.44664926,2797.57177241,2271.75960586,-172753.11569451
2025-03-04 09:27:30,AAPL,SELL,293.1,1518.96100911,1512.0390421,2028.82852978,-170724.28716473
2025-03-04 09:28:00,NVDA,BUY,53.9,2601.51752964,2610.40397395,478.97934817,-170245.30781655
2025-03-04 09:29:00,AMZN,BUY,184.1,3040.89310206,3024.96940594,-2931.5524568,-173176.86027335
2025-03-04 09:29:30,NFLX,BUY,137.8,1082.76909202,1071.58230666,-1541.53902144,-174718.39929479
2025-03-04 09:30:30,TSLA,SELL,123.7,804.43804828,800.53385893,482.94822342,-174235.45107136
2025-03-04 09:31:30,NVDA,BUY,64.9,2711.17542384,2719.53477829,542.52210375,-173692.92896761
2025-03-04 09:32:30,AAPL,SELL,186.5,2251.17165958,2249.083034,389.52867147,-173303.40029614
2025-03-04 09:33:30,TSLA,SELL,33.1,580.00723325,587.0700609,-233.77959492,-173537.17989106
2025-03-04 09:34:30,NFLX,SELL,121.8,1492.50298139,1500.03497906,-917.39731577,-174454.57720683
2025-03-04 09:35:30,NFLX,SELL,98.5,623.10132974,621.20222031,187.06227833,-174267.5149285
2025-03-04 09:36:30,TSLA,SELL,93.0,2070.39727387,2092.15625013,-2023.5847926,-176291.0997211
2025-03-04 09:37:30,NFLX,SELL,64.2,1067.43878444,1066.68500603,48.39257421,-176242.70714688
2025-03-04 09:38:30,NVDA,BUY,169.8,2038.72290149,2040.11178227,235.83195559,-176006.87519129
2025-03-04 09:39:30,TSLA,SELL,14.0,1128.41857388,1127.74680983,9.40469671,-175997.47049458
2025-03-04 09:40:30,AAPL,SELL,62.3,2241.81541784,2233.80480903,499.06092894,-175498.40956564
2025-03-04 09:41:30,NVDA,BUY,86.0,1766.63929137,1765.37619528,-108.62626347,-175607.03582911
2025-03-04 09:42:30,TSLA,BUY,124.3,2202.12446657,2195.82079052,-783.54693268,-176390.58276179
2025-03-04 09:43:30,MSFT,SELL,36.8,447.35730166,450.30456413,-108.45925883,-176499.04202062
2025-03-04 09:44:30,NVDA,BUY,121.1,1113.47603828,1117.38351548,473.19548854,-176025.84653208
2025-03-04 09:45:30,TSLA,SELL,65.7,594.86640738,599.103756,-278.39380429,-176304.24033637
2025-03-04 09:46:30,AAPL,SELL,166.6,2154.28168847,2152.30537178,329.25435922,-175974.98597714
2025-03-04 09:47:30,NVDA,SELL,41.1,928.41014179,935.34451926,-285.00291405,-176259.98889119
2025-03-04 09:48:30,AAPL,BUY,115.6,326.15021567,325.21174672,-108.48701062,-176368.47590181
2025-03-04 09:49:30,MSFT,BUY,8.4,1344.31102562,1340.39325624,-32.9092628,-176401.38516461
2025-03-04 09:50:30,TSLA,SELL,128.1,424.3938444,422.78019937,206.70792851,-176194.6772361
2025-03-04 09:51:30,NFLX,SELL,59.1,802.95384113,803.44401215,-28.96910703,-176223.64634314
2025-03-04 09:52:30,AMZN,BUY,146.2,1237.17162621,1244.24640227,1034.33225918,-175189.31408395
2025-03-04 09:53:30,NFLX,BUY,9.9,2737.88001096,2770.05435566,318.52601256,-174870.78807139
2025-03-04 09:54:30,NFLX,SELL,155.6,1023.83298457,1019.71356767,640.98126905,-174229.80680235
2025-03-04 09:55:30,AMZN,BUY,189.0,2917.28350378,2907.49713685,-1849.62335119,-176079.43015353
2025-03-04 09:56:30,NVDA,BUY,94.4,2876.72253996,2868.88697839,-739.67701268,-176819.10716621
2025-03-04 09:57:30,MSFT,BUY,142.9,704.06339695,701.28354594,-397.24070819,-177216.3478744
2025-03-04 09:58:30,AMZN,SELL,36.7,2649.82222493,2640.32739924,348.46010262,-176867.88777177
2025-03-04 09:59:30,MSFT,BUY,57.5,286.73954475,285.6640199,-61.84267901,-176929.73045079
2025-03-04 10:00:30,NVDA,BUY,127.3,1467.6245496,1471.07055915,438.67701572,-176491.05343507
2025-03-04 10:01:30,NVDA,SELL,49.8,2561.33727852,2556.7420308,228.8433365,-176262.21009858
2025-03-04 10:02:30,NFLX,BUY,89.0,2062.6229696,2071.58470009,797.59401438,-175464.61608419
2025-03-04 10:03:30,TSLA,SELL,144.3,432.5756029,431.73491017,121.31196111,-175343.30412308
2025-03-04 10:04:30,NVDA,BUY,132.4,1139.13649291,1137.34918916,-236.63901635,-175579.94313943
2025-03-04 10:05:30,TSLA,BUY,40.8,778.58978849,779.30730583,29.27470726,-175550.66843217
2025-03-04 10:06:30,AMZN,BUY,50.6,1343.07215101,1342.59462377,-24.16287831,-175574.83131048
2025-03-04 10:07:30,AAPL,SELL,88.7,255.59127563,256.72453602,-100.52019679,-175675.35150727
2025-03-04 10:08:30,AAPL,SELL,6.9,2596.30518059,2610.83681011,-100.26824365,-175775.61975091
2025-03-04 10:09:30,MSFT,SELL,71.6,2902.61601873,2874.15505598,2037.80493345,-173737.81481746
2025-03-04 10:10:30,MSFT,SELL,169.2,1131.70607348,1130.45495673,211.6889542,-173526.12586326
2025-03-04 10:11:30,MSFT,BUY,198.5,2264.61492524,2258.53147118,-1207.56563004,-174733.6914933
2025-03-04 10:12:30,MSFT,BUY,199.3,361.21420255,365.68908469,891.84401208,-173841.84748122
2025-03-04 10:13:30,NFLX,SELL,141.6,1699.4388935,1710.81587734,-1610.9809118,-175452.82839302
2025-03-04 10:14:30,AAPL,BUY,37.5,2833.47542249,2804.77323142,-1076.33216519,-176529.16055821
2025-03-04 10:15:30,AMZN,SELL,34.7,947.88049456,947.70997039,5.91718868,-176523.24336953
2025-03-04 10:16:30,MSFT,BUY,84.2,1591.14572467,1588.83900872,-194.22548272,-176717.46885225
2025-03-04 10:17:30,NFLX,SELL,191.7,229.96730095,230.82238161,-163.91896321,-176881.38781546
2025-03-04 10:18:30,NVDA,BUY,56.1,788.68241552,795.78804497,398.62581255,-176482.76200291
2025-03-04 10:19:30,AMZN,BUY,86.8,1524.3442055,1532.73657232,728.45743958,-175754.30456333
2025-03-04 10:20:30,NFLX,SELL,132.7,1496.24246115,1493.16193835,408.78537525,-175345.51918807
2025-03-04 10:21:30,NFLX,SELL,109.0,648.89315049,650.47392021,-172.30389989,-175517.82308797
2025-03-04 10:22:30,NVDA,SELL,154.9,2364.39491689,2343.3598435,3258.33286848,-172259.49021949
2025-03-04 10:23:30,AMZN,BUY,140.4,1127.2399663,1129.27216645,285.32090112,-171974.16931837
2025-03-04 10:24:30,TSLA,SELL,137.5,530.38935781,532.41495868,-278.52011991,-172252.68943828
2025-03-04 10:25:30,NVDA,SELL,175.1,404.22272041,399.792476,775.73579663,-171476.95364165
2025-03-04 10:26:30,NFLX,BUY,79.3,265.31912448,266.04471962,57.53969425,-171419.41394741
2025-03-04 10:27:30,TSLA,BUY,9.1,2719.29933696,2732.4056169,119.26714747,-171300.14679994
2025-03-04 10:28:30,AAPL,BUY,88.5,1245.03889932,1246.00430536,85.43843433,-171214.70836561
2025-03-04 10:29:30,NVDA,BUY,95.3,1777.82416008,1786.02683429,781.71485272,-170432.99351289
2025-03-04 10:30:30,AMZN,SELL,46.1,408.45598578,409.24964096,-36.58750408,-170469.58101697
2025-03-04 10:31:30,MSFT,SELL,162.7,1173.66550889,1178.22473234,-741.78565465,-171211.36667162
2025-03-04 10:32:30,AAPL,SELL,188.5,259.37783649,259.18534188,36.28523268,-171175.08143893
2025-03-04 10:33:30,MSFT,SELL,133.5,1726.16652583,1738.64288476,-1665.59391629,-172840.67535522
2025-03-04 10:34:30,AAPL,SELL,14.5,583.04212524,581.92148978,16.24921417,-172824.42614105
2025-03-04 10:35:30,AAPL,SELL,171.5,1246.99913501,1248.9322008,-331.52078237,-173155.94692342
2025-03-04 10:36:30,AMZN,BUY,30.3,1759.19946678,1775.3405412,489.07455488,-172666.87236854
2025-03-04 10:37:30,NVDA,BUY,158.5,2537.97637499,2534.7939494,-504.41445655,-173171.28682509
2025-03-04 10:38:30,MSFT,BUY,176.4,2896.93187801,2930.04763479,5841.61949527,-167329.66732983
2025-03-04 10:39:30,TSLA,BUY,77.5,1968.84843119,1982.77867968,1079.59425782,-166250.07307201
2025-03-04 10:40:30,TSLA,BUY,64.8,1243.30176472,1256.36195842,846.30055162,-165403.77252038
2025-03-04 10:41:30,NFLX,SELL,116.9,1280.33129749,1271.32763074,1052.52864285,-164351.24387753
2025-03-04 10:42:30,NVDA,SELL,108.6,2306.79362151,2303.46828869,361.13114393,-163990.1127336
2025-03-04 10:43:30,AMZN,BUY,76.8,296.25797335,297.01549009,58.17728507,-163931.93544853
2025-03-04 10:44:30,MSFT,SELL,187.9,1037.41567344,1040.88892287,-652.62356852,-164584.55901705
2025-03-04 10:45:30,TSLA,BUY,192.4,322.14843424,319.32144302,-543.9131103,-165128.47212735
2025-03-04 10:46:30,NFLX,SELL,160.4,1663.3581151,1657.3898532,957.30920796,-164171.1629194
2025-03-04 10:47:30,MSFT,BUY,83.2,2543.04932624,2531.22266386,-983.97830971,-165155.1412291
2025-03-04 10:48:30,NFLX,BUY,130.0,237.88806576,237.85791566,-3.91951202,-165159.06074113
2025-03-04 10:49:30,NFLX,SELL,148.1,286.8691141,285.14884171,254.77234068,-164904.28840045
2025-03-04 10:50:30,AMZN,SELL,40.7,1664.61653619,1667.79160814,-129.22542844,-165033.51382889
2025-03-04 10:51:30,NFLX,SELL,160.9,1372.33790178,1365.67188618,1072.5619102,-163960.95191869
2025-03-04 10:52:30,AAPL,BUY,41.4,2199.10317729,2199.90598395,33.23619572,-163927.71572297
2025-03-04 10:53:30,TSLA,BUY,98.5,2241.79463567,2257.07234949,1504.85481131,-162422.86091166
2025-03-04 10:54:30,NVDA,BUY,11.4,2154.95022059,2155.45576647,5.7632231,-162417.09768856
2025-03-04 10:55:30,NVDA,SELL,174.8,958.90551234,960.02722508,-196.07538594,-162613.1730745
2025-03-04 10:56:30,NFLX,BUY,126.3,2210.6944406,2208.9100322,-225.37078116,-162838.54385566
2025-03-04 10:57:30,NVDA,SELL,146.5,2305.5433861,2318.48939767,-1896.5906947,-164735.13455036
2025-03-04 10:58:30,TSLA,BUY,83.5,1972.5029385,1979.91221108,618.67425975,-164116.46029061
2025-03-04 10:59:30,MSFT,BUY,144.8,1468.53641875,1467.28303823,-181.48950009,-164297.9497907
2025-03-04 11:00:30,TSLA,SELL,186.5,1092.02270832,1096.45856818,-827.28786527,-165125.23765597
2025-03-04 11:01:30,MSFT,SELL,39.9,1777.68419799,1784.36328229,-266.49546351,-165391.73311948
2025-03-04 11:02:30,MSFT,BUY,175.8,703.33529737,706.59111083,572.37200667,-164819.36111281
2025-03-04 11:03:30,NFLX,SELL,178.4,1624.78764625,1622.63542805,383.95572774,-164435.40538508
2025-03-04 11:04:30,NVDA,SELL,57.6,1480.33030911,1480.47350604,-8.24814286,-164443.65352793
2025-03-04 11:05:30,AAPL,BUY,191.6,2174.16494035,2183.82297802,1850.48001684,-162593.17351109
2025-03-04 11:06:30,NVDA,BUY,155.5,1413.76963944,1417.58528369,593.33267977,-161999.84083132
2025-03-04 11:07:30,NVDA,SELL,143.6,2544.82596635,2577.18160906,-4646.27029416,-166646.11112548
2025-03-04 11:08:30,NVDA,SELL,54.4,2131.47028747,2135.14457447,-199.88121293,-166845.9923384
2025-03-04 11:09:30,AMZN,BUY,190.3,2447.77985665,2473.06208571,4811.20818941,-162034.78414899
2025-03-04 11:10:30,MSFT,SELL,134.1,2237.37512679,2236.00418961,183.84267589,-161850.9414731
2025-03-04 11:11:30,AMZN,SELL,176.9,1686.63381415,1682.43010067,743.63691467,-161107.30455843
2025-03-04 11:12:30,NVDA,SELL,136.4,2549.21348957,2550.72670845,-206.40305638,-161313.70761481
2025-03-04 11:13:30,AAPL,SELL,32.0,2562.85001685,2569.69212223,-218.94737204,-161532.65498685
2025-03-04 11:14:30,TSLA,BUY,143.2,2487.30883232,2485.07139895,-320.40045871,-161853.05544557
2025-03-04 11:15:30,TSLA,BUY,135.1,480.66041217,480.70509908,6.03720223,-161847.01824334
2025-03-04 11:16:30,AAPL,BUY,91.4,1299.1988777,1306.65511502,681.50009129,-161165.51815205
2025-03-04 11:17:30,NVDA,SELL,178.9,338.58848296,341.48016887,-517.3226084,-161682.84076045
2025-03-04 11:18:30,AAPL,BUY,135.2,687.74852829,690.19490226,330.74976118,-161352.09099928
2025-03-04 11:19:30,TSLA,BUY,180.7,1984.2252614,1970.49117265,-2481.74983712,-163833.8408364
2025-03-04 11:20:30,AAPL,SELL,137.1,263.89241073,266.03559105,-293.83002317,-164127.67085958
2025-03-04 11:21:30,MSFT,BUY,96.2,1051.78507656,1055.95717454,401.35582576,-163726.31503381
2025-03-04 11:22:30,NFLX,SELL,92.9,2493.76705525,2499.52587669,-534.99451162,-164261.30954543
2025-03-04 11:23:30,MSFT,SELL,51.8,1224.57115659,1220.59124979,206.15917232,-164055.15037311
2025-03-04 11:24:30,AMZN,BUY,116.9,2916.20597426,2915.0570623,-134.3078074,-164189.45818051
2025-03-04 11:25:30,AMZN,BUY,73.8,470.63694411,475.07506684,327.53345799,-163861.92472252
2025-03-04 11:26:30,NVDA,SELL,190.4,202.95976928,205.61005874,-504.61511202,-164366.53983454
2025-03-04 11:27:30,AAPL,BUY,8.2,898.58947628,900.13184523,12.64742542,-164353.89240912
2025-03-04 11:28:30,AAPL,BUY,13.1,499.57800996,498.18723382,-18.21916742,-164372.11157654
2025-03-04 11:29:30,AAPL,SELL,101.0,1011.10351939,1007.04600149,409.80930796,-163962.30226858
2025-03-04 11:30:30,NVDA,SELL,40.7,1102.6256119,1094.61497788,326.03280458,-163636.269464
2025-03-04 11:31:30,AAPL,SELL,31.1,1314.57735632,1313.58431737,30.88351144,-163605.38595256
2025-03-04 11:32:30,MSFT,BUY,32.4,694.9527346,690.37161624,-148.42823479,-163753.81418735
2025-03-04 11:33:30,NVDA,BUY,139.0,1117.39020997,1124.56644262,997.49633859,-162756.31784876
2025-03-04 11:34:30,NFLX,BUY,146.4,2192.59357302,2201.96102749,1371.39533464,-161384.92251412
2025-03-04 11:35:30,AAPL,SELL,99.1,1931.79177643,1910.39811379,2120.11196776,-159264.81054636
2025-03-04 11:36:30,NFLX,BUY,149.3,1747.98369756,1738.79166666,-1372.37021331,-160637.18075967
2025-03-04 11:37:30,NFLX,BUY,114.1,1221.66084309,1189.48704482,-3671.03038223,-164308.2111419
2025-03-04 11:38:30,AAPL,SELL,251.4,1084.73347254,1081.66724007,770.85084389,-163537.36029801
2025-03-04 11:39:30,NFLX,BUY,117.3,980.54958848,982.46859073,225.09896486,-163312.26133315
2025-03-04 11:40:30,MSFT,BUY,60.2,919.72295645,916.93266976,-167.97525882,-163480.23659197
2025-03-04 11:41:30,AMZN,BUY,59.6,1844.21453776,1839.92149458,-255.86537353,-163736.1019655
2025-03-04 11:42:30,NFLX,SELL,198.1,1831.51744086,1821.08367126,2066.92975756,-161669.17220794
2025-03-04 11:43:30,MSFT,SELL,105.8,1610.94173439,1616.4703834,-584.93106595,-162254.10327389
2025-03-04 11:44:30,TSLA,SELL,41.6,1138.15479824,1139.98548652,-76.15663234,-162330.25990622
2025-03-04 11:45:30,MSFT,SELL,229.7,865.42171704,872.7893903,-1692.35454787,-164022.61445409
2025-03-04 11:46:30,MSFT,SELL,319.5,1710.05848799,1697.63924035,3967.94962171,-160054.66483238
2025-03-04 11:47:30,TSLA,BUY,121.8,2048.34584665,2034.95412009,-1631.11229492,-161685.7771273
2025-03-04 11:48:30,AMZN,SELL,94.0,2460.63598931,2499.31878982,-3636.18324848,-165321.96037577
2025-03-04 11:49:30,MSFT,SELL,187.8,586.64610249,588.57949097,-363.0903579,-165685.05073367
2025-03-04 11:50:30,AAPL,SELL,124.7,528.92831009,529.4348232,-63.16218386,-165748.21291753
2025-03-04 11:51:30,TSLA,SELL,374.6,2215.6745153,2197.7183095,6726.39469335,-159021.81822417
2025-03-04 11:52:30,TSLA,BUY,62.9,1684.45119399,1660.96010637,-1477.58941188,-160499.40763606
2025-03-04 11:53:30,NFLX,BUY,34.0,2205.18089985,2190.80469856,-488.79084383,-160988.19847989
2025-03-04 11:54:30,NFLX,BUY,326.7,257.65703042,256.61347386,-340.92992671,-161329.1284066
2025-03-04 11:55:30,NFLX,BUY,374.2,494.26375817,500.22115005,2229.25604303,-159099.87236357
2025-03-04 11:56:30,TSLA,BUY,51.2,640.96507545,633.8507765,-364.2521062,-159464.12446977
2025-03-04 11:57:30,AAPL,SELL,92.9,1479.30208688,1487.82888623,-792.13965896,-160256.26412874
2025-03-04 11:58:30,TSLA,SELL,234.7,1709.65063519,1719.99481228,-2427.77836208,-162684.04249082
2025-03-04 11:59:30,AAPL,BUY,286.8,2237.53692707,2233.17434662,-1251.18807366,-163935.23056448
2025-03-04 12:00:30,TSLA,BUY,316.4,1472.50171953,1467.4771118,-1589.78588612,-165525.0164506
2025-03-04 12:01:30,NFLX,BUY,335.8,1420.80759463,1408.53849647,-4119.96316095,-169644.97961156
2025-03-04 12:02:30,AAPL,SELL,272.0,229.4000411,227.96627102,389.98546067,-169254.99415088
2025-03-04 12:03:30,AMZN,BUY,62.4,1752.63884962,1742.29156668,-645.67045525,-169900.66460613
2025-03-04 12:04:30,NFLX,BUY,111.2,338.30403111,338.38648755,9.16915633,-169891.49544981
2025-03-04 12:05:30,NVDA,SELL,107.3,983.36729252,984.69938877,-142.93392778,-170034.42937758
2025-03-04 12:06:30,AMZN,SELL,83.2,513.20234911,513.82592043,-51.88113353,-170086.31051111
2025-03-04 12:07:30,MSFT,SELL,332.2,1861.42413672,1848.2450365,4378.09709405,-165708.21341707
2025-03-04 12:08:30,NFLX,BUY,96.7,562.08356254,565.10048134,291.73604857,-165416.4773685
2025-03-04 12:09:30,NFLX,BUY,61.5,1878.60591457,1881.95874834,206.19927653,-165210.27809197
2025-03-04 12:10:30,AMZN,SELL,41.6,819.27479531,814.29464789,207.17413263,-165003.10395933
2025-03-04 12:11:30,NFLX,BUY,60.9,454.53646815,446.95667391,-461.60946922,-165464.71342856
2025-03-04 12:12:30,AMZN,SELL,32.6,149.58844382,150.9736507,-45.1577442,-165509.87117276
2025-03-04 12:13:30,AAPL,SELL,297.9,797.20779328,797.38860133,-53.86271836,-165563.73389112
2025-03-04 12:14:30,AMZN,SELL,163.5,387.72608998,384.18997227,578.15524478,-164985.57864634
2025-03-04 12:15:30,AAPL,BUY,28.7,513.25246613,510.76293097,-71.44965918,-165057.02830551
2025-03-04 12:16:30,AMZN,SELL,32.9,2094.52825815,2130.1907933,-1173.29740632,-166230.32571183
2025-03-04 12:17:30,AMZN,BUY,191.9,447.35904001,443.84135171,-675.04438594,-166905.37009777
2025-03-04 12:18:30,NVDA,BUY,190.5,1080.204898,1089.27212993,1727.30768238,-165178.06241539
2025-03-04 12:19:30,NVDA,BUY,142.1,292.53830032,296.05502187,499.7261323,-164678.33628309
2025-03-04 12:20:30,AAPL,SELL,86.9,1680.05702124,1682.0661606,-174.59420977,-164852.93049286
2025-03-04 12:21:30,MSFT,BUY,103.6,315.22781598,314.11232136,-115.56524338,-164968.49573624
2025-03-04 12:22:30,AMZN,SELL,334.7,1609.87154435,1591.81057133,6045.00767244,-158923.4880638
2025-03-04 12:23:30,NFLX,BUY,107.3,1744.1084217,1735.86245668,-884.79204709,-159808.28011089
2025-03-04 12:24:30,TSLA,SELL,113.5,202.98945438,201.06049114,218.93732865,-159589.34278224
2025-03-04 12:25:30,AMZN,SELL,54.3,2386.20635516,2382.70956541,189.87568336,-159399.46709888
2025-03-04 12:26:30,TSLA,SELL,91.8,2156.07573551,2136.98400906,1752.62048757,-157646.84661131
2025-03-04 12:27:30,AMZN,BUY,146.7,212.26516046,211.7316836,-78.26105551,-157725.10766682
2025-03-04 12:28:30,TSLA,SELL,78.6,2312.31461561,2313.12382354,-63.60374349,-157788.71141031
2025-03-04 12:29:30,TSLA,BUY,238.3,992.55517738,995.76889212,765.82822271,-157022.8831876
2025-03-04 12:30:30,NVDA,SELL,144.5,242.19628576,244.10733792,-276.14703776,-157299.03022535
2025-03-04 12:31:30,NVDA,BUY,116.9,454.68192035,449.5826131,-596.10901685,-157895.1392422
2025-03-04 12:32:30,NFLX,SELL,361.1,509.75698267,511.51588782,-635.14064786,-158530.27989006
2025-03-04 12:33:30,AMZN,BUY,296.4,1107.2678164,1123.84952088,4914.81720826,-153615.4626818
2025-03-04 12:34:30,MSFT,BUY,57.4,1250.18170009,1249.2891393,-51.23298958,-153666.69567138
2025-03-04 12:35:30,NVDA,SELL,131.7,972.12009039,958.24501366,1827.3476053,-151839.34806608
2025-03-04 12:36:30,TSLA,BUY,123.6,2343.05293139,2337.24068215,-718.39400547,-152557.74207155
2025-03-04 12:37:30,AMZN,BUY,149.9,233.59875053,231.56304222,-305.15267573,-152862.89474728
2025-03-04 12:38:30,AAPL,SELL,307.7,669.20243512,671.49534323,-705.52782803,-153568.42257531
2025-03-04 12:39:30,NFLX,SELL,171.7,1971.42653267,1954.21677056,2954.91615458,-150613.50642073
2025-03-04 12:40:30,NVDA,BUY,42.3,1535.24407561,1518.75643973,-697.42699763,-151310.93341836
2025-03-04 12:41:30,TSLA,BUY,108.3,350.18367732,349.84952105,-36.18912436,-151347.12254272
2025-03-04 12:42:30,NFLX,SELL,229.6,973.19850464,985.60113271,-2847.64340471,-154194.76594743
2025-03-04 12:43:30,AMZN,SELL,388.0,1032.17880129,1024.5507669,2959.67734266,-151235.08860477
2025-03-04 12:44:30,NVDA,BUY,90.7,1022.05396493,1027.03006169,451.33197644,-150783.75662833
2025-03-04 12:45:30,AMZN,SELL,80.9,1571.16606895,1577.84453696,-540.28806156,-151324.04468989
2025-03-04 12:46:30,AMZN,SELL,131.1,1312.37900471,1319.05236368,-874.87736156,-152198.92205145
2025-03-04 12:47:30,TSLA,BUY,333.6,1902.61487306,1909.94255351,2444.51419719,-149754.40785426
2025-03-04 12:48:30,AAPL,SELL,140.5,1953.34329613,1945.72895351,1069.8151371,-148684.59271716
2025-03-04 12:49:30,AMZN,BUY,101.6,251.51238478,251.289879,-22.60658705,-148707.19930422
2025-03-04 12:50:30,NVDA,SELL,36.7,473.79263645,468.33624239,200.24966202,-148506.9496422
2025-03-04 12:51:30,AMZN,BUY,101.9,129.20402892,128.15545864,-106.84931094,-148613.79895314
2025-03-04 12:52:30,AAPL,BUY,42.0,874.81066656,871.71312962,-130.09655134,-148743.89550448
2025-03-04 12:53:30,TSLA,BUY,196.0,2360.0675956,2377.87033059,3489.33605731,-145254.55944717
2025-03-04 12:54:30,AAPL,BUY,112.3,1654.61382709,1646.05275696,-961.40817561,-146215.96762278
2025-03-04 12:55:30,AMZN,BUY,143.0,1626.40432957,1629.44910091,435.40230166,-145780.56532112
2025-03-04 12:56:30,NFLX,SELL,104.3,1689.69189855,1706.05396306,-1706.56332876,-147487.12864987
2025-03-04 12:57:30,TSLA,BUY,48.3,240.15093774,240.0001089,-7.28503302,-147494.41368289
2025-03-04 12:58:30,TSLA,BUY,328.6,1008.04864783,1012.07550428,1323.22503098,-146171.18865191
2025-03-04 12:59:30,AAPL,BUY,21.7,1358.84546237,1368.48835788,209.25083246,-145961.93781945
2025-03-04 13:00:30,MSFT,SELL,191.5,578.93126512,582.15930524,-618.16968302,-146580.10750246
2025-03-04 13:01:30,NVDA,SELL,94.3,749.33358147,751.00528453,-157.64159902,-146737.74910148
2025-03-04 13:02:30,TSLA,BUY,73.9,1188.80824817,1184.53854742,-315.530885,-147053.27998648
2025-03-04 13:03:30,TSLA,BUY,6.9,2498.23294394,2504.80805582,45.36827193,-147007.91171455
2025-03-04 13:04:30,NVDA,BUY,119.9,2959.68568909,2982.78658878,2769.7978724,-144238.11384215
2025-03-04 13:05:30,AMZN,SELL,14.9,260.59948903,262.4013976,-26.84843773,-144264.96227987
2025-03-04 13:06:30,TSLA,BUY,193.6,1519.81493546,1509.59832221,-1977.93632605,-146242.89860593
2025-03-04 13:07:30,AMZN,BUY,196.8,2854.88661254,2865.82164846,2152.01506872,-144090.8835372
2025-03-04 13:08:30,AMZN,SELL,192.7,2155.68562829,2152.63011736,588.79695737,-143502.08657984
2025-03-04 13:09:30,AAPL,BUY,21.6,1756.65930248,1772.90129818,350.82710714,-143151.2594727
2025-03-04 13:10:30,MSFT,SELL,81.9,738.93098327,742.85068,-321.02316248,-143472.28263518
2025-03-04 13:11:30,AMZN,SELL,78.0,1835.65990075,1828.72952936,540.56896846,-142931.71366672
2025-03-04 13:12:30,NVDA,SELL,151.3,2828.16549693,2826.39063341,268.53685059,-142663.17681613
2025-03-04 13:13:30,NFLX,BUY,154.3,103.60597271,104.3940055,121.59345982,-142541.58335631
2025-03-04 13:14:30,NFLX,BUY,156.7,1412.97689039,1402.98783998,-1565.28419915,-144106.86755546
2025-03-04 13:15:30,MSFT,BUY,35.0,1333.82916464,1330.3438905,-121.98459497,-144228.85215043
2025-03-04 13:16:30,NVDA,BUY,91.2,1054.13657997,1057.51413793,308.03328559,-143920.81886484
2025-03-04 13:17:30,TSLA,BUY,92.7,657.47281313,658.80195979,123.21189516,-143797.60696968
2025-03-04 13:18:30,AAPL,BUY,17.2,2024.76843231,2014.77488063,-171.88908884,-143969.49605852
2025-03-04 13:19:30,TSLA,BUY,41.1,2626.28315114,2637.8425679,475.09202873,-143494.40402979
2025-03-04 13:20:30,NVDA,SELL,102.4,1459.37807526,1452.38813807,715.76956874,-142778.63446106
2025-03-04 13:21:30,NFLX,SELL,162.1,471.64945523,469.80188696,299.49081668,-142479.14364437
2025-03-04 13:22:30,MSFT,BUY,163.0,1184.59816437,1187.65276578,497.90002902,-141981.24361536
2025-03-04 13:23:30,AAPL,BUY,26.2,1748.22963336,1738.30312723,-260.07446067,-142241.31807603
2025-03-04 13:24:30,NFLX,SELL,169.5,1600.6501056,1596.96555815,624.53079223,-141616.7872838
2025-03-04 13:25:30,NFLX,SELL,89.5,1365.17469093,1367.64624205,-221.20382504,-141837.99110884
2025-03-04 13:26:30,NFLX,BUY,56.1,1741.95415345,1751.20733183,519.1033072,-141318.88780164
2025-03-04 13:27:30,TSLA,SELL,117.3,1862.39596873,1867.34270436,-580.25208967,-141899.13989131
2025-03-04 13:28:30,AAPL,BUY,95.1,1658.3022064,1664.16266791,557.32988962,-141341.81000169
2025-03-04 13:29:30,AAPL,BUY,64.6,636.20244615,636.02683476,-11.34449572,-141353.15449741
2025-03-04 13:30:30,AMZN,BUY,33.8,2658.58159805,2681.33471526,769.0553615,-140584.09913591
2025-03-04 13:31:30,TSLA,BUY,131.2,1574.20657844,1583.63673837,1237.23698284,-139346.86215307
2025-03-04 13:32:30,TSLA,SELL,27.6,2969.7335173,2973.34477338,-99.67066766,-139446.53282073
2025-03-04 13:33:30,AMZN,BUY,30.4,476.86922182,474.87162745,-60.72686904,-139507.25968977
2025-03-04 13:34:30,TSLA,SELL,84.1,2226.61251767,2245.2798099,-1569.91927667,-141077.17896644
2025-03-04 13:35:30,MSFT,SELL,155.1,1920.05949186,1939.53825306,-3021.15586173,-144098.33482817
2025-03-04 13:36:30,AMZN,BUY,85.1,355.87954333,360.20765431,368.32224419,-143730.01258398
2025-03-04 13:37:30,MSFT,BUY,95.1,1682.75374435,1680.73711536,-191.78141693,-143921.79400091
2025-03-04 13:38:30,AMZN,SELL,82.1,2180.16753989,2194.72056,-1194.80295038,-145116.59695129
2025-03-04 13:39:30,MSFT,SELL,71.9,774.52143703,774.48849496,2.36853452,-145114.22841677
2025-03-04 13:40:30,NVDA,SELL,191.3,1436.15243006,1433.77002766,455.75357834,-144658.47483844
2025-03-04 13:41:30,TSLA,BUY,181.0,1008.89070004,1006.54448753,-424.66446353,-145083.13930197
2025-03-04 13:42:30,AMZN,SELL,136.1,1605.08682365,1602.00858375,418.94845141,-144664.19085056
2025-03-04 13:43:30,MSFT,SELL,48.1,228.56352733,226.52501241,98.05256729,-144566.13828327
2025-03-04 13:44:30,AAPL,BUY,104.7,2166.60113011,2163.13230406,-363.18608765,-144929.32437092
2025-03-04 13:45:30,NFLX,BUY,179.4,565.04140625,568.5127345,622.7562883,-144306.56808262
2025-03-04 13:46:30,AAPL,BUY,192.8,2361.75575941,2353.23315312,-1643.15849173,-145949.72657435
2025-03-04 13:47:30,NFLX,BUY,125.1,1545.67165292,1556.84940787,1398.33714409,-144551.38943025
2025-03-04 13:48:30,AMZN,SELL,90.3,1443.81210901,1436.91784485,622.55205399,-143928.83737626
2025-03-04 13:49:30,NFLX,BUY,14.8,2580.85583444,2541.49347969,-582.56285023,-144511.40022649
2025-03-04 13:50:30,MSFT,BUY,198.9,1149.2413673,1162.5271108,2642.53438193,-141868.86584456
2025-03-04 13:51:30,TSLA,BUY,120.1,422.39106499,423.76937778,165.53536672,-141703.33047784
2025-03-04 13:52:30,AAPL,BUY,130.6,2362.59014088,2367.18932466,600.65340128,-141102.67707657
2025-03-04 13:53:30,MSFT,BUY,77.9,438.75571876,441.01043002,175.6420075,-140927.03506906
2025-03-04 13:54:30,MSFT,BUY,103.9,1991.54390154,2001.5248502,1037.02056531,-139890.01450376
2025-03-04 13:55:30,NVDA,SELL,69.3,534.91607244,536.56920764,-114.56226895,-140004.57677271
2025-03-04 13:56:30,TSLA,BUY,141.9,564.66345046,563.32255022,-190.27374479,-140194.8505175
2025-03-04 13:57:30,AMZN,SELL,94.6,2107.54062983,2105.37421129,204.94319356,-139989.90732394
2025-03-04 13:58:30,TSLA,BUY,141.6,1028.27001632,1025.19111088,-435.97300955,-140425.88033349
2025-03-04 13:59:30,TSLA,BUY,166.7,429.8547563,428.79528634,-176.61364238,-140602.49397587
2025-03-04 14:00:30,TSLA,SELL,135.4,2185.57670716,2194.06287664,-1149.02734804,-141751.52132391
2025-03-04 14:01:30,AMZN,BUY,41.8,2269.55032032,2266.53059057,-126.22470345,-141877.74602736
2025-03-04 14:02:30,NVDA,SELL,159.8,1161.02793913,1158.67305151,376.3110418,-141501.43498556
2025-03-04 14:03:30,NFLX,SELL,185.5,2239.97941869,2230.22705928,1809.06267031,-139692.37231525
2025-03-04 14:04:30,NVDA,BUY,111.6,1068.82879705,1075.06056517,695.4653221,-138996.90699314
2025-03-04 14:05:30,AAPL,BUY,130.3,396.99805707,399.57273895,335.4810493,-138661.42594384
2025-03-04 14:06:30,NFLX,BUY,38.4,2518.62004791,2502.93660293,-602.24428734,-139263.67023118
2025-03-04 14:07:30,NFLX,BUY,108.5,2799.53196945,2781.07714696,-2002.34824074,-141266.01847192
2025-03-04 14:08:30,NVDA,BUY,123.2,2345.24435435,2366.96031257,2675.40605227,-138590.61241965
2025-03-04 14:09:30,NFLX,BUY,183.0,1534.09482518,1525.77851086,-1521.88552131,-140112.49794096
2025-03-04 14:10:30,NFLX,BUY,126.7,1863.49344187,1860.10604703,-429.18292689,-140541.68086785
2025-03-04 14:11:30,AAPL,SELL,99.9,1373.37440256,1373.28726378,8.70516425,-140532.9757036
2025-03-04 14:12:30,MSFT,SELL,146.7,2929.17223986,2927.88775554,188.43385067,-140344.54185293
2025-03-04 14:13:30,NFLX,BUY,64.3,2753.63086582,2768.4483267,952.76273478,-139391.77911815
2025-03-04 14:14:30,TSLA,SELL,112.4,954.60095777,960.28226321,-638.57873129,-140030.35784944
2025-03-04 14:15:30,AMZN,BUY,98.8,1919.50382268,1925.01487877,544.49234145,-139485.86550799
2025-03-04 14:16:30,MSFT,SELL,161.7,2566.74159007,2574.02882058,-1178.34517345,-140664.21068144
2025-03-04 14:17:30,NVDA,SELL,79.4,1515.44208387,1516.670404,-97.52861785,-140761.73929929
2025-03-04 14:18:30,AAPL,BUY,103.9,814.47705602,820.51027608,626.85156387,-140134.88773542
2025-03-04 14:19:30,NFLX,SELL,139.9,511.36448357,508.76474324,363.70367094,-139771.18406448
2025-03-04 14:20:30,AMZN,BUY,156.5,2873.87536408,2864.76289377,-1426.10160295,-141197.28566743
2025-03-04 14:21:30,TSLA,SELL,126.6,2382.5015579,2390.63696619,-1029.94268972,-142227.22835715
2025-03-04 14:22:30,MSFT,BUY,192.4,1836.44374199,1844.0835612,1469.9012162,-140757.32714096
2025-03-04 14:23:30,AMZN,SELL,189.0,655.62535408,658.56560641,-555.70768956,-141313.03483051
2025-03-04 14:24:30,MSFT,SELL,110.3,455.94402668,450.88583957,557.91803755,-140755.11679296
2025-03-04 14:25:30,AAPL,BUY,199.6,1872.49958039,1885.25975286,2546.93042621,-138208.18636675
2025-03-04 14:26:30,AAPL,BUY,103.6,727.32791016,727.52008726,19.9095483,-138188.27681846
2025-03-04 14:27:30,NVDA,BUY,189.7,2901.43507877,2919.0878579,3348.73220125,-134839.54461721
2025-03-04 14:28:30,NVDA,SELL,145.7,611.63742015,614.16754433,-368.63909383,-135208.18371104
2025-03-04 14:29:30,NVDA,SELL,22.9,1892.34734417,1887.66853041,107.14483526,-135101.03887578
2025-03-04 14:30:30,TSLA,SELL,74.6,1456.42358623,1461.04695166,-344.90306091,-135445.9419367
2025-03-04 14:31:30,MSFT,BUY,142.8,1696.46200823,1699.57326582,444.28758295,-135001.65435374
2025-03-04 14:32:30,AMZN,BUY,82.6,1446.57113347,1462.3765616,1305.52836379,-133696.12598996
2025-03-04 14:33:30,NVDA,BUY,69.5,2599.53885008,2613.51990261,971.68315068,-132724.44283928
2025-03-04 14:34:30,NVDA,BUY,170.2,1143.31403892,1139.50676482,-647.99805216,-133372.44089144
2025-03-04 14:35:30,NVDA,BUY,141.9,1050.87728405,1051.28023454,57.17867489,-133315.26221655
2025-03-04 14:36:30,MSFT,SELL,164.3,1095.36750741,1093.77830816,261.10543594,-133054.15678061
2025-03-04 14:37:30,AAPL,BUY,94.9,2904.46066936,2915.28353912,1027.09034044,-132027.06644017
2025-03-04 14:38:30,AMZN,BUY,163.2,2905.41936422,2921.20962999,2576.97137345,-129450.09506672
2025-03-04 14:39:30,TSLA,BUY,144.1,324.68639129,324.44336557,-35.02000726,-129485.11507398
2025-03-04 14:40:30,MSFT,SELL,280.4,954.46405967,954.66008608,-54.9658075,-129540.08088148
2025-03-04 14:41:00,AAPL,BUY,249.7,3248.60866748,3249.10774267,124.61907702,-129415.46180446
2025-03-04 14:41:20,AAPL,SELL,265.5,2981.60881177,2945.41795193,9608.67328832,-119806.78851614
2025-03-04 14:41:30,AAPL,SELL,282.0,2195.08631909,2212.6798554,-4961.37723835,-124768.16575449
2025-03-04 14:42:00,MSFT,BUY,119.3,1643.82187153,1643.82398229,0.25181423,-124767.91394026
2025-03-04 14:42:10,NFLX,SELL,147.0,3215.80392154,3162.54317128,7829.33028894,-116938.58365132
2025-03-04 14:42:30,AMZN,SELL,298.8,2353.64784099,2354.42321764,-231.68254281,-117170.26619413
2025-03-04 14:42:50,TSLA,SELL,275.0,186.74606614,187.51348075,-211.03901681,-117381.30521095
2025-03-04 14:43:10,NFLX,BUY,188.4,272.07685857,270.63705421,-271.25914265,-117652.5643536
2025-03-04 14:44:10,TSLA,BUY,83.4,1102.74885507,1096.47913683,-522.89450189,-118175.45885549
2025-03-04 14:44:20,NFLX,SELL,118.8,860.49572099,865.20172604,-559.07340085,-118734.53225634
2025-03-04 14:44:50,TSLA,SELL,214.9,2095.00699702,2063.80792889,6704.67974006,-112029.85251628
2025-03-04 14:45:50,TSLA,BUY,246.9,3106.18023894,3087.17617374,-4692.1036965,-116721.95621278
2025-03-04 14:46:10,AMZN,BUY,134.5,2228.02673283,2242.73570936,1978.35734358,-114743.5988692
2025-03-04 14:46:40,NFLX,SELL,246.1,2122.42328302,2130.60567697,-2013.68715151,-116757.28602071
2025-03-04 14:47:00,NVDA,SELL,192.9,2646.95686876,2670.27591462,-4498.24394751,-121255.52996822
2025-03-04 14:47:10,AAPL,SELL,244.9,803.10764562,797.70107702,1324.06864838,-119931.46131985
2025-03-04 14:47:40,NFLX,SELL,255.5,2835.45875328,2804.07663728,8018.13064002,-111913.33067983
2025-03-04 14:48:00,NVDA,SELL,235.8,439.06024022,438.63225972,100.91780353,-111812.4128763
2025-03-04 14:48:10,AMZN,BUY,212.7,3113.2887074,3112.52674707,-162.06896245,-111974.48183875
2025-03-04 14:48:40,MSFT,BUY,244.3,2122.40598353,2126.21951372,931.64542446,-111042.83641428
2025-03-04 14:49:10,NFLX,BUY,291.9,2603.72528617,2607.90841642,1221.05571962,-109821.78069466
2025-03-04 14:49:20,AMZN,SELL,272.5,2452.56682689,2433.76879726,5122.4630748,-104699.31761986
2025-03-04 14:50:20,NVDA,SELL,294.5,3071.97273424,3103.52163455,-9291.15114,-113990.46875986
2025-03-04 14:50:30,TSLA,BUY,155.6,1552.75780763,1553.34013583,90.61026683,-113899.85849303
2025-03-04 14:51:00,MSFT,BUY,254.6,961.38443921,964.74365296,855.2558222,-113044.60267082
2025-03-04 14:51:30,NFLX,BUY,67.8,957.61334486,958.4884705,59.33351828,-112985.26915254
2025-03-04 14:52:30,NFLX,BUY,71.4,1774.30368695,1766.00713612,-592.37372872,-113577.64288126
2025-03-04 14:53:00,NVDA,BUY,76.5,862.04941084,859.48218273,-196.39295048,-113774.03583174
2025-03-04 14:53:30,TSLA,BUY,119.6,3343.28039805,3367.94507358,2949.8951929,-110824.14063885
2025-03-04 14:53:50,NVDA,BUY,204.5,2402.89339907,2400.39841085,-510.22508976,-111334.36572861
2025-03-04 14:54:20,NVDA,BUY,257.2,2498.91484723,2505.44865411,1680.49513126,-109653.87059735
2025-03-04 14:55:20,TSLA,BUY,183.8,3126.02473396,3147.66579579,3977.6271636,-105676.24343375
2025-03-04 14:55:30,AAPL,SELL,270.0,1042.78891131,1050.26237822,-2017.83606616,-107694.07949991
2025-03-04 14:56:30,AAPL,BUY,149.4,236.57056743,236.74369925,25.86589322,-107668.21360669
2025-03-04 14:56:50,MSFT,BUY,112.4,3322.53706243,3326.94989263,496.00211459,-107172.2114921
2025-03-04 14:57:10,TSLA,BUY,267.4,2299.59412687,2317.9258035,4901.89032936,-102270.32116273
2025-03-04 14:58:10,NVDA,BUY,207.5,2738.05008012,2734.7651584,-681.62125781,-102951.94242054
2025-03-04 14:58:20,AMZN,BUY,245.7,1408.59016701,1396.02080981,-3088.2910622,-106040.23348274
2025-03-04 14:58:30,AAPL,SELL,294.0,646.08769,642.51953829,1049.03660198,-104991.19688077
2025-03-04 14:59:00,AAPL,SELL,194.8,1034.1331103,1019.27304972,2894.73979933,-102096.45708144
2025-03-04 15:00:00,MSFT,BUY,87.4,299.33758144,297.54093618,-157.02679534,-102253.48387678
2025-03-04 15:00:10,TSLA,BUY,248.2,900.74913529,904.98796556,1052.07767351,-101201.40620327
2025-03-04 15:00:20,AAPL,BUY,159.4,417.22400641,415.39357198,-291.77124964,-101493.17745291
2025-03-04 15:00:50,AMZN,BUY,277.4,3120.33773105,3126.98318321,1843.44843104,-99649.72902186
2025-03-04 15:01:10,MSFT,BUY,297.7,456.96727543,455.1333865,-545.94873395,-100195.67775582
2025-03-04 15:01:30,AMZN,SELL,152.1,117.22818929,116.9991582,34.83562966,-100160.84212616
2025-03-04 15:02:30,NFLX,SELL,133.0,2241.3539514,2250.49986959,-1216.40711963,-101377.24924579
2025-03-04 15:03:00,NVDA,BUY,233.6,1290.54920869,1298.73547589,1912.31201827,-99464.93722752
2025-03-04 15:04:00,AAPL,BUY,73.3,3297.6583057,3288.20340535,-693.0441956,-100157.98142313
2025-03-04 15:05:00,MSFT,SELL,185.5,1793.16643437,1765.98440727,5042.26602575,-95115.71539737
2025-03-04 15:05:20,AAPL,BUY,216.8,1122.13148223,1131.0761128,1939.19590706,-93176.51949032
2025-03-04 15:05:50,AAPL,BUY,169.2,486.78985382,494.02390495,1224.00145125,-91952.51803907
2025-03-04 15:06:20,MSFT,SELL,172.8,1311.17141746,1310.77400979,68.6720464,-91883.84599268
2025-03-04 15:06:40,AMZN,SELL,159.7,147.53469225,148.50366133,-154.74436112,-92038.59035379
2025-03-04 15:07:10,AAPL,BUY,245.0,2890.20381217,2851.82408909,-9403.03215379,-101441.62250759
2025-03-04 15:08:10,TSLA,BUY,190.9,1681.30145391,1682.49615931,228.0692618,-101213.55324579
2025-03-04 15:08:30,MSFT,BUY,211.0,3499.56289013,3497.17146151,-504.59143884,-101718.14468463
2025-03-04 15:08:40,AMZN,SELL,253.2,1305.26447266,1325.54041048,-5133.86745711,-106852.01214174
2025-03-04 15:09:10,AMZN,BUY,298.7,1782.76990275,1772.10078357,-3186.86589987,-110038.87804162
2025-03-04 15:09:20,AAPL,SELL,61.7,2420.76566611,2419.32769049,88.72309574,-109950.15494588
2025-03-04 15:09:40,MSFT,SELL,138.4,951.70542941,951.39113232,43.49871717,-109906.65622871
2025-03-04 15:09:50,NVDA,BUY,204.2,197.39616645,200.10462855,553.06795884,-109353.58826987
2025-03-04 15:10:20,AMZN,SELL,280.5,1498.88320725,1521.28291271,-6283.11737999,-115636.70564986
2025-03-04 15:11:20,NFLX,BUY,240.2,844.15287392,844.12645187,-6.34657588,-115643.05222574
2025-03-04 15:11:30,NFLX,BUY,276.0,2551.24805564,2550.09476652,-318.30779861,-115961.36002435
2025-03-04 15:12:30,AAPL,BUY,73.8,2409.12836931,2399.45797846,-713.67484514,-116675.03486949
2025-03-04 15:12:50,AAPL,BUY,285.5,1496.05382831,1499.49197459,981.5907632,-115693.44410629
2025-03-04 15:13:20,AMZN,BUY,229.5,293.25280767,293.16385898,-20.41372355,-115713.85782985
2025-03-04 15:13:30,TSLA,SELL,175.1,2075.45520324,2080.62946746,-906.01366419,-116619.87149403
2025-03-04 15:13:40,NFLX,BUY,275.4,980.58664922,985.64880588,1394.11794353,-115225.7535505
2025-03-04 15:13:50,TSLA,BUY,253.6,1559.60272073,1572.76644829,3338.32130932,-111887.43224118
2025-03-04 15:14:20,NVDA,SELL,85.3,2264.53900271,2258.48440446,516.45723131,-111370.97500988
2025-03-04 15:14:30,AMZN,BUY,97.8,2308.8547558,2286.79764466,-2157.18546933,-113528.1604792
2025-03-04 15:15:30,AAPL,SELL,103.0,174.85479327,174.4085526,45.96278858,-113482.19769063
2025-03-04 15:16:30,MSFT,BUY,170.4,1923.66488066,1898.21156931,-4337.24425419,-117819.44194482
2025-03-04 15:16:50,NVDA,SELL,226.1,2429.54808209,2429.73882572,-43.12713549,-117862.56908031
2025-03-04 15:17:00,TSLA,SELL,270.3,1317.0906069,1331.32665939,-3848.00498599,-121710.5740663
2025-03-04 15:17:10,MSFT,SELL,50.2,1042.95572099,1050.5767327,-382.5747878,-122093.1488541
2025-03-04 15:17:30,NVDA,BUY,255.6,3042.27708115,3034.8801459,-1890.65664793,-123983.80550204
2025-03-04 15:18:30,NFLX,BUY,213.0,2348.55364852,2331.46271585,-3640.36865941,-127624.17416145
2025-03-04 15:19:30,TSLA,BUY,85.1,3025.19113835,3003.79434524,-1820.86709368,-129445.04125513
2025-03-04 15:20:00,NFLX,BUY,53.8,1424.62384469,1422.87115659,-94.29462009,-129539.33587522
2025-03-04 15:20:10,NFLX,SELL,181.8,3154.12842137,3135.27386658,3427.75806211,-126111.57781311
2025-03-04 15:21:10,NFLX,BUY,250.7,1414.75108177,1405.1721192,-2401.4459174,-128513.02373051
2025-03-04 15:21:20,NVDA,BUY,101.2,1414.29677069,1410.56243055,-377.91522226,-128890.93895277
2025-03-04 15:21:50,MSFT,BUY,220.6,2569.0158148,2600.97360551,7049.88863098,-121841.05032179
2025-03-04 15:22:00,AMZN,SELL,85.7,560.23236998,563.9073762,-314.94803269,-122155.99835448
2025-03-04 15:22:20,MSFT,SELL,69.4,1385.30460737,1395.79129312,-727.77599062,-122883.7743451
2025-03-04 15:23:20,NFLX,SELL,122.0,141.13327377,140.01559386,136.35694915,-122747.41739595
2025-03-04 15:24:20,MSFT,SELL,274.1,454.54437663,453.77896742,209.79866312,-122537.61873283
2025-03-04 15:24:40,NVDA,SELL,283.6,2090.59809868,2112.53233313,-6220.54889076,-128758.16762359
2025-03-04 15:25:00,NVDA,BUY,204.6,795.95169371,788.68359905,-1487.05216836,-130245.21979194
2025-03-04 15:25:30,MSFT,SELL,50.5,540.59148203,540.99877001,-20.56804281,-130265.78783475
2025-03-04 15:25:50,TSLA,BUY,133.5,3251.59825346,3270.85638837,2570.9610105,-127694.82682425
2025-03-04 15:26:00,TSLA,SELL,150.2,1214.47263515,1219.88461302,-812.87907574,-128507.7059
2025-03-04 15:26:20,AMZN,SELL,56.4,3246.20668414,3291.49802557,-2554.43165679,-131062.13755679
2025-03-04 15:26:30,MSFT,BUY,132.6,2507.86618911,2508.7373899,115.52122479,-130946.616332
2025-03-04 15:27:30,AMZN,BUY,84.3,1817.21686621,1797.79893692,-1636.93143916,-132583.54777116
2025-03-04 15:28:30,AMZN,BUY,152.0,786.44659085,775.78841951,-1620.04204366,-134203.58981483
2025-03-04 15:29:30,NFLX,BUY,51.1,605.05351513,600.95503109,-209.43253473,-134413.02234955
2025-03-04 15:30:00,NFLX,BUY,285.9,3398.79921226,3404.06895549,1506.61959194,-132906.40275761
2025-03-04 15:30:20,NFLX,SELL,67.2,2390.42472466,2390.30232052,8.22555809,-132898.17719952
2025-03-04 15:30:40,MSFT,BUY,279.0,500.24187688,504.40399623,1161.23129776,-131736.94590176
2025-03-04 15:30:50,NVDA,BUY,162.0,3154.11680876,3164.06177717,1611.08488253,-130125.86101923
2025-03-04 15:31:20,AMZN,BUY,97.1,264.98823536,262.95344306,-197.57833256,-130323.43935179
2025-03-04 15:31:40,NFLX,SELL,161.5,666.89304254,665.69306433,193.79648067,-130129.64287112
2025-03-04 15:32:10,MSFT,BUY,166.9,1256.58123132,1275.80368769,3208.22796734,-126921.41490378
2025-03-04 15:33:10,NVDA,BUY,77.0,3286.44446618,3261.79839932,-1897.74714824,-128819.16205202
2025-03-04 15:34:10,NVDA,BUY,263.2,437.48450765,443.03571053,1461.07659773,-127358.08545429
2025-03-04 15:35:10,AMZN,SELL,257.2,832.43447226,832.68809511,-65.2317953,-127423.31724959
2025-03-04 15:36:10,AAPL,BUY,208.9,3241.07852226,3258.30945471,3599.54179039,-123823.7754592
2025-03-04 15:36:20,AMZN,SELL,249.7,224.87584228,226.26966483,-348.03749059,-124171.81294978
2025-03-04 15:36:30,NFLX,BUY,105.6,569.03343559,561.77631854,-766.35156052,-124938.1645103
2025-03-04 15:36:50,MSFT,SELL,202.0,2348.58390146,2358.41449143,-1985.77917449,-126923.94368479
2025-03-04 15:37:20,AAPL,SELL,214.0,467.70863325,461.3586611,1358.89403824,-125565.04964655
2025-03-04 15:37:40,NVDA,SELL,121.8,1662.67968403,1676.53534895,-1687.61998689,-127252.66963344
2025-03-04 15:38:00,MSFT,SELL,57.2,1304.04416358,1304.41766896,-21.36450733,-127274.03414077
2025-03-04 15:38:30,AAPL,BUY,145.9,1802.39900768,1804.39098383,290.62932001,-126983.40482076
2025-03-04 15:38:50,TSLA,BUY,145.0,1933.8735,1925.28516538,-1245.30852047,-128228.71334123
2025-03-04 15:39:00,MSFT,SELL,95.0,1038.34231448,1020.42437444,1702.20430432,-126526.50903691
2025-03-04 15:40:00,AMZN,BUY,260.7,1992.46005381,1997.95039615,1431.33224773,-125095.17678918
2025-03-04 15:40:10,AMZN,BUY,161.3,3259.44631183,3290.24733982,4968.20581524,-120126.97097394
2025-03-04 15:40:20,NFLX,BUY,124.1,3443.15404876,3461.99116206,2337.68576125,-117789.28521269
2025-03-04 15:40:50,AAPL,BUY,206.6,1385.72349103,1371.46196305,-2946.43168104,-120735.71689373
2025-03-04 15:41:00,MSFT,BUY,204.5,1136.98476223,1142.45353876,1118.364801,-119617.35209274
2025-03-04 15:41:30,NVDA,BUY,97.3,528.2042156,536.0719859,765.53405037,-118851.81804237
2025-03-04 15:42:00,AMZN,SELL,272.5,1084.19694149,1099.96791916,-4297.59141644,-123149.40945881
2025-03-04 15:42:20,NFLX,BUY,117.3,474.83125471,475.56132581,85.63733953,-123063.77211928
2025-03-04 15:43:20,AMZN,BUY,116.5,3358.96326782,3333.89335068,-2920.64534641,-125984.4174657
2025-03-04 15:43:30,NVDA,BUY,108.3,538.85046204,536.14433353,-293.07371842,-126277.49118412
2025-03-04 15:44:00,AAPL,SELL,163.8,2283.91143263,2265.09026526,3082.90721604,-123194.58396808
2025-03-04 15:45:00,MSFT,SELL,246.0,2827.19592035,2830.51239278,-815.85221744,-124010.43618551
2025-03-04 15:46:00,AAPL,SELL,145.9,173.40569789,174.03210515,-91.39281964,-124101.82900516
2025-03-04 15:46:20,AMZN,SELL,164.1,903.77346044,905.70046199,-316.22095454,-124418.04995969
2025-03-04 15:46:40,TSLA,SELL,142.8,727.25878236,723.37720122,554.28978625,-123863.76017344
2025-03-04 15:46:50,AAPL,SELL,185.8,2530.5593963,2531.23198333,-124.96666965,-123988.7268431
2025-03-04 15:47:50,AMZN,BUY,117.9,2918.46065852,2925.60411687,842.21374008,-123146.51310302
2025-03-04 15:48:10,NFLX,BUY,219.3,746.5231339,754.26307184,1697.36839044,-121449.14471258
2025-03-04 15:48:40,AMZN,SELL,296.3,2523.360207,2488.57728072,10306.18105712,-111142.96365546
2025-03-04 15:48:50,TSLA,BUY,294.8,2424.48657391,2430.52377241,1779.76611621,-109363.19753925
2025-03-04 15:49:10,TSLA,BUY,131.5,702.52728811,695.4032247,-936.81433945,-110300.0118787
2025-03-04 15:49:30,NVDA,SELL,134.2,175.55017437,175.77624858,-30.33915944,-110330.35103814
2025-03-04 15:49:50,NVDA,SELL,60.9,3042.2607251,3078.95544445,-2234.70840832,-112565.05944647
2025-03-04 15:50:00,MSFT,BUY,296.4,3340.8208295,3329.89842082,-3237.40193269,-115802.46137916
2025-03-04 15:51:00,TSLA,BUY,287.6,1534.69589407,1518.86541889,-4552.844663,-120355.30604216
2025-03-04 15:51:10,MSFT,BUY,82.4,1824.88290231,1835.61045957,883.95071803,-119471.35532414
2025-03-04 15:51:20,AAPL,BUY,139.5,3063.43031324,3037.49773862,-3617.59415816,-123088.9494823
2025-03-04 15:52:20,MSFT,SELL,298.0,800.96047175,803.46504251,-746.36208827,-123835.31157057
2025-03-04 15:52:40,AMZN,SELL,290.5,2660.4937411,2642.61953513,5192.45683379,-118642.85473678
2025-03-04 15:53:40,TSLA,BUY,173.7,1810.43277583,1803.0302028,-1285.82693467,-119928.68167145
2025-03-04 15:54:40,NFLX,SELL,233.3,694.81814678,688.56669733,1458.46315648,-118470.21851497
2025-03-04 15:55:10,MSFT,BUY,190.9,1228.74354145,1223.87133982,-930.10329143,-119400.32180641
2025-03-04 15:55:30,MSFT,SELL,170.5,2570.00116941,2546.68722214,3975.02801054,-115425.29379587
2025-03-04 15:55:40,AMZN,SELL,282.2,3209.94914401,3212.0133991,-582.53278668,-116007.82658255
2025-03-04 15:55:50,AAPL,SELL,54.4,2423.65040742,2466.37082927,-2323.99094872,-118331.81753126
2025-03-04 15:56:20,AAPL,BUY,299.0,3481.82435806,3499.4326856,5264.88993383,-113066.92759743
2025-03-04 15:57:20,NFLX,SELL,66.0,3015.87820011,3018.91636735,-200.51903788,-113267.44663531
2025-03-04 15:57:30,AMZN,BUY,151.8,2823.01501963,2834.4569582,1736.88627547,-111530.56035984
2025-03-04 15:57:50,AMZN,SELL,165.8,1186.8762022,1183.16077546,616.01775271,-110914.54260712
2025-03-04 15:58:10,TSLA,BUY,59.5,3015.89949921,2992.57490574,-1387.81331183,-112302.35591896
2025-03-04 15:58:20,TSLA,BUY,81.3,612.9853592,611.6064167,-112.1080253,-112414.46394426
2025-03-04 15:59:20,MSFT,BUY,270.5,3211.18948124,3204.5337372,-1800.37876342,-114214.84270767
2025-03-04 15:59:30,TSLA,SELL,237.9,209.61725799,211.62526253,-477.70428061,-114692.54698829
2025-03-04 16:00:30,MSFT,SELL,297.8,1781.30834631,1791.2165922,-2950.67562816,-117643.22261644
2025-03-04 16:01:30,NFLX,SELL,108.6,249.07986362,246.96994195,229.13749309,-117414.08512335
2025-03-04 16:01:50,AMZN,BUY,190.0,3232.64916918,3176.24137462,-10717.48096621,-128131.56608956
2025-03-04 16:02:10,AAPL,BUY,152.0,253.37738477,254.31893952,143.11632212,-127988.44976744
2025-03-04 16:02:40,AAPL,SELL,208.9,2137.27010947,2135.8452821,297.64643809,-127690.80332935
2025-03-04 16:03:00,AMZN,BUY,242.5,2525.06030625,2498.99830204,-6320.0360217,-134010.83935105
2025-03-04 16:04:00,NFLX,SELL,233.0,3071.75610876,3088.04854839,-3796.13843491,-137806.97778595
2025-03-04 16:05:00,AAPL,SELL,299.1,2622.35964933,2632.69404326,-3091.0172241,-140897.99501006
2025-03-04 16:06:00,AAPL,SELL,87.8,3334.77875341,3346.85765788,-1060.52781215,-141958.52282221
2025-03-04 16:07:00,AMZN,BUY,195.1,1792.27308003,1805.69845828,2619.29129695,-139339.23152526
2025-03-04 16:07:10,AAPL,SELL,230.2,2692.2267136,2682.0826228,2335.16970036,-137004.0618249
2025-03-04 16:07:30,NFLX,BUY,114.8,3490.30809518,3500.48376947,1168.16740928,-135835.89441561
2025-03-04 16:07:50,NFLX,SELL,90.1,1164.16322048,1179.70942765,-1400.71326599,-137236.6076816
2025-03-04 16:08:20,TSLA,BUY,198.9,3146.00504603,3150.52093546,898.21040866,-136338.39727294
2025-03-04 16:09:20,NFLX,SELL,134.4,847.92207422,856.64386198,-1172.20827407,-137510.60554701
2025-03-04 16:09:30,NVDA,SELL,293.2,1397.23206441,1403.30011718,-1779.15307319,-139289.7586202
2025-03-04 16:09:40,NVDA,SELL,56.6,1445.03721829,1444.72043965,17.9296711,-139271.82894911
2025-03-04 16:10:00,AAPL,BUY,286.3,862.78043366,862.97955576,57.008656,-139214.82029311
2025-03-04 16:10:10,TSLA,SELL,121.6,357.04540224,356.17426487,105.93030383,-139108.88998928
2025-03-04 16:11:10,AMZN,BUY,264.9,399.51569242,402.25370169,725.29865517,-138383.59133411
2025-03-04 16:11:40,AMZN,SELL,292.8,2440.40087844,2444.18879068,-1109.10070346,-139492.69203757
2025-03-04 16:11:50,TSLA,BUY,209.7,1833.58402619,1825.50367852,-1694.44890564,-141187.14094321
2025-03-04 16:12:00,NVDA,BUY,211.1,2976.26184244,3039.85087613,13423.6450128,-127763.49593041
2025-03-04 16:12:20,MSFT,SELL,246.6,2824.46170051,2836.56517533,-2984.71689113,-130748.21282154
2025-03-04 16:12:50,NVDA,BUY,195.8,778.80326522,771.93680876,-1344.45217501,-132092.66499655
2025-03-04 16:13:20,MSFT,SELL,299.3,2403.27792712,2399.92558827,1003.35501736,-131089.30997919
2025-03-04 16:13:30,AAPL,SELL,261.0,2893.40042905,2876.60441417,4383.75988399,-126705.5500952
2025-03-04 16:14:00,NFLX,SELL,274.2,2605.73062545,2593.08083843,3468.57160064,-123236.97849456
2025-03-04 16:14:10,NFLX,SELL,263.0,297.72029517,297.09864688,163.49349951,-123073.48499505
2025-03-04 16:14:20,TSLA,BUY,224.7,2583.4834008,2559.78184001,-5325.74071109,-128399.22570614
2025-03-04 16:15:20,AMZN,SELL,66.0,3357.58599826,3316.46422879,2714.03678477,-125685.18892137
2025-03-04 16:15:40,NFLX,BUY,127.4,2730.68790559,2757.22765861,3381.16453517,-122304.0243862
2025-03-04 16:15:50,MSFT,SELL,183.7,2506.0249026,2487.4860946,3405.57902962,-118898.44535658
2025-03-04 16:16:20,AAPL,BUY,195.3,2743.06863932,2764.98524358,4280.31281376,-114618.13254283
2025-03-04 16:17:20,MSFT,SELL,53.2,2103.07537398,2087.76164211,814.6905358,-113803.44200702
2025-03-04 16:18:20,TSLA,SELL,186.4,3165.59020442,3175.94003226,-1929.2079096,-115732.64991662
2025-03-04 16:19:20,TSLA,BUY,162.4,1513.5649181,1478.01187217,-5773.81465867,-121506.4645753
2025-03-04 16:19:50,MSFT,BUY,247.0,3143.5003405,3150.62288253,1759.26788156,-119747.19669374
2025-03-04 16:20:50,AAPL,SELL,198.9,3486.08257731,3459.3393523,5319.22745564,-114427.9692381
2025-03-04 16:21:00,NFLX,BUY,242.3,2771.96352702,2744.12970753,-6744.13446051,-121172.10369861
2025-03-04 16:21:20,AAPL,SELL,175.0,2561.85983409,2531.81355902,5258.09813695,-115914.00556166
2025-03-04 16:21:30,NVDA,SELL,228.2,2039.94041104,2028.02721336,2718.59171108,-113195.41385058
2025-03-04 16:22:30,MSFT,SELL,122.9,599.09878209,603.34923294,-522.3804104,-113717.79426098
2025-03-04 16:23:30,AAPL,BUY,135.5,1825.63030531,1816.43106595,-1246.49693427,-114964.29119525
2025-03-04 16:23:40,NVDA,BUY,142.0,1833.15139949,1834.56557137,200.81240717,-114763.47878807
2025-03-04 16:24:10,NVDA,SELL,155.6,1917.86696664,1925.8743103,-1245.94267427,-116009.42146235
2025-03-04 16:24:40,MSFT,SELL,220.3,728.20096063,726.577569,357.63317697,-115651.78828538
2025-03-04 16:25:40,AMZN,BUY,184.7,3243.79202278,3163.49417652,-14831.01220404,-130482.80048942
2025-03-04 16:26:00,MSFT,SELL,160.8,127.60394393,127.14740319,73.41175049,-130409.38873892
2025-03-04 16:26:20,TSLA,BUY,217.4,1354.7011717,1347.96929046,-1463.5109814,-131872.89972032
2025-03-04 16:26:50,AMZN,BUY,243.7,1647.63028532,1622.37713467,-6154.19281185,-138027.09253217
2025-03-04 16:27:10,MSFT,BUY,56.8,1607.54526383,1615.72748698,464.75027443,-137562.34225774
2025-03-04 16:27:40,TSLA,SELL,195.3,1847.27602267,1852.40943136,-1002.55471749,-138564.89697523
2025-03-04 16:27:50,NFLX,SELL,105.2,653.98389249,651.92902827,216.17171681,-138348.72525842
2025-03-04 16:28:10,NVDA,SELL,180.4,3255.69375105,3216.57758232,7056.55683797,-131292.16842045
2025-03-04 16:28:30,NVDA,SELL,116.5,753.13199368,762.26564801,-1064.07072861,-132356.23914905
2025-03-04 16:28:50,MSFT,BUY,148.1,1596.11272021,1577.89809692,-2697.58570949,-135053.82485854
2025-03-04 16:29:50,MSFT,BUY,110.5,2020.07724136,2014.24803374,-644.12744176,-135697.9523003
2025-03-04 16:30:10,MSFT,SELL,243.2,1243.55817097,1241.37262201,531.52550688,-135166.42679342
2025-03-04 16:30:20,MSFT,BUY,202.7,2535.40072366,2526.15842744,-1873.41344333,-137039.84023675
2025-03-04 16:31:20,NVDA,BUY,149.8,3109.1827603,3127.51507035,2746.18004571,-134293.66019103
2025-03-04 16:32:20,NVDA,SELL,151.3,1463.03728211,1458.45776807,692.88047327,-133600.77971776
2025-03-04 16:32:50,MSFT,SELL,68.7,1185.62108911,1177.18966511,579.23882894,-133021.54088882
2025-03-04 16:33:50,NFLX,SELL,61.2,617.68444238,621.24237164,-217.74527042,-133239.28615924
2025-03-04 16:34:20,AAPL,BUY,80.9,1254.10349951,1250.01351104,-330.88006686,-133570.1662261
2025-03-04 16:34:50,MSFT,BUY,299.2,2295.35915251,2281.23543524,-4225.81620446,-137795.98243056
2025-03-04 16:35:00,AAPL,SELL,94.7,3404.27998455,3378.84305467,2408.8772605,-135387.10517007
2025-03-04 16:36:00,AAPL,BUY,109.9,1838.12782936,1829.76499907,-919.07504866,-136306.18021873
2025-03-04 16:36:30,TSLA,SELL,110.6,1471.85741595,1483.23521218,-1258.38426257,-137564.5644813
2025-03-04 16:36:40,NVDA,BUY,278.6,3128.57708783,3173.95164777,12641.3524002,-124923.2120811
2025-03-04 16:37:40,AAPL,SELL,158.7,662.88081123,657.89801828,790.7692414,-124132.4428397
2025-03-04 16:38:10,AAPL,SELL,146.4,2247.09696269,2250.17170129,-450.14173034,-124582.58457003
2025-03-04 16:38:40,AAPL,BUY,229.8,3396.17600046,3399.80797535,834.62783147,-123747.95673856
2025-03-04 16:39:00,MSFT,BUY,117.3,1965.89386206,1984.09681165,2135.20598755,-121612.75075101
2025-03-04 16:40:00,NFLX,BUY,52.4,2973.85610557,3001.20314058,1432.98463424,-120179.76611678
2025-03-04 16:40:20,AMZN,SELL,216.4,848.83959747,850.96592991,-460.13834071,-120639.90445748
2025-03-04 16:40:50,AAPL,SELL,140.4,1505.87039108,1513.91276248,-1129.14894514,-121769.05340262
2025-03-04 16:41:10,NFLX,BUY,235.3,2609.02322816,2576.70091532,-7605.44021212,-129374.49361474
2025-03-04 16:41:40,AAPL,BUY,188.0,3245.52638253,3266.16848749,3880.71573359,-125493.77788115
2025-03-04 16:42:10,AMZN,SELL,103.6,2787.67401124,2806.4925676,-1949.60243854,-127443.3803197
2025-03-04 16:42:20,MSFT,SELL,178.1,270.3639018,269.60399552,135.33930703,-127308.04101267
2025-03-04 16:42:30,NFLX,BUY,237.8,1737.79863147,1724.98029059,-3048.20146217,-130356.24247484
2025-03-04 16:43:30,NVDA,SELL,192.9,3248.85165183,3230.24675421,3588.88475123,-126767.35772361
2025-03-04 16:43:50,MSFT,SELL,98.3,455.94453216,451.0720286,478.9671007,-126288.39062291
2025-03-04 16:44:50,TSLA,SELL,238.8,3111.03692249,3157.0220304,-10981.24377008,-137269.63439299
2025-03-04 16:45:50,AAPL,SELL,52.7,2129.63474729,2127.10843591,133.13660993,-137136.49778306
2025-03-04 16:46:50,AMZN,SELL,173.9,3267.36402026,3293.9680997,-4626.44941349,-141762.94719655
2025-03-04 16:47:20,TSLA,BUY,67.3,2460.36326322,2444.53977457,-1064.92078629,-142827.86798284
2025-03-04 16:48:20,NVDA,SELL,79.7,1294.62064873,1307.22018928,-1004.18338238,-143832.05136522
2025-03-04 16:48:50,NFLX,SELL,96.4,599.31430538,602.77832178,-333.93118111,-144165.98254634
2025-03-04 16:49:50,NVDA,SELL,231.1,1352.08480998,1348.65962475,791.56030649,-143374.42223985
2025-03-04 16:50:20,MSFT,BUY,197.8,381.34151323,382.62578841,254.02963126,-143120.39260859
2025-03-04 16:50:50,MSFT,BUY,163.7,2977.10641759,2976.72654531,-62.18509165,-143182.57770024
2025-03-04 16:51:00,NFLX,SELL,98.3,2735.48539775,2718.65756885,1654.17558094,-141528.4021193
2025-03-04 16:51:30,TSLA,BUY,106.5,1283.50270966,1284.65976373,123.22625931,-141405.17585999
2025-03-04 16:51:40,TSLA,SELL,172.5,2544.29337211,2546.34516906,-353.93497491,-141759.1108349
2025-03-04 16:52:10,TSLA,BUY,233.8,394.04710332,399.26324137,1219.53307714,-140539.57775776
2025-03-04 16:52:20,TSLA,BUY,275.9,2932.97949756,2969.09870652,9965.28975256,-130574.2880052
2025-03-04 16:52:30,NVDA,SELL,88.9,2656.9507454,2666.23981977,-825.79871183,-131400.08671703
2025-03-04 16:52:40,AAPL,SELL,67.7,658.35033736,656.80929854,104.32832801,-131295.75838902
2025-03-04 16:53:10,AAPL,BUY,157.7,3492.85269936,3437.27347167,-8764.84420668,-140060.6025957
2025-03-04 16:54:10,NFLX,BUY,223.3,2569.22480093,2607.00149089,8435.53487006,-131625.06772564
2025-03-04 16:54:20,NVDA,SELL,139.7,3494.05608663,3505.85603653,-1648.45300064,-133273.52072628
2025-03-04 16:55:20,MSFT,SELL,145.5,3147.63951108,3169.03893635,-3113.61637731,-136387.13710359
2025-03-04 16:55:40,NFLX,BUY,69.6,280.12789723,283.79932333,255.53125678,-136131.60584681
2025-03-04 16:56:40,NFLX,SELL,142.7,170.59790506,169.62134203,139.35554467,-135992.25030214
2025-03-04 16:57:10,AMZN,BUY,122.2,2159.90009251,2169.18700779,1134.86104803,-134857.38925411
2025-03-04 16:57:20,NVDA,BUY,249.6,2809.77492153,2812.88197595,775.52078433,-134081.86846978
2025-03-04 16:57:50,TSLA,BUY,252.4,1067.52681427,1080.61877735,3304.41148127,-130777.45698851
2025-03-04 16:58:10,TSLA,BUY,122.4,732.74191059,735.97349781,395.54627576,-130381.91071275
2025-03-04 16:58:30,AAPL,BUY,213.1,2433.20249559,2413.73417144,-4148.69987696,-134530.61058971
2025-03-04 16:58:50,TSLA,BUY,75.0,1513.04498734,1513.24617368,15.08897552,-134515.52161419
2025-03-04 16:59:20,AAPL,BUY,197.2,1483.7054627,1494.19802785,2069.13384817,-132446.38776601
2025-03-04 17:00:20,AAPL,BUY,83.1,755.48748178,747.02197345,-703.48374238,-133149.87150839
2025-03-04 17:00:40,NVDA,SELL,273.1,930.58700143,926.9755048,986.29972851,-132163.57177989
2025-03-04 17:01:00,NFLX,SELL,170.9,1904.58120243,1908.6368613,-693.11210064,-132856.68388053
2025-03-04 17:01:30,MSFT,BUY,258.4,481.4751192,481.90534276,111.1697671,-132745.51411343
2025-03-04 17:02:30,MSFT,BUY,86.5,2085.66521155,2082.92525174,-237.00652383,-132982.52063726
2025-03-04 17:03:30,TSLA,SELL,110.7,2450.00229156,2412.98719805,4097.57085162,-128884.94978564
2025-03-04 17:04:30,NVDA,SELL,221.2,1918.58797259,1935.51887107,-3745.11474466,-132630.0645303
2025-03-04 17:05:00,NFLX,SELL,167.7,3056.16094966,3052.35284332,638.61943228,-131991.44509802
2025-03-04 17:06:00,AMZN,BUY,68.9,3407.94741539,3453.28067591,3123.46164984,-128867.98344818
2025-03-04 17:06:10,TSLA,BUY,81.2,1719.9155034,1737.8177144,1453.65953288,-127414.3239153
2025-03-04 17:07:10,NFLX,BUY,263.0,679.69157408,681.80056211,554.66385286,-126859.66006243
2025-03-04 17:07:20,AAPL,BUY,199.4,2358.34110575,2373.82270595,3087.0310805,-123772.62898193
2025-03-04 17:08:20,AAPL,SELL,157.1,789.94801139,792.21190503,-355.65769103,-124128.28667297
2025-03-04 17:08:40,AMZN,BUY,288.4,163.17313579,165.63223461,709.2041013,-123419.08257166
2025-03-04 17:09:00,NFLX,BUY,115.1,2972.37457875,2988.9187156,1904.23015195,-121514.85241971
2025-03-04 17:09:20,AAPL,SELL,175.8,426.43744119,427.09054564,-114.8157631,-121629.66818281
2025-03-04 17:09:40,TSLA,BUY,152.6,1651.22628788,1646.07044411,-786.78175933,-122416.44994214
2025-03-04 17:10:40,TSLA,BUY,66.5,316.45533302,319.23361512,184.75575939,-122231.69418275
2025-03-04 17:11:40,NVDA,BUY,152.3,245.33166218,243.58296667,-266.32632704,-122498.0205098
2025-03-04 17:12:10,MSFT,BUY,221.8,2297.99296947,2310.06765088,2678.16433667,-119819.85617312
2025-03-04 17:12:30,TSLA,SELL,200.1,967.68722165,964.96473629,544.7693221,-119275.08685103
2025-03-04 17:13:00,TSLA,BUY,204.8,1244.83643075,1264.22903272,3971.60488286,-115303.48196817
2025-03-04 17:13:30,NVDA,SELL,156.7,3424.68009692,3403.79890556,3272.08268489,-112031.39928328
2025-03-04 17:14:30,AMZN,SELL,188.3,359.14253771,352.50787057,1249.30782224,-110782.09146104
2025-03-04 17:15:30,TSLA,SELL,80.4,1217.57111654,1216.26903708,104.68718869,-110677.40427235
2025-03-04 17:16:00,AAPL,SELL,76.4,1466.06983355,1465.96330547,8.13874557,-110669.26552678
2025-03-04 17:16:30,NVDA,SELL,256.1,182.59519156,180.0280151,657.45389033,-110011.81163645
2025-03-04 17:16:40,AMZN,SELL,159.2,1778.16329149,1782.58791747,-704.40045699,-110716.21209344
2025-03-04 17:16:50,MSFT,BUY,225.1,1014.77358727,1020.58970286,1309.20761758,-109407.00447586
2025-03-04 17:17:50,TSLA,BUY,166.9,1794.9888221,1811.58504049,2769.90885041,-106637.09562545
2025-03-04 17:18:20,NFLX,SELL,159.3,1791.19869027,1791.09592976,16.3697492,-106620.72587626
2025-03-04 17:19:20,AAPL,BUY,223.0,1896.95158194,1859.27745601,-8401.33008252,-115022.05595878
2025-03-04 17:20:20,NVDA,BUY,144.4,2518.1043465,2481.93201485,-5223.28468942,-120245.3406482
2025-03-04 17:20:40,TSLA,BUY,163.3,1924.22163033,1905.30005041,-3089.89400102,-123335.23464922
2025-03-04 17:20:50,NVDA,SELL,224.1,3124.62797466,3132.15210967,-1686.15865511,-125021.39330433
2025-03-04 17:21:00,TSLA,BUY,208.9,3401.37330498,3416.98609175,3261.51115586,-121759.88214848
2025-03-04 17:21:10,AAPL,SELL,89.5,3376.07046975,3378.97668402,-260.10617697,-122019.98832545
2025-03-04 17:22:10,NFLX,SELL,154.4,3443.87689972,3427.10957763,2588.87452983,-119431.11379561
2025-03-04 17:23:10,NFLX,BUY,180.4,820.94743146,812.11412465,-1593.52854807,-121024.64234369
2025-03-04 17:23:40,MSFT,SELL,293.8,2530.2158189,2552.1343991,-6439.67886382,-127464.3212075
2025-03-04 17:24:00,NFLX,SELL,122.9,3149.67461382,3122.15603498,3382.03333934,-124082.28786817
2025-03-04 17:24:10,AAPL,BUY,75.1,1441.47944654,1424.49137051,-1275.80450936,-125358.09237753
2025-03-04 17:24:20,NVDA,BUY,141.3,2690.67365222,2694.53796116,546.02685311,-124812.06552442
2025-03-04 17:25:20,AAPL,SELL,179.6,1424.39386847,1445.46280312,-3783.98066343,-128596.04618785
2025-03-04 17:25:30,AAPL,SELL,205.7,1203.72406153,1205.9440529,-456.65222639,-129052.69841424
2025-03-04 17:25:50,TSLA,BUY,54.4,1036.17249047,1029.75084,-349.33778583,-129402.03620007
2025-03-04 17:26:00,TSLA,BUY,194.6,1979.19960495,1967.45391599,-2285.71107317,-131687.74727324
2025-03-04 17:26:30,AAPL,BUY,202.9,3137.36603953,3134.16949855,-648.57816539,-132336.32543863
2025-03-04 17:27:00,AMZN,SELL,177.7,493.42521853,490.59272631,503.33386872,-131832.99156991
2025-03-04 17:27:20,MSFT,BUY,252.1,2163.32299225,2163.24542766,-19.55403193,-131852.54560184
2025-03-04 17:27:30,AMZN,SELL,100.7,2646.62738444,2638.43374707,825.09928371,-131027.44631813
2025-03-04 17:27:40,NFLX,SELL,67.9,3318.12848619,3341.76439152,-1604.87797196,-132632.32429009
2025-03-04 17:27:50,AAPL,BUY,199.3,1753.10954097,1764.3519542,2240.6129565,-130391.71133359
2025-03-04 17:28:50,NFLX,BUY,54.5,2231.44531136,2218.13887571,-725.20074277,-131116.91207636
2025-03-04 17:29:10,TSLA,BUY,172.9,2168.45320837,2163.13454648,-919.59664106,-132036.50871742
2025-03-04 17:29:20,NFLX,SELL,129.1,1939.64113072,1948.74738177,-1175.61701159,-133212.125729
2025-03-04 17:30:20,NFLX,BUY,282.6,2736.68555556,2761.68911002,7066.00448825,-126146.12124076
2025-03-04 17:30:30,MSFT,BUY,149.1,1794.58564522,1787.01109629,-1129.36524689,-127275.48648765
2025-03-04 17:30:40,AMZN,SELL,177.6,3290.63429714,3343.57146911,-9401.6417423,-136677.12822995
2025-03-04 17:30:50,TSLA,BUY,131.2,988.19628346,985.19174262,-394.19575825,-137071.3239882
2025-03-04 17:31:00,NFLX,BUY,219.6,3268.95584321,3254.68605609,-3133.64525116,-140204.96923935
2025-03-04 17:32:00,NFLX,SELL,292.8,1948.88664576,1961.027161,-3554.74286093,-143759.71210028
2025-03-04 17:33:00,TSLA,BUY,90.1,1183.5932567,1160.58652081,-2072.90690333,-145832.61900361
2025-03-04 17:33:20,NVDA,BUY,272.1,642.56259147,643.77465505,329.80249906,-145502.81650455
2025-03-04 17:34:20,NVDA,BUY,192.1,3468.46129588,3482.45498377,2688.18744371,-142814.62906084
2025-03-04 17:34:30,TSLA,SELL,61.0,2483.33882047,2491.00382427,-467.56523182,-143282.19429266
2025-03-04 17:35:00,MSFT,BUY,67.7,635.95638784,628.81171587,-483.6942921,-143765.88858476
2025-03-04 17:35:20,NVDA,BUY,182.5,319.65580349,318.16308596,-272.42095034,-144038.3095351
2025-03-04 17:35:30,NVDA,BUY,249.0,1029.28568785,1031.06680837,443.49900749,-143594.81052761
2025-03-04 17:36:30,MSFT,BUY,298.6,810.84237002,811.59850101,225.78071287,-143369.02981474
2025-03-04 17:37:00,AAPL,SELL,231.6,2729.83609149,2744.99285365,-3510.30611644,-146879.33593118
2025-03-04 17:37:20,MSFT,SELL,205.1,2323.32048013,2284.17706142,8028.31517775,-138851.02075343
2025-03-04 17:38:20,AAPL,BUY,70.6,2496.94777082,2479.1528894,-1256.31862847,-140107.3393819
2025-03-04 17:38:50,NVDA,SELL,93.2,986.13961277,970.76862697,1432.57587744,-138674.76350447
2025-03-04 17:39:00,NFLX,BUY,141.6,572.3534317,568.99520441,-475.52498412,-139150.28848859
2025-03-04 17:39:20,NFLX,SELL,241.3,3317.95752161,3317.66537355,70.49532714,-139079.79316145
2025-03-04 17:39:40,NFLX,SELL,93.2,2584.89602883,2598.99220412,-1313.76353669,-140393.55669814
2025-03-04 17:39:50,AAPL,BUY,236.9,3440.39407567,3505.90985087,15520.68714434,-124872.8695538
2025-03-04 17:40:50,TSLA,SELL,262.7,2057.59040464,2047.38040571,2682.16671663,-122190.70283718
2025-03-04 17:41:10,NVDA,SELL,236.2,492.47437594,493.63168029,-273.35528738,-122464.05812455
2025-03-04 17:41:40,NVDA,BUY,207.2,1019.81847006,1017.82452232,-413.14596984,-122877.2040944
2025-03-04 17:42:00,AAPL,SELL,76.6,838.29013666,842.01790197,-285.54682279,-123162.75091719
2025-03-04 17:42:10,TSLA,BUY,65.6,543.57202883,542.97285651,-39.30570425,-123202.05662144
2025-03-04 17:42:30,AAPL,SELL,226.6,1190.94115308,1182.97993784,1804.01137357,-121398.04524787
2025-03-04 17:42:40,MSFT,BUY,246.2,3058.82163804,3035.60831646,-5715.11977346,-127113.16502134
2025-03-04 17:43:40,MSFT,SELL,140.7,2513.2087654,2514.67857542,-206.80227026,-127319.9672916
2025-03-04 17:44:10,TSLA,BUY,260.6,391.21133931,387.64730093,-928.78840279,-128248.7556944
2025-03-04 17:45:10,NFLX,BUY,275.5,3062.9370197,3046.91425477,-4414.27173987,-132663.02743426
2025-03-04 17:46:10,MSFT,BUY,138.7,1252.50084645,1268.44483444,2211.43113417,-130451.59630009
2025-03-04 17:47:10,TSLA,BUY,198.3,314.70728648,316.07380764,270.98114571,-130180.61515438
2025-03-04 17:47:40,NFLX,BUY,115.5,3339.58821006,3363.83660769,2800.68992602,-127379.92522836
2025-03-04 17:48:10,NVDA,BUY,234.4,911.83502829,905.82258916,-1409.31573219,-128789.24096055
2025-03-04 17:48:20,NFLX,SELL,111.8,2811.22790238,2830.65522664,-2171.97485248,-130961.21581303
2025-03-04 17:48:30,AAPL,BUY,91.9,1319.16816516,1325.47350336,579.4605798,-130381.75523323
2025-03-04 17:48:40,NVDA,SELL,193.8,412.67952888,417.20567501,-877.16711955,-131258.92235278
2025-03-04 17:49:40,NFLX,SELL,90.8,1050.3948104,1030.21086956,1832.70182812,-129426.22052466
2025-03-04 17:50:10,NVDA,BUY,165.9,1739.07593799,1747.77534555,1443.23171492,-127982.98880974
2025-03-04 17:50:40,MSFT,SELL,201.4,2153.24402049,2153.76568497,-105.06322518,-128088.05203493
2025-03-04 17:51:10,AMZN,BUY,299.1,535.28419373,537.13861678,554.65793512,-127533.3940998
2025-03-04 17:51:30,AMZN,BUY,175.5,1508.62140023,1512.40186363,663.47132784,-126869.92277196
2025-03-04 17:51:50,NVDA,SELL,98.5,1875.08495115,1884.32575544,-910.21922237,-127780.14199433
2025-03-04 17:52:50,AAPL,BUY,71.6,656.59978167,658.12135875,108.94491916,-127671.19707517
2025-03-04 17:53:00,AAPL,BUY,118.3,2609.94427884,2640.89704933,3661.71274924,-124009.48432593
2025-03-04 17:53:10,AAPL,SELL,253.8,1194.49659618,1203.45999926,-2274.9117013,-126284.39602723
2025-03-04 17:53:30,AMZN,SELL,267.2,1969.96253919,1978.02450101,-2154.15619919,-128438.55222641
2025-03-04 17:54:00,AAPL,SELL,110.9,168.5486992,169.04144369,-54.6453644,-128493.19759081
2025-03-04 17:54:20,MSFT,BUY,160.5,406.02699752,405.76019989,-42.82101851,-128536.01860932
2025-03-04 17:54:30,AAPL,SELL,131.8,2989.02435157,3012.6199876,-3109.90482887,-131645.92343819
2025-03-04 17:55:30,TSLA,BUY,273.9,1254.53824754,1268.47667032,3817.73400092,-127828.18943727
2025-03-04 17:55:40,NVDA,BUY,287.2,904.5880628,902.0150766,-738.96163558,-128567.15107284
2025-03-04 17:56:40,TSLA,BUY,239.8,2053.5660382,2053.30538451,-62.50475496,-128629.6558278
2025-03-04 17:57:40,AAPL,BUY,269.3,3163.5308923,3141.06219555,-6050.820033,-134680.4758608
2025-03-04 17:57:50,NFLX,BUY,125.9,259.1674546,256.55857883,-328.45745949,-135008.93332029
2025-03-04 17:58:20,AAPL,SELL,96.1,2581.99425737,2577.49920319,431.97470614,-134576.95861415
2025-03-04 17:58:50,MSFT,SELL,215.8,1278.57496086,1296.08947115,-3779.63132149,-138356.58993564
2025-03-04 17:59:50,TSLA,SELL,79.1,3368.10686416,3364.64307519,273.98570756,-138082.60422808
2025-03-04 18:00:10,NFLX,BUY,107.6,2512.53023575,2503.55639275,-965.58550723,-139048.18973531
2025-03-04 18:00:20,MSFT,SELL,129.9,562.0850998,561.71755605,47.74393205,-139000.44580327
2025-03-04 18:00:40,MSFT,SELL,274.9,1262.75173798,1248.2386616,3989.64469672,-135010.80110654
2025-03-04 18:01:40,NFLX,SELL,130.0,1214.02710173,1219.37911714,-695.76200249,-135706.56310904
2025-03-04 18:02:10,AAPL,BUY,218.2,1210.08071406,1187.65603208,-4893.06560638,-140599.62871541
2025-03-04 18:02:20,AAPL,SELL,55.5,606.90521368,609.92935674,-167.83993989,-140767.4686553
2025-03-04 18:02:40,TSLA,SELL,76.9,844.0379038,841.91430178,163.30499549,-140604.16365981
2025-03-04 18:03:00,AMZN,SELL,146.4,2562.37600684,2567.12501079,-695.25417769,-141299.4178375
2025-03-04 18:04:00,AMZN,SELL,253.2,349.48652513,345.35914384,1045.05294182,-140254.36489568
2025-03-04 18:04:20,NVDA,BUY,61.3,3141.91599273,3153.09806965,685.46131543,-139568.90358025
2025-03-04 18:04:40,TSLA,SELL,238.0,786.18666787,779.74789689,1532.42749291,-138036.47608735
2025-03-04 18:04:50,AAPL,SELL,264.5,310.8845762,313.4143664,-669.12950682,-138705.60559416
2025-03-04 18:05:50,AMZN,BUY,98.9,1166.57196944,1174.85284755,818.97884515,-137886.62674901
2025-03-04 18:06:20,NVDA,BUY,241.5,248.05836467,248.1273075,16.64969311,-137869.97705591
2025-03-04 18:06:30,AAPL,BUY,156.4,2046.40897499,2037.7320248,-1357.07500954,-139227.05206545
2025-03-04 18:07:30,AMZN,SELL,217.2,3203.79793376,3193.47510997,2242.11732625,-136984.9347392
2025-03-04 18:07:40,NVDA,BUY,193.3,1589.15247331,1599.65298528,2029.74896287,-134955.18577632
2025-03-04 18:07:50,NFLX,SELL,156.7,3227.64021478,3246.82555853,-3006.3433653,-137961.52914162
2025-03-04 18:08:10,MSFT,BUY,209.9,1097.59709407,1112.96140312,3224.96847111,-134736.56067051
2025-03-04 18:08:40,AAPL,SELL,88.2,1527.95171475,1508.89800709,1680.53701566,-133056.02365486
2025-03-04 18:09:00,NFLX,BUY,222.7,1696.05095564,1695.6176636,-96.49413684,-133152.5177917
2025-03-04 18:09:30,TSLA,BUY,153.7,661.80882672,669.3909248,1165.36847565,-131987.14931605
2025-03-04 18:10:00,MSFT,BUY,153.2,2773.39935806,2774.97165356,240.8756704,-131746.27364565
2025-03-04 18:10:30,MSFT,SELL,249.0,920.15862537,934.37072017,-3538.81160465,-135285.0852503
2025-03-04 18:11:30,MSFT,SELL,181.2,386.32574384,384.25988074,374.3343941,-134910.7508562
2025-03-04 18:11:50,AAPL,BUY,236.2,2503.4630657,2593.16884162,21188.50427341,-113722.24658279
2025-03-04 18:12:50,AMZN,BUY,152.4,2574.49106156,2597.13454667,3450.867132,-110271.37945079
2025-03-04 18:13:50,MSFT,SELL,199.3,1533.3099708,1556.39084027,-4600.01728615,-114871.39673694
2025-03-04 18:14:00,AMZN,BUY,98.2,3320.6427808,3291.1597369,-2895.23491128,-117766.63164822
2025-03-04 18:14:20,AMZN,SELL,82.8,2229.6413668,2211.7366721,1482.50872073,-116284.12292749
2025-03-04 18:14:30,AMZN,SELL,257.1,3099.98188026,3085.92523681,3613.96303081,-112670.15989668
2025-03-04 18:14:50,TSLA,SELL,257.7,3272.05054328,3326.30372073,-13981.04382897,-126651.20372564
2025-03-04 18:15:50,TSLA,SELL,225.5,1797.67150348,1825.79177723,-6341.12173067,-132992.32545631
2025-03-04 18:16:00,AMZN,BUY,165.5,1225.31863609,1239.90614882,2414.23335749,-130578.09209882
2025-03-04 18:16:10,NVDA,BUY,139.3,365.61286469,366.21687359,84.13844054,-130493.95365828
2025-03-04 18:17:10,NFLX,BUY,188.9,3374.41798339,3376.82673168,455.01255138,-130038.94110691
2025-03-04 18:17:20,AMZN,BUY,96.4,2162.51565615,2154.91024164,-733.16195865,-130772.10306556
2025-03-04 18:18:20,MSFT,BUY,217.1,1067.93133172,1069.63986977,370.923612,-130401.17945356
2025-03-04 18:18:30,AMZN,BUY,62.5,1155.05444725,1150.30237795,-297.00433135,-130698.18378491
2025-03-04 18:18:50,NFLX,BUY,68.7,314.55776452,316.82215136,155.56337577,-130542.62040913
2025-03-04 18:19:20,MSFT,BUY,94.5,955.97991588,950.55056842,-513.07333536,-131055.69374449
2025-03-04 18:19:40,NFLX,SELL,93.5,2835.96566914,2860.74192238,-2316.57967842,-133372.27342291
2025-03-04 18:20:00,AAPL,BUY,222.0,1775.78921045,1791.58749331,3507.21879397,-129865.05462894
2025-03-04 18:21:00,AAPL,SELL,107.1,3244.39344657,3287.77368846,-4646.02390734,-134511.07853628
2025-03-04 18:21:10,AAPL,SELL,271.0,1778.64529517,1787.78195073,-2476.03365573,-136987.11219201
2025-03-04 18:21:40,MSFT,BUY,97.6,983.59072993,973.46070073,-988.69085001,-137975.80304202
2025-03-04 18:22:00,AAPL,SELL,203.4,1659.92787222,1648.93945843,2235.04336373,-135740.7596783
2025-03-04 18:22:30,MSFT,BUY,286.4,2186.10163636,2167.84469745,-5228.78730245,-140969.54698074
2025-03-04 18:23:30,MSFT,SELL,245.7,2394.12187329,2367.68330108,6495.95719094,-134473.5897898
2025-03-04 18:24:30,AAPL,BUY,251.8,1644.51032689,1633.88971385,-2674.27036236,-137147.86015217
2025-03-04 18:24:40,AAPL,SELL,261.7,1651.41878209,1638.63473409,3345.5853622,-133802.27478997
2025-03-04 18:24:50,AMZN,SELL,55.8,3060.2592239,3052.83477117,414.28446272,-133387.99032725
2025-03-04 18:25:50,AAPL,BUY,96.2,1173.69523554,1175.5818399,181.49133904,-133206.49898821
2025-03-04 18:26:10,MSFT,BUY,293.1,3200.90287193,3214.00365756,3839.84026651,-129366.6587217
2025-03-04 18:26:40,AMZN,BUY,108.6,1790.1340285,1781.73306218,-912.34494225,-130279.00366395
2025-03-04 18:26:50,TSLA,SELL,60.1,2509.21724591,2496.20113695,782.26814905,-129496.7355149
2025-03-04 18:27:20,TSLA,SELL,202.0,274.62764831,277.66423477,-613.39046439,-130110.1259793
2025-03-04 18:27:40,NFLX,SELL,251.5,1364.3937156,1377.36158886,-3261.42012529,-133371.54610459
2025-03-04 18:28:40,NFLX,BUY,76.4,1914.32359827,1912.02107487,-175.91278809,-133547.45889268
2025-03-04 18:29:10,MSFT,SELL,86.6,1757.55455244,1748.99423307,741.32365709,-132806.13523559
2025-03-04 18:29:30,AAPL,SELL,121.0,3050.21042246,3066.44012974,-1963.79458126,-134769.92981685
2025-03-04 18:29:40,MSFT,SELL,98.0,2133.35579639,2152.14297755,-1841.14375412,-136611.07357097
2025-03-04 18:29:50,AMZN,BUY,61.8,850.39196987,845.44292191,-305.8511639,-136916.92473487
2025-03-04 18:30:50,MSFT,BUY,141.6,2932.69403313,2904.06122134,-4054.40614973,-140971.3308846
2025-03-04 18:31:10,NVDA,BUY,159.9,2665.7140614,2677.41928682,1871.66554379,-139099.6653408
2025-03-04 18:31:40,AMZN,SELL,254.3,2214.20189344,2207.22112636,1775.20906791,-137324.45627289
2025-03-04 18:31:50,AMZN,SELL,156.0,2315.39206771,2320.19842938,-749.79242047,-138074.24869337
2025-03-04 18:32:10,NFLX,BUY,131.8,2609.34213705,2609.73450261,51.71378161,-138022.53491175
2025-03-04 18:33:10,NFLX,SELL,242.2,2912.49632029,2900.67085493,2864.12771106,-135158.40720069
2025-03-04 18:34:10,MSFT,BUY,248.2,1069.66444937,1076.8021112,1771.56766665,-133386.83953404
2025-03-04 18:34:40,MSFT,SELL,244.8,3288.30739764,3251.03140437,9125.1631524,-124261.67638164
2025-03-04 18:34:50,AMZN,SELL,108.4,1887.54290792,1896.32184068,-951.63631119,-125213.31269283
2025-03-04 18:35:10,AMZN,BUY,146.7,2847.23882833,2838.29066529,-1312.6955171,-126526.00820994
2025-03-04 18:35:30,NVDA,BUY,133.3,2902.10797768,2927.81538348,3426.7971937,-123099.21101624
2025-03-04 18:36:30,TSLA,SELL,203.9,1596.4511957,1600.18096192,-760.49933167,-123859.7103479
2025-03-04 18:36:50,NFLX,SELL,266.4,2953.93950181,3018.89739749,-17304.78340966,-141164.49375756
2025-03-04 18:37:20,AAPL,BUY,281.8,1875.6853754,1850.06762475,-7219.08213154,-148383.5758891
2025-03-04 18:37:50,AMZN,BUY,132.0,1678.36556504,1693.56870216,2006.81409948,-146376.76178961
2025-03-04 18:38:00,AMZN,BUY,255.7,1476.06605891,1467.87452413,-2094.57544368,-148471.3372333
2025-03-04 18:38:30,AMZN,BUY,134.0,998.77340027,1005.79888347,941.41474912,-147529.92248417
2025-03-04 18:39:30,MSFT,BUY,56.8,2967.0822342,2973.5982788,370.11133343,-147159.81115074
2025-03-04 18:40:30,MSFT,BUY,106.7,2275.64788268,2272.31773055,-355.32723269,-147515.13838343
2025-03-04 18:40:40,AAPL,BUY,265.7,845.09289199,843.12327113,-523.32826269,-148038.46664612
2025-03-04 18:40:50,NFLX,BUY,258.6,1529.73521746,1535.49182821,1488.65953941,-146549.80710671
2025-03-04 18:41:20,MSFT,BUY,253.5,2721.42529127,2740.56904412,4852.94134529,-141696.86576141
2025-03-04 18:41:40,AMZN,BUY,89.2,1208.23524945,1208.61520752,33.89226041,-141662.973501
2025-03-04 18:42:00,AMZN,SELL,184.8,2509.68993072,2499.97201732,1795.87039573,-139867.10310527
2025-03-04 18:42:10,TSLA,BUY,60.0,2326.50926837,2341.48803194,898.72581429,-138968.37729098
2025-03-04 18:42:20,NVDA,SELL,229.3,2172.57640743,2151.00186732,4947.04204862,-134021.33524236
2025-03-04 18:42:30,NVDA,BUY,258.3,1927.94430045,1919.11470078,-2280.68559592,-136302.02083828
2025-03-04 18:42:50,NVDA,SELL,113.1,1200.06101821,1206.81489943,-763.86396659,-137065.88480487
2025-03-04 18:43:50,NVDA,BUY,296.2,537.13209965,541.40513711,1265.67369509,-135800.21110978
2025-03-04 18:44:00,NVDA,BUY,175.2,2167.41177004,2181.7019903,2503.64659004,-133296.56451974
2025-03-04 18:44:20,NVDA,SELL,121.4,929.47583682,927.66535866,219.79204955,-133076.7724702
2025-03-04 18:44:30,MSFT,SELL,239.8,516.19674273,523.10859133,-1657.46129234,-134734.23376253
2025-03-04 18:45:30,AAPL,SELL,212.8,842.79946547,852.6859199,-2103.83750262,-136838.07126515
2025-03-04 18:46:30,NFLX,BUY,139.5,2702.55872064,2690.38496489,-1698.2389269,-138536.31019205
2025-03-04 18:46:50,NVDA,BUY,58.4,2677.67076913,2701.70857809,1403.80804314,-137132.50214891
2025-03-04 18:47:00,AMZN,SELL,292.4,1973.95964501,1962.86073613,3245.32095634,-133887.18119258
2025-03-04 18:47:20,NVDA,BUY,192.1,3069.36044586,3067.04629925,-444.54756274,-134331.72875532
2025-03-04 18:48:20,AMZN,BUY,78.2,1409.3423084,1409.84767749,39.51986282,-134292.2088925
2025-03-04 18:48:40,NVDA,BUY,137.6,1061.95495888,1067.58483543,774.67101255,-133517.53787995
2025-03-04 18:49:40,AMZN,SELL,200.5,1020.37041514,1030.85965742,-2103.09307712,-135620.63095707
2025-03-04 18:50:40,NFLX,BUY,113.1,1538.55863634,1536.63942479,-217.06282645,-135837.69378352
2025-03-04 18:51:40,MSFT,SELL,126.0,3443.61139191,3454.0558276,-1315.99889747,-137153.69268099
2025-03-04 18:52:10,MSFT,SELL,177.9,3281.76337884,3267.77778747,2488.03670438,-134665.6559766
2025-03-04 18:52:40,AAPL,SELL,143.8,108.57398979,108.3983689,25.25428417,-134640.40169243
2025-03-04 18:53:10,NVDA,SELL,159.7,2786.09098958,2765.20516599,3335.4660278,-131304.93566463
2025-03-04 18:53:20,AAPL,BUY,189.2,1568.54541258,1582.23602715,2590.26427772,-128714.67138691
2025-03-04 18:53:40,NFLX,SELL,255.4,1148.40849338,1150.70666747,-586.95366351,-129301.62505041
2025-03-04 18:54:10,NFLX,SELL,125.1,2024.17474555,2008.93712629,1906.22617036,-127395.39888005
2025-03-04 18:54:20,AAPL,BUY,107.7,2217.15702491,2192.53252637,-2652.0584924,-130047.45737245
2025-03-04 18:55:20,AMZN,BUY,193.7,3229.13410969,3246.4183795,3347.96306218,-126699.49431028
2025-03-04 18:55:40,MSFT,SELL,159.0,224.47303386,223.71712799,120.18903403,-126579.30527625
2025-03-04 18:56:00,NVDA,BUY,154.2,499.72803961,501.28912721,240.71970875,-126338.58556749
2025-03-04 18:57:00,NFLX,BUY,137.3,2604.97157413,2627.37684605,3076.24383445,-123262.34173304
2025-03-04 18:57:10,MSFT,SELL,227.3,3310.95216303,3265.93832428,10231.6455481,-113030.69618494
2025-03-04 18:57:40,MSFT,BUY,194.1,3223.52620501,3176.92014569,-9046.23611277,-122076.93229771
2025-03-04 18:58:40,AAPL,BUY,154.3,2501.68931367,2516.39796545,2269.5449703,-119807.38732741
2025-03-04 18:58:50,NFLX,SELL,175.3,2166.60082528,2150.85672204,2759.9412988,-117047.44602861
2025-03-04 18:59:10,MSFT,SELL,102.1,2221.67119598,2215.93493777,585.6719634,-116461.77406521
2025-03-04 18:59:30,NVDA,SELL,252.1,1480.41962916,1488.79165432,-2110.58754253,-118572.36160774
2025-03-04 19:00:30,NVDA,SELL,187.0,2123.3982448,2124.52406609,-210.52858078,-118782.89018852
2025-03-04 19:01:30,AMZN,BUY,60.5,1850.7915106,1862.41283315,703.09001467,-118079.80017385
2025-03-04 19:02:00,AMZN,SELL,51.9,336.01765921,335.5427316,24.6487429,-118055.15143095
2025-03-04 19:02:20,NVDA,SELL,261.3,1693.10867885,1703.90307191,-2820.574906,-120875.72633695
2025-03-04 19:03:20,NVDA,SELL,202.4,2171.43745528,2186.14857477,-2977.53058613,-123853.25692309
2025-03-04 19:04:20,MSFT,BUY,63.3,663.82191853,661.08152076,-173.46717937,-124026.72410246
2025-03-04 19:05:20,NVDA,SELL,116.9,751.45141556,757.15743306,-667.03344536,-124693.75754782
2025-03-04 19:05:40,MSFT,BUY,219.2,840.60359692,832.45466321,-1786.24626941,-126480.00381723
2025-03-04 19:06:40,TSLA,SELL,86.8,409.84938899,412.54962799,-234.38074452,-126714.38456175
2025-03-04 19:07:10,AMZN,SELL,292.2,3022.52980196,3022.94617557,-121.66437054,-126836.04893229
2025-03-04 19:07:30,NFLX,BUY,219.0,2311.62882195,2338.16753049,5811.97717072,-121024.07176157
2025-03-04 19:08:30,NFLX,SELL,185.9,600.20917323,607.22354759,-1303.97219373,-122328.0439553
2025-03-04 19:08:40,AMZN,SELL,160.6,1412.63097374,1400.38441436,1966.79743513,-120361.24652017
2025-03-04 19:09:10,AAPL,BUY,65.9,1322.2582951,1322.98631632,47.97659829,-120313.26992188
2025-03-04 19:10:10,TSLA,BUY,79.6,3430.87164344,3444.39519032,1076.47433223,-119236.79558965
2025-03-04 19:10:30,NVDA,BUY,83.9,1741.21415721,1736.97861536,-355.36196176,-119592.15755141
2025-03-04 19:11:30,AMZN,SELL,79.0,1406.38382933,1421.49150781,-1193.50659939,-120785.6641508
2025-03-04 19:12:00,TSLA,SELL,201.6,2092.29520758,2087.76739197,912.80762718,-119872.85652362
2025-03-04 19:12:10,AAPL,BUY,136.0,781.98570228,781.65692946,-44.7131043,-119917.56962792
2025-03-04 19:12:20,NVDA,BUY,129.5,2946.30126651,2973.48567491,3520.38088779,-116397.18874013
2025-03-04 19:12:30,MSFT,SELL,237.9,1252.06603538,1245.29435054,1610.98382503,-114786.2049151
2025-03-04 19:13:30,AAPL,BUY,71.1,3407.76250439,3427.19116801,1381.37798275,-113404.82693235
2025-03-04 19:13:40,MSFT,SELL,198.9,332.91007455,331.97211919,186.55931989,-113218.26761246
2025-03-04 19:14:40,AMZN,BUY,122.4,2149.84755412,2148.63470381,-148.45287716,-113366.72048962
2025-03-04 19:15:00,AAPL,BUY,172.1,1572.02021206,1571.72000691,-51.66530757,-113418.38579719
2025-03-04 19:15:30,AAPL,SELL,228.1,1549.48686713,1540.29442772,2096.79543024,-111321.59036695
2025-03-04 19:16:30,NFLX,SELL,96.3,2295.26409812,2283.13688906,1167.85023247,-110153.74013448
2025-03-04 19:17:00,TSLA,SELL,214.3,708.43149701,704.01396642,946.67680503,-109207.06332945
2025-03-04 19:17:10,NFLX,BUY,213.0,3481.06260928,3440.47972254,-8644.15487656,-117851.21820601
2025-03-04 19:17:30,TSLA,SELL,277.8,1162.77288012,1178.82842947,-4460.23160771,-122311.44981372
2025-03-04 19:17:50,AMZN,SELL,174.2,3394.60637208,3421.03915215,-4604.59028805,-126916.04010177
2025-03-04 19:18:10,NVDA,SELL,241.4,550.35308895,547.02466225,803.48220393,-126112.55789784
2025-03-04 19:18:20,MSFT,SELL,81.2,2884.42447266,2884.27036194,12.51379018,-126100.04410766
2025-03-04 19:18:40,NVDA,BUY,195.5,936.65208374,942.16384589,1077.54949919,-125022.49460847
2025-03-04 19:19:10,AAPL,BUY,101.5,1527.7750508,1550.12487523,2268.50717922,-122753.98742925
2025-03-04 19:19:40,NVDA,SELL,133.4,341.10525667,338.78139707,310.00287129,-122443.98455796
2025-03-04 19:20:10,AAPL,SELL,237.4,160.50262604,159.79122141,168.88745885,-122275.0970991
2025-03-04 19:20:40,NFLX,SELL,55.7,3380.10770265,3384.9274589,-268.46042314,-122543.55752225
2025-03-04 19:21:10,AMZN,SELL,244.1,2105.86619802,2092.32916849,3304.38890725,-119239.168615
2025-03-04 19:21:30,TSLA,BUY,190.5,252.54937441,258.11198554,1059.67741924,-118179.49119576
2025-03-04 19:21:40,TSLA,SELL,120.5,1082.50979625,1097.62836935,-1821.78805859,-120001.27925435
2025-03-04 19:22:40,MSFT,SELL,37.3,343.37955097,340.34552304,113.16924166,-119888.11001269
2025-03-04 19:23:40,MSFT,BUY,25.9,435.30445756,440.47164053,133.83003885,-119754.27997384
2025-03-04 19:24:40,AMZN,SELL,94.7,1564.98688886,1566.2536346,-119.96082147,-119874.24079531
2025-03-04 19:25:40,TSLA,BUY,64.2,1733.49742817,1709.78294908,-1522.46955706,-121396.71035237
2025-03-04 19:26:40,NVDA,BUY,148.5,1809.06143885,1790.20258988,-2800.53907158,-124197.24942395
2025-03-04 19:27:40,TSLA,BUY,278.9,131.26067275,131.30216655,11.57262004,-124185.67680392
2025-03-04 19:28:40,MSFT,SELL,107.5,1979.01196706,1987.56447765,-919.39488863,-125105.07169255
2025-03-04 19:29:40,TSLA,BUY,113.4,1293.84796846,1286.48623143,-834.8209785,-125939.89267104
2025-03-04 19:30:40,AMZN,SELL,167.1,906.71315316,910.81315151,-685.1097245,-126625.00239555
2025-03-04 19:31:40,AAPL,BUY,365.5,1185.21509342,1171.14216689,-5143.65464671,-131768.65704226
2025-03-04 19:32:40,AAPL,SELL,254.6,2164.88136321,2133.68925983,7941.50952126,-123827.147521
2025-03-04 19:33:40,TSLA,BUY,131.9,1385.07759915,1408.73498047,3120.40859571,-120706.73892529
2025-03-04 19:34:40,NVDA,BUY,43.2,305.5471981,304.95340278,-25.65195783,-120732.39088312
2025-03-04 19:35:40,AMZN,BUY,84.3,1070.50288172,1065.1222489,-453.58734656,-121185.97822967
2025-03-04 19:36:40,NFLX,BUY,306.8,2413.667898,2429.76256215,4937.84296039,-116248.13526928
2025-03-04 19:37:40,MSFT,BUY,111.2,1043.05630676,1046.35264732,366.55307024,-115881.58219904
2025-03-04 19:38:40,TSLA,SELL,85.1,974.0672831,982.27079135,-698.11855205,-116579.70075109
2025-03-04 19:39:40,AAPL,BUY,102.1,2272.34115915,2250.69300564,-2210.27647382,-118789.97722491
2025-03-04 19:40:40,AAPL,SELL,393.5,804.9923239,802.34599956,1041.3286285,-117748.64859642
2025-03-04 19:41:40,AMZN,SELL,81.3,1149.67135084,1159.14813744,-770.46275008,-118519.1113465
2025-03-04 19:42:40,AAPL,SELL,110.2,1549.42788252,1547.8261819,176.50740916,-118342.60393734
2025-03-04 19:43:40,TSLA,SELL,23.8,1034.59250212,1038.82977557,-100.84710807,-118443.4510454
2025-03-04 19:44:40,NVDA,SELL,98.1,2126.82380384,2143.20449603,-1606.94590411,-120050.39694952
2025-03-04 19:45:40,NVDA,SELL,217.4,422.48707334,421.81815662,145.42249495,-119904.97445457
2025-03-04 19:46:40,MSFT,BUY,32.1,2182.78699296,2184.63508016,59.32359921,-119845.65085536
2025-03-04 19:47:40,MSFT,SELL,65.6,902.0412217,904.77122841,-179.08844026,-120024.73929562
2025-03-04 19:48:40,AAPL,SELL,58.8,252.16477586,250.99039112,69.05382241,-119955.6854732
2025-03-04 19:49:40,MSFT,BUY,110.4,124.42000621,125.99832477,174.24636865,-119781.43910456
2025-03-04 19:50:40,NFLX,BUY,47.1,998.51868332,1008.85919346,487.03802804,-119294.40107651
2025-03-04 19:51:40,NFLX,SELL,125.4,1828.76851189,1826.25739023,314.89465574,-118979.50642078
2025-03-04 19:52:40,NFLX,BUY,41.9,696.91763675,689.08539629,-328.17087504,-119307.67729582
2025-03-04 19:53:40,MSFT,SELL,90.0,1862.38075239,1849.00527888,1203.79261577,-118103.88468005
2025-03-04 19:54:40,MSFT,SELL,130.3,2419.96881119,2395.20208269,3227.10472298,-114876.77995707
2025-03-04 19:55:40,MSFT,SELL,79.8,2211.8721829,2180.85742904,2474.97735784,-112401.80259923
2025-03-04 19:56:40,MSFT,SELL,72.1,286.50874165,289.97054293,-249.59587235,-112651.39847159
2025-03-04 19:57:40,MSFT,BUY,57.3,1525.5538077,1521.67807607,-222.07942215,-112873.47789374
2025-03-04 19:58:40,NFLX,BUY,137.5,981.10981465,981.63603225,72.35492087,-112801.12297287
2025-03-04 19:59:40,NVDA,SELL,25.2,1071.59712156,1064.06811133,189.73105786,-112611.39191501
2025-03-04 20:00:40,NFLX,BUY,90.7,1247.59687186,1229.12292069,-1675.58737191,-114286.97928692
2025-03-04 20:01:40,AMZN,BUY,88.0,759.9787115,745.55931095,-1268.90724845,-115555.88653537
2025-03-04 20:02:40,AMZN,BUY,263.7,2092.48079358,2092.23061328,-65.972544,-115621.85907937
2025-03-04 20:03:40,AMZN,BUY,384.2,897.44732499,888.87993188,-3291.59243463,-118913.451514
2025-03-04 20:04:40,AAPL,SELL,299.0,774.06560003,783.73453751,-2891.01230784,-121804.46382184
2025-03-04 20:05:40,NVDA,BUY,288.0,2453.95979799,2443.87185659,-2905.32712147,-124709.79094331
2025-03-04 20:06:40,TSLA,BUY,371.9,1076.68907794,1083.09177575,2381.16331662,-122328.62762669
2025-03-04 20:07:40,MSFT,BUY,147.6,1916.4800847,1909.71908177,-997.92403225,-123326.55165894
2025-03-04 20:08:40,AMZN,BUY,137.1,1374.56324757,1391.73240324,2353.89124156,-120972.66041738
2025-03-04 20:09:40,TSLA,BUY,53.2,1423.95216664,1431.47455163,400.19088171,-120572.46953566
2025-03-04 20:10:40,AAPL,BUY,116.7,332.12760052,323.56179899,-999.62903876,-121572.09857442
2025-03-04 20:11:40,AAPL,SELL,72.6,362.44944005,361.60359048,61.40867864,-121510.68989579
2025-03-04 20:12:40,AMZN,BUY,64.4,2120.83724732,2145.28609832,1574.50600422,-119936.18389157
2025-03-04 20:13:40,MSFT,BUY,47.2,2398.3271056,2378.52416433,-934.69882797,-120870.88271954
2025-03-04 20:14:40,MSFT,BUY,85.3,2463.37985713,2477.73841976,1224.78539285,-119646.09732668
2025-03-04 20:15:40,MSFT,BUY,85.7,2382.55705635,2325.11773693,-4922.54967437,-124568.64700106
2025-03-04 20:16:40,TSLA,BUY,89.4,903.70066272,891.24908837,-1113.17074718,-125681.81774823
2025-03-04 20:17:40,AAPL,BUY,111.0,1186.13118868,1176.10451188,-1112.96112492,-126794.77887315
2025-03-04 20:18:40,TSLA,BUY,279.7,2181.84544557,2166.08367925,-4408.56603881,-131203.34491196
2025-03-04 20:19:40,AAPL,BUY,387.0,1932.83944108,1914.23384274,-7200.36655692,-138403.71146889
2025-03-04 20:20:40,NFLX,SELL,241.2,1067.94373118,1061.34861929,1590.74098842,-136812.97048046
2025-03-04 20:21:40,AMZN,SELL,92.8,2248.86770285,2267.19549981,-1700.81955839,-138513.79003885
2025-03-04 20:22:40,AAPL,BUY,41.1,1313.99664913,1302.38499558,-477.23896118,-138991.02900003
2025-03-04 20:23:40,NFLX,SELL,373.4,1484.36749022,1486.7480323,-888.89441122,-139879.92341124
2025-03-04 20:24:40,AMZN,BUY,126.1,1004.99961732,1014.32247452,1175.61229185,-138704.3111194
2025-03-04 20:25:40,MSFT,BUY,117.8,1227.157416,1211.93326097,-1793.40546173,-140497.71658113
2025-03-04 20:26:40,NVDA,BUY,126.8,2335.31132625,2318.90762107,-2079.98981709,-142577.70639822
2025-03-04 20:27:40,AMZN,BUY,141.0,1631.86148661,1617.07107244,-2085.44839787,-144663.15479609
2025-03-04 20:28:40,AAPL,BUY,397.9,2122.30527727,2125.35992882,1215.44585147,-143447.70894462
2025-03-04 20:29:40,MSFT,SELL,79.0,979.2356433,980.95868488,-136.1202845,-143583.82922912
2025-03-04 20:30:40,NVDA,BUY,27.5,2245.82505654,2246.58004258,20.76211631,-143563.06711281
2025-03-04 20:31:40,AAPL,BUY,118.1,505.77232614,501.71810561,-478.80344457,-144041.87055738
2025-03-04 20:32:40,AMZN,SELL,121.5,1304.9549968,1308.36510745,-414.32844402,-144456.19900141
2025-03-04 20:33:40,MSFT,BUY,361.4,625.07363743,615.76461909,-3364.27922949,-147820.47823089
2025-03-04 20:34:40,NVDA,SELL,334.7,1830.23811602,1844.34351368,-4721.07659727,-152541.55482816
2025-03-04 20:35:40,MSFT,SELL,210.3,2341.35753113,2357.84971684,-3468.30665418,-156009.86148234
2025-03-04 20:36:40,NFLX,BUY,367.1,1360.4945667,1378.97202592,6783.07528186,-149226.78620048
2025-03-04 20:37:40,AAPL,BUY,56.7,107.60155393,106.22702163,-77.93598158,-149304.72218206
2025-03-04 20:38:40,AAPL,SELL,104.2,2278.87968096,2279.79334006,-95.20327871,-149399.92546077
2025-03-04 20:39:40,AMZN,BUY,344.4,1246.91918712,1269.25011908,7690.77296792,-141709.15249285
2025-03-04 20:40:40,NVDA,SELL,67.5,106.60238933,104.80788914,121.12876269,-141588.02373016
2025-03-04 20:41:40,NVDA,SELL,109.7,433.09713364,425.22992508,863.0327796,-140724.99095056
2025-03-04 20:42:40,AAPL,SELL,47.3,1222.79761449,1219.35425384,162.87095867,-140562.11999188
2025-03-04 20:43:40,NFLX,BUY,27.0,2320.20791797,2318.61375701,-43.0423458,-140605.16233768
2025-03-04 20:44:40,AMZN,SELL,59.3,1585.47159073,1599.84685979,-852.4534551,-141457.61579278
2025-03-04 20:45:40,NVDA,BUY,184.6,2420.07428031,2419.7904638,-52.39252668,-141510.00831945
2025-03-04 20:46:40,AAPL,SELL,310.4,2476.89885512,2497.35715388,-6350.25593538,-147860.26425484
2025-03-04 20:47:40,NVDA,SELL,221.7,600.88099874,593.69596784,1592.92135022,-146267.34290462
2025-03-04 20:48:40,AAPL,BUY,96.0,1925.09545446,1900.7886851,-2333.44985937,-148600.79276398
2025-03-04 20:49:40,TSLA,SELL,134.1,191.42250781,190.25778536,156.18928056,-148444.60348342
2025-03-04 20:50:40,AMZN,SELL,49.2,1378.31858567,1384.74460695,-316.16024721,-148760.76373063
2025-03-04 20:51:40,AMZN,SELL,99.4,723.22109341,721.17079689,203.79947426,-148556.96425637
2025-03-04 20:52:40,MSFT,SELL,80.6,1337.01387522,1344.29158169,-586.58314211,-149143.54739849
2025-03-04 20:53:40,MSFT,BUY,109.5,2217.27946868,2206.82616336,-1144.63693313,-150288.18433162
2025-03-04 20:54:40,MSFT,BUY,387.8,1129.51834165,1110.87620354,-7229.42115755,-157517.60548916
2025-03-04 20:55:40,AMZN,BUY,126.9,520.74618524,520.37595506,-46.98220947,-157564.58769864
2025-03-04 20:56:40,MSFT,BUY,269.0,1683.38662785,1698.18100872,3979.68845384,-153584.89924479
2025-03-04 20:57:40,MSFT,SELL,97.5,266.67478253,265.95589355,70.09167532,-153514.80756948
2025-03-04 20:58:40,AMZN,SELL,52.5,2355.58394235,2362.0405281,-338.97075185,-153853.77832133
2025-03-04 20:59:40,AAPL,BUY,101.7,854.94937711,854.16012079,-80.26736755,-153934.04568888
2025-03-04 21:00:40,AMZN,BUY,112.1,2217.07764927,2246.97688112,3351.70389051,-150582.34179838
2025-03-04 21:01:40,MSFT,SELL,45.5,2313.26761272,2305.9533385,332.79947732,-150249.54232105
2025-03-04 21:02:40,MSFT,BUY,107.3,2098.61693409,2114.10285236,1661.63902995,-148587.9032911
2025-03-04 21:03:40,AAPL,SELL,139.3,522.25991795,517.93150876,602.94739933,-147984.95589177
2025-03-04 21:04:40,MSFT,SELL,33.8,2054.02935193,2037.08645454,572.66993163,-147412.28596013
2025-03-04 21:05:40,NVDA,SELL,85.5,632.88617529,630.71685321,185.47703808,-147226.80892205
2025-03-04 21:06:40,AAPL,SELL,112.5,1414.40376283,1416.20838633,-203.02014381,-147429.82906586
2025-03-04 21:07:40,AMZN,BUY,141.6,2165.42853932,2175.44809895,1418.76964368,-146011.05942218
2025-03-04 21:08:40,MSFT,BUY,34.6,1140.68820475,1151.50225132,374.16601119,-145636.89341099
2025-03-04 21:09:40,AAPL,BUY,149.1,1803.36926206,1840.93112344,5600.47353188,-140036.41987911
2025-03-04 21:10:40,AMZN,SELL,113.6,1755.21808265,1752.21297376,341.38036897,-139695.03951014
2025-03-04 21:11:40,NFLX,BUY,49.0,1439.46025892,1439.92193305,22.62203237,-139672.41747776
2025-03-04 21:12:40,AAPL,SELL,61.9,668.41608849,669.73262026,-81.49331672,-139753.91079448
2025-03-04 21:13:40,AAPL,BUY,135.4,2312.62640951,2300.40628343,-1654.60507187,-141408.51586635
2025-03-04 21:14:40,MSFT,SELL,185.2,216.39368535,215.98683168,75.34929854,-141333.16656781
2025-03-04 21:15:40,TSLA,BUY,95.9,1609.89332641,1628.51879506,1786.182443,-139546.98412482
2025-03-04 21:16:40,AMZN,SELL,33.7,145.67740862,146.65951719,-33.09705858,-139580.0811834
2025-03-04 21:17:40,MSFT,SELL,40.1,962.76028439,963.61650029,-34.33425795,-139614.41544135
2025-03-04 21:18:40,AAPL,SELL,325.8,2056.80754598,2043.04348996,4484.32945096,-135130.08599039
2025-03-04 21:19:40,AMZN,SELL,106.6,2060.89546866,2042.05616179,2008.27011219,-133121.8158782
2025-03-04 21:20:40,AAPL,BUY,43.8,2483.21928708,2501.58383186,804.36706131,-132317.44881688
2025-03-04 21:21:40,NVDA,SELL,57.6,614.78529853,617.11474782,-134.17627906,-132451.62509594
2025-03-04 21:22:40,TSLA,BUY,146.2,1348.15018044,1361.55465172,1959.73370114,-130491.89139481
2025-03-04 21:23:40,MSFT,BUY,142.8,1769.49472686,1749.79395457,-2813.27028267,-133305.16167748
2025-03-04 21:24:40,NFLX,SELL,34.2,2578.70132294,2565.25829321,459.75161695,-132845.41006052
2025-03-04 21:25:40,TSLA,SELL,104.0,2843.19079776,2842.97078147,22.88169363,-132822.52836689
2025-03-04 21:26:40,TSLA,BUY,99.2,2176.280822,2184.58310681,823.58665274,-131998.94171416
2025-03-04 21:27:40,MSFT,SELL,103.4,1917.73052771,1923.02357511,-547.3011011,-132546.24281525
2025-03-04 21:28:40,MSFT,BUY,77.5,952.68624065,952.62109039,-5.04914524,-132551.29196049
2025-03-04 21:29:40,AAPL,SELL,180.5,396.15872426,394.59104043,282.96693104,-132268.32502945
2025-03-04 21:30:40,NFLX,SELL,162.1,2768.76153419,2759.35319515,1525.09175774,-130743.23327171
2025-03-04 21:31:40,TSLA,BUY,155.0,509.12887241,510.11385108,152.67169382,-130590.56157789
2025-03-04 21:32:40,MSFT,SELL,101.1,2040.6726032,2055.79376641,-1528.74960085,-132119.31117875
2025-03-04 21:33:40,NVDA,SELL,11.6,2123.62894623,2113.26764401,120.19110575,-131999.120073
2025-03-04 21:34:40,AAPL,SELL,66.2,2488.36540432,2488.98023526,-40.70180843,-132039.82188143
2025-03-04 21:35:40,MSFT,BUY,88.6,1416.87127935,1417.52766748,58.15598841,-131981.66589303
2025-03-04 21:36:40,MSFT,BUY,19.3,2387.97917153,2408.89043913,403.58746461,-131578.07842842
2025-03-04 21:37:40,NVDA,SELL,112.5,655.62250692,652.35368261,367.74273449,-131210.33569392
2025-03-04 21:38:40,AAPL,BUY,19.0,2494.10190031,2517.4590362,443.78558183,-130766.5501121
2025-03-04 21:39:40,NFLX,BUY,63.5,669.60085176,675.21670224,356.60650526,-130409.94360683
2025-03-04 21:40:40,NFLX,SELL,189.0,460.18955249,462.97622344,-526.68080864,-130936.62441548
2025-03-04 21:41:40,NFLX,SELL,144.1,1089.02799205,1081.81260637,1039.73707611,-129896.88733936
2025-03-04 21:42:40,NVDA,BUY,164.6,2554.06213703,2558.31677661,700.3136747,-129196.57366466
2025-03-04 21:43:40,TSLA,BUY,119.8,1248.60837636,1255.22409695,792.56332635,-128404.01033831
2025-03-04 21:44:40,TSLA,SELL,169.6,996.1777566,991.71176697,757.4318404,-127646.57849791
2025-03-04 21:45:40,AMZN,BUY,7.9,730.4168024,728.17452582,-17.71398498,-127664.29248289
2025-03-04 21:46:40,TSLA,SELL,44.7,1574.0306752,1570.80467803,144.20207363,-127520.09040926
2025-03-04 21:47:40,NFLX,SELL,52.1,2313.25062509,2322.96692636,-506.21929631,-128026.30970557
2025-03-04 21:48:40,AAPL,BUY,200.0,2960.12458377,2988.07048432,5589.1801103,-122437.12959527
2025-03-04 21:49:40,MSFT,BUY,240.0,3056.38868328,3090.62267704,8216.15850305,-114220.97109222
2025-03-04 21:50:00,NVDA,SELL,55.8,3352.69682607,3335.86192424,939.38752214,-113281.58357008
2025-03-04 21:50:20,TSLA,SELL,104.5,1928.90998067,1906.95692549,2294.09426639,-110987.48930369
2025-03-04 21:50:30,MSFT,SELL,187.7,2057.61317728,2098.00722967,-7581.96363494,-118569.45293862
2025-03-04 21:50:40,AAPL,BUY,188.0,3364.36393317,3351.9971926,-2324.94722744,-120894.40016607
2025-03-04 21:51:10,MSFT,BUY,167.6,1589.54234189,1600.7699128,1881.74088375,-119012.65928232
2025-03-04 21:51:20,MSFT,SELL,144.9,1047.67534734,1060.06244659,-1794.89068179,-120807.54996411
2025-03-04 21:51:30,TSLA,SELL,138.0,2263.88017155,2296.76398106,-4537.96571209,-125345.5156762
2025-03-04 21:51:40,NFLX,BUY,202.9,1173.82708352,1170.16223074,-743.59862926,-126089.11430547
2025-03-04 21:52:10,AMZN,BUY,68.2,243.23430564,242.10537988,-76.99273689,-126166.10704236
2025-03-04 21:52:20,NVDA,BUY,54.9,927.50314949,933.05329419,304.70294426,-125861.4040981
2025-03-04 21:53:20,MSFT,BUY,159.2,307.76406679,304.73867375,-481.64257225,-126343.04667035
2025-03-04 21:53:40,AAPL,SELL,247.8,3204.56987553,3216.7047147,-3007.01314804,-129350.05981839
2025-03-04 21:53:50,AMZN,SELL,68.1,1220.79808894,1218.68081456,144.18638554,-129205.87343284
2025-03-04 21:54:00,AMZN,SELL,267.5,3479.79025301,3536.47026905,-15161.90428947,-144367.77772231
2025-03-04 21:54:10,MSFT,SELL,98.6,2382.17546471,2374.23044004,783.37943298,-143584.39828933
2025-03-04 21:54:40,NVDA,BUY,167.4,780.16535272,794.09284173,2331.46165922,-141252.93663011
2025-03-04 21:55:00,MSFT,SELL,64.6,2434.98150808,2428.11527036,443.55895645,-140809.37767366
2025-03-04 21:56:00,MSFT,BUY,196.0,1523.25229911,1526.61546774,659.18105289,-140150.19662077
2025-03-04 21:57:00,TSLA,SELL,183.8,650.21744831,661.07489454,-1995.5986174,-142145.79523818
2025-03-04 21:57:30,AMZN,BUY,53.9,3203.15406971,3187.30750654,-854.12975486,-142999.92499304
2025-03-04 21:58:30,NFLX,BUY,87.7,121.92810608,122.12990444,17.6977162,-142982.22727684
2025-03-04 21:58:50,AMZN,BUY,250.6,1537.8825483,1548.05289529,2548.68895379,-140433.53832305
2025-03-04 21:59:20,MSFT,BUY,108.6,1497.93256905,1480.73188333,-1867.99446887,-142301.53279192
2025-03-04 21:59:40,NFLX,BUY,249.4,1848.44018856,1852.72577785,1068.8259684,-141232.70682352
2025-03-04 21:59:50,NVDA,BUY,248.4,1251.09656269,1253.8797981,691.35567569,-140541.35114782
2025-03-04 22:00:10,MSFT,SELL,234.6,821.40674737,834.4393357,-3057.44522259,-143598.79637041
2025-03-04 22:00:30,TSLA,BUY,94.0,2486.03761966,2470.11920049,-1496.33140159,-145095.127772
2025-03-04 22:01:30,NVDA,BUY,203.8,3405.42313581,3411.61593308,1262.09208283,-143833.03568917
2025-03-04 22:02:00,NVDA,BUY,221.7,2151.91871173,2133.14722872,-4161.63778241,-147994.67347158
2025-03-04 22:02:30,TSLA,SELL,243.5,1437.94764306,1442.73915545,-1166.73326823,-149161.40673981
2025-03-04 22:02:40,NVDA,SELL,220.3,2433.3749929,2437.21716474,-846.43045706,-150007.83719686
2025-03-04 22:02:50,AMZN,SELL,183.8,860.82673489,873.08257914,-2252.62417348,-152260.46137035
2025-03-04 22:03:10,MSFT,BUY,58.4,3489.19292965,3504.71250903,906.34343584,-151354.1179345
2025-03-04 22:03:40,NVDA,BUY,69.5,321.79104831,320.22473156,-108.85901392,-151462.97694842
2025-03-04 22:04:10,TSLA,SELL,131.2,2216.33637327,2223.54464629,-945.72542106,-152408.70236949
2025-03-04 22:04:30,NFLX,SELL,103.9,1654.88785112,1658.12420871,-336.25755364,-152744.95992313
2025-03-04 22:05:30,TSLA,BUY,193.6,3311.51509618,3339.03616329,5328.07859248,-147416.88133065
2025-03-04 22:06:00,AAPL,SELL,92.7,521.28730403,521.64376967,-33.04436512,-147449.92569577
2025-03-04 22:07:00,NVDA,BUY,126.8,1501.38835915,1499.11756426,-287.93679238,-147737.86248815
2025-03-04 22:08:00,AMZN,SELL,260.0,623.80669868,623.02914069,202.16507828,-147535.69740987
2025-03-04 22:08:30,NVDA,SELL,90.2,1141.70183901,1138.74845117,266.39558248,-147269.30182738
2025-03-04 22:08:50,MSFT,BUY,52.9,1827.82860318,1833.58082869,304.29272996,-146965.00909742
2025-03-04 22:09:00,AAPL,SELL,140.1,1155.80053576,1154.13109478,233.88868179,-146731.12041564
2025-03-04 22:09:30,AAPL,SELL,190.4,1708.761164,1701.67151391,1349.86937651,-145381.25103913
2025-03-04 22:10:00,AAPL,BUY,239.4,3063.93768245,3076.61013612,3033.78540853,-142347.4656306
2025-03-04 22:10:20,AAPL,BUY,71.7,2557.01113785,2558.26598931,89.9728498,-142257.49278081
2025-03-04 22:11:20,MSFT,SELL,196.1,3034.65547258,3027.07778328,1485.98487198,-140771.50790882
2025-03-04 22:11:30,NFLX,BUY,72.6,824.99854251,832.04839289,511.81913727,-140259.68877155
2025-03-04 22:11:50,NVDA,SELL,57.0,686.60778234,691.88840237,-300.99534213,-140560.68411368
2025-03-04 22:12:50,NFLX,BUY,195.7,1488.16394496,1498.93967083,2108.80955358,-138451.8745601
2025-03-04 22:13:10,AAPL,SELL,77.7,2175.82725284,2186.2987269,-813.63353449,-139265.5080946
2025-03-04 22:13:40,TSLA,SELL,296.0,2420.77768528,2441.13394186,-6025.45194528,-145290.96003988
2025-03-04 22:14:10,AAPL,BUY,219.6,2993.75171628,2973.8933487,-4360.89752015,-149651.85756003
2025-03-04 22:14:20,AAPL,BUY,288.5,951.90997233,943.75385871,-2353.0387785,-152004.89633853
2025-03-04 22:14:40,NVDA,SELL,211.9,473.2448432,472.70615543,114.14793668,-151890.74840185
2025-03-04 22:14:50,TSLA,SELL,73.6,1588.21279782,1598.39819348,-749.64512065,-152640.3935225
2025-03-04 22:15:00,NVDA,BUY,100.6,2566.41314467,2579.62984389,1329.5999414,-151310.7935811
2025-03-04 22:15:30,NFLX,BUY,52.7,2445.23655039,2428.88398643,-861.78012052,-152172.57370162
2025-03-04 22:16:00,NFLX,SELL,147.6,2939.83962621,2901.97049839,5589.48326572,-146583.09043591
2025-03-04 22:17:00,MSFT,SELL,138.1,138.31611704,139.04195638,-100.23841175,-146683.32884766
2025-03-04 22:17:10,NVDA,BUY,95.2,3299.51663288,3299.47514325,-3.9498134,-146687.27866106
2025-03-04 22:18:10,AMZN,BUY,90.8,729.49824191,730.13310909,57.64594,-146629.63272106
2025-03-04 22:18:30,MSFT,BUY,73.1,941.71102742,933.66175251,-588.4019952,-147218.03471627
2025-03-04 22:19:00,NFLX,SELL,118.6,1323.58524194,1327.93196778,-515.5216855,-147733.55640177
2025-03-04 22:19:10,TSLA,BUY,143.2,522.63576517,522.67553499,5.69503851,-147727.86136326
2025-03-04 22:19:20,AMZN,SELL,269.2,3268.74906077,3309.98367186,-11100.35730567,-158828.21866893
2025-03-04 22:19:40,NVDA,BUY,228.1,398.71384618,396.04093485,-609.69107337,-159437.9097423
2025-03-04 22:20:00,MSFT,BUY,184.4,3407.71628025,3370.36071475,-6888.3662777,-166326.27602
2025-03-04 22:20:10,NVDA,BUY,197.6,2254.87987628,2254.7605256,-23.58369563,-166349.85971563
2025-03-04 22:20:20,TSLA,SELL,56.5,2316.57240222,2357.55410675,-2315.46630591,-168665.32602154
2025-03-04 22:20:30,MSFT,SELL,102.1,805.6024604,812.91684275,-746.79843784,-169412.12445938
2025-03-04 22:20:40,MSFT,SELL,227.9,1039.14177294,1048.18419138,-2060.76716223,-171472.89162161
2025-03-04 22:20:50,TSLA,SELL,278.0,1105.23914427,1108.19499551,-821.72664664,-172294.61826824
2025-03-04 22:21:10,MSFT,SELL,148.8,2628.60095074,2623.41235994,772.06231134,-171522.55595691
2025-03-04 22:21:40,TSLA,SELL,127.6,3353.01193853,3341.98897679,1406.52991824,-170116.02603867
2025-03-04 22:22:10,AAPL,SELL,97.4,1221.66326451,1215.62304786,588.3171015,-169527.70893717
2025-03-04 22:23:10,AAPL,BUY,153.6,1222.87804445,1231.14744226,1270.1795032,-168257.52943397
2025-03-04 22:24:10,AMZN,BUY,152.8,1574.67615123,1591.82800513,2620.80327532,-165636.72615864
2025-03-04 22:24:20,MSFT,SELL,249.6,2885.56913852,2885.94326063,-93.38087778,-165730.10703643
2025-03-04 22:24:30,MSFT,SELL,249.9,443.824453,447.53314397,-926.8018736,-166656.90891003
2025-03-04 22:25:30,NVDA,BUY,202.7,3463.83978468,3467.88543633,820.0535897,-165836.85532033
2025-03-04 22:25:50,MSFT,SELL,238.6,2183.85468574,2173.06126744,2575.30960481,-163261.54571553
2025-03-04 22:26:10,TSLA,BUY,136.2,2682.57455005,2671.90575741,-1453.08955799,-164714.63527352
2025-03-04 22:26:40,MSFT,SELL,128.7,559.23921144,560.6698708,-184.12585917,-164898.76113269
2025-03-04 22:27:00,AAPL,SELL,182.7,2473.0630177,2471.14061468,351.22303146,-164547.53810122
2025-03-04 22:28:00,AMZN,BUY,275.8,3394.16867152,3418.96160212,6837.89025807,-157709.64784315
2025-03-04 22:28:30,AAPL,BUY,107.6,1474.63583741,1474.95448326,34.28629356,-157675.36154959
2025-03-04 22:28:50,NVDA,BUY,215.6,891.1058012,906.36844961,3290.6269972,-154384.7345524
2025-03-04 22:29:00,TSLA,SELL,55.6,2432.65827849,2432.93884305,-15.59938973,-154400.33394213
2025-03-04 22:29:30,TSLA,SELL,183.2,283.73461398,284.86214755,-206.56414916,-154606.89809129
2025-03-04 22:29:50,AAPL,SELL,196.4,1977.43151318,1959.11255906,3597.84258844,-151009.05550285
2025-03-04 22:30:20,MSFT,BUY,210.0,1128.34829143,1130.20251313,389.38655744,-150619.66894541
2025-03-04 22:30:40,MSFT,BUY,220.4,757.66061171,764.98922883,1615.22721312,-149004.44173229
2025-03-04 22:31:00,TSLA,SELL,103.0,3288.0228709,3270.92268581,1761.3190638,-147243.1226685
2025-03-04 22:31:30,AAPL,BUY,151.6,2604.85358833,2595.43576856,-1427.74147657,-148670.86414507
2025-03-04 22:31:40,AAPL,BUY,268.7,313.16517221,308.35241693,-1293.18734468,-149964.05148974
2025-03-04 22:32:40,NFLX,BUY,122.6,1269.54211861,1276.2038544,816.7288083,-149147.32268145
2025-03-04 22:33:10,AAPL,SELL,134.3,1648.63258614,1668.55771757,-2675.94515199,-151823.26783344
2025-03-04 22:33:40,AAPL,BUY,123.6,2393.16836371,2398.2385157,626.67078622,-151196.59704721
2025-03-04 22:33:50,AMZN,SELL,260.0,1897.71943924,1928.61050349,-8031.67670531,-159228.27375253
2025-03-04 22:34:50,TSLA,BUY,236.3,818.80425364,824.18585524,1271.67245784,-157956.60129468
2025-03-04 22:35:20,NFLX,SELL,280.8,2297.29548194,2306.84908849,-2682.65272028,-160639.25401496
2025-03-04 22:36:20,MSFT,SELL,191.3,384.38650798,382.28134418,402.71783578,-160236.53617918
2025-03-04 22:36:50,MSFT,BUY,147.1,1976.4434743,1952.68837911,-3494.3745024,-163730.91068158
2025-03-04 22:37:00,MSFT,SELL,60.8,2627.895305,2630.14870346,-137.0066264,-163867.91730798
2025-03-04 22:37:30,AMZN,BUY,259.5,2927.28593982,2920.65671268,-1720.28444179,-165588.20174978
2025-03-04 22:37:50,TSLA,SELL,53.6,2243.38216311,2248.249611,-260.89520682,-165849.0969566
2025-03-04 22:38:10,AAPL,BUY,230.7,2983.07281038,3024.44066421,9543.56387704,-156305.53307956
2025-03-04 22:39:10,NVDA,BUY,182.2,420.70192862,421.49013607,143.61139734,-156161.92168223
2025-03-04 22:39:20,AMZN,SELL,293.2,1090.34007218,1094.14271015,-1114.93345283,-157276.85513506
2025-03-04 22:39:30,MSFT,BUY,136.7,3274.74195985,3292.22601946,2390.07094858,-154886.78418648
2025-03-04 22:39:40,AMZN,BUY,131.3,3162.99165656,3186.0840846,3032.03580169,-151854.74838479
2025-03-04 22:39:50,NVDA,BUY,140.3,162.38957994,163.55700236,163.78936475,-151690.95902004
2025-03-04 22:40:10,MSFT,BUY,299.3,166.07108619,166.22765047,46.85968957,-151644.09933047
2025-03-04 22:40:30,AMZN,BUY,100.3,2787.89121179,2764.69666723,-2326.41281972,-153970.51215018
2025-03-04 22:40:40,MSFT,BUY,201.9,1749.17907152,1755.55780534,1287.86635753,-152682.64579265
2025-03-04 22:40:50,MSFT,BUY,102.8,1117.74395444,1112.77175937,-511.14165379,-153193.78744645
2025-03-04 22:41:50,AAPL,SELL,152.6,1998.18173789,1962.53209353,5440.13572871,-147753.65171774
2025-03-04 22:42:00,AAPL,BUY,116.9,1206.76113755,1204.2141163,-297.74678337,-148051.3985011
2025-03-04 22:43:00,MSFT,SELL,251.2,1951.46270262,1936.39122584,3785.95496794,-144265.44353316
2025-03-04 22:43:30,MSFT,BUY,67.3,1716.64494102,1708.5490082,-544.85627914,-144810.2998123
2025-03-04 22:44:00,NFLX,SELL,179.6,2484.34862084,2446.26254752,6840.25876845,-137970.04104384
2025-03-04 22:45:00,NFLX,BUY,72.6,3175.88968761,3175.00520704,-64.21328949,-138034.25433334
2025-03-04 22:46:00,MSFT,BUY,144.2,3057.40163022,3066.08020216,1251.45007427,-136782.80425907
2025-03-04 22:46:10,NVDA,BUY,257.9,454.18047065,456.32551854,553.20784936,-136229.59640971
2025-03-04 22:47:10,NFLX,BUY,58.1,2419.40123458,2426.08045013,388.0624238,-135841.53398591
2025-03-04 22:47:20,AMZN,BUY,236.7,2352.84170979,2335.29908905,-4152.33832958,-139993.87231549
2025-03-04 22:48:20,TSLA,SELL,214.9,2548.83436263,2557.35103983,-1830.2339285,-141824.10624399
2025-03-04 22:48:50,NVDA,BUY,278.1,986.69071078,998.38096237,3251.05896526,-138573.04727873
2025-03-04 22:49:00,TSLA,BUY,141.6,161.92770517,161.25487441,-95.27283546,-138668.32011419
2025-03-04 22:50:00,AAPL,BUY,66.5,184.43698543,186.84483071,160.12171099,-138508.1984032
2025-03-04 22:50:20,TSLA,SELL,291.2,2305.36705507,2312.52797248,-2085.25914837,-140593.45755156
2025-03-04 22:50:40,TSLA,BUY,114.2,1182.30572439,1210.49051682,3218.70329481,-137374.75425675
2025-03-04 22:51:00,NVDA,BUY,118.2,171.34893797,169.45646295,-223.69054749,-137598.44480425
2025-03-04 22:51:30,AMZN,SELL,229.4,396.98316084,396.24445699,169.45866252,-137428.98614172
2025-03-04 22:51:50,TSLA,BUY,284.2,3141.70891483,3128.14359888,-3855.26279202,-141284.24893375
2025-03-04 22:52:00,NVDA,BUY,77.5,2618.93294187,2621.91653224,231.22825371,-141053.02068004
2025-03-04 22:52:10,TSLA,BUY,244.8,2377.14360014,2393.89796206,4101.46779772,-136951.55288232
2025-03-04 22:52:30,NFLX,BUY,281.2,989.92678542,998.5266232,2418.27438337,-134533.27849895
2025-03-04 22:52:40,NFLX,BUY,276.2,710.4491607,706.05998833,-1212.28940818,-135745.56790713
2025-03-04 22:53:00,TSLA,BUY,50.6,2910.72229272,2901.61340471,-460.90973334,-136206.47764046
2025-03-04 22:54:00,NVDA,BUY,115.6,2929.10028011,2937.22636714,939.37565979,-135267.10198067
2025-03-04 22:54:10,NVDA,BUY,141.3,2365.02333169,2378.20612051,1862.72805955,-133404.37392113
2025-03-04 22:54:20,TSLA,BUY,257.5,301.97011123,300.93862875,-265.60673917,-133669.98066029
2025-03-04 22:55:20,AAPL,SELL,170.6,2141.20593073,2122.36303347,3214.59827312,-130455.38238718
2025-03-04 22:55:50,TSLA,BUY,85.2,775.44615958,774.25442489,-101.53579599,-130556.91818316
2025-03-04 22:56:00,NFLX,BUY,70.0,2061.70362624,2059.25233677,-171.59026273,-130728.5084459
2025-03-04 22:57:00,AMZN,SELL,262.7,2148.34109476,2129.24379816,5016.85981616,-125711.64862973
2025-03-04 22:58:00,MSFT,BUY,279.7,698.72803291,696.80319982,-538.3758165,-126250.02444624
2025-03-04 22:58:20,AAPL,BUY,266.7,476.0595566,473.95907748,-560.19778034,-126810.22222658
2025-03-04 22:58:40,AAPL,SELL,254.4,1679.21889544,1679.93007108,-180.92308355,-126991.14531013
2025-03-04 22:58:50,NVDA,SELL,172.2,2569.08947797,2587.09789072,-3101.04867555,-130092.19398568
2025-03-04 22:59:00,TSLA,BUY,218.8,1948.97272327,1957.92367334,1958.46787709,-128133.7261086
2025-03-04 22:59:10,AAPL,SELL,138.9,2006.03344041,1980.48446279,3548.75299129,-124584.9731173
2025-03-04 22:59:30,NFLX,SELL,120.2,1596.94918086,1602.72381768,-694.11134634,-125279.08446364
2025-03-04 22:59:40,AMZN,SELL,130.5,517.81848417,516.37334807,188.59026093,-125090.49420271
2025-03-04 23:00:00,MSFT,BUY,93.8,2643.21240649,2665.04664609,2048.05167427,-123042.44252844
2025-03-04 23:00:20,AAPL,SELL,78.7,1543.02514117,1547.02267821,-314.60616482,-123357.04869326
2025-03-04 23:01:20,MSFT,BUY,103.3,2165.43817933,2148.17481389,-1783.30565006,-125140.35434331
2025-03-04 23:01:50,MSFT,SELL,265.8,1713.03886058,1706.77170234,1665.81066099,-123474.54368232
2025-03-04 23:02:50,AMZN,SELL,202.4,3431.79681115,3436.07078154,-865.05160742,-124339.59528974
2025-03-04 23:03:00,TSLA,SELL,157.5,1699.34759967,1687.85688166,1809.78808606,-122529.80720369
2025-03-04 23:03:20,MSFT,SELL,206.4,3262.06479999,3266.00191983,-812.62153568,-123342.42873937
2025-03-04 23:03:50,AAPL,SELL,190.6,725.52689188,733.92561798,-1600.797195,-124943.22593437
2025-03-04 23:04:20,NVDA,SELL,95.9,2084.56838153,2105.77958697,-2034.15460109,-126977.38053546
2025-03-04 23:04:30,AMZN,SELL,64.1,2151.66151888,2169.79245645,-1162.19309819,-128139.57363365
2025-03-04 23:04:50,NVDA,BUY,273.9,2327.86642485,2367.53521048,10865.28038244,-117274.29325121
2025-03-04 23:05:10,AMZN,SELL,295.2,2991.21755781,2983.08572545,2400.51691306,-114873.77633815
2025-03-04 23:05:20,NFLX,SELL,259.4,266.76962012,267.15832452,-100.82992209,-114974.60626024
2025-03-04 23:05:40,TSLA,BUY,253.7,1764.82991676,1752.31921183,-3173.96584171,-118148.57210194
2025-03-04 23:06:00,TSLA,SELL,278.8,2480.63485144,2448.49197841,8961.43300115,-109187.13910079
2025-03-04 23:06:10,NVDA,BUY,265.4,398.38901323,396.33043147,-546.34759863,-109733.48669941
2025-03-04 23:06:40,AMZN,BUY,61.6,1307.73648805,1318.47053692,661.21741073,-109072.26928868
2025-03-04 23:07:10,NFLX,SELL,169.3,153.5180778,153.80775421,-49.04221657,-109121.31150525
2025-03-04 23:07:40,TSLA,BUY,96.9,2254.3502867,2275.1176347,2012.35602072,-107108.95548454
2025-03-04 23:07:50,NFLX,SELL,267.0,2917.45013514,2937.79863961,-5433.05069234,-112542.00617688
2025-03-04 23:08:00,MSFT,SELL,232.8,2972.41732485,2973.58958501,-272.90216671,-112814.90834359
2025-03-04 23:08:20,TSLA,SELL,76.3,2595.85811336,2590.650041,397.37592101,-112417.53242259
2025-03-04 23:08:30,MSFT,SELL,89.6,129.51611137,129.37863594,12.3177981,-112405.21462449
2025-03-04 23:09:00,TSLA,SELL,110.0,3093.656421,3095.67706643,-222.2709969,-112627.48562139
2025-03-04 23:09:20,TSLA,SELL,174.3,906.67885796,909.54065583,-498.81136972,-113126.29699111
2025-03-04 23:10:20,TSLA,SELL,296.0,844.92239718,845.1344282,-62.76118151,-113189.05817261
2025-03-04 23:10:30,MSFT,BUY,217.7,380.09625687,380.28946118,42.06057859,-113146.99759402
2025-03-04 23:10:50,NVDA,BUY,104.7,2299.55077308,2294.51739573,-526.99460842,-113673.99220244
2025-03-04 23:11:00,NFLX,BUY,52.5,1764.11361619,1766.53036784,126.87946161,-113547.11274083
2025-03-04 23:11:10,NFLX,SELL,237.9,3393.70746224,3381.50951794,2901.89094985,-110645.22179098
2025-03-04 23:12:10,AAPL,SELL,241.7,645.91208455,640.90970944,1209.07406474,-109436.14772624
2025-03-04 23:12:40,AMZN,SELL,260.1,300.24750645,300.64131464,-102.42950933,-109538.57723558
2025-03-04 23:13:10,NVDA,SELL,140.0,824.08253,826.78855479,-378.8434699,-109917.42070548
2025-03-04 23:14:10,NFLX,SELL,201.2,1722.61557435,1731.2068392,-1728.56248858,-111645.98319406
2025-03-04 23:14:40,TSLA,SELL,272.7,1294.46733079,1314.55190843,-5477.06432066,-117123.04751472
2025-03-04 23:15:00,NVDA,SELL,166.6,376.73299726,379.39031036,-442.70836259,-117565.75587731
2025-03-04 23:15:30,AMZN,SELL,53.2,2346.82641499,2357.45792744,-565.59646211,-118131.35233942
2025-03-04 23:15:40,TSLA,SELL,135.5,712.46589225,704.93522046,1020.40602757,-117110.94631185
2025-03-04 23:16:00,TSLA,SELL,235.1,3260.97149546,3286.70744783,-6050.52240226,-123161.4687141
2025-03-04 23:16:30,AAPL,BUY,144.7,1067.66452021,1075.8865071,1189.721502,-121971.7472121
2025-03-04 23:17:00,MSFT,SELL,265.2,1278.09922146,1278.52906194,-113.99369625,-122085.74090835
2025-03-04 23:17:10,NVDA,BUY,295.5,283.21528465,282.67872119,-158.55450323,-122244.29541158
2025-03-04 23:18:10,TSLA,SELL,238.1,2734.05536207,2749.65693571,-3714.7346828,-125959.03009439
2025-03-04 23:18:40,AMZN,SELL,126.8,3164.26631015,3192.34219874,-3560.02267267,-129519.05276705
2025-03-04 23:19:10,AMZN,BUY,148.4,2747.17014406,2744.86753172,-341.70767117,-129860.76043822
2025-03-04 23:19:20,TSLA,BUY,61.7,2975.4657919,2959.88754476,-961.1778487,-130821.93828692
2025-03-04 23:20:20,NVDA,BUY,173.3,1072.8110866,1078.21356152,936.24890343,-129885.6893835
2025-03-04 23:20:40,NFLX,BUY,180.1,1629.09730364,1603.23860217,-4657.15213457,-134542.84151806
2025-03-04 23:21:10,AMZN,BUY,242.1,695.77354426,698.70876281,710.61641028,-133832.22510779
2025-03-04 23:21:40,NFLX,SELL,176.5,1459.9189069,1468.17592167,-1457.36310837,-135289.58821616
2025-03-04 23:22:00,TSLA,SELL,61.4,2505.67962588,2510.6854824,-307.35959032,-135596.94780647
2025-03-04 23:22:10,NVDA,SELL,297.3,2951.10523555,2962.75039541,-3462.10602474,-139059.05383121
2025-03-04 23:22:30,AAPL,SELL,164.9,1960.91772397,1960.46433589,74.76369396,-138984.29013725
2025-03-04 23:23:30,NFLX,SELL,214.4,1226.77620007,1223.38895095,726.2262115,-138258.06392575
2025-03-04 23:23:50,NFLX,BUY,123.1,192.60614879,192.2424557,-44.77061948,-138302.83454523
2025-03-04 23:24:00,NFLX,BUY,188.0,1445.62082937,1439.84981544,-1084.9506186,-139387.78516382
2025-03-04 23:25:00,MSFT,SELL,115.2,451.13896281,444.78462922,732.01922974,-138655.76593408
2025-03-04 23:25:20,AAPL,BUY,189.9,264.32927528,262.74113553,-301.58773856,-138957.35367265
2025-03-04 23:25:50,MSFT,SELL,54.2,1350.89718857,1357.59392844,-362.96330054,-139320.31697318
2025-03-04 23:26:00,MSFT,SELL,245.0,2954.37498946,2950.19395583,1024.35323783,-138295.96373535
2025-03-04 23:26:30,TSLA,SELL,148.0,3347.97448709,3332.6611576,2266.3727649,-136029.59097045
2025-03-04 23:27:00,TSLA,SELL,138.8,1889.10950086,1893.78146796,-648.46903266,-136678.06000311
2025-03-04 23:28:00,NVDA,SELL,243.7,3491.50851184,3493.24451518,-423.06401418,-137101.12401729
2025-03-04 23:28:10,AMZN,BUY,173.6,1474.65773327,1469.46866914,-900.82153253,-138001.94554982
2025-03-04 23:28:30,NFLX,BUY,180.1,141.19191837,143.21315265,364.02429302,-137637.9212568
2025-03-04 23:29:30,NVDA,BUY,180.8,3445.35588579,3463.51484745,3283.14026844,-134354.78098837
2025-03-04 23:29:50,AMZN,SELL,286.3,3488.2839678,3481.89677577,1828.65307805,-132526.12791032
2025-03-04 23:30:50,MSFT,SELL,189.5,2580.02797706,2600.79721878,-3935.77130514,-136461.89921546
2025-03-04 23:31:50,NVDA,SELL,154.7,2503.96763674,2550.84792474,-7252.38055453,-143714.27976999
2025-03-04 23:32:10,AMZN,BUY,80.4,2375.29361685,2389.21239144,1119.06947745,-142595.21029255
2025-03-04 23:32:20,AAPL,BUY,184.8,3172.74636453,3159.7818327,-2395.84548211,-144991.05577466
2025-03-04 23:32:50,TSLA,SELL,281.7,207.56109852,206.38170166,332.23609639,-144658.81967827
2025-03-04 23:33:00,NVDA,SELL,157.4,2134.48840688,2162.99464401,-4486.88172399,-149145.70140226
2025-03-04 23:33:10,AAPL,BUY,271.7,1682.15337089,1676.73457338,-1472.28728377,-150617.98868603
2025-03-04 23:34:10,NFLX,BUY,106.8,138.21254106,137.65191975,-59.87435662,-150677.86304265
2025-03-04 23:34:30,NVDA,BUY,57.9,1231.21937857,1243.5830496,715.85655291,-149962.00648974
2025-03-04 23:35:00,NFLX,BUY,198.8,429.92164693,436.69258304,1346.06209761,-148615.94439213
2025-03-04 23:35:10,AAPL,SELL,286.1,3495.42332327,3480.16297503,4365.98563275,-144249.95875937
2025-03-04 23:35:30,MSFT,BUY,130.4,1106.34292664,1104.72243708,-211.31183809,-144461.27059746
2025-03-04 23:35:50,AMZN,BUY,215.3,1879.03041365,1866.50655368,-2696.38705251,-147157.65764997
2025-03-04 23:36:50,AAPL,BUY,127.1,1194.01993884,1201.82026641,991.42163302,-146166.23601696
2025-03-04 23:37:00,AMZN,SELL,299.9,1333.30535161,1324.73974576,2568.82519361,-143597.41082335
2025-03-04 23:37:30,TSLA,SELL,172.1,1425.13022433,1443.9933994,-3246.35242869,-146843.76325204
2025-03-04 23:37:50,NFLX,BUY,257.1,1517.35726344,1494.90756207,-5771.81822128,-152615.58147331
2025-03-04 23:38:10,NFLX,SELL,263.6,2734.52491357,2727.59708247,1826.17627807,-150789.40519525
2025-03-04 23:38:30,TSLA,SELL,217.0,1529.45845088,1530.03010274,-124.0484541,-150913.45364935
2025-03-04 23:39:00,NFLX,BUY,57.3,252.93586833,251.52029903,-81.11212109,-150994.56577044
2025-03-04 23:39:20,TSLA,BUY,125.8,2183.94449178,2192.03853197,1018.2302559,-149976.33551454
2025-03-04 23:40:20,NFLX,BUY,231.1,573.92999068,575.23248324,301.00603059,-149675.32948394
2025-03-04 23:40:40,NVDA,SELL,78.0,1849.36799418,1866.5480518,-1340.0444941,-151015.37397804
2025-03-04 23:41:40,NFLX,BUY,281.6,1853.18234916,1877.02283047,6713.47953636,-144301.89444168
2025-03-04 23:42:10,TSLA,BUY,297.6,1871.67096675,1856.30913985,-4571.67968532,-148873.574127
2025-03-04 23:43:10,AAPL,SELL,95.6,1699.60225366,1699.93737957,-32.03803761,-148905.61216461
2025-03-04 23:43:20,AMZN,BUY,223.3,2130.25384974,2114.52202417,-3512.91664933,-152418.52881395
2025-03-04 23:43:30,AMZN,BUY,70.4,1693.38075518,1692.39955524,-69.07647586,-152487.60528981
2025-03-04 23:43:50,MSFT,SELL,247.6,2419.22824872,2467.30594099,-11904.03660662,-164391.64189643
2025-03-04 23:44:00,MSFT,BUY,206.8,3236.42021486,3267.29507863,6384.92182762,-158006.72006881
2025-03-04 23:44:20,AAPL,BUY,159.1,594.73279519,600.94550043,988.44140279,-157018.27866602
2025-03-04 23:44:30,AAPL,BUY,95.1,3034.45159521,3058.94548158,2329.36859415,-154688.91007187
2025-03-04 23:45:30,NVDA,BUY,64.8,3335.24329897,3368.35397184,2145.57160218,-152543.33846969
2025-03-04 23:45:50,AAPL,SELL,60.4,347.15282012,349.5033264,-141.97057903,-152685.30904872
2025-03-04 23:46:50,NFLX,SELL,71.8,446.00370827,440.78331961,374.82390644,-152310.48514228
2025-03-04 23:47:20,AMZN,SELL,161.4,3024.6991665,3030.59418471,-951.45593869,-153261.94108097
2025-03-04 23:47:40,AMZN,SELL,213.2,2464.73561996,2442.69310799,4699.46355156,-148562.47752942
2025-03-04 23:48:00,TSLA,BUY,160.3,1093.12322736,1089.93069793,-511.76246702,-149074.23999644
2025-03-04 23:49:00,TSLA,BUY,54.4,1800.20286042,1797.07754227,-170.01730719,-149244.25730362
2025-03-04 23:50:00,AAPL,SELL,185.9,2220.74211959,2242.83618046,-4107.28591462,-153351.54321824
2025-03-04 23:51:00,TSLA,SELL,91.2,2275.09888405,2281.45271719,-579.46958254,-153931.01280078
2025-03-04 23:52:00,NFLX,BUY,19.7,1436.04602807,1434.54895355,-29.49236813,-153960.50516891
2025-03-04 23:53:00,NFLX,BUY,61.9,2185.26065355,2167.68742051,-1087.78312521,-155048.28829413
2025-03-04 23:54:00,NFLX,SELL,177.8,2177.52101787,2178.17956524,-117.08972292,-155165.37801705
2025-03-04 23:55:00,AAPL,SELL,139.1,100.8905176,100.62957286,36.29741257,-155129.08060448
2025-03-04 23:56:00,MSFT,SELL,22.4,1519.90911109,1526.44668632,-146.44168518,-155275.52228965
2025-03-04 23:57:00,NVDA,BUY,170.3,2265.57465929,2260.19347756,-916.41524899,-156191.93753865
2025-03-04 23:58:00,AMZN,BUY,5.0,2101.83963681,2116.52618364,73.43273418,-156118.50480447
2025-03-04 23:59:00,NFLX,SELL,112.3,2802.21319795,2826.43974626,-2720.64137493,-158839.1461794
2025-03-05 00:00:00,TSLA,BUY,172.1,1727.97014993,1739.35333083,1959.04543306,-156880.10074634
2025-03-05 00:01:00,NFLX,BUY,182.0,1868.13531324,1858.70753984,-1715.85475951,-158595.95550585
2025-03-05 00:02:00,AAPL,SELL,137.9,2749.33141193,2756.24245844,-953.03331296,-159548.98881881
2025-03-05 00:03:00,NFLX,SELL,197.2,2127.79308386,2128.55912155,-151.06263263,-159700.05145143
2025-03-05 00:04:00,AAPL,BUY,127.9,793.37663966,791.14941105,-284.86253982,-159984.91399125
2025-03-05 00:05:00,AMZN,SELL,193.4,2439.75388287,2459.98943501,-3913.55578357,-163898.46977482
2025-03-05 00:06:00,MSFT,SELL,138.2,2759.44961692,2759.01613413,59.90732086,-163838.56245396
2025-03-05 00:07:00,AAPL,SELL,123.5,803.9244021,808.04084306,-508.38045855,-164346.94291251
2025-03-05 00:08:00,AAPL,BUY,53.0,681.01315516,682.72642704,90.80340969,-164256.13950281
2025-03-05 00:09:00,AMZN,BUY,31.4,2863.37407737,2861.45485677,-60.26352687,-164316.40302968
2025-03-05 00:10:00,NFLX,BUY,122.7,1809.79443448,1799.85195154,-1219.94265757,-165536.34568725
2025-03-05 00:11:00,NVDA,SELL,184.5,946.73042513,946.74411491,-2.52576424,-165538.87145149
2025-03-05 00:12:00,MSFT,SELL,142.0,1359.44613135,1365.95832494,-924.73148965,-166463.60294115
2025-03-05 00:13:00,NVDA,SELL,79.5,2022.68809956,2006.63666789,1276.08881755,-165187.5141236
2025-03-05 00:14:00,NVDA,SELL,94.3,782.61652016,779.45267233,298.35085112,-164889.16327247
2025-03-05 00:15:00,AMZN,BUY,149.7,2090.65898252,2086.74115838,-586.49827307,-165475.66154554
2025-03-05 00:16:00,NVDA,SELL,6.3,2317.44438343,2334.58900058,-108.01108805,-165583.67263359
2025-03-05 00:17:00,AAPL,BUY,159.8,1483.44481938,1481.58555733,-297.11007511,-165880.7827087
2025-03-05 00:18:00,NFLX,BUY,181.9,1969.46181916,1993.68228058,4405.70193226,-161475.08077644
2025-03-05 00:19:00,AAPL,SELL,161.0,1742.50722177,1739.84449138,428.69959285,-161046.38118359
2025-03-05 00:20:00,NFLX,SELL,115.3,1185.98590494,1187.64723257,-191.55107635,-161237.93225994
2025-03-05 00:21:00,NFLX,SELL,90.4,2411.89905795,2408.13808243,339.99218647,-160897.94007347
2025-03-05 00:22:00,AMZN,SELL,161.5,1509.36663424,1522.54422425,-2128.18078571,-163026.12085918
2025-03-05 00:23:00,MSFT,BUY,23.9,959.02425879,972.76043274,328.2945574,-162697.82630179
2025-03-05 00:24:00,NFLX,SELL,193.8,2411.78653945,2436.80188424,-4847.97382052,-167545.8001223
2025-03-05 00:25:00,TSLA,SELL,120.4,260.37199035,260.78473338,-49.69426049,-167595.49438279
2025-03-05 00:26:00,MSFT,SELL,36.5,1613.18929261,1616.76917684,-130.66577435,-167726.16015714
2025-03-05 00:27:00,TSLA,BUY,119.1,1214.11201009,1220.3439497,742.22400722,-166983.93614993
2025-03-05 00:28:00,AAPL,BUY,88.7,2170.9561253,2188.0502118,1516.2454722,-165467.69067772
2025-03-05 00:29:00,NVDA,BUY,33.0,2210.11914266,2208.93924088,-38.93675846,-165506.62743618
2025-03-05 00:30:00,TSLA,BUY,19.8,2683.5083754,2682.0727473,-28.42543644,-165535.05287262
2025-03-05 00:31:00,MSFT,SELL,50.5,2424.37428093,2437.08776581,-642.0309868,-166177.08385942
2025-03-05 00:32:00,TSLA,BUY,46.0,1799.21796609,1800.43763617,56.10482329,-166120.97903612
2025-03-05 00:33:00,NVDA,BUY,184.5,923.86117492,933.41034855,1761.82253457,-164359.15650155
2025-03-05 00:34:00,TSLA,BUY,78.8,1433.80337021,1424.02533833,-770.50891244,-165129.66541399
2025-03-05 00:35:00,NFLX,SELL,138.8,747.5094681,744.59055232,405.14551021,-164724.51990378
2025-03-05 00:36:00,MSFT,SELL,171.6,2388.13144486,2401.87539609,-2358.46203162,-167082.9819354
2025-03-05 00:37:00,MSFT,SELL,36.4,2769.95777909,2783.55036245,-494.77003396,-167577.75196936
2025-03-05 00:38:00,AAPL,SELL,5.7,675.7665882,675.00569883,4.3370694,-167573.41489995
2025-03-05 00:39:00,AAPL,BUY,68.7,2625.39919973,2610.37027554,-1032.48709187,-168605.90199182
2025-03-05 00:40:00,AMZN,SELL,70.9,2559.99634194,2535.12956343,1763.05459572,-166842.8473961
2025-03-05 00:41:00,AAPL,BUY,125.3,2687.61166898,2663.20420007,-3058.25585505,-169901.10325115
2025-03-05 00:42:00,AMZN,SELL,126.7,806.76391922,808.84334034,-263.46265682,-170164.56590797
2025-03-05 00:43:00,AAPL,SELL,182.6,1395.99306416,1418.82688089,-4169.45493488,-174334.02084285
2025-03-05 00:44:00,NVDA,SELL,158.9,1308.49751529,1295.56147288,2055.53713998,-172278.48370286
2025-03-05 00:45:00,MSFT,SELL,57.5,1332.03367452,1335.21376666,-182.85529815,-172461.33900101
2025-03-05 00:46:00,TSLA,BUY,124.1,1815.37963733,1826.6119963,1393.93574805,-171067.40325296
2025-03-05 00:47:00,NFLX,SELL,66.0,2184.6352698,2191.09397966,-426.27485071,-171493.67810367
2025-03-05 00:48:00,AAPL,BUY,78.2,338.71436503,337.94446217,-60.20640427,-171553.88450794
2025-03-05 00:49:00,AMZN,SELL,106.8,282.77560251,281.6049199,125.02890325,-171428.85560469
2025-03-05 00:50:00,TSLA,BUY,186.4,1177.72009347,1181.71915468,745.42501014,-170683.43059455
2025-03-05 00:51:00,NFLX,SELL,250.6,1604.12299817,1600.23749728,973.70652273,-169709.72407181
2025-03-05 00:51:20,AAPL,BUY,253.1,3372.74781295,3390.56911511,4510.57157806,-165199.15249375
2025-03-05 00:51:30,AAPL,BUY,53.8,2946.39698437,2943.27555762,-167.93275932,-165367.08525307
2025-03-05 00:52:00,AAPL,SELL,290.6,890.73303965,891.33729676,-175.5971166,-165542.68236967
2025-03-05 00:53:00,AMZN,SELL,149.5,1802.30205434,1775.9567824,3938.61815416,-161604.0642155
2025-03-05 00:53:30,NFLX,SELL,126.9,1289.4947159,1276.89944143,1598.34033118,-160005.72388432
2025-03-05 00:54:00,AAPL,BUY,93.2,814.25485309,818.58196756,403.28706868,-159602.43681564
2025-03-05 00:54:10,AMZN,SELL,124.5,1830.09559385,1833.35152152,-405.36299494,-160007.79981058
2025-03-05 00:55:10,NVDA,SELL,257.5,641.14467226,640.8323785,80.41564261,-159927.38416798
2025-03-05 00:56:10,NVDA,SELL,200.4,1089.23144688,1090.88978106,-332.33017087,-160259.71433885
2025-03-05 00:57:10,NVDA,BUY,163.9,2736.11853524,2767.12776135,5082.41215949,-155177.30217936
2025-03-05 00:58:10,TSLA,SELL,91.3,3366.01377871,3388.9279021,-2092.05946548,-157269.36164484
2025-03-05 00:58:40,NFLX,BUY,148.0,3491.10047901,3506.0933503,2218.94495098,-155050.41669386
2025-03-05 00:59:10,NVDA,BUY,224.5,1754.67329783,1777.90004512,5214.40476557,-149836.01192828
2025-03-05 00:59:20,NVDA,BUY,29.6,1247.68616565,1268.25237257,608.75972497,-149227.25220332
2025-03-05 01:00:20,TSLA,BUY,187.4,685.51624486,680.82266477,-879.57690881,-150106.82911213
2025-03-05 01:01:20,NFLX,SELL,84.8,759.67937527,760.91295732,-104.6077572,-150211.43686932
2025-03-05 01:02:20,NVDA,SELL,100.4,992.14906349,987.17496866,499.39912058,-149712.03774874
2025-03-05 01:03:20,TSLA,SELL,15.5,751.38905773,754.46081383,-47.61221964,-149759.64996838
2025-03-05 01:04:20,AAPL,BUY,14.3,1088.14413156,1095.88271478,110.66174004,-149648.98822834
2025-03-05 01:05:20,NFLX,SELL,38.1,2610.16768182,2612.27970439,-80.46805992,-149729.45628826
2025-03-05 01:06:20,MSFT,SELL,149.6,1087.12145873,1092.3837623,-787.24061374,-150516.69690201
2025-03-05 01:07:20,NVDA,BUY,77.3,2642.83427762,2626.69093344,-1247.88050515,-151764.57740716
2025-03-05 01:08:20,NFLX,SELL,140.0,2774.73687829,2750.17045008,3439.29994933,-148325.27745783
2025-03-05 01:09:20,AMZN,BUY,41.1,818.17373943,815.8820662,-94.18776989,-148419.46522772
2025-03-05 01:10:20,NVDA,SELL,133.4,767.53212487,764.97269214,341.42832624,-148078.03690149
2025-03-05 01:11:20,TSLA,BUY,80.5,436.20718091,433.46935058,-220.39534132,-148298.43224281
2025-03-05 01:12:20,AMZN,BUY,21.0,289.29571563,290.84370544,32.5077859,-148265.92445691
2025-03-05 01:13:20,NVDA,BUY,168.0,465.30365128,464.55957207,-125.00530867,-148390.92976559
2025-03-05 01:14:20,NVDA,SELL,59.3,1234.09974954,1236.49661857,-142.13433347,-148533.06409906
2025-03-05 01:15:20,MSFT,SELL,106.9,1776.31632372,1760.54071578,1686.41248966,-146846.65160939
2025-03-05 01:16:20,AMZN,SELL,149.8,499.61933893,499.61657155,0.41455349,-146846.2370559
2025-03-05 01:17:20,NVDA,SELL,189.1,2651.58462964,2665.49911149,-2631.22851706,-149477.46557296
2025-03-05 01:18:20,AMZN,BUY,128.1,258.41623742,257.55476468,-110.35465807,-149587.82023103
2025-03-05 01:19:20,NVDA,SELL,154.9,1117.45868975,1116.61012628,131.44248104,-149456.37774999
2025-03-05 01:20:20,NVDA,BUY,27.9,1624.19966883,1633.5038076,259.58547186,-149196.79227813
2025-03-05 01:21:20,NFLX,SELL,75.4,1309.03019915,1312.84033625,-287.28433734,-149484.07661547
2025-03-05 01:22:20,AAPL,SELL,182.8,2681.41366609,2670.81273055,1937.85101655,-147546.22559892
2025-03-05 01:23:20,AAPL,SELL,39.3,2400.39512954,2395.84414671,178.85362529,-147367.37197363
2025-03-05 01:24:20,MSFT,BUY,143.3,2774.95427955,2789.1459795,2033.67060167,-145333.70137195
2025-03-05 01:25:20,MSFT,BUY,21.6,2377.27592693,2394.40379107,369.96186558,-144963.73950638
2025-03-05 01:26:20,NFLX,SELL,10.6,2598.61202304,2605.36611534,-71.5933784,-145035.33288478
2025-03-05 01:27:20,MSFT,SELL,13.5,2823.56177441,2848.11048811,-331.40763501,-145366.74051979
2025-03-05 01:28:20,TSLA,SELL,14.4,411.30134439,413.58666274,-32.90858431,-145399.6491041
2025-03-05 01:29:20,AMZN,SELL,80.0,2376.24524791,2381.75654505,-440.90377114,-145840.55287524
2025-03-05 01:30:20,MSFT,BUY,119.5,2562.57290342,2560.07849869,-298.08136539,-146138.63424063
2025-03-05 01:31:20,TSLA,BUY,8.0,567.58674446,569.44571902,14.8717965,-146123.76244413
2025-03-05 01:32:20,NVDA,SELL,163.6,1987.31171099,2007.40733579,-3287.64421757,-149411.4066617
2025-03-05 01:33:20,MSFT,SELL,29.3,1359.26055328,1361.10686502,-54.09693411,-149465.50359582
2025-03-05 01:34:20,TSLA,SELL,187.0,1884.35294536,1892.80079641,-1579.74814656,-151045.25174237
2025-03-05 01:35:20,TSLA,BUY,116.6,2801.5926033,2792.36715181,-1075.68764394,-152120.93938631
2025-03-05 01:36:20,AAPL,SELL,86.1,1723.52672828,1739.86158917,-1406.43152278,-153527.37090909
2025-03-05 01:37:20,AAPL,BUY,99.1,2676.08494166,2683.62936614,747.65246582,-152779.71844327
2025-03-05 01:38:20,AMZN,BUY,145.8,2490.56377943,2497.36344706,991.39154056,-151788.32690271
2025-03-05 01:39:20,NVDA,SELL,80.5,2579.14537874,2567.73948713,918.17427438,-150870.15262834
2025-03-05 01:40:20,MSFT,SELL,36.1,434.40631433,434.82914247,-15.26409588,-150885.41672422
2025-03-05 01:41:20,NVDA,SELL,143.6,2277.82245303,2285.34825141,-1080.70464685,-151966.12137107
2025-03-05 01:42:20,NVDA,SELL,159.6,915.75490703,914.86940666,141.32585908,-151824.79551199
2025-03-05 01:43:20,MSFT,BUY,147.7,1517.53713243,1507.37247376,-1501.32008594,-153326.11559793
2025-03-05 01:44:20,TSLA,BUY,11.9,2539.94283698,2527.31064123,-150.3231294,-153476.43872733
2025-03-05 01:45:20,AAPL,BUY,131.4,2926.73714705,2958.48722113,4171.95973423,-149304.4789931
2025-03-05 01:46:20,NVDA,SELL,105.2,455.94874473,454.03718113,201.09649096,-149103.38250214
2025-03-05 01:47:20,NVDA,SELL,50.9,2956.77701769,2952.45044196,220.22270417,-148883.15979797
2025-03-05 01:48:20,AAPL,BUY,45.0,1992.12863062,2010.89420372,844.45078959,-148038.70900838
2025-03-05 01:49:20,MSFT,BUY,196.1,1464.34844959,1469.61597911,1032.96253864,-147005.74646975
2025-03-05 01:50:20,AAPL,BUY,115.2,1769.23347142,1760.74097046,-978.33611116,-147984.0825809
2025-03-05 01:51:20,NFLX,SELL,102.9,1883.85753999,1881.98283864,192.90676867,-147791.17581223
2025-03-05 01:52:20,TSLA,BUY,155.3,1298.4922144,1302.39049575,605.40309311,-147185.77271912
2025-03-05 01:53:20,NFLX,SELL,190.5,2942.18071462,2924.79906035,3311.20513883,-143874.56758029
2025-03-05 01:54:20,AMZN,SELL,133.0,1433.73587367,1423.61572667,1345.97955131,-142528.58802898
2025-03-05 01:55:20,NFLX,SELL,9.5,856.42328635,856.48436319,-0.58022998,-142529.16825896
2025-03-05 01:56:20,NVDA,SELL,154.1,917.80745134,913.61874297,645.47995858,-141883.68830038
2025-03-05 01:57:20,NFLX,SELL,183.9,409.40120459,408.80498742,109.64433791,-141774.04396246
2025-03-05 01:58:20,AAPL,SELL,30.6,1370.59895697,1374.0221678,-104.75025137,-141878.79421384
2025-03-05 01:59:20,AAPL,BUY,69.9,2964.32765901,2988.07503002,1659.94123349,-140218.85298034
2025-03-05 02:00:20,AAPL,SELL,152.3,2769.78664425,2778.48729745,-1325.10948193,-141543.96246228
2025-03-05 02:01:20,NVDA,SELL,95.9,2056.06095842,2049.76779654,603.51422454,-140940.44823773
2025-03-05 02:02:20,NVDA,SELL,111.0,2663.37537169,2668.84762478,-607.42009373,-141547.86833147
2025-03-05 02:03:20,AMZN,BUY,184.4,216.39164626,217.80162603,260.00026957,-141287.8680619
2025-03-05 02:04:20,AAPL,BUY,164.1,2584.9750672,2587.14620321,356.28341937,-140931.58464253
2025-03-05 02:05:20,MSFT,SELL,53.2,278.06875596,275.18776669,153.26862872,-140778.31601381
2025-03-05 02:06:20,TSLA,SELL,193.8,607.90783827,603.68594994,818.20195895,-139960.11405485
2025-03-05 02:07:20,TSLA,BUY,42.2,718.10157854,714.51364712,-151.41070605,-140111.52476091
2025-03-05 02:08:20,AMZN,BUY,7.1,2822.43767194,2835.83836005,95.14488558,-140016.37987533
2025-03-05 02:09:20,NFLX,BUY,103.5,116.68446074,116.06827619,-63.77510023,-140080.15497556
2025-03-05 02:10:20,TSLA,BUY,85.3,1534.10673261,1535.29915647,101.71375457,-139978.44122099
2025-03-05 02:11:20,AMZN,SELL,6.8,2681.95562349,2685.4848581,-23.9987953,-140002.44001629
2025-03-05 02:12:20,NVDA,SELL,14.1,540.34599237,541.53992732,-16.83448285,-140019.27449914
2025-03-05 02:13:20,NFLX,BUY,50.8,1660.50640982,1653.52039974,-354.88931233,-140374.16381146
2025-03-05 02:14:20,NVDA,BUY,112.9,1985.49970936,1979.41941599,-686.46512148,-141060.62893295
2025-03-05 02:15:20,AMZN,SELL,107.7,326.12582821,326.75960557,-68.25782145,-141128.88675439
2025-03-05 02:16:20,NFLX,SELL,33.9,2856.81096088,2873.08091579,-551.55147144,-141680.43822583
2025-03-05 02:17:20,MSFT,BUY,130.6,2981.33849812,2993.57685637,1598.32958745,-140082.10863838
2025-03-05 02:18:20,MSFT,SELL,188.2,168.59768199,171.07869203,-466.92608964,-140549.03472802
2025-03-05 02:19:20,NFLX,BUY,22.9,1967.58397128,1984.78968594,394.01086574,-140155.02386228
2025-03-05 02:20:20,NVDA,SELL,64.8,1549.03514617,1562.09474577,-846.26205414,-141001.28591642
2025-03-05 02:21:20,MSFT,BUY,105.7,1642.05392168,1649.47432956,784.33711255,-140216.94880387
2025-03-05 02:22:20,NFLX,BUY,93.4,1848.857377,1847.30560056,-144.93591991,-140361.88472378
2025-03-05 02:23:20,NFLX,SELL,149.0,745.46202274,745.45025798,1.75294866,-140360.13177512
2025-03-05 02:24:20,NVDA,BUY,140.8,608.63197142,610.18455055,218.60314117,-140141.52863396
2025-03-05 02:25:20,NVDA,BUY,151.2,2933.2221719,2927.14760931,-918.47386349,-141060.00249744
2025-03-05 02:26:20,NVDA,BUY,171.2,1214.52114283,1205.6980441,-1510.51450186,-142570.5169993
2025-03-05 02:27:20,NVDA,BUY,119.9,2336.97525873,2341.8813894,588.2450677,-141982.27193159
2025-03-05 02:28:20,TSLA,SELL,194.2,1994.61415183,1995.48210343,-168.55620101,-142150.82813261
2025-03-05 02:29:20,AAPL,BUY,165.1,1782.33939582,1779.2701983,-506.72451151,-142657.55264412
2025-03-05 02:30:20,MSFT,SELL,9.3,2895.66009658,2913.72683018,-168.02062251,-142825.57326662
2025-03-05 02:31:20,AMZN,SELL,193.3,2329.26163543,2345.92149708,-3220.35125824,-146045.92452486
2025-03-05 02:32:20,AMZN,SELL,153.5,1730.44742455,1720.59831804,1511.83784887,-144534.08667599
2025-03-05 02:33:20,TSLA,BUY,122.6,2611.91597277,2607.12341528,-587.56754784,-145121.65422384
2025-03-05 02:34:20,TSLA,BUY,89.0,762.90247024,767.30504504,391.82915673,-144729.82506711
2025-03-05 02:35:20,TSLA,BUY,41.5,2065.43613878,2057.73755254,-319.49132933,-145049.31639643
2025-03-05 02:36:20,AAPL,BUY,12.2,2407.16829429,2428.95408356,265.78662909,-144783.52976734
2025-03-05 02:37:20,AMZN,BUY,131.7,2037.14964971,2040.45776255,435.67846224,-144347.8513051
2025-03-05 02:38:20,TSLA,BUY,181.4,2409.27549963,2414.79107351,1000.52510254,-143347.32620256
2025-03-05 02:39:20,AAPL,BUY,61.6,2057.65056305,2063.61603622,367.47314765,-142979.85305491
2025-03-05 02:40:20,NVDA,SELL,143.6,1330.8690516,1335.97496815,-733.20961645,-143713.06267136
2025-03-05 02:41:20,AMZN,BUY,195.3,2616.29774383,2617.26392231,188.69465755,-143524.36801381
2025-03-05 02:42:20,NFLX,BUY,26.4,1322.91176978,1326.39546559,91.96956924,-143432.39844457
2025-03-05 02:43:20,AMZN,SELL,177.1,817.87843235,824.04928182,-1092.85744015,-144525.25588471
2025-03-05 02:44:20,AAPL,SELL,157.5,2031.30029309,2017.98588586,2097.01913923,-142428.23674548
2025-03-05 02:45:20,AMZN,BUY,64.4,630.12008771,624.19606847,-381.50683896,-142809.74358444
2025-03-05 02:46:20,AMZN,SELL,167.8,2950.42517529,2941.64507859,1473.30022655,-141336.4433579
2025-03-05 02:47:20,NVDA,BUY,176.5,1491.0915884,1501.25323503,1793.53063011,-139542.91272779
2025-03-05 02:48:20,NFLX,BUY,155.6,748.65923451,747.08753274,-244.55679566,-139787.46952345
2025-03-05 02:49:20,NVDA,SELL,26.0,1423.71486927,1420.40497059,86.05736566,-139701.41215779
2025-03-05 02:50:20,AAPL,BUY,19.2,2272.94944383,2257.68860954,-293.00801825,-139994.42017604
2025-03-05 02:51:20,TSLA,BUY,144.6,2012.68628577,2026.97578679,2066.26184725,-137928.1583288
2025-03-05 02:52:20,MSFT,SELL,119.5,616.68898647,619.52685813,-339.1256639,-138267.28399269
2025-03-05 02:53:20,AMZN,BUY,124.1,2829.32034689,2852.76746146,2909.78691805,-135357.49707464
2025-03-05 02:54:20,AAPL,BUY,141.6,1066.29227317,1071.01748628,669.09017768,-134688.40689696
2025-03-05 02:55:20,NFLX,BUY,7.1,2757.07811661,2755.33540026,-12.37328611,-134700.78018307
2025-03-05 02:56:20,NVDA,SELL,171.2,1422.17749373,1426.65273583,-766.16144807,-135466.94163114
2025-03-05 02:57:20,MSFT,BUY,178.9,2489.34516962,2490.80833254,261.75984617,-135205.18178497
2025-03-05 02:58:20,AMZN,BUY,81.1,2003.45505132,2012.34177996,720.71369242,-134484.46809254
2025-03-05 02:59:20,TSLA,BUY,89.2,1117.07848073,1118.2517874,104.65895529,-134379.80913726
2025-03-05 03:00:20,AAPL,SELL,150.3,2460.7730559,2484.13143601,-3510.76453094,-137890.5736682
2025-03-05 03:01:20,AMZN,SELL,127.9,159.38753726,158.3157283,137.08436615,-137753.48930205
2025-03-05 03:02:20,NVDA,SELL,111.8,2473.28185622,2447.81464289,2847.23445064,-134906.25485141
2025-03-05 03:03:20,AAPL,SELL,144.0,2668.30328803,2692.10078499,-3426.83956221,-138333.09441362
2025-03-05 03:04:20,NFLX,SELL,10.3,211.21224768,211.77065786,-5.75162481,-138338.84603843
2025-03-05 03:05:20,NVDA,SELL,90.3,341.71304807,345.50984321,-342.8506013,-138681.69663973
2025-03-05 03:06:20,MSFT,BUY,67.8,908.57839512,911.87902319,223.78258354,-138457.91405619
2025-03-05 03:07:20,NVDA,BUY,141.3,1072.83955101,1083.85672359,1556.72648512,-136901.18757107
2025-03-05 03:08:20,NVDA,BUY,154.9,1816.80864826,1793.58562967,-3597.24558015,-140498.43315122
2025-03-05 03:09:20,AMZN,BUY,156.5,362.07227069,365.8572472,592.34882511,-139906.08432611
2025-03-05 03:10:20,NFLX,SELL,84.8,1049.90011804,1054.66172405,-403.78418986,-140309.86851597
2025-03-05 03:11:20,TSLA,SELL,196.0,770.380877,771.83418979,-284.84930678,-140594.71782275
2025-03-05 03:12:20,AAPL,BUY,47.9,1520.37933638,1521.89157307,72.43613745,-140522.2816853
2025-03-05 03:13:20,NVDA,BUY,12.7,1571.61195054,1578.8879136,92.40473095,-140429.87695435
2025-03-05 03:14:20,MSFT,SELL,199.4,1781.51927764,1796.5963639,-3006.37099917,-143436.24795352
2025-03-05 03:15:20,AMZN,SELL,157.0,906.19255866,908.77029194,-404.70412516,-143840.95207869
2025-03-05 03:16:20,NVDA,BUY,199.7,2500.62923156,2503.91889836,656.946459,-143184.00561968
2025-03-05 03:17:20,TSLA,SELL,44.9,1806.14248394,1824.71570037,-833.9374175,-144017.94303718
2025-03-05 03:18:20,NFLX,BUY,5.1,2345.64511993,2348.37107158,13.90235341,-144004.04068377
2025-03-05 03:19:20,MSFT,BUY,50.9,1564.57855666,1556.64839481,-403.64523795,-144407.68592171
2025-03-05 03:20:20,TSLA,BUY,188.4,1133.97221532,1140.00271079,1136.14534547,-143271.54057624
2025-03-05 03:21:20,AAPL,BUY,23.5,797.29956368,798.1298495,19.51171671,-143252.02885953
2025-03-05 03:22:20,AAPL,BUY,68.8,1960.96329862,1955.35263925,-386.01336501,-143638.04222455
2025-03-05 03:23:20,AMZN,BUY,16.9,2101.7532512,2106.85296579,86.18517662,-143551.85704792
2025-03-05 03:24:20,NFLX,SELL,187.6,2957.93918704,2965.6597112,-1448.37033356,-145000.22738148
2025-03-05 03:25:20,MSFT,SELL,82.9,1132.97177536,1130.76988707,182.53653998,-144817.6908415
2025-03-05 03:26:20,NFLX,BUY,28.1,1010.64265971,1013.65291715,84.588234,-144733.1026075
2025-03-05 03:27:20,AAPL,SELL,112.6,1419.17070231,1415.23226238,443.46833599,-144289.63427151
2025-03-05 03:28:20,AAPL,SELL,97.1,273.05419498,275.91662766,-277.9422133,-144567.57648481
2025-03-05 03:29:20,NFLX,BUY,171.7,1598.60583946,1597.42040613,-203.53890307,-144771.11538788
2025-03-05 03:30:20,NFLX,BUY,65.8,706.57178195,707.95796601,91.21091113,-144679.90447674
2025-03-05 03:31:20,TSLA,SELL,94.1,437.58229075,438.04326906,-43.37805898,-144723.28253572
2025-03-05 03:32:20,MSFT,SELL,138.2,2251.45828814,2257.69940444,-862.52227359,-145585.80480931
2025-03-05 03:33:20,NVDA,BUY,47.1,2564.74316177,2573.62388563,418.28209405,-145167.52271526
2025-03-05 03:34:20,NVDA,BUY,72.6,597.37848664,598.95502437,114.45663908,-145053.06607618
2025-03-05 03:35:20,AAPL,BUY,157.3,2913.29511656,2923.52080994,1608.50156808,-143444.5645081
2025-03-05 03:36:20,TSLA,SELL,100.5,1272.54575626,1262.95799847,963.5696583,-142480.99484981
2025-03-05 03:37:20,AMZN,SELL,59.5,1129.98195503,1137.30832981,-435.91929919,-142916.914149
2025-03-05 03:38:20,TSLA,SELL,35.3,2634.47565597,2646.17415082,-412.95686823,-143329.87101723
2025-03-05 03:39:20,TSLA,BUY,54.7,2486.28101857,2499.80170022,739.58128604,-142590.28973119
2025-03-05 03:40:20,NVDA,BUY,43.4,1418.06044285,1418.33934096,12.10417809,-142578.1855531
2025-03-05 03:41:20,AAPL,SELL,97.2,563.61910019,565.2170922,-155.32482396,-142733.51037705
2025-03-05 03:42:20,AMZN,SELL,179.6,2268.71384671,2274.1566257,-977.5231063,-143711.03348335
2025-03-05 03:43:20,NVDA,SELL,186.3,321.25127561,322.74484192,-278.25140277,-143989.28488612
2025-03-05 03:44:20,TSLA,BUY,144.5,319.62522863,319.65826505,4.77376256,-143984.51112356
2025-03-05 03:45:20,NFLX,BUY,199.4,2233.49737114,2229.20348121,-856.20165334,-144840.7127769
2025-03-05 03:46:20,MSFT,BUY,76.5,1716.02079969,1729.2191415,1009.67314827,-143831.03962862
2025-03-05 03:47:20,NVDA,SELL,53.5,668.45407138,669.99678813,-82.53534572,-143913.57497434
2025-03-05 03:48:20,AMZN,BUY,183.0,2727.86584014,2710.2764301,-3218.86203792,-147132.43701227
2025-03-05 03:49:20,MSFT,SELL,20.6,258.81495482,258.01777491,16.4219063,-147116.01510596
2025-03-05 03:50:20,MSFT,SELL,80.8,375.17860819,373.96089165,98.39149688,-147017.62360909
2025-03-05 03:51:20,NVDA,SELL,117.7,1804.4036388,1787.96558009,1934.75951036,-145082.86409873
2025-03-05 03:52:20,TSLA,BUY,166.2,2148.72148742,2156.71819836,1329.05335931,-143753.81073942
2025-03-05 03:53:20,NVDA,SELL,21.7,1104.19537278,1101.1683611,65.68615354,-143688.12458588
2025-03-05 03:54:20,MSFT,SELL,35.4,1455.34030896,1453.73751334,56.7389648,-143631.38562108
2025-03-05 03:55:20,MSFT,SELL,48.1,1442.24979721,1434.68821357,363.71217319,-143267.67344788
2025-03-05 03:56:20,NFLX,SELL,174.5,102.87640696,103.08566599,-36.51570039,-143304.18914827
2025-03-05 03:57:20,NVDA,BUY,24.3,2047.43058466,2060.55032256,318.80963097,-142985.3795173
2025-03-05 03:58:20,AMZN,BUY,86.8,1472.73439243,1485.91129266,1143.75494006,-141841.62457725
2025-03-05 03:59:20,MSFT,SELL,52.8,2672.50231246,2653.12193362,1023.28400228,-140818.34057496
2025-03-05 04:00:20,TSLA,SELL,183.7,2336.48298421,2327.3462562,1678.41693411,-139139.92364085
2025-03-05 04:01:20,AMZN,SELL,160.6,2564.36692635,2571.2726951,-1109.06646205,-140248.9901029
2025-03-05 04:02:20,NVDA,BUY,169.2,2663.14848213,2668.39029493,886.9147249,-139362.075378
2025-03-05 04:03:20,NVDA,BUY,109.8,2842.79468863,2813.80781041,-3182.75922905,-142544.83460705
2025-03-05 04:04:20,AMZN,BUY,83.1,1408.61065476,1420.89608844,1020.91953848,-141523.91506858
2025-03-05 04:05:20,AMZN,SELL,75.0,2761.40484636,2722.81052867,2894.57382718,-138629.3412414
2025-03-05 04:06:20,AAPL,BUY,143.1,2306.95975222,2308.94230356,283.70309608,-138345.63814532
2025-03-05 04:07:20,MSFT,BUY,25.0,1052.75183813,1050.56133459,-54.76258845,-138400.40073377
2025-03-05 04:08:20,NFLX,SELL,56.1,954.72359975,953.80384456,51.59826638,-138348.80246739
2025-03-05 04:09:20,NFLX,BUY,191.1,1949.36312927,1956.10389546,1288.16041948,-137060.64204791
2025-03-05 04:10:20,MSFT,SELL,146.9,2373.98354996,2378.89786672,-721.91313102,-137782.55517892
2025-03-05 04:11:20,AAPL,SELL,68.3,1300.77962662,1300.57556059,13.93770994,-137768.61746898
2025-03-05 04:12:20,AMZN,BUY,60.6,2398.34007083,2400.46646881,128.85971761,-137639.75775137
2025-03-05 04:13:20,TSLA,SELL,162.0,128.67480855,130.07733074,-227.20859554,-137866.96634691
2025-03-05 04:14:20,NFLX,SELL,110.5,2752.60048132,2757.91522924,-587.2796456,-138454.24599251
2025-03-05 04:15:20,AMZN,BUY,61.7,1559.26281048,1568.45494405,567.15464154,-137887.09135097
2025-03-05 04:16:20,NFLX,BUY,36.9,1402.1848122,1399.07789318,-114.6453119,-138001.73666287
2025-03-05 04:17:20,AMZN,BUY,97.2,374.1334156,378.42876891,417.50834124,-137584.22832163
2025-03-05 04:18:20,MSFT,SELL,33.0,1466.09568546,1464.05270765,67.41826769,-137516.81005395
2025-03-05 04:19:20,TSLA,BUY,181.8,1572.62836592,1578.01928815,980.06966156,-136536.74039239
2025-03-05 04:20:20,AMZN,BUY,151.0,1822.1918684,1816.07376268,-923.83396413,-137460.57435651
2025-03-05 04:21:20,NFLX,SELL,188.6,536.74079294,540.08925459,-631.51986666,-138092.09422318
2025-03-05 04:22:20,MSFT,BUY,149.2,815.15961467,817.46309529,343.67930806,-137748.41491512
2025-03-05 04:23:20,NFLX,SELL,82.5,2364.98904257,2385.79789468,-1716.73029951,-139465.14521463
2025-03-05 04:24:20,TSLA,BUY,148.4,370.8822771,369.12602787,-260.62738587,-139725.7726005
2025-03-05 04:25:20,AAPL,BUY,42.2,224.37160353,223.8140048,-23.53066679,-139749.30326728
2025-03-05 04:26:20,MSFT,BUY,174.3,2918.34206528,2925.41670567,1233.10981987,-138516.19344741
2025-03-05 04:27:20,NVDA,BUY,164.7,1916.27676398,1915.13166933,-188.5970895,-138704.79053691
2025-03-05 04:28:20,TSLA,BUY,43.0,2563.29360505,2572.45560051,393.96580457,-138310.82473233
2025-03-05 04:29:20,NFLX,BUY,113.9,1298.69256603,1305.16818676,737.57320147,-137573.25153087
2025-03-05 04:30:20,TSLA,BUY,156.1,1136.36916953,1128.76086589,-1187.65619913,-138760.90772999
2025-03-05 04:31:20,TSLA,BUY,50.7,1989.79126734,1995.40417066,284.57419856,-138476.33353144
2025-03-05 04:32:20,NFLX,SELL,37.9,1406.35525034,1400.73554686,212.98676208,-138263.34676936
2025-03-05 04:33:20,NFLX,BUY,64.1,1046.48519542,1048.13665785,105.8587413,-138157.48802806
2025-03-05 04:34:20,NVDA,BUY,117.2,2314.58103835,2305.71767853,-1038.78577,-139196.27379807
2025-03-05 04:35:20,AMZN,SELL,29.9,2496.24495832,2523.92952225,-827.76846157,-140024.04225963
2025-03-05 04:36:20,AMZN,SELL,140.7,2060.40452673,2050.23023767,1431.52247133,-138592.5197883
2025-03-05 04:37:20,AAPL,BUY,132.0,2213.99973858,2219.31970283,702.23528034,-137890.28450796
2025-03-05 04:38:20,MSFT,BUY,198.7,2201.86970465,2197.65390037,-837.68030982,-138727.96481778
2025-03-05 04:39:20,NVDA,SELL,138.9,2110.75106643,2124.52702998,-1913.48133682,-140641.4461546
2025-03-05 04:40:20,MSFT,BUY,156.9,2990.82080969,2994.47711927,573.67497295,-140067.77118165
2025-03-05 04:41:20,NVDA,SELL,20.4,1876.25109579,1886.9666474,-218.59725286,-140286.36843451
2025-03-05 04:42:20,TSLA,BUY,29.3,2349.14762865,2363.52854417,421.3608247,-139865.0076098
2025-03-05 04:43:20,AMZN,BUY,62.7,1995.82425037,1990.00334156,-364.97098242,-140229.97859223
2025-03-05 04:44:20,MSFT,SELL,62.5,2083.53816278,2093.80224849,-641.50535679,-140871.48394902
2025-03-05 04:45:20,NFLX,SELL,128.5,126.08344917,126.41242307,-42.27314656,-140913.75709558
2025-03-05 04:46:20,NVDA,SELL,194.0,2784.26740024,2776.17412384,1570.09562139,-139343.6614742
2025-03-05 04:47:20,NFLX,SELL,162.8,784.17695325,787.90004913,-606.12000943,-139949.78148362
2025-03-05 04:48:20,AMZN,SELL,19.4,2383.71974903,2382.83644409,17.13611579,-139932.64536784
2025-03-05 04:49:20,AMZN,SELL,70.8,1280.69728224,1279.22182479,104.46238788,-139828.18297995
2025-03-05 04:50:20,NFLX,BUY,122.5,2085.30635319,2101.65712587,2002.96965222,-137825.21332773
2025-03-05 04:51:20,AMZN,BUY,187.9,2929.35228538,2956.50203816,5101.4385477,-132723.77478003
2025-03-05 04:52:20,NVDA,BUY,180.3,2505.43427255,2501.24079185,-756.08456893,-133479.85934896
2025-03-05 04:53:20,MSFT,BUY,63.9,297.58936495,296.88778224,-44.83113504,-133524.690484
2025-03-05 04:54:20,AMZN,BUY,101.8,590.86777707,586.01824542,-493.68232196,-134018.37280596
2025-03-05 04:55:20,AAPL,BUY,102.0,2023.32154917,2020.19202617,-319.21134577,-134337.58415173
2025-03-05 04:56:20,AAPL,SELL,188.1,2640.36326195,2645.57499586,-980.32714776,-135317.91129948
2025-03-05 04:57:20,AAPL,BUY,176.9,1891.93152994,1896.59026176,824.12965822,-134493.78164127
2025-03-05 04:58:20,TSLA,SELL,84.6,445.52976107,445.16798548,30.60621469,-134463.17542657
2025-03-05 04:59:20,TSLA,BUY,119.2,1039.07375022,1045.15798598,725.24090235,-133737.93452422
2025-03-05 05:00:20,NFLX,SELL,172.9,1165.42313854,1158.40904879,1212.73611727,-132525.19840695
2025-03-05 05:01:20,MSFT,BUY,47.0,1938.26313664,1949.20237915,514.14439822,-132011.05400873
2025-03-05 05:02:20,AMZN,SELL,109.5,1220.79127496,1219.33805328,159.12777416,-131851.92623457
2025-03-05 05:03:20,AMZN,SELL,72.8,1981.93161426,1981.69705985,17.07556135,-131834.85067322
2025-03-05 05:04:20,NFLX,BUY,60.4,723.15481907,717.14463118,-363.01534836,-132197.86602158
2025-03-05 05:05:20,TSLA,BUY,64.3,280.02760369,280.55816041,34.1147971,-132163.75122448
2025-03-05 05:06:20,NFLX,BUY,158.5,1810.21359385,1811.39506549,187.2632548,-131976.48796968
2025-03-05 05:07:20,TSLA,SELL,25.8,231.59403306,232.35559717,-19.64835389,-131996.13632357
2025-03-05 05:08:20,AMZN,BUY,83.9,653.84788857,658.31091408,374.44784072,-131621.68848286
2025-03-05 05:09:20,NFLX,BUY,169.5,1662.15024995,1664.97051342,478.03465905,-131143.65382381
2025-03-05 05:10:20,AAPL,BUY,195.7,2179.4041726,2174.68216741,-924.09641676,-132067.75024057
2025-03-05 05:11:20,NVDA,BUY,58.9,2440.76422705,2455.22155451,851.53658782,-131216.21365275
2025-03-05 05:12:20,TSLA,SELL,164.9,2216.23294976,2227.13485901,-1797.72483415,-133013.9384869
2025-03-05 05:13:20,MSFT,SELL,24.2,2720.81693102,2725.3269943,-109.1435315,-133123.0820184
2025-03-05 05:14:20,AAPL,BUY,16.4,831.88018191,831.98258768,1.67945452,-133121.40256388
2025-03-05 05:15:20,NFLX,BUY,164.9,1263.56462484,1267.1656527,593.80949373,-132527.59307014
2025-03-05 05:16:20,TSLA,SELL,26.4,110.48599914,110.15232424,8.8090173,-132518.78405284
2025-03-05 05:17:20,MSFT,BUY,21.3,1117.46600273,1114.09159971,-71.8747843,-132590.65883714
2025-03-05 05:18:20,NFLX,BUY,40.9,1617.4165182,1625.48622832,330.05114416,-132260.60769298
2025-03-05 05:19:20,NVDA,BUY,105.6,915.70750521,914.60396861,-116.53346569,-132377.14115867
2025-03-05 05:20:20,AMZN,BUY,185.7,960.42042312,962.60873884,406.37022842,-131970.77093024
2025-03-05 05:21:20,MSFT,BUY,188.1,1344.45762157,1345.893858,270.15607248,-131700.61485776
2025-03-05 05:22:20,AMZN,SELL,159.2,935.32762838,937.43985009,-336.26569633,-132036.88055409
2025-03-05 05:23:20,NFLX,SELL,54.1,562.00113302,561.62965669,20.09686952,-132016.78368457
2025-03-05 05:24:20,AMZN,SELL,132.0,684.46001726,690.02547891,-734.64093672,-132751.42462129
2025-03-05 05:25:20,TSLA,BUY,29.4,2225.00939801,2217.14946575,-231.08200849,-132982.50662978
2025-03-05 05:26:20,MSFT,BUY,153.9,1201.57842341,1198.42223712,-485.73707003,-133468.24369981
2025-03-05 05:27:20,MSFT,SELL,134.2,2169.7534966,2163.96609041,776.66991043,-132691.57378938
2025-03-05 05:28:20,TSLA,BUY,85.0,524.63697078,522.82707145,-153.84144289,-132845.41523227
2025-03-05 05:29:20,AMZN,SELL,151.3,318.02369654,318.91508518,-134.86710188,-132980.28233415
2025-03-05 05:30:20,NFLX,BUY,178.6,360.14414342,363.01979259,513.59094099,-132466.69139316
2025-03-05 05:31:20,NVDA,BUY,44.5,2900.34390325,2915.09918506,656.61004024,-131810.08135292
2025-03-05 05:32:20,NFLX,SELL,68.0,1665.54621537,1671.28601887,-390.30663781,-132200.38799073
2025-03-05 05:33:20,AMZN,SELL,104.9,1487.82027373,1494.43648063,-694.04010304,-132894.42809377
2025-03-05 05:34:20,TSLA,SELL,52.1,2257.26102173,2257.71971326,-23.89782847,-132918.32592224
2025-03-05 05:35:20,NVDA,BUY,139.3,1798.11584323,1796.57672843,-214.3986915,-133132.72461374
2025-03-05 05:36:20,AAPL,BUY,115.6,2726.09001665,2715.95618832,-1171.47055495,-134304.19516869
2025-03-05 05:37:20,NFLX,BUY,28.9,729.29346357,740.31308872,318.46716671,-133985.72800198
2025-03-05 05:38:20,TSLA,BUY,127.9,1069.80190893,1076.64143039,874.77479514,-133110.95320683
2025-03-05 05:39:20,NFLX,BUY,33.3,299.18559004,298.42687231,-25.26530012,-133136.21850695
2025-03-05 05:40:20,TSLA,SELL,32.7,2654.63541847,2658.28131652,-119.22086606,-133255.43937301
2025-03-05 05:41:20,MSFT,BUY,81.3,2054.36763485,2070.90850227,1344.77252151,-131910.6668515
2025-03-05 05:42:20,AMZN,SELL,146.5,1548.4401891,1545.85781408,378.31794138,-131532.34891012
2025-03-05 05:43:20,NFLX,BUY,120.6,1565.05456338,1571.12848341,732.51475561,-130799.83415451
2025-03-05 05:44:20,AMZN,SELL,158.9,1885.28381723,1900.36517756,-2396.42815704,-133196.26231156
2025-03-05 05:45:20,AAPL,BUY,78.5,2852.35176588,2843.56389582,-689.84779922,-133886.11011078
2025-03-05 05:46:20,NFLX,SELL,85.3,1140.53125365,1142.53935121,-171.2907218,-134057.40083258
2025-03-05 05:47:20,MSFT,BUY,105.1,2522.18821879,2536.38567481,1492.15262754,-132565.24820503
2025-03-05 05:48:20,NFLX,BUY,11.1,750.51033699,750.9534672,4.91874537,-132560.32945966
2025-03-05 05:49:20,NFLX,SELL,142.4,1356.88532777,1345.2308181,1659.60217726,-130900.7272824
2025-03-05 05:50:20,AAPL,BUY,54.6,2042.43461959,2022.19305808,-1105.18925866,-132005.91654106
2025-03-05 05:51:20,MSFT,SELL,34.9,2280.48039576,2301.53246107,-734.7170792,-132740.63362026
2025-03-05 05:52:20,AMZN,BUY,159.3,2502.27012097,2491.00869229,-1793.94558828,-134534.57920854
2025-03-05 05:53:20,MSFT,BUY,75.0,2192.88823799,2191.92657914,-72.12441394,-134606.70362248
2025-03-05 05:54:20,MSFT,SELL,172.2,2608.01806227,2605.62190681,412.61797126,-134194.08565121
2025-03-05 05:55:20,MSFT,BUY,19.8,2859.52647236,2892.57706832,654.4018,-133539.68385121
2025-03-05 05:56:20,NFLX,SELL,130.6,2160.90639349,2168.71554987,-1019.8758223,-134559.55967351
2025-03-05 05:57:20,NFLX,SELL,75.1,2333.03303072,2329.51138601,264.47551774,-134295.08415577
2025-03-05 05:58:20,NFLX,BUY,73.3,134.73819946,134.50602979,-17.01803717,-134312.10219294
2025-03-05 05:59:20,NFLX,BUY,67.7,366.05774755,367.92858896,126.65596325,-134185.44622968
2025-03-05 06:00:20,AMZN,SELL,54.3,2534.85580787,2540.77736609,-321.54061099,-134506.98684068
2025-03-05 06:01:20,NFLX,SELL,42.6,488.84111237,489.44894691,-25.89375118,-134532.88059186
2025-03-05 06:02:20,AMZN,BUY,168.9,629.2564467,631.34388023,352.56752315,-134180.31306871
2025-03-05 06:03:20,NVDA,BUY,180.3,1246.05460851,1243.21993091,-511.09237022,-134691.40543892
2025-03-05 06:04:20,NVDA,SELL,179.1,1564.34851209,1554.43037319,1776.33867658,-132915.06676234
2025-03-05 06:05:20,NVDA,BUY,117.0,2619.39655165,2615.76336702,-425.08260198,-133340.14936432
2025-03-05 06:06:20,NVDA,BUY,123.5,2929.33588956,2912.13484022,-2124.32959302,-135464.47895734
2025-03-05 06:07:20,NVDA,SELL,92.7,2365.18348986,2338.14747275,2506.23878566,-132958.24017168
2025-03-05 06:08:20,NFLX,BUY,171.0,2138.47089438,2152.58540788,2413.58180771,-130544.65836397
2025-03-05 06:09:20,AMZN,SELL,98.8,1571.35427535,1564.86117149,641.51866188,-129903.13970209
2025-03-05 06:10:20,TSLA,BUY,66.6,2823.81839634,2819.47406499,-289.33246756,-130192.47216965
2025-03-05 06:11:20,NVDA,SELL,144.5,2422.00524437,2434.30725701,-1777.64082714,-131970.1129968
2025-03-05 06:12:20,MSFT,SELL,127.2,586.32223645,587.6500429,-168.89698128,-132139.00997808
2025-03-05 06:13:20,MSFT,SELL,58.0,2339.59927745,2351.73255028,-703.72982406,-132842.73980213
2025-03-05 06:14:20,AMZN,SELL,66.0,2510.44507245,2522.04081091,-765.31873867,-133608.0585408
2025-03-05 06:15:20,AAPL,BUY,64.3,2076.65911149,2076.02707197,-40.64014115,-133648.69868195
2025-03-05 06:16:20,MSFT,SELL,86.1,1832.87868613,1850.14596502,-1486.71271278,-135135.41139474
2025-03-05 06:17:20,NFLX,SELL,39.7,569.7504881,570.87528615,-44.65448255,-135180.06587729
2025-03-05 06:18:20,MSFT,SELL,9.1,2561.05135406,2554.68613095,57.92353033,-135122.14234696
2025-03-05 06:19:20,MSFT,SELL,94.2,292.09455606,291.36276641,68.93458486,-135053.20776209
2025-03-05 06:20:20,NVDA,BUY,50.2,887.78882669,890.83787505,153.06222764,-134900.14553445
2025-03-05 06:21:20,MSFT,BUY,48.9,1257.24853415,1266.75083133,464.66233213,-134435.48320233
2025-03-05 06:22:20,MSFT,SELL,20.8,1871.92682052,1865.88111799,125.75061254,-134309.73258979
2025-03-05 06:23:20,AMZN,SELL,98.0,1949.46243211,1949.82768374,-35.79465931,-134345.5272491
2025-03-05 06:24:20,NVDA,SELL,147.5,2205.88261713,2211.78576136,-870.71377413,-135216.24102323
2025-03-05 06:25:20,NFLX,SELL,181.1,742.35226493,750.60732803,-1494.99192855,-136711.23295178
2025-03-05 06:26:20,AMZN,BUY,55.3,522.98112076,523.24323818,14.4950932,-136696.73785857
2025-03-05 06:27:20,NVDA,BUY,67.2,1799.71064202,1780.38113425,-1298.94292216,-137995.68078073
2025-03-05 06:28:20,NVDA,SELL,100.0,1957.60601027,1959.50760094,-190.15906716,-138185.83984789
2025-03-05 06:29:20,MSFT,BUY,131.7,113.36881432,112.4439225,-121.80825347,-138307.64810136
2025-03-05 06:30:20,NFLX,SELL,48.0,373.02558162,371.71793431,62.76707074,-138244.88103063
2025-03-05 06:31:20,AAPL,SELL,187.4,748.93964558,747.63070657,245.29517044,-137999.58586019
2025-03-05 06:32:20,TSLA,BUY,20.4,502.56837851,502.86743707,6.10079477,-137993.48506542
2025-03-05 06:33:20,AAPL,BUY,41.4,1807.7212316,1788.54596112,-793.85619775,-138787.34126317
2025-03-05 06:34:20,TSLA,SELL,67.5,2431.24149372,2433.35947758,-142.96391037,-138930.30517354
2025-03-05 06:35:20,AMZN,SELL,145.7,1428.96989895,1440.3353963,-1655.95296407,-140586.25813761
2025-03-05 06:36:20,MSFT,BUY,85.1,2018.88463309,2017.71250621,-99.7479969,-140686.00613451
2025-03-05 06:37:20,MSFT,BUY,193.6,1561.54758449,1568.47443371,1341.03800826,-139344.96812625
2025-03-05 06:38:20,MSFT,SELL,99.2,618.39966007,619.86593215,-145.45419059,-139490.42231685
2025-03-05 06:39:20,MSFT,BUY,67.9,2735.11884255,2736.17498919,71.71235713,-139418.70995972
2025-03-05 06:40:20,TSLA,BUY,176.5,313.85807891,315.58794814,305.32191885,-139113.38804087
2025-03-05 06:41:20,MSFT,BUY,9.3,830.62661599,833.05061297,22.54317198,-139090.84486889
2025-03-05 06:42:20,NFLX,BUY,26.7,2935.6533185,2925.69945284,-265.7682132,-139356.6130821
2025-03-05 06:43:20,AMZN,SELL,40.2,1439.64933956,1437.31546321,93.82182951,-139262.79125259
2025-03-05 06:44:20,MSFT,BUY,43.3,795.54107059,797.67440073,92.37319476,-139170.41805783
2025-03-05 06:45:20,MSFT,SELL,175.3,1702.30736306,1698.02838314,750.10518092,-138420.31287691
2025-03-05 06:46:20,NFLX,BUY,160.5,1733.82789873,1735.71466593,302.82613554,-138117.48674137
2025-03-05 06:47:20,NVDA,SELL,19.2,483.25297218,485.16895136,-36.7868002,-138154.27354158
2025-03-05 06:48:20,TSLA,BUY,110.4,1815.87321664,1810.85927712,-553.53892311,-138707.81246468
2025-03-05 06:49:20,AMZN,SELL,69.8,823.49169443,825.03797403,-107.93031563,-138815.74278032
2025-03-05 06:50:20,AAPL,BUY,96.1,457.55975248,460.0202916,236.45780962,-138579.28497069
2025-03-05 06:51:20,TSLA,BUY,86.6,2850.79128035,2847.84025771,-255.55856019,-138834.84353088
2025-03-05 06:52:20,NVDA,SELL,169.6,1755.67424022,1762.76062442,-1201.85076029,-140036.69429117
2025-03-05 06:53:20,NFLX,SELL,99.7,2769.99647939,2760.90949448,905.97239559,-139130.72189558
2025-03-05 06:54:20,MSFT,SELL,59.5,371.1297338,369.7292575,83.32833975,-139047.39355583
2025-03-05 06:55:20,TSLA,BUY,193.9,1031.25389587,1028.14290206,-603.2217003,-139650.61525614
2025-03-05 06:56:20,NVDA,SELL,34.9,2965.35793602,2995.46326505,-1050.67598317,-140701.29123931
2025-03-05 06:57:20,AAPL,SELL,131.2,1480.5484624,1482.70798261,-283.32905188,-140984.62029119
2025-03-05 06:58:20,MSFT,BUY,32.4,389.61532347,389.63900659,0.76733302,-140983.85295817
2025-03-05 06:59:20,AMZN,SELL,186.1,563.09958614,566.78084754,-685.08274747,-141668.93570564
2025-03-05 07:00:20,AMZN,BUY,62.1,1710.93113975,1723.81141913,799.86534986,-140869.07035578
2025-03-05 07:01:20,AMZN,BUY,85.0,1900.58014334,1906.6643568,517.15814454,-140351.91221123
2025-03-05 07:02:20,AAPL,SELL,42.2,475.788287,474.30537495,62.57888831,-140289.33332292
2025-03-05 07:03:20,AMZN,BUY,133.7,2471.32800436,2459.61134819,-1566.51693033,-141855.85025325
2025-03-05 07:04:20,AAPL,BUY,139.6,1249.21350289,1261.94770115,1777.69407683,-140078.15617642
2025-03-05 07:05:20,NVDA,BUY,104.5,2246.01606197,2262.10785277,1681.59213922,-138396.56403721
2025-03-05 07:06:20,TSLA,SELL,104.8,1675.47674064,1674.3311918,120.05351753,-138276.51051967
2025-03-05 07:07:20,NVDA,SELL,116.9,259.395778,259.87879868,-56.46511824,-138332.97563792
2025-03-05 07:08:20,NVDA,BUY,36.2,2380.31971963,2385.63440342,192.39155333,-138140.58408458
2025-03-05 07:09:20,MSFT,BUY,50.5,1139.50339669,1144.96301257,275.71060227,-137864.87348231
2025-03-05 07:10:20,AMZN,SELL,114.3,1157.87305877,1148.87134343,1028.89606385,-136835.97741846
2025-03-05 07:11:20,NVDA,SELL,60.9,1371.65362,1374.99266276,-203.34770422,-137039.32512268
2025-03-05 07:12:20,AMZN,SELL,7.8,786.89605738,792.89717696,-46.80873271,-137086.13385539
2025-03-05 07:13:20,NVDA,BUY,124.3,160.49827065,161.12387786,77.76297628,-137008.37087912
2025-03-05 07:14:20,TSLA,BUY,110.3,549.6731921,547.82931661,-203.37946557,-137211.75034468
2025-03-05 07:15:20,NVDA,SELL,154.5,333.77273655,332.76429576,155.80410185,-137055.94624283
2025-03-05 07:16:20,MSFT,SELL,111.7,2560.89994868,2565.57411142,-522.10397771,-137578.05022054
2025-03-05 07:17:20,AMZN,BUY,183.7,2772.61769904,2753.13127878,-3579.65540147,-141157.70562201
2025-03-05 07:18:20,AMZN,BUY,56.5,2332.02701665,2333.47230313,81.65868612,-141076.04693589
2025-03-05 07:19:20,TSLA,BUY,168.3,2208.92549525,2203.36084461,-936.53070365,-142012.57763954
2025-03-05 07:20:20,AAPL,SELL,85.6,1264.69386483,1271.55780476,-587.55325831,-142600.13089785
2025-03-05 07:21:20,TSLA,SELL,37.6,1524.6914625,1531.36324096,-250.85886981,-142850.98976766
2025-03-05 07:22:20,AAPL,SELL,164.9,1641.95609009,1619.16547295,3758.17276555,-139092.81700211
2025-03-05 07:23:20,NVDA,SELL,50.0,1600.27004559,1610.61199411,-517.09742607,-139609.91442818
2025-03-05 07:24:20,AMZN,SELL,130.8,1026.17783267,1030.27967591,-536.52109607,-140146.43552425
2025-03-05 07:25:20,NVDA,SELL,71.7,526.12018824,531.16457654,-361.68264056,-140508.11816481
2025-03-05 07:26:20,MSFT,BUY,191.9,2576.6447041,2587.45840322,2075.14886257,-138432.96930224
2025-03-05 07:27:20,AMZN,SELL,114.5,1520.67067684,1516.6813934,456.77295422,-137976.19634801
2025-03-05 07:28:20,AAPL,BUY,159.2,1326.1300701,1326.50916667,60.35217375,-137915.84417426
2025-03-05 07:29:20,TSLA,SELL,179.0,2434.16794418,2437.08282087,-521.76292828,-138437.60710254
2025-03-05 07:30:20,AMZN,BUY,44.1,411.53101502,410.60013503,-41.05180748,-138478.65891002
2025-03-05 07:31:20,TSLA,SELL,101.9,2710.6278569,2737.20052174,-2707.75454703,-141186.41345705
2025-03-05 07:32:20,NFLX,SELL,68.5,486.87879571,485.31972518,106.7963313,-141079.61712575
2025-03-05 07:33:20,AAPL,BUY,132.0,287.18863457,287.82015783,83.36107043,-140996.25605533
2025-03-05 07:34:20,MSFT,BUY,84.2,1602.9317031,1613.37982762,879.73208448,-140116.52397084
2025-03-05 07:35:20,NFLX,BUY,40.5,2472.47519563,2463.86517859,-348.7056904,-140465.22966124
2025-03-05 07:36:20,TSLA,BUY,164.5,2123.67754495,2138.50358549,2438.88366863,-138026.34599261
2025-03-05 07:37:20,AAPL,BUY,155.3,811.54996236,809.84723415,-264.43369128,-138290.77968388
2025-03-05 07:38:20,AMZN,BUY,101.0,242.54960489,244.00962971,147.4625074,-138143.31717649
2025-03-05 07:38:40,AMZN,SELL,66.3,782.19779022,777.39366191,318.51370707,-137824.80346942
2025-03-05 07:39:00,NVDA,BUY,113.0,3106.91296934,3142.84466755,4060.28189696,-133764.52157246
2025-03-05 07:39:30,NVDA,SELL,209.8,1640.98936134,1641.89205975,-189.38612701,-133953.90769947
2025-03-05 07:40:00,TSLA,SELL,266.8,1369.98373456,1381.53744487,-3082.52991081,-137036.43761028
2025-03-05 07:40:20,NVDA,BUY,69.9,1154.83784394,1168.21417147,935.0052942,-136101.43231608
2025-03-05 07:40:50,AMZN,BUY,196.5,204.65482796,204.19786507,-89.79320753,-136191.22552361
2025-03-05 07:41:20,NVDA,BUY,282.1,2121.17776499,2104.15007309,-4803.51188617,-140994.73740979
2025-03-05 07:42:20,AAPL,SELL,139.2,1597.64441455,1585.26172308,1723.67065343,-139271.06675635
2025-03-05 07:42:30,NFLX,BUY,210.4,2603.57593314,2617.85515919,3004.34915922,-136266.71759714
2025-03-05 07:43:00,MSFT,BUY,157.7,3238.1358513,3252.5036466,2265.80131966,-134000.91627748
2025-03-05 07:43:30,AMZN,SELL,103.9,3447.9711242,3455.86775658,-820.4601036,-134821.37638107
2025-03-05 07:44:00,TSLA,SELL,169.2,2877.46202193,2918.99988903,-7028.20711318,-141849.58349426
2025-03-05 07:44:20,TSLA,SELL,282.5,2765.39136023,2784.72950047,-5463.02461715,-147312.60811141
2025-03-05 07:45:20,MSFT,SELL,101.2,328.3964663,330.32860211,-195.53214406,-147508.14025547
2025-03-05 07:45:30,AMZN,BUY,223.3,3412.63271771,3357.71686884,-12262.70905251,-159770.84930799
2025-03-05 07:46:00,NVDA,SELL,142.3,250.9226041,252.78784142,-265.42327005,-160036.27257804
2025-03-05 07:46:20,MSFT,BUY,20.9,1297.3908959,1294.92670271,-51.50163752,-160087.77421556
2025-03-05 07:47:20,NVDA,BUY,23.0,1506.17016551,1497.27019731,-204.69926841,-160292.47348397
2025-03-05 07:48:20,MSFT,BUY,72.5,1509.73473869,1511.92763436,158.98493608,-160133.4885479
2025-03-05 07:49:20,TSLA,BUY,11.9,2325.45146688,2326.57161382,13.32974853,-160120.15879937
2025-03-05 07:50:20,TSLA,SELL,40.7,329.94779118,327.1889486,112.28489276,-160007.8739066
2025-03-05 07:51:20,AAPL,BUY,53.1,883.481849,894.19669284,568.95820773,-159438.91569887
2025-03-05 07:52:20,NFLX,BUY,77.6,104.99562964,105.19874489,15.7617432,-159423.15395567
2025-03-05 07:53:20,AAPL,SELL,22.9,361.63538688,361.77994055,-3.31027901,-159426.46423468
2025-03-05 07:54:20,MSFT,BUY,79.7,663.69688261,663.12863028,-45.28971089,-159471.75394557
2025-03-05 07:55:20,MSFT,BUY,76.9,970.56116372,971.00230956,33.92411532,-159437.82983025
2025-03-05 07:56:20,TSLA,SELL,37.5,2244.44981101,2252.93533425,-318.20712126,-159756.03695151
2025-03-05 07:57:20,AMZN,BUY,38.7,2458.14486862,2453.76462258,-169.51552196,-159925.55247347
2025-03-05 07:58:20,NVDA,SELL,27.6,2133.64006754,2122.4863026,307.84391231,-159617.70856116
2025-03-05 07:59:20,NVDA,BUY,54.3,602.04302266,601.15877856,-48.01445476,-159665.72301592
2025-03-05 08:00:20,TSLA,BUY,22.3,1325.87588322,1316.47625259,-209.611763,-159875.33477893
2025-03-05 08:01:20,NFLX,SELL,69.0,2469.66449088,2455.10233485,1004.78876648,-158870.54601245
2025-03-05 08:02:20,NVDA,BUY,73.5,1031.11920012,1040.10326097,660.32847264,-158210.21753981
2025-03-05 08:03:20,NVDA,BUY,34.3,2419.95999204,2404.88633701,-517.02636737,-158727.24390718
2025-03-05 08:04:20,MSFT,BUY,27.2,1731.72391625,1730.91353293,-22.04242647,-158749.28633365
2025-03-05 08:05:20,MSFT,BUY,39.0,2450.23503528,2433.5051704,-652.46473014,-159401.75106379
2025-03-05 08:06:20,AMZN,SELL,73.6,2350.32872876,2341.46758985,652.1798239,-158749.57123989
2025-03-05 08:07:20,NVDA,SELL,43.9,1643.92594839,1630.97314442,568.6280939,-158180.94314599
2025-03-05 08:08:20,AMZN,SELL,79.5,330.30047167,329.86384596,34.71174404,-158146.23140195
2025-03-05 08:09:20,NFLX,SELL,11.6,1583.6045192,1600.09846828,-191.3298093,-158337.56121125
2025-03-05 08:10:20,NFLX,SELL,74.8,1288.72396886,1284.99542372,278.8951764,-158058.66603485
2025-03-05 08:11:20,TSLA,SELL,57.3,1375.28287317,1382.64994051,-422.13295837,-158480.79899322
2025-03-05 08:12:20,AAPL,SELL,9.9,916.02224058,921.11452083,-50.41357446,-158531.21256768
2025-03-05 08:13:20,TSLA,SELL,12.2,114.01984029,113.83794687,2.21909969,-158528.99346799
2025-03-05 08:14:20,MSFT,SELL,31.1,597.49754463,591.54921365,184.99309342,-158344.00037457
2025-03-05 08:15:20,AMZN,SELL,70.2,762.84115458,765.26813801,-170.37423735,-158514.37461193
2025-03-05 08:16:20,NVDA,BUY,42.2,448.12153792,447.40399917,-30.28013531,-158544.65474724
2025-03-05 08:17:20,MSFT,BUY,37.3,1821.29315175,1820.28139783,-37.73842098,-158582.39316822
2025-03-05 08:18:20,AAPL,BUY,53.5,147.83720109,147.17026032,-35.68133126,-158618.07449948
2025-03-05 08:19:20,MSFT,SELL,73.6,1209.1833127,1207.79327161,102.30702408,-158515.7674754
2025-03-05 08:20:20,TSLA,BUY,39.6,592.20359673,597.61873542,214.43949218,-158301.32798323
2025-03-05 08:21:20,TSLA,SELL,61.9,2078.98208879,2078.94184134,2.49131721,-158298.83666602
2025-03-05 08:22:20,AAPL,BUY,10.4,977.08998205,985.89052805,91.52567839,-158207.31098763
2025-03-05 08:23:20,MSFT,SELL,77.4,1786.59177877,1776.40251356,788.64912729,-157418.66186034
2025-03-05 08:24:20,MSFT,SELL,52.4,1188.73895546,1181.51486432,378.54237577,-157040.11948456
2025-03-05 08:25:20,NVDA,BUY,45.9,1206.88593312,1209.05091043,99.37245846,-156940.7470261
2025-03-05 08:26:20,NVDA,SELL,32.5,2381.7990545,2384.66173819,-93.03721996,-157033.78424606
2025-03-05 08:27:20,NFLX,SELL,19.4,681.92618393,681.34365872,11.30098901,-157022.48325705
2025-03-05 08:28:20,NFLX,SELL,39.0,440.06780142,440.38987895,-12.56102339,-157035.04428044
2025-03-05 08:29:20,NVDA,SELL,55.3,2472.17126117,2464.34378382,432.85949752,-156602.18478292
2025-03-05 08:30:20,MSFT,SELL,13.9,1923.48669088,1904.39809175,265.33152793,-156336.85325498
2025-03-05 08:31:20,AMZN,SELL,18.6,2245.83406717,2244.99291109,15.64550317,-156321.20775181
2025-03-05 08:32:20,NFLX,SELL,49.1,1200.95998513,1211.42395306,-513.78082526,-156834.98857707
2025-03-05 08:33:20,MSFT,BUY,33.3,655.48761117,654.28411518,-40.07641653,-156875.0649936
2025-03-05 08:34:20,MSFT,BUY,44.6,2001.00231178,1994.66386995,-282.69450551,-157157.75949911
2025-03-05 08:35:20,MSFT,BUY,77.9,1908.12501764,1903.84531404,-333.38891007,-157491.14840918
2025-03-05 08:36:20,TSLA,BUY,69.2,1588.68882277,1578.01787425,-738.42963746,-158229.57804664
2025-03-05 08:37:20,NFLX,SELL,54.0,134.66105016,134.43167683,12.38615989,-158217.19188675
2025-03-05 08:38:20,MSFT,BUY,63.7,1283.4612358,1263.63312457,-1263.0506854,-159480.24257215
2025-03-05 08:39:20,TSLA,SELL,40.8,788.17525465,787.51684849,26.86297132,-159453.37960083
2025-03-05 08:40:20,MSFT,BUY,8.2,2194.8915475,2174.97236118,-163.33732776,-159616.71692859
2025-03-05 08:41:20,MSFT,SELL,25.7,635.31752397,635.90539689,-15.10833404,-159631.82526263
2025-03-05 08:42:20,AAPL,SELL,40.6,220.25302361,219.8786256,15.20055916,-159616.62470347
2025-03-05 08:43:20,NVDA,SELL,20.0,992.63069328,992.41596723,4.29452094,-159612.33018253
2025-03-05 08:44:20,NVDA,SELL,78.0,1407.64853881,1408.36411005,-55.81455713,-159668.14473966
2025-03-05 08:45:20,AAPL,SELL,60.3,1964.59431821,1972.08365179,-451.60681492,-160119.75155458
2025-03-05 08:46:20,TSLA,SELL,20.4,2240.16510654,2232.78757086,150.50172777,-159969.24982681
2025-03-05 08:47:20,TSLA,SELL,26.1,2358.39742678,2371.7584524,-348.72276879,-160317.9725956
2025-03-05 08:48:20,AAPL,BUY,77.3,2324.43650359,2320.9076229,-272.78247705,-160590.75507265
2025-03-05 08:49:20,NFLX,BUY,46.3,1272.5513228,1269.93686528,-121.04938283,-160711.80445548
2025-03-05 08:50:20,AAPL,BUY,77.6,1766.61987886,1759.50546283,-552.07868334,-161263.88313881
2025-03-05 08:51:20,MSFT,SELL,12.3,827.17823359,827.24630229,-0.83724496,-161264.72038377
2025-03-05 08:52:20,AMZN,BUY,18.6,1646.685674,1645.88336219,-14.9229996,-161279.64338337
2025-03-05 08:53:20,AAPL,BUY,47.5,884.2136208,881.60910222,-123.71463251,-161403.35801588
2025-03-05 08:54:20,AMZN,BUY,10.6,1054.15842109,1048.34278985,-61.64569115,-161465.00370703
2025-03-05 08:55:20,NVDA,BUY,29.3,2249.68264459,2233.38113119,-477.63434265,-161942.63804968
2025-03-05 08:56:20,AAPL,BUY,63.7,1010.17868743,1010.38036709,12.8469945,-161929.79105518
2025-03-05 08:57:20,AAPL,SELL,64.7,2389.04977618,2400.56320964,-744.91914472,-162674.7101999
2025-03-05 08:58:20,MSFT,BUY,66.6,1078.25968772,1070.2854166,-531.08645675,-163205.79665665
2025-03-05 08:59:20,NVDA,BUY,21.8,827.00096351,825.52109289,-32.26117961,-163238.05783626
2025-03-05 09:00:20,AMZN,SELL,18.8,447.98309877,447.27738105,13.26749314,-163224.79034311
2025-03-05 09:01:20,TSLA,BUY,18.8,2117.17493586,2128.22434037,207.7288048,-163017.06153831
2025-03-05 09:02:20,NVDA,BUY,43.0,2264.01718054,2263.71934658,-12.80686052,-163029.86839883
2025-03-05 09:03:20,NFLX,SELL,9.5,842.30410724,840.42005824,17.89846554,-163011.9699333
2025-03-05 09:04:20,MSFT,BUY,24.9,666.46625246,670.23484741,93.83801419,-162918.13191911
2025-03-05 09:05:20,NFLX,SELL,34.0,2162.45794844,2150.56613785,404.32156003,-162513.81035909
2025-03-05 09:06:20,NFLX,BUY,30.5,2201.48324786,2195.87766759,-170.97019822,-162684.78055731
2025-03-05 09:07:20,NFLX,SELL,32.5,1562.45529743,1554.4031984,261.69321849,-162423.08733882
2025-03-05 09:08:20,TSLA,SELL,22.8,1714.94512957,1706.370949,195.49131702,-162227.5960218
2025-03-05 09:09:20,NFLX,BUY,46.8,1194.08409184,1204.71657901,497.60039944,-161729.99562236
2025-03-05 09:10:20,MSFT,BUY,22.9,1746.94000765,1754.0644789,163.15039182,-161566.84523054
2025-03-05 09:11:20,MSFT,BUY,78.1,661.83500566,665.58200514,292.6406599,-161274.20457065
2025-03-05 09:12:20,TSLA,BUY,38.9,1695.51277847,1698.40921753,112.6714792,-161161.53309144
2025-03-05 09:13:20,MSFT,SELL,37.2,495.46212839,492.3398373,116.14922827,-161045.38386317
2025-03-05 09:14:20,TSLA,SELL,59.0,1080.91005457,1085.18494673,-252.21863726,-161297.60250043
2025-03-05 09:15:20,AAPL,BUY,38.3,882.71758484,879.70573528,-115.35383796,-161412.95633838
2025-03-05 09:16:20,AMZN,BUY,51.9,1953.61834133,1944.34275145,-481.40311496,-161894.35945335
2025-03-05 09:17:20,AAPL,SELL,49.6,833.88835358,828.35493118,274.45775079,-161619.90170255
2025-03-05 09:18:20,MSFT,BUY,59.4,898.2988797,893.25065877,-299.86432321,-161919.76602576
2025-03-05 09:19:20,MSFT,BUY,21.6,844.64468483,843.58498285,-22.88956276,-161942.65558852
2025-03-05 09:20:20,NVDA,SELL,43.7,1036.75171012,1039.78654959,-132.62248465,-162075.27807316
2025-03-05 09:21:20,TSLA,SELL,76.0,554.01247264,552.97697923,78.69749933,-161996.58057384
2025-03-05 09:22:20,NFLX,SELL,27.5,922.82825652,929.24180056,-176.37246128,-162172.95303512
2025-03-05 09:23:20,AMZN,BUY,61.0,1008.33223555,1008.13375423,-12.10736064,-162185.06039576
2025-03-05 09:24:20,NVDA,SELL,62.5,2220.96629473,2221.15685919,-11.91027889,-162196.97067465
2025-03-05 09:25:20,AMZN,SELL,78.5,1924.05380581,1926.71254681,-208.71116815,-162405.6818428
2025-03-05 09:26:20,AMZN,BUY,10.0,1134.67093076,1130.32463136,-43.46299401,-162449.14483681
2025-03-05 09:27:20,NFLX,SELL,49.0,806.20097941,804.46133022,85.24281032,-162363.90202648
2025-03-05 09:28:20,NFLX,SELL,56.4,843.09494302,842.38318379,40.14322057,-162323.75880591
2025-03-05 09:29:20,TSLA,BUY,11.0,2260.3310831,2279.46173778,210.43720142,-162113.32160449
2025-03-05 09:30:20,TSLA,BUY,67.1,2116.27159408,2103.3967135,-863.90448714,-162977.22609163
2025-03-05 09:31:20,AAPL,SELL,65.9,832.22795477,827.95674635,281.47263477,-162695.75345686
2025-03-05 09:32:20,NVDA,SELL,29.7,2095.96837026,2084.86082514,329.89409022,-162365.85936663
2025-03-05 09:33:20,NVDA,SELL,79.9,1225.06897187,1228.27303049,-256.00428346,-162621.86365009
2025-03-05 09:34:20,NFLX,BUY,76.1,481.2139545,479.5030912,-130.19669642,-162752.06034651
2025-03-05 09:35:20,NFLX,SELL,59.4,140.48123616,139.95589737,31.20512415,-162720.85522236
2025-03-05 09:36:20,AMZN,SELL,18.4,1645.82726425,1640.87514258,91.11903876,-162629.73618361
2025-03-05 09:37:20,MSFT,SELL,36.7,423.98936639,426.87778027,-106.00478922,-162735.74097283
2025-03-05 09:38:20,TSLA,SELL,24.7,318.32763622,318.65465746,-8.0774246,-162743.81839742
2025-03-05 09:39:20,AAPL,BUY,38.2,2002.1169791,1995.89640051,-237.62610217,-162981.44449959
2025-03-05 09:40:20,NVDA,BUY,47.6,1838.98013861,1842.2482546,155.56232118,-162825.88217842
2025-03-05 09:41:20,NFLX,BUY,51.4,1740.39797072,1732.87427288,-386.71806899,-163212.6002474
2025-03-05 09:42:20,TSLA,BUY,56.2,1583.0932505,1584.52210137,80.30141877,-163132.29882863
2025-03-05 09:43:20,AMZN,BUY,71.3,489.53882919,489.13938202,-28.48058312,-163160.77941175
2025-03-05 09:44:20,AAPL,BUY,14.4,921.47642328,915.03127899,-92.81007778,-163253.58948953
2025-03-05 09:45:20,MSFT,SELL,37.3,2057.19934505,2061.37213929,-155.64522516,-163409.23471469
2025-03-05 09:46:20,NFLX,SELL,28.1,1704.55006135,1698.61031466,166.90688203,-163242.32783266
2025-03-05 09:47:20,AAPL,SELL,54.3,1556.33880305,1545.90165816,566.73696712,-162675.59086554
2025-03-05 09:48:20,TSLA,SELL,79.1,1487.69599672,1493.10683648,-427.99742579,-163103.58829133
2025-03-05 09:49:20,AMZN,SELL,65.3,500.97286264,501.75289173,-50.93589935,-163154.52419069
2025-03-05 09:49:50,NFLX,SELL,84.1,1157.38198684,1175.53638284,-1526.78470366,-164681.30889435
2025-03-05 09:50:00,AAPL,SELL,236.3,2055.16036591,2099.09405094,-10381.52977297,-175062.83866731
2025-03-05 09:50:30,TSLA,SELL,269.6,3402.52098072,3393.32739536,2478.59061303,-172584.24805428
2025-03-05 09:51:00,NVDA,BUY,94.2,969.79828516,963.60565067,-583.34616887,-173167.59422316
2025-03-05 09:51:30,AAPL,BUY,188.3,1952.06458063,1963.71884953,2194.49883353,-170973.09538963
2025-03-05 09:51:50,MSFT,BUY,55.2,2591.90861718,2571.99004462,-1099.50520519,-172072.60059481
2025-03-05 09:52:10,TSLA,BUY,272.5,1445.57619266,1420.67747916,-6784.89942782,-178857.50002263
2025-03-05 09:52:40,AMZN,SELL,110.8,962.49891542,964.70958784,-244.9425038,-179102.44252644
2025-03-05 09:53:00,TSLA,BUY,254.3,439.21131509,438.3314589,-223.74742996,-179326.18995639
2025-03-05 09:53:30,NVDA,SELL,245.3,255.29751113,254.27974621,249.65773434,-179076.53222206
2025-03-05 09:54:30,MSFT,BUY,127.1,233.56451957,230.05953997,-445.48290673,-179522.01512879
2025-03-05 09:55:00,TSLA,BUY,118.8,1059.72162865,1072.61020038,1531.16232164,-177990.85280714
2025-03-05 09:56:00,AAPL,SELL,293.5,2812.48704042,2805.09462632,2169.67353891,-175821.17926824
2025-03-05 09:57:00,NVDA,BUY,239.8,224.32364489,224.12922835,-46.62108694,-175867.80035517
2025-03-05 09:57:20,MSFT,SELL,245.9,1978.05739347,1987.02140338,-2204.25003734,-178072.05039251
2025-03-05 09:58:20,NVDA,SELL,247.1,3111.80258956,3118.63700891,-1688.78502277,-179760.83541528
2025-03-05 09:58:50,TSLA,SELL,192.4,1240.4539841,1252.18911294,-2257.8387893,-182018.67420458
2025-03-05 09:59:50,NFLX,SELL,155.8,1564.66131733,1618.61237151,-8405.57424082,-190424.2484454
2025-03-05 10:00:50,AMZN,BUY,237.0,1673.48771307,1651.42437601,-5229.01088327,-195653.25932867
2025-03-05 10:01:50,NVDA,BUY,163.1,1142.54774531,1147.83140641,861.76512626,-194791.49420241
2025-03-05 10:02:50,NFLX,SELL,83.4,2200.73237622,2177.19664066,1962.8803454,-192828.61385701
2025-03-05 10:03:50,MSFT,BUY,89.4,2474.99726157,2487.29910537,1099.78483588,-191728.82902112
2025-03-05 10:04:50,AAPL,SELL,105.5,793.544791,798.54043697,-527.04065046,-192255.86967158
2025-03-05 10:05:50,NVDA,BUY,148.5,839.76652223,834.62703046,-763.21452813,-193019.08419971
2025-03-05 10:06:50,NVDA,BUY,353.3,1552.34748507,1547.86778988,-1582.67631063,-194601.76051034
2025-03-05 10:07:50,MSFT,BUY,296.5,1869.9690068,1858.16906531,-3498.68265045,-198100.44316079
2025-03-05 10:08:50,AMZN,BUY,206.9,566.18349144,569.15476544,614.75659006,-197485.68657073
2025-03-05 10:09:50,AMZN,SELL,60.2,926.9637507,913.95216588,783.29740653,-196702.3891642
2025-03-05 10:10:50,MSFT,BUY,152.3,805.08513348,792.59794161,-1901.79932192,-198604.18848612
2025-03-05 10:11:10,AMZN,SELL,208.9,886.48732308,878.434868,1682.1578651,-196922.03062102
2025-03-05 10:12:10,AAPL,SELL,166.9,2430.79525104,2429.8389931,159.59944917,-196762.43117185
2025-03-05 10:12:20,NFLX,BUY,162.6,2186.44674519,2192.43815133,974.20263853,-195788.22853332
2025-03-05 10:12:30,AAPL,SELL,69.3,1194.39081301,1206.97547529,-872.11709609,-196660.34562942
2025-03-05 10:12:50,NFLX,SELL,195.5,157.9069677,157.67739087,44.88226991,-196615.4633595
2025-03-05 10:13:00,MSFT,BUY,104.4,3094.62516967,3108.31438496,1429.15407582,-195186.30928369
2025-03-05 10:14:00,NVDA,SELL,98.0,967.29386581,962.31618371,487.81284517,-194698.49643851
2025-03-05 10:14:20,AAPL,SELL,148.1,1385.16345194,1388.45645251,-487.69338465,-195186.18982317
2025-03-05 10:14:30,TSLA,BUY,183.6,1480.26895155,1491.38394536,2040.71286241,-193145.47696075
2025-03-05 10:14:40,AAPL,SELL,78.3,3343.48179331,3336.92682805,513.25377936,-192632.2231814
2025-03-05 10:15:40,TSLA,BUY,213.7,269.04219446,266.67012055,-506.91219367,-193139.13537507
2025-03-05 10:16:10,NVDA,BUY,64.5,363.48647365,365.20768942,111.0184173,-193028.11695777
2025-03-05 10:16:20,NFLX,SELL,139.1,1551.10618261,1550.8685148,33.05959314,-192995.05736463
2025-03-05 10:16:50,MSFT,BUY,183.0,3493.05283271,3453.77200587,-7188.39131176,-200183.44867639
2025-03-05 10:17:10,NVDA,BUY,178.1,762.86228651,753.48542921,-1670.01828524,-201853.46696162
2025-03-05 10:17:20,MSFT,SELL,117.7,1592.10709577,1585.88582787,732.24323223,-201121.22372939
2025-03-05 10:17:50,NFLX,BUY,64.6,1829.52331414,1816.66688092,-830.52558599,-201951.74931538
2025-03-05 10:18:10,NVDA,SELL,286.9,622.72969719,619.14196257,1029.32106119,-200922.42825419
2025-03-05 10:18:20,NFLX,SELL,65.5,2456.49837982,2457.88771677,-91.00157045,-201013.42982465
2025-03-05 10:18:40,AMZN,SELL,237.5,2612.17237196,2639.09259437,-6393.5528234,-207406.98264804
2025-03-05 10:19:40,TSLA,BUY,231.7,399.08365544,401.75958126,620.01201233,-206786.97063571
2025-03-05 10:20:10,AMZN,SELL,134.9,564.74028706,564.76075005,-2.76045668,-206789.73109239
2025-03-05 10:20:30,NVDA,BUY,72.2,3389.24986908,3408.15883245,1365.22715513,-205424.50393726
2025-03-05 10:21:00,NFLX,BUY,65.6,1723.69243851,1714.3519253,-612.73766686,-206037.24160412
2025-03-05 10:21:20,AAPL,BUY,114.7,696.25052864,697.41663314,133.75218667,-205903.48941745
2025-03-05 10:21:30,TSLA,SELL,91.0,2645.72909566,2643.68131393,186.34813773,-205717.14127972
2025-03-05 10:22:30,AMZN,BUY,77.6,3430.1015827,3418.34534227,-912.28425761,-206629.42553733
2025-03-05 10:23:30,AAPL,SELL,237.8,445.84270973,449.86070806,-955.48000104,-207584.90553838
2025-03-05 10:23:40,MSFT,SELL,165.0,780.03600411,773.9587988,1002.73887524,-206582.16666313
2025-03-05 10:24:40,NFLX,BUY,162.9,1001.98558435,1007.96797152,974.53087092,-205607.63579221
2025-03-05 10:24:50,TSLA,BUY,282.1,1853.62577809,1864.99226722,3206.48658419,-202401.14920802
2025-03-05 10:25:00,NVDA,BUY,110.1,996.86594832,1009.06895966,1343.55154803,-201057.59765999
2025-03-05 10:26:00,AMZN,BUY,201.9,258.23613452,261.20208417,598.82523347,-200458.77242652
2025-03-05 10:26:10,NVDA,BUY,236.9,1373.08293499,1375.59676653,595.52669149,-199863.24573503
2025-03-05 10:27:10,MSFT,BUY,209.1,105.79710711,106.94137248,239.26588987,-199623.97984516
2025-03-05 10:27:20,AMZN,SELL,112.2,2646.19635086,2657.21639949,-1236.44945594,-200860.4293011
2025-03-05 10:27:50,AAPL,BUY,105.8,1113.59288154,1113.24083882,-37.24611989,-200897.67542099
2025-03-05 10:28:50,TSLA,SELL,189.7,816.90628763,817.76073147,-162.08799721,-201059.7634182
2025-03-05 10:29:00,AMZN,BUY,209.6,1131.29860881,1136.19533061,1026.35289022,-200033.41052797
2025-03-05 10:30:00,TSLA,BUY,199.2,2224.46381183,2231.76275039,1453.94856073,-198579.46196724
2025-03-05 10:31:00,TSLA,BUY,54.6,1562.55913855,1549.58304017,-708.4949714,-199287.95693864
2025-03-05 10:31:10,MSFT,SELL,297.3,1935.1992563,1939.5521409,-1294.11259259,-200582.06953123
2025-03-05 10:31:20,MSFT,SELL,233.1,427.09952165,426.78945848,72.27572567,-200509.79380556
2025-03-05 10:31:30,AMZN,SELL,118.4,488.72198185,496.21803689,-887.5329162,-201397.32672176
2025-03-05 10:31:50,AAPL,BUY,203.8,2735.7184786,2767.75704205,6529.45923162,-194867.86749014
2025-03-05 10:32:20,NFLX,SELL,278.1,2118.28999489,2092.77610123,7095.41382857,-187772.45366157
2025-03-05 10:33:20,AAPL,SELL,150.0,650.08118908,648.71776642,204.51339951,-187567.94026206
2025-03-05 10:33:30,TSLA,BUY,60.6,2523.35936766,2493.35839568,-1818.05890198,-189385.99916404
2025-03-05 10:34:30,AAPL,SELL,198.2,665.28205622,667.90443495,-519.75546236,-189905.75462641
2025-03-05 10:35:00,TSLA,SELL,133.0,2688.45371254,2669.57654094,2510.66382307,-187395.09080334
2025-03-05 10:35:10,TSLA,BUY,134.2,3279.64950356,3284.13078788,601.38835628,-186793.70244706
2025-03-05 10:35:40,TSLA,BUY,294.6,3491.51935679,3467.60642526,-7044.74962756,-193838.45207462
2025-03-05 10:36:10,AAPL,SELL,247.4,3143.46928827,3145.73468543,-560.45925743,-194398.91133205
2025-03-05 10:36:20,NVDA,BUY,202.1,3405.95728043,3465.67788938,12069.53506997,-182329.37626209
2025-03-05 10:36:40,MSFT,SELL,167.2,1413.92447314,1442.89632602,-4844.09380098,-187173.47006307
2025-03-05 10:36:50,NFLX,BUY,283.2,2260.40278266,2279.58983843,5433.77419353,-181739.69586954
2025-03-05 10:37:20,NFLX,SELL,179.7,3033.45169843,3040.36519936,-1242.35611726,-182982.05198681
2025-03-05 10:38:20,TSLA,SELL,209.9,1281.39678109,1273.02560877,1757.10906932,-181224.94291749
2025-03-05 10:38:30,NFLX,BUY,298.5,1384.55094147,1383.38135082,-349.12280891,-181574.0657264
2025-03-05 10:39:30,NFLX,SELL,224.2,264.94035809,265.86067013,-206.3339597,-181780.3996861
2025-03-05 10:40:00,TSLA,BUY,226.9,2037.14398596,2053.377657,3683.41996068,-178096.97972542
2025-03-05 10:41:00,AAPL,SELL,72.8,1559.76530682,1558.82505233,68.45052713,-178028.52919829
2025-03-05 10:41:30,MSFT,BUY,182.8,2362.32340637,2372.04937985,1777.9079518,-176250.62124649
2025-03-05 10:41:50,NVDA,SELL,288.2,285.88844472,284.83291454,304.20379779,-175946.4174487
2025-03-05 10:42:20,AMZN,BUY,234.2,3437.60617938,3448.18714588,2478.06235411,-173468.35509459
2025-03-05 10:42:40,AAPL,BUY,202.8,1705.89361146,1707.87447732,401.71959803,-173066.63549656
2025-03-05 10:43:10,MSFT,BUY,186.2,350.44764486,347.79859569,-493.25295551,-173559.88845207
2025-03-05 10:43:30,AMZN,SELL,268.6,1979.16534179,1964.35489509,3978.08598421,-169581.80246786
2025-03-05 10:44:00,MSFT,SELL,193.3,3120.64888344,3141.63381662,-4056.38758381,-173638.19005167
2025-03-05 10:44:30,MSFT,SELL,92.2,2161.69022715,2175.06402862,-1233.0644954,-174871.25454706
2025-03-05 10:45:30,TSLA,SELL,91.0,1762.23668574,1756.26795498,543.15449931,-174328.10004776
2025-03-05 10:46:30,AAPL,SELL,221.0,2373.92203671,2365.78559109,1798.15448189,-172529.94556587
2025-03-05 10:47:00,NVDA,BUY,98.5,669.7138976,662.83949642,-677.12851707,-173207.07408294
2025-03-05 10:47:20,NFLX,BUY,290.4,1430.7282589,1422.10652775,-2503.75072689,-175710.82480983
2025-03-05 10:47:30,AAPL,SELL,211.4,3335.45383432,3364.91958218,-6229.0590964,-181939.88390623
2025-03-05 10:48:00,MSFT,BUY,167.1,1648.52879178,1629.57010689,-3167.99624373,-185107.88014996
2025-03-05 10:48:10,NVDA,BUY,182.0,1414.54945353,1409.11143401,-989.71955277,-186097.59970273
2025-03-05 10:48:20,MSFT,BUY,240.4,1895.29299248,1915.91825303,4958.31263447,-181139.28706826
2025-03-05 10:49:20,NFLX,BUY,290.5,2065.51225181,2050.87239533,-4252.87830764,-185392.1653759
2025-03-05 10:49:40,NVDA,BUY,275.3,1409.96874852,1415.30649776,1469.48236803,-183922.68300788
2025-03-05 10:50:10,NVDA,SELL,71.2,2325.34918692,2345.85309883,-1459.87852776,-185382.56153563
2025-03-05 10:50:40,AAPL,BUY,76.7,3330.76365902,3280.45947555,-3858.33087167,-189240.89240731
2025-03-05 10:50:50,MSFT,SELL,202.5,1561.49672619,1570.2723755,-1777.06898633,-191017.96139363
2025-03-05 10:51:20,AMZN,BUY,164.4,3190.0946848,3190.89648252,131.81554532,-190886.14584832
2025-03-05 10:51:40,AAPL,BUY,97.5,645.88340498,646.73648547,83.17534717,-190802.97050115
2025-03-05 10:51:50,TSLA,SELL,62.6,2534.777521,2510.81999499,1499.74112872,-189303.22937243
2025-03-05 10:52:10,AAPL,SELL,237.5,1572.9433596,1572.11256885,197.31280434,-189105.91656809
2025-03-05 10:52:40,TSLA,BUY,90.9,1659.96395602,1650.47410394,-862.62755454,-189968.54412263
2025-03-05 10:52:50,AAPL,BUY,196.1,336.50802385,332.90512175,-706.5291024,-190675.07322502
2025-03-05 10:53:50,NVDA,SELL,65.5,2165.61489035,2139.05276448,1739.81924421,-188935.25398081
2025-03-05 10:54:50,MSFT,BUY,189.4,1234.98653308,1217.78001256,-3258.91498569,-192194.16896651
2025-03-05 10:55:00,MSFT,BUY,154.1,1276.2554662,1271.29199162,-764.87143356,-192959.04040007
2025-03-05 10:55:10,AAPL,SELL,176.4,2204.98996403,2212.54088597,-1331.98263034,-194291.02303041
2025-03-05 10:55:20,MSFT,BUY,231.9,1137.24356743,1126.3528226,-2525.56372673,-196816.58675714
2025-03-05 10:56:20,NFLX,BUY,250.6,2370.07567022,2421.39611211,12860.90273671,-183955.68402043
2025-03-05 10:56:40,NFLX,SELL,207.3,3407.07388611,3366.67762088,8374.14578295,-175581.53823748
2025-03-05 10:57:00,AMZN,SELL,183.0,420.25435408,420.78232524,-96.61872233,-175678.15695982
2025-03-05 10:57:10,AAPL,SELL,153.1,2639.21012091,2636.56721757,404.62850016,-175273.52845966
2025-03-05 10:57:40,AAPL,SELL,122.6,1586.09194426,1612.37248921,-3221.99481027,-178495.52326993
2025-03-05 10:58:40,AMZN,BUY,137.4,1400.8179493,1391.53662596,-1275.25382769,-179770.77709761
2025-03-05 10:58:50,AAPL,SELL,215.0,414.96365354,416.01038982,-225.04829973,-179995.82539734
2025-03-05 10:59:10,AMZN,BUY,157.6,1957.41343759,1952.93856003,-705.24070366,-180701.066101
2025-03-05 10:59:20,TSLA,SELL,272.4,2785.08799529,2760.21626447,6775.0594755,-173926.0066255
2025-03-05 10:59:30,AAPL,BUY,65.0,2488.76033788,2465.76359823,-1494.78807705,-175420.79470255
2025-03-05 11:00:00,NFLX,SELL,99.0,1171.85422629,1178.9782829,-705.28160489,-176126.07630744
2025-03-05 11:00:30,MSFT,BUY,212.2,2737.56968811,2772.29903523,7369.56745829,-168756.50884915
2025-03-05 11:01:00,AAPL,BUY,161.2,905.02568877,912.669885,1232.24443128,-167524.26441787
2025-03-05 11:01:30,NFLX,BUY,209.1,2253.06265327,2240.95061827,-2532.62651852,-170056.89093639
2025-03-05 11:01:40,TSLA,SELL,160.0,2719.14281377,2739.18157019,-3206.20102698,-173263.09196337
2025-03-05 11:02:00,AMZN,SELL,163.9,2378.587153,2393.54600288,-2451.75549563,-175714.847459
2025-03-05 11:02:10,NVDA,SELL,66.5,687.28553922,697.16895185,-657.24693942,-176372.09439842
2025-03-05 11:02:40,MSFT,SELL,89.4,2817.0909225,2795.24654146,1952.88766572,-174419.2067327
2025-03-05 11:03:40,AMZN,BUY,183.5,2109.22646452,2123.46778025,2613.28143658,-171805.92529612
2025-03-05 11:03:50,AAPL,BUY,232.3,2971.20910955,2960.01762552,-2599.78174012,-174405.70703624
2025-03-05 11:04:20,NFLX,BUY,60.1,2276.74529485,2286.60595836,592.62587725,-173813.08115899
2025-03-05 11:04:40,MSFT,BUY,228.4,334.39808175,334.56647151,38.46022036,-173774.62093863
2025-03-05 11:05:00,TSLA,BUY,145.0,2957.37733471,2948.49821928,-1287.47173734,-175062.09267596
2025-03-05 11:06:00,NVDA,BUY,228.5,252.45748526,252.81176115,80.95204205,-174981.14063391
2025-03-05 11:06:20,AMZN,BUY,107.5,2066.72062621,2072.4589384,616.86856015,-174364.27207376
2025-03-05 11:06:30,NVDA,BUY,223.7,152.27712175,152.92329262,144.54842299,-174219.72365077
2025-03-05 11:07:30,NFLX,SELL,182.7,1685.63800403,1680.26636626,981.39822003,-173238.32543074
2025-03-05 11:07:50,TSLA,SELL,244.9,2663.38425051,2674.92379812,-2826.03521006,-176064.3606408
2025-03-05 11:08:10,NVDA,BUY,286.7,3439.81468349,3444.66379591,1390.2405303,-174674.1201105
2025-03-05 11:08:30,AMZN,BUY,226.4,2902.20923017,2885.355809,-3815.61455219,-178489.73466269
2025-03-05 11:08:40,AAPL,BUY,51.4,1023.04677918,1025.49550813,125.86466756,-178363.86999512
2025-03-05 11:08:50,MSFT,BUY,159.8,567.1935588,570.44775232,520.0201247,-177843.84987042
2025-03-05 11:09:20,MSFT,BUY,286.4,2830.3568303,2817.57809924,-3659.82857619,-181503.67844661
2025-03-05 11:10:20,AAPL,BUY,294.1,3491.6623895,3449.8222551,-12305.18352589,-193808.8619725
2025-03-05 11:10:50,MSFT,BUY,124.8,2678.59464745,2667.04217601,-1441.74843585,-195250.61040835
2025-03-05 11:11:20,AMZN,BUY,183.5,2841.76122445,2826.60767523,-2780.67628088,-198031.28668923
2025-03-05 11:11:30,TSLA,BUY,47.3,1319.26555733,1320.08681282,38.84538492,-197992.44130431
2025-03-05 11:12:30,NVDA,SELL,25.0,2363.45936253,2378.04165432,-364.55729469,-198356.998599
2025-03-05 11:13:30,AAPL,BUY,23.3,1553.02011011,1553.14521053,2.91483973,-198354.08375927
2025-03-05 11:14:30,TSLA,BUY,70.0,554.78792522,552.39999691,-167.15498169,-198521.23874097
2025-03-05 11:15:30,TSLA,SELL,38.6,1576.2240781,1576.35324922,-4.98600536,-198526.22474633
2025-03-05 11:16:30,AAPL,BUY,44.9,480.77240791,479.06951741,-76.45978349,-198602.68452982
2025-03-05 11:17:30,NFLX,BUY,49.3,1220.69991651,1217.23996099,-170.57580731,-198773.26033714
2025-03-05 11:18:30,TSLA,SELL,35.2,212.57538491,212.46862434,3.75797226,-198769.50236488
2025-03-05 11:19:30,NVDA,BUY,16.0,1154.78047955,1152.31929535,-39.37894709,-198808.88131196
2025-03-05 11:20:30,AAPL,SELL,27.3,340.71272063,339.48055656,33.63807914,-198775.24323282
2025-03-05 11:21:30,MSFT,SELL,35.3,483.75366471,487.67602397,-138.45928214,-198913.70251496
2025-03-05 11:22:30,AMZN,SELL,7.2,1432.74773749,1424.13863012,61.98557307,-198851.7169419
2025-03-05 11:23:30,NVDA,BUY,55.5,123.34210031,124.66875164,73.62914827,-198778.08779362
2025-03-05 11:24:30,NFLX,SELL,52.2,1809.73032535,1815.79793264,-316.72910033,-199094.81689395
2025-03-05 11:25:30,AMZN,BUY,57.5,1029.17849472,1020.65577256,-490.05652419,-199584.87341814
2025-03-05 11:26:30,NVDA,BUY,11.1,1500.59244696,1503.79574596,35.5566189,-199549.31679924
2025-03-05 11:27:30,TSLA,SELL,70.7,989.68523348,996.92945505,-512.16646513,-200061.48326437
2025-03-05 11:28:30,TSLA,SELL,18.1,2123.23445163,2118.15947005,91.85716655,-199969.62609782
2025-03-05 11:29:30,AAPL,BUY,66.1,1836.99916632,1848.63822301,769.34164737,-199200.28445045
2025-03-05 11:30:30,AAPL,SELL,34.9,1312.26981057,1312.72500641,-15.88633488,-199216.17078533
2025-03-05 11:31:30,AAPL,SELL,32.1,716.72818653,715.65601621,34.41666722,-199181.7541181
2025-03-05 11:32:30,NFLX,BUY,75.4,2162.71786713,2170.89041219,616.20989758,-198565.54422053
2025-03-05 11:33:30,NFLX,SELL,77.8,719.68710272,718.86823705,63.70774956,-198501.83647096
2025-03-05 11:34:30,TSLA,SELL,5.5,1533.77894076,1540.60143176,-37.52370054,-198539.36017151
2025-03-05 11:35:30,NVDA,SELL,77.7,634.6381034,632.09146371,197.87390402,-198341.48626748
2025-03-05 11:36:30,AMZN,SELL,56.9,1626.66893729,1631.19264285,-257.39884639,-198598.88511388
2025-03-05 11:37:30,TSLA,BUY,69.8,1702.75497477,1698.2599311,-313.75404819,-198912.63916207
2025-03-05 11:38:30,NVDA,BUY,14.4,2395.55463335,2392.47814846,-44.3013825,-198956.94054457
2025-03-05 11:39:30,NFLX,BUY,53.9,978.4013146,979.50553464,59.51745982,-198897.42308475
2025-03-05 11:40:30,AMZN,BUY,22.9,833.59377422,826.91289725,-152.99208263,-199050.41516738
2025-03-05 11:41:30,AMZN,BUY,76.7,1260.88865996,1258.12952592,-211.62558032,-199262.04074771
2025-03-05 11:42:30,AMZN,SELL,75.6,2115.48168548,2107.86094846,576.12771893,-198685.91302878
2025-03-05 11:43:30,AMZN,SELL,74.2,2048.90857252,2064.80553483,-1179.55460293,-199865.4676317
2025-03-05 11:44:30,NFLX,SELL,56.2,2372.88589081,2376.35672148,-195.06068355,-200060.52831525
2025-03-05 11:45:30,TSLA,BUY,54.6,1216.10596854,1213.22413083,-157.34833893,-200217.87665418
2025-03-05 11:46:30,AAPL,SELL,23.7,157.93786509,158.56864439,-14.94946922,-200232.82612339
2025-03-05 11:47:30,AMZN,SELL,62.3,511.65085133,509.13137737,156.96322768,-200075.86289571
2025-03-05 11:48:30,NVDA,SELL,66.3,974.57129473,977.2467143,-177.38031762,-200253.24321333
2025-03-05 11:49:30,AMZN,BUY,64.7,803.9879997,800.81093982,-205.55577383,-200458.79898716
2025-03-05 11:50:30,TSLA,BUY,54.9,1065.2090249,1058.77848184,-353.03681389,-200811.83580105
2025-03-05 11:51:30,TSLA,SELL,8.1,1286.55208666,1287.65164642,-8.90643407,-200820.74223512
2025-03-05 11:52:30,AAPL,SELL,36.8,561.86945287,560.6159328,46.12953856,-200774.61269655
2025-03-05 11:53:30,AAPL,SELL,70.5,1507.27001086,1520.21669964,-912.74155895,-201687.3542555
2025-03-05 11:54:30,MSFT,SELL,57.6,841.16539261,838.66177907,144.20813992,-201543.14611558
2025-03-05 11:55:30,TSLA,BUY,78.5,955.54759635,958.77240671,253.14761285,-201289.99850273
2025-03-05 11:56:30,NVDA,SELL,21.7,2459.72455551,2460.25957275,-11.60987419,-201301.60837692
2025-03-05 11:57:30,TSLA,SELL,38.1,1054.55669753,1051.66671655,110.10827548,-201191.50010144
2025-03-05 11:58:30,NVDA,SELL,72.5,1585.13513759,1595.29900867,-736.88065313,-201928.38075457
2025-03-05 11:59:30,NFLX,SELL,8.1,324.34941022,323.27525974,8.70061889,-201919.68013568
2025-03-05 12:00:30,TSLA,BUY,9.5,1309.7084395,1317.73066287,76.21112204,-201843.46901365
2025-03-05 12:01:30,AAPL,SELL,57.9,679.5592869,679.29513317,15.29450074,-201828.17451291
2025-03-05 12:02:30,NFLX,SELL,8.4,825.67694174,832.57823007,-57.97082198,-201886.14533489
2025-03-05 12:03:30,NVDA,SELL,51.3,1082.72427602,1081.23323714,76.49029452,-201809.65504037
2025-03-05 12:04:30,NVDA,SELL,64.2,2260.05663438,2270.72536548,-684.93253696,-202494.58757733
2025-03-05 12:05:30,TSLA,BUY,60.9,1304.54326038,1298.75098419,-352.74962003,-202847.33719736
2025-03-05 12:06:30,AMZN,SELL,14.6,1286.83732125,1283.05468281,55.22652134,-202792.11067601
2025-03-05 12:07:30,NVDA,BUY,70.9,1343.01216074,1366.78268475,1685.3301526,-201106.78052341
2025-03-05 12:08:30,AAPL,BUY,39.0,2247.6089121,2263.32682997,612.99879705,-200493.78172636
2025-03-05 12:09:30,NFLX,SELL,76.3,1347.014268,1324.82988657,1692.66830325,-198801.11342311
2025-03-05 12:10:30,TSLA,BUY,25.8,1658.56112171,1682.5723235,619.48900617,-198181.62441693
2025-03-05 12:11:30,TSLA,SELL,48.9,1635.45213043,1642.55126127,-347.14749784,-198528.77191477
2025-03-05 12:12:30,AAPL,SELL,7.5,526.56677109,524.20207217,17.73524191,-198511.03667286
2025-03-05 12:13:30,NVDA,BUY,66.1,248.33017498,245.81075891,-166.5334027,-198677.57007556
2025-03-05 12:14:30,NFLX,SELL,73.5,925.78585002,920.11770731,416.60848941,-198260.96158614
2025-03-05 12:15:30,MSFT,BUY,5.8,2349.75826139,2351.00593693,7.23651814,-198253.725068
2025-03-05 12:16:30,AAPL,SELL,74.5,1090.28722014,1086.2302987,302.24064738,-197951.48442062
2025-03-05 12:17:30,AMZN,BUY,42.4,826.94786287,826.66583862,-11.95782829,-197963.44224892
2025-03-05 12:18:30,AMZN,SELL,40.0,544.36404962,544.35157163,0.49911964,-197962.94312927
2025-03-05 12:19:30,AAPL,SELL,68.3,966.3874211,958.30237707,552.20850739,-197410.73462189
2025-03-05 12:20:30,AAPL,BUY,12.5,1820.01248388,1812.37533535,-95.46435659,-197506.19897847
2025-03-05 12:21:30,TSLA,BUY,18.3,712.08560713,711.25690843,-15.16518613,-197521.3641646
2025-03-05 12:22:30,NVDA,SELL,51.2,515.34867808,512.36325705,152.85355661,-197368.51060799
2025-03-05 12:23:30,NFLX,SELL,36.6,2476.414733,2482.57940356,-225.62694231,-197594.13755031
2025-03-05 12:24:30,NFLX,BUY,14.0,332.96638757,332.62773336,-4.74115902,-197598.87870933
2025-03-05 12:25:30,AAPL,BUY,76.2,1472.68264389,1469.99076655,-205.12105338,-197803.99976271
2025-03-05 12:26:30,AMZN,BUY,37.7,1165.91884182,1170.33050096,166.31954966,-197637.68021305
2025-03-05 12:27:30,MSFT,SELL,69.8,982.27831948,983.26102136,-68.59259124,-197706.27280429
2025-03-05 12:28:30,TSLA,SELL,38.0,170.27532344,171.19443252,-34.92614485,-197741.19894913
2025-03-05 12:29:30,AAPL,SELL,37.1,762.57258968,761.62679169,35.08910543,-197706.10984371
2025-03-05 12:30:30,AAPL,BUY,56.5,1262.89060051,1269.79277087,389.97262528,-197316.13721843
2025-03-05 12:31:30,AAPL,BUY,80.0,919.7993255,925.4431992,451.50989656,-196864.62732187
2025-03-05 12:32:30,MSFT,SELL,24.5,2136.79674829,2131.18802068,137.41382648,-196727.21349539
2025-03-05 12:33:30,MSFT,BUY,68.8,1185.6276472,1179.76761358,-403.17031284,-197130.38380822
2025-03-05 12:34:30,AAPL,SELL,68.8,1968.06943311,1967.89977741,11.6723117,-197118.71149652
2025-03-05 12:35:30,AAPL,BUY,13.2,779.79774947,773.29484323,-85.83836237,-197204.54985889
2025-03-05 12:36:30,AMZN,BUY,38.6,1742.07458434,1758.94141614,651.05970744,-196553.49015145
2025-03-05 12:37:30,AAPL,SELL,38.1,2044.59626662,2067.30490607,-865.1991631,-197418.68931455
2025-03-05 12:38:30,AAPL,SELL,149.9,1980.35235642,1986.31478454,-893.76797546,-198312.45729001
2025-03-05 12:39:30,NFLX,SELL,226.5,1689.19685127,1696.95246896,-1756.64740728,-200069.10469729
2025-03-05 12:40:30,AAPL,SELL,317.3,1853.20040294,1871.4194765,-5780.91204008,-205850.01673737
2025-03-05 12:41:30,TSLA,SELL,136.4,1177.03333222,1181.51456116,-611.23962738,-206461.25636475
2025-03-05 12:42:30,NFLX,BUY,179.5,1441.76254626,1438.12509048,-652.92331219,-207114.17967694
2025-03-05 12:43:30,MSFT,SELL,342.6,1018.697411,1017.30719317,476.28863051,-206637.89104642
2025-03-05 12:44:30,MSFT,SELL,21.3,1402.53368065,1377.90528705,524.58478364,-206113.30626279
2025-03-05 12:45:30,NFLX,SELL,72.6,1246.12157295,1241.89152243,307.10166804,-205806.20459474
2025-03-05 12:46:30,MSFT,SELL,25.4,2336.75012694,2352.39864497,-397.47235808,-206203.67695282
2025-03-05 12:47:30,NVDA,BUY,43.1,2402.17260316,2409.44013381,313.230571,-205890.44638182
2025-03-05 12:48:30,AAPL,BUY,25.7,1375.13152472,1360.45212481,-377.26057762,-206267.70695944
2025-03-05 12:49:30,AMZN,SELL,34.8,2110.95201928,2108.79654595,75.01047167,-206192.69648777
2025-03-05 12:50:30,NVDA,BUY,87.7,1331.89206493,1331.19095584,-61.48726704,-206254.18375482
2025-03-05 12:51:30,AAPL,BUY,51.3,790.81670338,791.16568881,17.90295213,-206236.28080268
2025-03-05 12:52:30,TSLA,SELL,118.3,407.79569355,410.70627265,-344.32150828,-206580.60231096
2025-03-05 12:53:30,NFLX,BUY,119.2,198.01706308,200.61646695,309.84894171,-206270.75336925
2025-03-05 12:54:30,TSLA,SELL,145.3,1640.53018516,1614.07332759,3844.18140472,-202426.57196453
2025-03-05 12:55:30,AAPL,BUY,42.9,1015.64932525,1021.4674645,249.59817362,-202176.97379091
2025-03-05 12:56:30,AAPL,SELL,112.0,1834.99403728,1825.45469647,1068.40617146,-201108.56761945
2025-03-05 12:57:30,AMZN,BUY,138.6,284.81183969,283.47885197,-184.75209684,-201293.31971629
2025-03-05 12:58:30,NFLX,BUY,64.7,659.36760087,654.9411611,-286.39065296,-201579.71036925
2025-03-05 12:59:30,MSFT,SELL,361.2,1813.71711852,1785.57154763,10166.18020399,-191413.53016526
2025-03-05 13:00:30,TSLA,BUY,109.2,538.23699887,531.90968113,-690.9430973,-192104.47326256
2025-03-05 13:01:30,TSLA,SELL,110.8,206.78662436,206.67943207,11.87690674,-192092.59635582
2025-03-05 13:02:30,AMZN,SELL,79.9,1857.42227802,1862.68663087,-420.62179296,-192513.21814878
2025-03-05 13:03:30,AAPL,BUY,97.6,1611.52265853,1638.4932718,2632.33185479,-189880.88629399
2025-03-05 13:04:30,NVDA,BUY,46.0,1697.97463373,1689.67851747,-381.62134824,-190262.50764223
2025-03-05 13:05:30,AMZN,SELL,120.7,1170.70722261,1152.01046585,2256.69854036,-188005.80910186
2025-03-05 13:06:30,AAPL,BUY,41.1,981.74478215,973.72783747,-329.4964265,-188335.30552837
2025-03-05 13:07:30,NVDA,BUY,81.1,1855.98404621,1842.54063092,-1090.26098029,-189425.56650866
2025-03-05 13:08:30,NFLX,SELL,224.9,1800.71367513,1812.66956969,-2688.88068724,-192114.4471959
2025-03-05 13:09:30,NVDA,SELL,380.4,1319.03984121,1322.42508319,-1287.74604976,-193402.19324567
2025-03-05 13:10:30,MSFT,BUY,397.5,2095.80756561,2117.96957989,8809.40067284,-184592.79257282
2025-03-05 13:11:30,TSLA,SELL,53.7,1402.88353595,1408.6393179,-309.08549088,-184901.8780637
2025-03-05 13:12:30,NVDA,BUY,136.2,951.41241071,951.54209094,17.66244696,-184884.21561674
2025-03-05 13:13:30,TSLA,BUY,70.3,993.96167801,987.48530008,-455.28936813,-185339.50498487
2025-03-05 13:14:30,AMZN,BUY,131.0,2222.97089539,2189.9962079,-4319.68406129,-189659.18904616
2025-03-05 13:15:30,AAPL,SELL,222.5,1241.09523079,1247.32726971,-1386.62865986,-191045.81770602
2025-03-05 13:16:30,AAPL,SELL,130.8,948.68327009,931.88409683,2197.3318613,-188848.48584472
2025-03-05 13:17:30,NFLX,SELL,61.5,1685.93906303,1690.38150041,-273.20989894,-189121.69574366
2025-03-05 13:18:30,NVDA,SELL,26.8,1134.79238352,1133.69613403,29.37948634,-189092.31625732
2025-03-05 13:19:30,AMZN,SELL,90.4,158.17022599,158.35974073,-17.13213221,-189109.44838952
2025-03-05 13:20:30,AMZN,SELL,120.4,2188.84959833,2171.58786636,2078.31253007,-187031.13585946
2025-03-05 13:21:30,NFLX,SELL,119.6,1678.56898957,1683.33161077,-569.60949578,-187600.74535524
2025-03-05 13:22:30,AMZN,BUY,136.1,1473.80575352,1459.91461254,-1890.58428681,-189491.32964205
2025-03-05 13:23:30,MSFT,SELL,287.6,2186.96738786,2168.84442621,5212.16377057,-184279.16587148
2025-03-05 13:24:30,NFLX,BUY,65.9,103.47332925,105.96426415,164.15260974,-184115.01326174
2025-03-05 13:25:30,NVDA,BUY,51.7,896.81922716,903.84705911,363.33891179,-183751.67434995
2025-03-05 13:26:30,AAPL,SELL,33.8,2056.53245011,2096.64852084,-1355.92319086,-185107.59754081
2025-03-05 13:27:30,NVDA,BUY,87.5,348.83269689,347.81079137,-89.41673307,-185197.01427388
2025-03-05 13:28:30,AAPL,BUY,322.7,1486.05109099,1474.2051653,-3822.68022145,-189019.69449533
2025-03-05 13:29:30,AAPL,BUY,394.9,1466.85075192,1452.26376082,-5760.40278622,-194780.09728155
2025-03-05 13:30:30,NVDA,BUY,395.8,621.98363877,626.0196856,1597.46733456,-193182.62994699
2025-03-05 13:31:30,NFLX,SELL,59.1,315.13904377,316.37524482,-73.05948209,-193255.68942908
2025-03-05 13:32:30,TSLA,SELL,68.3,238.56707116,238.04896079,35.38693852,-193220.30249055
2025-03-05 13:33:30,TSLA,BUY,45.6,1810.43875851,1808.8962074,-70.34033057,-193290.64282112
2025-03-05 13:34:30,MSFT,BUY,63.8,411.0028891,409.29128119,-109.20058458,-193399.8434057
2025-03-05 13:35:30,TSLA,SELL,102.5,651.61358992,652.38270469,-78.83426435,-193478.67767004
2025-03-05 13:36:30,NVDA,BUY,277.6,2424.19567047,2441.37137588,4767.97582248,-188710.70184756
2025-03-05 13:37:30,AAPL,BUY,97.3,446.47494129,451.27207425,466.76103773,-188243.94080983
2025-03-05 13:38:30,AAPL,SELL,72.2,415.39742834,421.32585028,-428.03206393,-188671.97287376
2025-03-05 13:39:30,AAPL,BUY,24.5,385.77622236,392.29067418,159.6040696,-188512.36880416
2025-03-05 13:40:30,TSLA,BUY,114.4,2015.7623533,2018.29916752,290.21154703,-188222.15725713
2025-03-05 13:41:30,AAPL,SELL,53.0,2490.78471092,2496.49982451,-302.90102012,-188525.05827725
2025-03-05 13:42:30,AAPL,SELL,50.7,1270.72717329,1259.37909985,575.34732314,-187949.71095411
2025-03-05 13:43:30,NFLX,SELL,29.3,405.38361458,406.00474694,-18.19917806,-187967.91013217
2025-03-05 13:44:30,NFLX,SELL,84.2,1764.60659743,1777.39937624,-1077.15197536,-189045.06210754
2025-03-05 13:45:30,NVDA,SELL,238.5,1876.78836341,1879.71729405,-698.5499574,-189743.61206494
2025-03-05 13:46:30,TSLA,BUY,236.9,2462.45437215,2460.92825728,-361.53661123,-190105.14867617
2025-03-05 13:47:30,MSFT,SELL,251.1,841.82917288,837.92528677,980.26580129,-189124.88287488
2025-03-05 13:48:30,NVDA,BUY,51.2,1440.91108623,1459.80690202,967.46576841,-188157.41710647
2025-03-05 13:49:30,AAPL,SELL,69.8,739.62360939,741.20195873,-110.16878392,-188267.58589039
2025-03-05 13:50:30,AAPL,SELL,126.7,743.78246359,747.34452615,-451.31332572,-188718.89921611
2025-03-05 13:51:30,AMZN,SELL,122.1,508.11974296,509.39450688,-155.64867368,-188874.54788979
2025-03-05 13:52:30,TSLA,SELL,148.3,386.52040926,387.79774462,-189.42883404,-189063.97672382
2025-03-05 13:53:30,MSFT,SELL,387.6,957.36499988,956.69715677,258.85599056,-188805.12073326
2025-03-05 13:54:30,AAPL,SELL,140.5,191.68190797,190.39423515,180.91803202,-188624.20270124
2025-03-05 13:55:30,TSLA,SELL,69.5,1278.26162585,1265.89892934,859.20740718,-187764.99529406
2025-03-05 13:56:30,NFLX,BUY,146.7,1702.06712623,1723.63981202,3164.7130056,-184600.28228846
2025-03-05 13:57:30,MSFT,BUY,101.6,311.21260073,312.94627925,176.14173746,-184424.140551
2025-03-05 13:58:30,AMZN,SELL,135.2,1189.23946491,1204.90699181,-2118.24963695,-186542.39018795
2025-03-05 13:59:30,AAPL,BUY,53.7,647.56894782,641.20348405,-341.8254044,-186884.21559235
2025-03-05 14:00:30,MSFT,SELL,191.2,1002.69383421,1002.62258914,13.62205717,-186870.59353518
2025-03-05 14:01:30,MSFT,SELL,83.9,1305.86030218,1296.18412647,811.83114223,-186058.76239295
2025-03-05 14:02:30,AAPL,SELL,57.3,1478.810386,1477.74701975,60.93088621,-185997.83150674
2025-03-05 14:03:30,NVDA,BUY,127.4,903.3843207,919.69614901,2078.12692671,-183919.70458003
2025-03-05 14:04:30,NFLX,BUY,71.2,1846.53063118,1820.15692986,-1877.80753452,-185797.51211455
2025-03-05 14:05:30,NFLX,SELL,44.6,2297.90117571,2299.5508836,-73.57697175,-185871.0890863
2025-03-05 14:06:30,TSLA,SELL,198.2,216.2157434,216.68744526,-93.4913081,-185964.5803944
2025-03-05 14:07:30,TSLA,SELL,385.6,1629.48555235,1630.63603229,-443.6250624,-186408.20545679
2025-03-05 14:08:30,NVDA,SELL,118.2,321.69001426,322.57759968,-104.91259663,-186513.11805342
2025-03-05 14:09:30,NFLX,SELL,115.5,1306.53114149,1306.32247114,24.10142573,-186489.0166277
2025-03-05 14:10:30,NVDA,SELL,51.8,630.92477459,628.38508153,131.55610034,-186357.46052736
2025-03-05 14:11:30,AMZN,SELL,87.0,2271.7424812,2267.02905071,410.0684525,-185947.39207486
2025-03-05 14:12:30,AAPL,SELL,28.7,1710.23390309,1710.34036417,-3.05543294,-185950.44750779
2025-03-05 14:13:30,AMZN,BUY,88.7,2229.51042521,2215.06842678,-1281.00526102,-187231.45276881
2025-03-05 14:14:30,AMZN,BUY,343.3,2206.76601417,2190.55079685,-5566.68410602,-192798.13687483
2025-03-05 14:15:30,MSFT,SELL,225.6,797.67955275,811.01653923,-3008.82414944,-195806.96102427
2025-03-05 14:16:30,NVDA,SELL,373.2,1168.47915105,1164.12378945,1625.42094841,-194181.54007586
2025-03-05 14:17:30,NVDA,SELL,110.8,1390.1555598,1381.93976265,910.3103241,-193271.22975176
2025-03-05 14:18:30,NFLX,BUY,142.4,1613.5294935,1615.83756115,328.66883343,-192942.56091833
2025-03-05 14:19:30,NFLX,BUY,78.6,615.23846002,622.36761042,560.35122175,-192382.20969658
2025-03-05 14:20:30,AAPL,SELL,128.9,1764.11738607,1764.06767027,6.40836645,-192375.80133013
2025-03-05 14:21:30,NVDA,BUY,22.3,1364.60648153,1369.02341137,98.49753543,-192277.3037947
2025-03-05 14:22:30,AAPL,BUY,40.3,273.03776596,272.44109591,-24.04580316,-192301.34959786
2025-03-05 14:23:30,AMZN,SELL,102.9,908.50850833,902.7636508,591.1458404,-191710.20375746
2025-03-05 14:24:30,AAPL,SELL,97.5,1385.59625904,1362.03865654,2296.86624424,-189413.33751322
2025-03-05 14:25:30,NVDA,SELL,31.2,2386.78075587,2379.57865218,224.70563506,-189188.63187816
2025-03-05 14:26:30,TSLA,SELL,60.5,2353.33839872,2330.02998344,1410.15912427,-187778.47275389
2025-03-05 14:27:30,TSLA,BUY,75.8,270.23456409,270.04221872,-14.57977917,-187793.05253306
2025-03-05 14:28:30,NVDA,SELL,55.0,1880.07370331,1849.48632764,1682.3056621,-186110.74687096
2025-03-05 14:29:30,MSFT,SELL,137.8,1032.67134614,1036.08010176,-469.72652332,-186580.47339428
2025-03-05 14:30:30,AMZN,BUY,87.1,2154.01510119,2138.1967389,-1377.77935501,-187958.25274929
2025-03-05 14:31:30,MSFT,SELL,160.8,2389.80964729,2374.47932463,2465.11588326,-185493.13686603
2025-03-05 14:32:30,AMZN,SELL,68.0,2039.60394619,2061.28624908,-1474.39659623,-186967.53346227
2025-03-05 14:33:30,NVDA,BUY,146.9,2407.6403359,2374.98548087,-4796.99820432,-191764.53166658
2025-03-05 14:34:30,AMZN,SELL,326.4,1797.29475152,1820.62786696,-7615.92887887,-199380.46054545
2025-03-05 14:35:30,TSLA,BUY,245.8,2163.47117193,2168.80623189,1311.35773775,-198069.1028077
2025-03-05 14:36:30,AAPL,BUY,89.9,1587.66943079,1599.78076161,1088.80864034,-196980.29416736
2025-03-05 14:37:30,NVDA,BUY,47.1,953.48039249,953.84455696,17.15214658,-196963.14202078
2025-03-05 14:38:30,MSFT,SELL,47.1,1195.07226466,1203.83765165,-412.84972762,-197375.9917484
2025-03-05 14:39:30,AMZN,BUY,131.2,1581.84044916,1580.20634502,-214.39446256,-197590.38621096
2025-03-05 14:40:30,MSFT,BUY,370.3,498.85820708,496.5495758,-854.88616284,-198445.2723738
2025-03-05 14:41:30,MSFT,SELL,385.4,1619.48549268,1619.1431762,131.92877309,-198313.34360071
2025-03-05 14:42:30,MSFT,SELL,95.7,290.00080114,288.58072917,135.90088804,-198177.44271267
2025-03-05 14:43:30,AAPL,SELL,101.6,932.77436476,950.8012994,-1831.53655997,-200008.97927264
2025-03-05 14:44:30,NFLX,BUY,117.9,226.48502701,221.43379473,-595.54028599,-200604.51955863
2025-03-05 14:45:30,NVDA,SELL,349.3,837.94224449,837.67890589,91.98417532,-200512.53538331
2025-03-05 14:46:30,NFLX,BUY,133.6,2343.59817825,2362.80379788,2565.8707825,-197946.66460081
2025-03-05 14:47:30,AAPL,SELL,73.2,2310.06775644,2308.99794346,78.31030956,-197868.35429125
2025-03-05 14:48:30,NVDA,BUY,32.8,780.27006281,784.19599582,128.77060249,-197739.58368877
2025-03-05 14:49:30,AAPL,SELL,106.8,1446.17806737,1444.32325226,198.0942535,-197541.48943527
2025-03-05 14:50:30,AAPL,BUY,38.7,370.92116438,372.64940643,66.88296742,-197474.60646785
2025-03-05 14:51:30,AMZN,BUY,176.1,1146.27546062,1147.13800627,151.89428999,-197322.71217786
2025-03-05 14:52:30,NVDA,SELL,125.3,448.83692093,451.61845623,-348.52637194,-197671.2385498
2025-03-05 14:53:30,NVDA,BUY,42.0,109.61844277,109.88733939,11.29365782,-197659.94489198
2025-03-05 14:54:30,TSLA,SELL,190.2,737.09411375,745.13770141,-1529.89037333,-199189.83526531
2025-03-05 14:55:30,AMZN,BUY,190.0,2547.73619957,2580.75866173,6274.26781055,-192915.56745476
2025-03-05 14:56:30,AMZN,SELL,186.3,1661.78178221,1655.58280013,1154.8703602,-191760.69709456
2025-03-05 14:57:30,NFLX,SELL,135.2,2792.42006174,2807.84468931,-2085.40964734,-193846.10674191
2025-03-05 14:58:30,NVDA,BUY,137.6,1300.87820495,1296.16704742,-648.25527649,-194494.36201839
2025-03-05 14:59:30,AAPL,BUY,165.7,2185.03836681,2184.64040645,-65.94203238,-194560.30405077
2025-03-05 15:00:30,MSFT,SELL,49.7,2213.53797716,2202.45686417,550.73131556,-194009.57273521
2025-03-05 15:01:30,TSLA,SELL,84.1,239.56606008,238.80215378,64.24451995,-193945.32821526
2025-03-05 15:02:30,AMZN,BUY,177.1,1907.03303647,1925.77498698,3319.1994344,-190626.12878086
2025-03-05 15:03:30,NFLX,BUY,95.7,2546.50898691,2545.90819713,-57.4955824,-190683.62436326
2025-03-05 15:04:30,AAPL,BUY,99.1,2376.65785867,2385.46133461,872.42446572,-189811.19989753
2025-03-05 15:05:30,NFLX,BUY,146.7,2059.97873912,2037.80526733,-3252.84831146,-193064.04820899
2025-03-05 15:06:30,AAPL,BUY,116.4,1134.53517979,1131.90878779,-305.71202818,-193369.76023718
2025-03-05 15:07:30,AAPL,SELL,85.9,2062.38833694,2058.38003537,344.3131054,-193025.44713178
2025-03-05 15:08:30,NVDA,SELL,72.6,170.24478141,170.88490886,-46.47325302,-193071.9203848
2025-03-05 15:09:30,MSFT,BUY,97.2,1534.58693157,1540.489733,573.75229899,-192498.16808581
2025-03-05 15:10:30,AMZN,BUY,47.8,1780.57158306,1779.78018653,-37.82875435,-192535.99684016
2025-03-05 15:11:30,TSLA,BUY,70.5,1479.12270887,1480.71563206,112.30108485,-192423.69575532
2025-03-05 15:12:30,NVDA,BUY,129.5,2057.12185712,2066.57292724,1223.91358057,-191199.78217475
2025-03-05 15:13:30,MSFT,SELL,26.0,309.88269475,308.12338953,45.74193584,-191154.04023891
2025-03-05 15:14:30,NVDA,SELL,152.4,1976.40157124,1977.21990986,-124.71480506,-191278.75504397
2025-03-05 15:15:30,MSFT,SELL,189.4,2842.56295845,2816.62405533,4912.82825231,-186365.92679166
2025-03-05 15:16:30,MSFT,BUY,162.9,991.75804594,994.46636768,441.18561101,-185924.74118066
2025-03-05 15:17:30,NVDA,BUY,156.1,1485.07935216,1487.07228307,311.09651402,-185613.64466664
2025-03-05 15:18:30,AAPL,SELL,102.0,2327.59767588,2322.26489074,543.94408509,-185069.70058155
2025-03-05 15:19:30,MSFT,BUY,87.9,454.53380524,456.83902537,202.62884915,-184867.0717324
2025-03-05 15:20:30,MSFT,BUY,102.6,2836.52890424,2858.56461859,2260.86429226,-182606.20744014
2025-03-05 15:21:30,AAPL,BUY,81.1,484.46131508,488.51793733,328.99206468,-182277.21537546
2025-03-05 15:22:30,AMZN,BUY,194.5,2150.12302147,2148.84650527,-248.28240238,-182525.49777784
2025-03-05 15:23:30,NVDA,BUY,52.3,375.77201943,373.92786046,-96.44951395,-182621.94729179
2025-03-05 15:24:30,AMZN,SELL,110.4,1192.60209565,1189.42018587,351.28283902,-182270.66445277
2025-03-05 15:25:30,AAPL,BUY,192.7,2355.70693951,2349.51710392,-1192.78131686,-183463.44576963
2025-03-05 15:26:30,MSFT,BUY,139.2,1038.47760648,1040.69297705,308.37958309,-183155.06618654
2025-03-05 15:27:30,AAPL,SELL,161.5,2051.41684448,2052.15403739,-119.05665438,-183274.12284092
2025-03-05 15:28:30,AAPL,BUY,121.7,243.12672528,241.11808217,-244.45186638,-183518.5747073
2025-03-05 15:29:30,AAPL,SELL,118.1,861.04695667,862.97176538,-227.31990936,-183745.89461666
2025-03-05 15:30:30,TSLA,SELL,11.5,2148.80834152,2137.70228831,127.71961197,-183618.17500469
2025-03-05 15:31:30,AAPL,SELL,126.5,507.05192102,508.19869493,-145.06689958,-183763.24190427
2025-03-05 15:32:30,AAPL,BUY,91.0,1001.52333993,1009.421673,718.74830887,-183044.4935954
2025-03-05 15:33:30,MSFT,BUY,192.9,1463.34732159,1455.29983025,-1552.3610796,-184596.854675
2025-03-05 15:34:30,TSLA,SELL,149.4,1121.91000141,1123.37551155,-218.94721539,-184815.8018904
2025-03-05 15:35:30,AMZN,BUY,69.2,1702.45228052,1689.69727897,-882.64610685,-185698.44799725
2025-03-05 15:36:30,NVDA,SELL,59.5,1468.16353385,1477.05543287,-529.06799212,-186227.51598937
2025-03-05 15:37:30,TSLA,BUY,84.6,912.5883147,916.90798239,365.44388631,-185862.07210306
2025-03-05 15:38:30,AMZN,BUY,51.2,208.3604144,209.09956762,37.84464471,-185824.22745835
2025-03-05 15:39:30,NVDA,SELL,55.2,696.73451367,702.10723132,-296.57401416,-186120.80147251
2025-03-05 15:40:30,TSLA,BUY,45.8,2468.72586667,2486.3589585,807.5956058,-185313.2058667
2025-03-05 15:41:30,TSLA,BUY,94.9,1727.22591855,1718.2477394,-852.0292012,-186165.23506791
2025-03-05 15:42:30,AMZN,SELL,47.8,2709.24916384,2702.58534775,318.53040925,-185846.70465866
2025-03-05 15:43:30,AAPL,BUY,174.8,1885.6281171,1892.13317875,1137.0847768,-184709.61988185
2025-03-05 15:44:30,NVDA,SELL,146.2,1427.91517789,1427.4662237,65.63710234,-184643.98277951
2025-03-05 15:45:30,NFLX,BUY,184.4,2146.89799632,2151.52892347,853.94296753,-183790.03981198
2025-03-05 15:46:30,MSFT,BUY,41.3,1771.47476858,1769.93204803,-63.71435889,-183853.75417087
2025-03-05 15:47:30,AMZN,BUY,105.1,400.18848015,399.42616709,-80.11910273,-183933.8732736
2025-03-05 15:48:30,AMZN,BUY,48.6,302.14357985,300.73046743,-68.6772634,-184002.550537
2025-03-05 15:49:30,AAPL,BUY,142.6,1739.65560693,1718.64518633,-2996.08597729,-186998.63651429
2025-03-05 15:50:30,MSFT,BUY,20.7,236.96305503,237.06167417,2.04141621,-186996.59509808
2025-03-05 15:51:30,AMZN,BUY,150.5,221.35904016,220.84191972,-77.82662566,-187074.42172374
2025-03-05 15:52:30,NFLX,BUY,188.1,746.70052501,736.70955146,-1879.30212472,-188953.72384846
2025-03-05 15:53:30,MSFT,SELL,144.1,2363.56220865,2357.31615426,900.05643761,-188053.66741085
2025-03-05 15:54:30,TSLA,SELL,187.4,1861.19621875,1875.19124312,-2622.66756683,-190676.33497767
2025-03-05 15:55:30,AMZN,SELL,168.5,1202.26954266,1201.49686073,130.19690623,-190546.13807144
2025-03-05 15:56:30,NFLX,SELL,61.4,852.476424,848.79160991,226.24758503,-190319.89048641
2025-03-05 15:57:30,TSLA,SELL,64.5,764.54714237,767.83113241,-211.81735711,-190531.70784352
2025-03-05 15:58:30,TSLA,SELL,178.4,2068.89343202,2080.9198266,-2145.50879434,-192677.21663786
2025-03-05 15:59:30,TSLA,SELL,18.4,1676.32571011,1682.29845452,-109.89849712,-192787.11513498
2025-03-05 16:00:30,MSFT,SELL,113.1,391.35201337,389.58187935,200.20215822,-192586.91297677
2025-03-05 16:01:30,AMZN,BUY,135.0,1452.14508918,1448.65470156,-471.20232866,-193058.11530543
2025-03-05 16:02:30,MSFT,SELL,161.5,1216.47664843,1223.09938342,-1069.57170079,-194127.68700621
2025-03-05 16:03:30,AAPL,SELL,62.6,2957.05010006,2973.35071537,-1020.41851791,-195148.10552412
2025-03-05 16:04:30,AMZN,SELL,171.8,1969.70420039,1985.23892827,-2668.8662496,-197816.97177372
2025-03-05 16:05:30,AMZN,BUY,120.1,1301.91133894,1305.67616689,452.15583717,-197364.81593655
2025-03-05 16:06:30,AAPL,BUY,197.2,261.43253913,262.14923846,141.33310776,-197223.48282879
2025-03-05 16:07:30,NFLX,BUY,41.3,2113.45340661,2118.56081608,210.93601094,-197012.54681785
2025-03-05 16:08:30,TSLA,BUY,173.6,189.98248301,188.75701746,-212.74081948,-197225.28763733
2025-03-05 16:09:30,TSLA,BUY,87.1,1728.85158063,1724.92549419,-341.96212957,-197567.2497669
2025-03-05 16:10:30,NVDA,SELL,99.3,1989.83138749,1999.80989371,-990.86566759,-198558.11543449
2025-03-05 16:11:30,TSLA,BUY,69.2,667.11533177,669.27711304,149.5952641,-198408.52017039
2025-03-05 16:12:30,NVDA,BUY,192.6,1366.76520105,1358.97962595,-1499.50176599,-199908.02193638
2025-03-05 16:13:30,TSLA,BUY,86.7,1995.07031658,1981.93419089,-1138.90209729,-201046.92403367
2025-03-05 16:14:30,TSLA,SELL,179.4,2858.54886235,2893.04122659,-6187.93014381,-207234.85417748
2025-03-05 16:15:30,TSLA,BUY,140.7,268.28862946,268.83189938,76.43807724,-207158.41610025
2025-03-05 16:16:30,TSLA,BUY,75.0,2150.88253155,2173.18262777,1672.50721631,-205485.90888394
2025-03-05 16:17:30,TSLA,BUY,85.7,196.65350543,195.97168896,-58.43167146,-205544.3405554
2025-03-05 16:18:30,AAPL,BUY,80.6,2470.05055194,2456.3175458,-1106.88029524,-206651.22085064
2025-03-05 16:19:30,NVDA,SELL,185.9,1307.92438163,1312.28284143,-810.23767533,-207461.45852597
2025-03-05 16:20:30,AAPL,BUY,180.9,1742.71007413,1755.05830708,2233.79534062,-205227.66318536
2025-03-05 16:21:30,NFLX,BUY,10.0,1266.70246991,1258.32826628,-83.74203627,-205311.40522163
2025-03-05 16:22:30,NVDA,SELL,91.2,1481.79963911,1477.25348334,414.60940608,-204896.79581555
2025-03-05 16:23:30,NFLX,BUY,54.9,730.840404,735.03618067,230.34813894,-204666.44767661
2025-03-05 16:24:30,AMZN,SELL,121.8,980.84548563,971.66847915,1117.7593893,-203548.68828731
2025-03-05 16:25:30,TSLA,BUY,77.3,1185.51105902,1184.55321173,-74.04159583,-203622.72988314
2025-03-05 16:26:30,TSLA,BUY,50.4,2919.97941466,2931.27146841,569.11950909,-203053.61037405
2025-03-05 16:27:30,TSLA,SELL,198.7,116.15301625,116.77790428,-124.16525224,-203177.77562629
2025-03-05 16:28:30,TSLA,SELL,138.1,2293.67417484,2310.2016377,-2282.44262116,-205460.21824745
2025-03-05 16:29:30,TSLA,SELL,11.9,834.48559744,826.43869367,95.75815478,-205364.46009267
2025-03-05 16:30:30,AAPL,BUY,179.8,2524.46280949,2532.67251351,1476.10478253,-203888.35531014
2025-03-05 16:31:30,MSFT,BUY,39.8,2249.34275253,2245.63574345,-147.53896116,-204035.8942713
2025-03-05 16:32:30,TSLA,SELL,87.4,1323.30352747,1328.81887623,-482.0414819,-204517.9357532
2025-03-05 16:33:30,NVDA,BUY,114.8,374.84785204,376.13692759,147.9858739,-204369.94987931
2025-03-05 16:34:30,MSFT,BUY,158.3,2309.07064109,2312.36458249,521.43092319,-203848.51895611
2025-03-05 16:35:30,NVDA,SELL,67.1,2586.92024845,2574.2789905,848.22840875,-203000.29054737
2025-03-05 16:36:30,MSFT,BUY,124.6,1120.28055739,1116.64294289,-453.24676685,-203453.53731422
2025-03-05 16:37:30,AAPL,BUY,110.1,321.72377679,320.93387994,-86.96764333,-203540.50495754
2025-03-05 16:38:30,TSLA,SELL,380.4,613.54320553,596.94829413,6312.7042982,-197227.80065935
2025-03-05 16:39:30,TSLA,BUY,110.0,1142.28044373,1153.40045362,1223.2010886,-196004.59957074
2025-03-05 16:40:30,AMZN,SELL,36.7,1185.43063006,1182.2447438,116.9220255,-195887.67754525
2025-03-05 16:41:30,NVDA,SELL,88.8,277.61098168,279.8206727,-196.2205629,-196083.89810815
2025-03-05 16:42:30,AAPL,BUY,55.8,1653.63246029,1660.90116907,405.59394981,-195678.30415834
2025-03-05 16:43:30,TSLA,SELL,74.7,1660.81880623,1675.01056754,-1060.12456985,-196738.42872819
2025-03-05 16:44:30,AAPL,BUY,55.6,2408.59672339,2368.38941478,-2235.52635872,-198973.95508691
2025-03-05 16:45:30,AMZN,SELL,114.3,1887.53140713,1897.69842365,-1162.08998856,-200136.04507546
2025-03-05 16:46:30,AAPL,BUY,343.3,210.1452829,206.32352932,-1312.00800415,-201448.05307961
2025-03-05 16:47:30,AMZN,SELL,310.6,1558.06446922,1545.42391955,3926.15472806,-197521.89835155
2025-03-05 16:48:30,NFLX,BUY,44.1,582.88323243,582.82820767,-2.42659198,-197524.32494353
2025-03-05 16:49:30,AMZN,SELL,124.2,1036.27954551,1040.03841009,-466.85098141,-197991.17592494
2025-03-05 16:50:30,NFLX,SELL,172.5,1360.38150107,1353.42059552,1200.75620656,-196790.41971838
2025-03-05 16:51:30,AMZN,SELL,28.0,2163.75006462,2136.25809819,769.77506001,-196020.64465837
2025-03-05 16:52:30,NVDA,BUY,136.1,624.46240181,625.56058755,149.46307866,-195871.18157971
2025-03-05 16:53:30,MSFT,SELL,98.8,612.42728349,606.88481792,547.59559825,-195323.58598147
2025-03-05 16:54:30,AMZN,BUY,33.2,1019.45000043,1034.41182148,496.73245901,-194826.85352246
2025-03-05 16:55:30,TSLA,BUY,102.8,1732.65428552,1743.16011058,1079.99881599,-193746.85470647
2025-03-05 16:56:30,MSFT,SELL,87.5,1300.53947425,1315.864522,-1340.94167846,-195087.79638492
2025-03-05 16:57:30,AMZN,BUY,96.3,1671.7041732,1685.26790825,1306.18768562,-193781.6086993
2025-03-05 16:58:30,AAPL,BUY,47.4,474.01356353,474.90370868,42.19288017,-193739.41581913
2025-03-05 16:59:30,NFLX,SELL,91.9,1922.54822031,1917.46443,467.20032972,-193272.21548941
2025-03-05 17:00:30,TSLA,SELL,34.4,704.93662851,705.33759578,-13.79327415,-193286.00876356
2025-03-05 17:01:30,TSLA,BUY,62.1,1171.94816634,1168.36802193,-222.32696804,-193508.3357316
2025-03-05 17:02:30,AAPL,BUY,284.3,1873.8508869,1852.50478877,-6068.69569785,-199577.03142944
2025-03-05 17:03:30,NFLX,BUY,250.7,891.40742149,881.21547766,-2555.12031818,-202132.15174763
2025-03-05 17:04:30,NVDA,SELL,233.3,779.23312739,788.05525553,-2058.20249436,-204190.35424199
2025-03-05 17:05:30,NVDA,BUY,296.1,1548.40190962,1536.13240325,-3633.00083506,-207823.35507705
2025-03-05 17:06:30,TSLA,BUY,197.7,605.4013458,603.74138874,-328.17351054,-208151.52858759
2025-03-05 17:07:30,MSFT,BUY,399.4,1546.31776085,1543.31509069,-1199.26646358,-209350.79505118
2025-03-05 17:08:30,TSLA,BUY,346.4,341.95651376,342.67986206,250.56785323,-209100.22719794
2025-03-05 17:09:30,AMZN,SELL,137.4,1643.57824734,1630.44788217,1804.11217524,-207296.1150227
2025-03-05 17:10:30,MSFT,SELL,61.0,373.46947283,372.47456329,60.68948239,-207235.42554031
2025-03-05 17:11:30,TSLA,SELL,121.6,2287.82361654,2268.71545913,2323.55194025,-204911.87360006
2025-03-05 17:12:30,MSFT,BUY,89.3,1834.96024107,1830.93800367,-359.1857993,-205271.05939936
2025-03-05 17:13:30,NFLX,SELL,128.9,459.24560104,462.9385698,-476.02367324,-205747.0830726
2025-03-05 17:14:30,TSLA,BUY,116.1,771.13198732,772.30249579,135.89603323,-205611.18703938
2025-03-05 17:15:30,AAPL,BUY,53.8,1556.99671341,1541.99678319,-806.99624586,-206418.18328523
2025-03-05 17:16:30,NVDA,SELL,120.6,1845.23235507,1845.96075716,-87.84529204,-206506.02857728
2025-03-05 17:17:30,MSFT,BUY,325.9,1970.61607395,1982.25260453,3792.34531433,-202713.68326295
2025-03-05 17:18:30,TSLA,BUY,60.3,718.74171632,715.50944626,-194.90588475,-202908.5891477
2025-03-05 17:19:30,MSFT,SELL,81.6,813.75465558,812.81358332,76.79149611,-202831.79765159
2025-03-05 17:20:30,AAPL,SELL,36.4,359.36630867,364.57540723,-189.61118757,-203021.40883916
2025-03-05 17:21:30,NFLX,SELL,91.0,2100.99743421,2093.7145075,662.74633058,-202358.66250858
2025-03-05 17:22:30,MSFT,BUY,70.0,1239.39757011,1233.84004267,-389.02692109,-202747.68942967
2025-03-05 17:23:30,TSLA,BUY,80.5,2000.55148399,1992.49568246,-648.49202304,-203396.18145272
2025-03-05 17:24:30,TSLA,SELL,311.2,1996.76858915,1995.61861507,357.87193407,-203038.30951865
2025-03-05 17:25:30,AAPL,SELL,75.1,1165.63991301,1149.79378742,1190.04403218,-201848.26548646
2025-03-05 17:26:30,MSFT,BUY,147.7,1402.17051809,1398.11618014,-598.8257157,-202447.09120217
2025-03-05 17:27:30,NVDA,SELL,103.5,1160.54198072,1155.53169798,518.56426372,-201928.52693844
2025-03-05 17:28:30,MSFT,SELL,137.4,1301.99503909,1299.97895757,277.00960048,-201651.51733796
2025-03-05 17:29:30,AMZN,SELL,122.0,1187.99073116,1199.38325095,-1389.88741366,-203041.40475162
2025-03-05 17:30:30,MSFT,SELL,134.7,323.53722171,325.54083093,-269.88616255,-203311.29091418
2025-03-05 17:31:30,MSFT,SELL,255.4,2486.7461865,2492.40358943,-1444.90070771,-204756.19162189
2025-03-05 17:32:30,MSFT,BUY,150.0,323.82927498,321.50026915,-349.35087543,-205105.54249732
2025-03-05 17:33:30,NFLX,BUY,189.1,2056.82038273,2049.09723911,-1460.44645945,-206565.98895677
2025-03-05 17:34:30,NVDA,SELL,310.8,2442.12685125,2437.59228559,1409.34300592,-205156.64595085
2025-03-05 17:35:30,AMZN,BUY,84.0,1220.52213192,1205.0466116,-1299.94370717,-206456.58965802
2025-03-05 17:36:30,TSLA,BUY,24.1,1385.65880954,1382.57541019,-74.30992443,-206530.89958246
2025-03-05 17:37:30,MSFT,SELL,344.6,1998.31695728,2031.9314245,-11583.54540095,-218114.4449834
2025-03-05 17:38:30,AMZN,BUY,114.5,653.28429278,642.96931185,-1181.06531701,-219295.51030041
2025-03-05 17:39:30,MSFT,BUY,186.2,476.012547,473.97436672,-379.50916877,-219675.01946918
2025-03-05 17:40:30,NVDA,BUY,227.2,887.00692329,875.93470074,-2515.60896431,-222190.6284335
2025-03-05 17:41:30,NFLX,SELL,212.0,222.34423232,223.87103473,-323.68211035,-222514.31054384
2025-03-05 17:42:30,NVDA,BUY,249.5,2153.51107878,2151.43917433,-516.94015993,-223031.25070377
2025-03-05 17:43:30,MSFT,SELL,158.0,762.15716061,765.10165357,-465.22988754,-223496.48059131
2025-03-05 17:44:30,MSFT,BUY,260.9,1766.85879229,1787.82782603,5470.82090313,-218025.65968818
2025-03-05 17:45:30,TSLA,SELL,25.6,1842.16831424,1849.98915254,-200.21346062,-218225.8731488
2025-03-05 17:46:30,AAPL,BUY,89.3,2026.17257271,2038.63779894,1113.14470214,-217112.72844666
2025-03-05 17:47:30,NFLX,SELL,39.4,1569.8834763,1535.90655384,1338.69074486,-215774.03770179
2025-03-05 17:48:30,NVDA,SELL,63.6,1101.79694878,1093.75566611,511.42557816,-215262.61212363
2025-03-05 17:49:30,MSFT,SELL,41.0,483.6243712,482.02575415,65.54329902,-215197.06882461
2025-03-05 17:50:30,MSFT,SELL,136.3,995.73938373,991.29672201,605.53479241,-214591.5340322
2025-03-05 17:51:30,TSLA,BUY,122.4,847.86259672,836.71952105,-1363.91246193,-215955.44649414
2025-03-05 17:52:30,TSLA,BUY,45.6,220.30343757,217.92784547,-108.32699974,-216063.77349388
2025-03-05 17:53:30,NVDA,BUY,150.3,753.27793426,753.96930418,103.91289869,-215959.86059519
2025-03-05 17:54:30,MSFT,BUY,123.6,399.05096709,406.95396573,976.81063235,-214983.04996284
2025-03-05 17:55:30,AAPL,BUY,92.0,895.00299278,893.50524386,-137.79290107,-215120.84286391
2025-03-05 17:56:30,NFLX,SELL,60.0,718.16567806,711.27888753,413.20743169,-214707.63543223
2025-03-05 17:57:30,TSLA,SELL,130.8,1581.332462,1585.66506301,-566.70421181,-215274.33964404
2025-03-05 17:58:30,TSLA,SELL,136.7,389.01574283,387.83321215,161.65194426,-215112.68769978
2025-03-05 17:59:30,AAPL,SELL,92.7,1565.22235657,1554.77027852,968.90763521,-214143.78006457
2025-03-05 18:00:30,NVDA,BUY,123.9,331.33857399,331.40997789,8.84694416,-214134.93312041
2025-03-05 18:01:30,MSFT,SELL,42.9,2346.24105099,2363.73055958,-750.29991866,-214885.23303906
2025-03-05 18:02:30,TSLA,BUY,27.8,2000.85134363,2005.03378952,116.27199569,-214768.96104337
2025-03-05 18:03:30,AMZN,SELL,44.8,988.61148141,994.34497736,-256.86061819,-215025.82166157
2025-03-05 18:04:30,AAPL,BUY,98.4,2059.67943656,2042.45390903,-1694.991909,-216720.81357057
2025-03-05 18:05:30,TSLA,BUY,201.7,2083.70237457,2043.48756053,-8111.3279934,-224832.14156397
2025-03-05 18:06:30,NFLX,BUY,373.4,315.11842746,310.31127684,-1794.99004106,-226627.13160503
2025-03-05 18:07:30,TSLA,BUY,369.2,590.5590853,583.7131596,-2527.51576848,-229154.64737351
2025-03-05 18:08:30,TSLA,BUY,291.0,622.01280085,619.57152044,-710.4125996,-229865.05997311
2025-03-05 18:09:30,TSLA,SELL,211.7,1679.13898064,1695.52178324,-3468.2393112,-233333.29928431
2025-03-05 18:10:30,AMZN,BUY,176.3,1769.23901523,1761.53110149,-1358.90519257,-234692.20447688
2025-03-05 18:11:30,MSFT,BUY,161.8,2073.98170361,2050.5370529,-3793.34448512,-238485.548962
2025-03-05 18:12:30,AAPL,BUY,249.3,2177.69825326,2203.66003261,6472.2715925,-232013.2773695
2025-03-05 18:13:30,AAPL,BUY,65.1,919.33533275,908.62758041,-697.07467772,-232710.35204723
2025-03-05 18:14:30,AMZN,BUY,60.3,1860.46333825,1867.9856707,453.59664674,-232256.75540049
2025-03-05 18:15:30,AMZN,SELL,84.7,2032.89048095,2020.88575818,1016.80001816,-231239.95538232
2025-03-05 18:16:30,AAPL,SELL,110.5,1363.97347879,1329.96480424,3757.95853755,-227481.99684477
2025-03-05 18:17:30,AAPL,SELL,39.2,2487.74606391,2491.91449105,-163.40234368,-227645.39918845
2025-03-05 18:18:30,AMZN,BUY,135.2,1522.54715018,1530.979982,1140.11886227,-226505.28032618
2025-03-05 18:19:30,NVDA,BUY,55.4,907.20332885,909.21150359,111.25288049,-226394.02744569
2025-03-05 18:20:30,MSFT,SELL,71.2,2143.05372857,2126.13869846,1204.35014333,-225189.67730235
2025-03-05 18:21:30,AAPL,SELL,91.4,1914.0115009,1919.95091535,-542.86248052,-225732.53978287
2025-03-05 18:22:30,AMZN,BUY,84.3,744.66793579,748.25860109,302.69308551,-225429.84669736
2025-03-05 18:23:30,NVDA,SELL,117.9,628.68680259,640.15561964,-1352.17353023,-226782.02022759
2025-03-05 18:24:30,AMZN,SELL,56.0,828.30636312,842.41226056,-789.93025649,-227571.95048408
2025-03-05 18:25:30,TSLA,BUY,142.4,2329.2303421,2320.0393227,-1308.80116235,-228880.75164643
2025-03-05 18:26:30,AAPL,BUY,120.1,1051.5234898,1047.47284946,-486.48190497,-229367.2335514
2025-03-05 18:27:30,TSLA,SELL,196.7,1796.62992445,1820.18168245,-4632.63079915,-233999.86435055
2025-03-05 18:28:30,AAPL,SELL,260.4,2126.36137938,2154.52199811,-7333.02511893,-241332.88946948
2025-03-05 18:29:30,NFLX,BUY,107.0,1540.36635538,1540.00156382,-39.03269635,-241371.92216583
2025-03-05 18:30:30,AMZN,SELL,189.5,2433.61282803,2429.10349909,854.51783337,-240517.40433246
2025-03-05 18:31:30,TSLA,BUY,119.6,1401.17945806,1378.88291235,-2666.66686598,-243184.07119844
2025-03-05 18:32:30,NVDA,SELL,77.2,1043.85677838,1020.94579947,1768.72757172,-241415.34362672
2025-03-05 18:33:30,NVDA,BUY,130.7,2294.91538984,2308.53416116,1779.97341096,-239635.37021576
2025-03-05 18:34:30,NFLX,BUY,20.0,1191.93686819,1184.10489166,-156.63953055,-239792.00974631
2025-03-05 18:35:30,TSLA,SELL,124.4,531.55736795,528.84955837,336.8515123,-239455.15823401
2025-03-05 18:36:30,NFLX,SELL,144.3,1490.80346,1488.18387048,378.00676814,-239077.15146587
2025-03-05 18:37:30,NVDA,SELL,127.4,2445.8280858,2408.76216368,4722.19847726,-234354.95298861
2025-03-05 18:38:30,AMZN,BUY,44.6,1848.67762989,1835.48140601,-588.55158505,-234943.50457366
2025-03-05 18:39:30,NFLX,BUY,99.2,1373.28855291,1386.81314628,1341.63966171,-233601.86491195
2025-03-05 18:40:30,NVDA,SELL,114.4,1562.47290766,1553.39750533,1038.22602676,-232563.63888519
2025-03-05 18:41:30,MSFT,BUY,106.3,1197.63286228,1198.59260332,102.0204724,-232461.61841279
2025-03-05 18:42:30,NVDA,SELL,60.7,810.3831572,807.9862347,145.49319556,-232316.12521723
2025-03-05 18:43:30,AAPL,SELL,57.1,2468.39304233,2443.6319776,1413.85679656,-230902.26842067
2025-03-05 18:44:30,NVDA,BUY,116.6,1375.44854245,1386.10212973,1242.20827747,-229660.06014321
2025-03-05 18:45:30,MSFT,SELL,38.9,193.47438136,192.76085006,27.75636743,-229632.30377578
2025-03-05 18:46:30,AAPL,SELL,64.9,874.07069075,866.05377933,520.29755078,-229112.00622499
2025-03-05 18:47:30,MSFT,BUY,121.2,2075.71756171,2080.13412708,535.28772383,-228576.71850117
2025-03-05 18:48:30,NVDA,BUY,47.6,1299.81046579,1286.50748216,-633.22202045,-229209.94052162
2025-03-05 18:49:30,TSLA,SELL,101.5,556.05710222,557.51018714,-147.48811947,-229357.42864109
2025-03-05 18:50:30,TSLA,SELL,367.3,2478.94827061,2498.06658023,-7022.1551217,-236379.58376279
2025-03-05 18:51:30,NVDA,SELL,264.2,2496.12371202,2546.16951093,-13222.10007229,-249601.68383508
2025-03-05 18:52:30,AMZN,BUY,372.9,1108.2796527,1104.01398259,-1590.66838435,-251192.35221943
2025-03-05 18:53:30,NVDA,SELL,128.8,1621.81608247,1617.14269644,601.93212093,-250590.4200985
2025-03-05 18:54:30,NVDA,BUY,75.1,995.55648869,996.52856511,73.00293949,-250517.41715901
2025-03-05 18:55:30,AMZN,SELL,68.8,630.356136,629.8462394,35.08088583,-250482.33627318
2025-03-05 18:56:30,MSFT,BUY,99.0,417.37629859,416.43699358,-92.99119584,-250575.32746902
2025-03-05 18:57:30,NVDA,SELL,100.7,689.9950439,700.26544534,-1034.22942539,-251609.55689442
2025-03-05 18:58:30,MSFT,SELL,151.4,1393.97853609,1375.33004995,2823.38080088,-248786.17609353
2025-03-05 18:59:30,TSLA,SELL,130.4,2458.28260905,2411.53706399,6095.61907537,-242690.55701816
2025-03-05 19:00:30,TSLA,SELL,135.5,1862.48989186,1868.1805155,-771.07950373,-243461.6365219
2025-03-05 19:01:30,MSFT,BUY,79.3,230.92747571,231.24322669,25.03905267,-243436.59746923
2025-03-05 19:02:30,NFLX,SELL,95.8,1892.55600458,1882.12601287,999.19320619,-242437.40426304
2025-03-05 19:03:30,TSLA,SELL,54.0,862.65850006,853.8708896,474.53096529,-241962.87329775
2025-03-05 19:04:30,NFLX,SELL,86.9,923.52532843,926.2520682,-236.95368564,-242199.82698339
2025-03-05 19:05:30,NFLX,BUY,134.9,2104.59928964,2114.69130013,1361.41221467,-240838.41476872
2025-03-05 19:06:30,AAPL,SELL,65.0,1098.76109463,1098.45028679,20.20251018,-240818.21225854
2025-03-05 19:07:30,MSFT,SELL,143.3,1007.45993072,1005.15161075,330.78225194,-240487.4300066
2025-03-05 19:08:30,NVDA,SELL,126.2,1107.04485024,1096.14345094,1375.7565917,-239111.6734149
2025-03-05 19:09:30,NVDA,BUY,149.7,1529.24658371,1513.08095356,-2419.99483378,-241531.66824869
2025-03-05 19:10:30,AMZN,SELL,141.7,1342.17380315,1348.48664127,-894.52916192,-242426.1974106
2025-03-05 19:11:30,NVDA,BUY,216.0,1146.30397391,1151.48309275,1118.68966996,-241307.50774064
2025-03-05 19:12:30,AAPL,BUY,145.3,560.61233942,554.90215215,-829.69020947,-242137.19795012
2025-03-05 19:13:30,MSFT,BUY,28.7,2472.66458173,2452.03124001,-592.17690735,-242729.37485746
2025-03-05 19:14:30,NFLX,SELL,206.6,2124.55430114,2145.34591437,-4295.54729297,-247024.92215043
2025-03-05 19:15:30,NVDA,SELL,206.3,317.44723841,316.29299471,238.1204764,-246786.80167403
2025-03-05 19:16:30,NFLX,SELL,110.9,2384.85826521,2399.78337598,-1655.19478463,-248441.99645865
2025-03-05 19:17:30,AAPL,SELL,46.4,245.36819959,246.88603465,-70.42754653,-248512.42400518
2025-03-05 19:18:30,AMZN,SELL,210.4,1279.03181459,1293.68555455,-3083.14688594,-251595.57089112
2025-03-05 19:19:30,TSLA,SELL,298.1,135.23016416,134.56171682,199.26415387,-251396.30673725
2025-03-05 19:20:30,AMZN,SELL,28.2,100.26455632,101.19232195,-26.16299056,-251422.46972781
2025-03-05 19:21:30,MSFT,SELL,92.1,447.98983735,446.30626189,155.05730039,-251267.41242742
2025-03-05 19:22:30,NFLX,SELL,49.8,1728.41254438,1740.40144384,-597.0471927,-251864.45962013
2025-03-05 19:23:30,AMZN,SELL,40.5,1329.34846088,1328.33531145,41.03255187,-251823.42706826
2025-03-05 19:24:30,AMZN,SELL,97.0,1606.75431205,1600.56771121,600.10028103,-251223.32678722
2025-03-05 19:25:30,NFLX,SELL,135.8,992.11911496,976.30591624,2147.43238589,-249075.89440133
2025-03-05 19:26:30,TSLA,SELL,133.9,1569.06258258,1555.01790818,1880.58190134,-247195.31249999
2025-03-05 19:27:30,AAPL,SELL,126.9,1211.88987776,1211.31325964,73.17283912,-247122.13966087
2025-03-05 19:28:30,NVDA,BUY,31.9,565.8490412,560.01330057,-186.16012601,-247308.29978688
2025-03-05 19:29:30,NVDA,BUY,37.6,835.01842337,822.24448061,-480.30024793,-247788.60003481
2025-03-05 19:30:30,AAPL,BUY,304.7,702.01566333,711.13047112,2777.28193151,-245011.3181033
2025-03-05 19:31:30,AMZN,BUY,91.4,1387.1290718,1369.04871839,-1652.54430237,-246663.86240567
2025-03-05 19:32:30,AAPL,BUY,87.8,696.51893907,695.47498496,-91.65917162,-246755.52157729
2025-03-05 19:33:30,MSFT,SELL,154.6,1474.29477566,1467.68762245,1021.46588565,-245734.05569164
2025-03-05 19:34:30,AAPL,SELL,48.5,715.740415,713.71264531,98.34682991,-245635.70886173
2025-03-05 19:35:30,MSFT,SELL,66.0,2449.51783948,2434.39407676,998.16834001,-244637.54052171
2025-03-05 19:36:30,NVDA,BUY,104.9,1205.28789241,1208.86510142,375.24922545,-244262.29129626
2025-03-05 19:37:30,AMZN,SELL,123.2,2158.15393696,2158.82232248,-82.34509587,-244344.63639213
2025-03-05 19:38:30,NVDA,BUY,50.0,2383.90534187,2400.43117773,826.29179313,-243518.344599
2025-03-05 19:39:30,NFLX,BUY,147.1,1597.93157987,1600.16551167,328.61136884,-243189.73323016
2025-03-05 19:40:30,NVDA,SELL,77.1,340.84651338,340.31894589,40.67545281,-243149.05777735
2025-03-05 19:41:30,MSFT,BUY,24.0,1874.93530024,1877.13161141,52.71146803,-243096.34630932
2025-03-05 19:42:30,AAPL,SELL,141.5,1767.60907511,1762.13550547,774.51010376,-242321.83620556
2025-03-05 19:43:30,NFLX,SELL,136.0,166.98353055,166.73076438,34.37619836,-242287.4600072
2025-03-05 19:44:30,TSLA,BUY,33.9,1834.03865703,1828.55459891,-185.90957028,-242473.36957749
2025-03-05 19:45:30,AMZN,SELL,121.4,823.64896933,824.16378984,-62.49920949,-242535.86878697
2025-03-05 19:46:30,AAPL,BUY,387.0,1360.98897029,1384.38538108,9054.41097666,-233481.45781032
2025-03-05 19:47:30,NFLX,BUY,142.6,1323.48007778,1319.58017512,-556.12611897,-234037.58392929
2025-03-05 19:48:30,AMZN,SELL,49.9,1056.78182096,1064.09923186,-365.138804,-234402.72273329
2025-03-05 19:49:30,MSFT,SELL,206.3,1295.05255243,1288.71424129,1307.59358882,-233095.12914447
2025-03-05 19:50:30,AAPL,BUY,37.3,1406.22405234,1424.4491713,679.79693717,-232415.33220731
2025-03-05 19:51:30,MSFT,SELL,140.5,2083.86631924,2096.21346849,-1734.77446927,-234150.10667658
2025-03-05 19:52:30,NFLX,SELL,116.3,1089.06963272,1086.57730013,289.85828024,-233860.24839634
2025-03-05 19:53:30,TSLA,SELL,57.3,607.0754524,600.76191275,361.76582152,-233498.48257482
2025-03-05 19:54:30,MSFT,BUY,66.6,1654.91241643,1622.09940441,-2185.34660045,-235683.82917527
2025-03-05 19:55:30,AMZN,BUY,29.6,505.52621325,511.25445722,169.5560217,-235514.27315357
2025-03-05 19:56:30,AMZN,BUY,27.5,666.95558874,673.76822683,187.34754737,-235326.9256062
2025-03-05 19:57:30,TSLA,SELL,146.8,1255.11861201,1260.13700472,-736.70005028,-236063.62565649
2025-03-05 19:58:30,NFLX,SELL,105.7,2875.04961338,2875.12007826,-7.44813752,-236071.07379401
2025-03-05 19:59:00,AAPL,SELL,199.9,2297.04657641,2277.87084087,3833.22953477,-232237.84425924
2025-03-05 19:59:20,AAPL,SELL,64.2,2527.16835393,2496.66343678,1958.41568123,-230279.42857801
2025-03-05 19:59:30,NFLX,SELL,268.2,2681.01228246,2672.12447545,2383.70983863,-227895.71873938
2025-03-05 19:59:40,AMZN,SELL,73.8,1056.54151874,1052.76154506,278.96205805,-227616.75668133
2025-03-05 19:59:50,AMZN,BUY,184.5,1196.23536479,1193.57049008,-491.66938346,-228108.42606479
2025-03-05 20:00:10,AAPL,BUY,149.8,3410.51524495,3394.95007121,-2331.66302612,-230440.08909091
2025-03-05 20:01:10,TSLA,BUY,98.1,688.33520487,685.6956704,-258.93833172,-230699.02742263
2025-03-05 20:02:10,MSFT,BUY,65.3,2691.70787663,2691.83457592,8.2734636,-230690.75395902
2025-03-05 20:02:20,MSFT,BUY,139.4,1950.52444062,1952.53742488,280.61000575,-230410.14395328
2025-03-05 20:03:20,MSFT,BUY,167.9,2446.868222,2423.54176647,-3916.51188399,-234326.65583727
2025-03-05 20:04:20,NVDA,BUY,122.7,3247.21410357,3224.68325633,-2764.53495641,-237091.19079368
2025-03-05 20:04:40,AAPL,SELL,137.6,1583.73708206,1591.22904739,-1030.89442876,-238122.08522244
2025-03-05 20:04:50,AMZN,SELL,245.5,1482.39039388,1471.14647524,2760.38202693,-235361.70319551
2025-03-05 20:05:20,AMZN,SELL,98.0,2510.43314274,2542.71967049,-3164.07971948,-238525.78291499
2025-03-05 20:05:40,TSLA,BUY,200.0,2252.34593982,2259.8488872,1500.58947638,-237025.19343861
2025-03-05 20:05:50,TSLA,SELL,64.2,2614.67701716,2595.39411553,1237.9622845,-235787.2311541
2025-03-05 20:06:20,NFLX,BUY,110.6,2044.36566533,2059.71298552,1697.41361324,-234089.81754087
2025-03-05 20:06:30,NVDA,SELL,170.1,2951.9797455,2979.66344729,-4708.99767342,-238798.81521429
2025-03-05 20:07:30,AMZN,BUY,233.0,3144.07186724,3158.40338567,3339.24379249,-235459.5714218
2025-03-05 20:07:40,NVDA,SELL,263.6,605.81315905,612.80462176,-1842.94957236,-237302.52099416
2025-03-05 20:08:00,NVDA,SELL,112.2,3232.55790334,3272.97495805,-4534.79353837,-241837.31453254
2025-03-05 20:08:20,NVDA,BUY,178.3,914.59790288,912.13627669,-438.90794966,-242276.2224822
2025-03-05 20:08:50,TSLA,BUY,163.1,2255.23072563,2284.09234216,4707.32965588,-237568.89282632
2025-03-05 20:09:10,NFLX,BUY,255.6,2175.31641366,2185.0765065,2494.67973088,-235074.21309544
2025-03-05 20:10:10,MSFT,BUY,161.8,2777.24751375,2756.86903361,-3297.23808599,-238371.45118143
2025-03-05 20:11:10,MSFT,BUY,53.4,1198.99416203,1193.09962531,-314.76826087,-238686.2194423
2025-03-05 20:12:10,AMZN,SELL,134.0,1314.85219599,1326.01404735,-1495.68808315,-240181.90752546
2025-03-05 20:12:30,AAPL,SELL,225.6,1795.71372476,1787.97779166,1745.22650799,-238436.68101746
2025-03-05 20:12:40,AMZN,SELL,230.2,2354.54691915,2380.21601688,-5909.02629664,-244345.7073141
2025-03-05 20:13:00,NFLX,BUY,74.2,1109.5189277,1112.28499233,205.2419953,-244140.4653188
2025-03-05 20:13:30,TSLA,SELL,64.7,2303.57539018,2316.37220006,-827.95359951,-244968.41891831
2025-03-05 20:13:40,AMZN,BUY,191.5,2880.76839551,2898.15592604,3329.71209535,-241638.70682296
2025-03-05 20:14:00,NFLX,SELL,242.8,229.43198591,226.66631796,671.50417826,-240967.2026447
2025-03-05 20:14:10,TSLA,BUY,73.4,368.09469336,369.60858835,111.11989232,-240856.08275239
2025-03-05 20:15:10,NFLX,BUY,72.4,114.50247246,115.33930006,60.58631804,-240795.49643434
2025-03-05 20:16:10,NFLX,BUY,107.6,200.62604071,200.55031003,-8.14862174,-240803.64505608
2025-03-05 20:17:10,TSLA,SELL,66.2,638.49383468,639.05588386,-37.20765558,-240840.85271166
2025-03-05 20:18:10,MSFT,BUY,167.2,2443.96133358,2396.42322731,-7948.37136831,-248789.22407997
2025-03-05 20:19:10,AMZN,BUY,360.2,1943.95671503,1964.18288324,7285.46579011,-241503.75828986
2025-03-05 20:20:10,NVDA,SELL,105.9,918.00945844,902.75151894,1615.81579326,-239887.9424966
2025-03-05 20:21:10,MSFT,SELL,90.0,752.65792675,754.5080256,-166.50889672,-240054.45139332
2025-03-05 20:22:10,AAPL,BUY,125.4,469.60689648,465.72616251,-486.64403942,-240541.09543274
2025-03-05 20:23:10,TSLA,SELL,219.9,1241.68005101,1236.71232086,1092.40386108,-239448.69157166
2025-03-05 20:24:10,MSFT,BUY,143.9,1832.34351013,1818.89658036,-1935.01319284,-241383.70476449
2025-03-05 20:25:10,NFLX,SELL,71.0,2345.25108511,2354.66474009,-668.36950348,-242052.07426797
2025-03-05 20:26:10,NVDA,BUY,226.5,1238.05446622,1243.01160345,1122.79158257,-240929.2826854
2025-03-05 20:27:10,AMZN,BUY,95.2,897.37327815,893.98140308,-322.90650691,-241252.18919231
2025-03-05 20:28:10,MSFT,BUY,123.7,676.0806025,670.92496478,-637.75238569,-241889.94157801
2025-03-05 20:29:10,MSFT,SELL,311.2,1735.72977554,1749.47575458,-4277.74867703,-246167.69025504
2025-03-05 20:30:10,AAPL,BUY,280.2,1450.02739865,1438.19672769,-3314.95400336,-249482.64425839
2025-03-05 20:31:10,AMZN,SELL,240.9,1708.63682731,1709.10626358,-113.08719735,-249595.73145574
2025-03-05 20:32:10,TSLA,BUY,358.0,1152.2974733,1160.249695,2846.89536942,-246748.83608632
2025-03-05 20:33:10,AAPL,BUY,98.2,383.9173361,379.27585759,-455.79318974,-247204.62927606
2025-03-05 20:34:10,AAPL,BUY,57.9,2462.75555953,2422.8654955,-2309.63470725,-249514.26398331
2025-03-05 20:35:10,AAPL,SELL,353.5,1716.47502376,1726.87828045,-3677.55123949,-253191.8152228
2025-03-05 20:36:10,NFLX,BUY,235.8,511.24058311,505.38579366,-1380.55935125,-254572.37457405
2025-03-05 20:37:10,AMZN,BUY,226.5,2165.97102578,2144.91016358,-4770.28528685,-259342.6598609
2025-03-05 20:38:10,NVDA,SELL,281.1,913.78322033,907.16825219,1859.46754362,-257483.19231728
2025-03-05 20:39:10,TSLA,SELL,73.2,1348.69295409,1338.6027763,738.60101425,-256744.59130303
2025-03-05 20:40:10,MSFT,SELL,27.0,807.95772141,816.93642591,-242.42502154,-256987.01632456
2025-03-05 20:41:10,NFLX,BUY,50.6,2143.30529269,2142.86544597,-22.25624366,-257009.27256822
2025-03-05 20:42:10,NVDA,SELL,356.8,1539.13888947,1547.14657721,-2857.14298303,-259866.41555125
2025-03-05 20:43:10,NFLX,SELL,162.4,2267.14846991,2261.91111017,850.54722166,-259015.86832958
2025-03-05 20:44:10,AAPL,BUY,43.5,721.51559896,729.74153826,357.8283594,-258658.03997018
2025-03-05 20:45:10,AAPL,SELL,102.1,1037.31435214,1055.02297288,-1808.05017737,-260466.09014755
2025-03-05 20:46:10,NFLX,BUY,42.1,2373.68278123,2340.97647601,-1376.93544959,-261843.02559714
2025-03-05 20:47:10,TSLA,SELL,251.0,1133.96725158,1120.68125481,3334.78518909,-258508.24040805
2025-03-05 20:48:10,AMZN,BUY,71.0,1918.77758567,1933.82454256,1068.33393874,-257439.90646931
2025-03-05 20:49:10,AAPL,BUY,50.3,2139.51200957,2127.56957049,-600.70468571,-258040.61115503
2025-03-05 20:50:10,TSLA,SELL,127.3,855.21237451,852.55326764,338.50430479,-257702.10685023
2025-03-05 20:51:10,TSLA,BUY,44.3,1176.0402569,1168.8733646,-317.4933287,-258019.60017894
2025-03-05 20:52:10,MSFT,SELL,75.2,531.79407187,534.35451591,-192.54539191,-258212.14557084
2025-03-05 20:53:10,AMZN,SELL,122.2,2450.16422209,2458.37199318,-1002.98962708,-259215.13519792
2025-03-05 20:54:10,NFLX,BUY,327.0,620.03728275,608.34822761,-3822.32103245,-263037.45623037
2025-03-05 20:55:10,MSFT,SELL,184.1,593.41518699,595.31766431,-350.24607465,-263387.70230502
2025-03-05 20:56:10,AMZN,BUY,153.1,1130.29348072,1145.20877209,2283.53110824,-261104.17119677
2025-03-05 20:57:10,NVDA,BUY,47.7,1711.63658487,1702.13863525,-453.05219677,-261557.22339355
2025-03-05 20:58:10,NVDA,BUY,86.7,913.76820669,918.30151756,393.03805265,-261164.1853409
2025-03-05 20:59:10,NFLX,SELL,77.6,1235.16990642,1257.59591052,-1740.25791843,-262904.44325933
2025-03-05 21:00:10,NVDA,SELL,76.5,1295.83479831,1306.08935605,-784.47366743,-263688.91692676
2025-03-05 21:01:10,NFLX,SELL,316.8,1618.79035133,1618.70861334,25.89459488,-263663.02233188
2025-03-05 21:02:10,MSFT,BUY,103.6,1533.95952095,1526.86267622,-735.23311398,-264398.25544586
2025-03-05 21:03:10,MSFT,SELL,24.4,2499.03611728,2498.03784758,24.35778069,-264373.89766517
2025-03-05 21:04:10,NVDA,SELL,33.7,1048.35521976,1047.89025855,15.66919294,-264358.22847223
2025-03-05 21:05:10,AAPL,BUY,124.1,1122.22187046,1120.24208489,-245.69138916,-264603.91986139
2025-03-05 21:06:10,AMZN,SELL,53.3,754.68752963,758.38240616,-196.93691858,-264800.85677997
2025-03-05 21:07:10,MSFT,BUY,235.7,2055.99853563,2027.97888248,-6604.23224661,-271405.08902658
2025-03-05 21:08:10,NVDA,SELL,392.1,1010.19733754,1008.86065085,524.11484915,-270880.97417743
2025-03-05 21:09:10,TSLA,SELL,32.8,1080.37060764,1069.27943511,363.7904588,-270517.18371863
2025-03-05 21:10:10,NFLX,SELL,23.7,743.68086901,744.75285321,-25.40602545,-270542.58974407
2025-03-05 21:11:10,TSLA,BUY,87.8,2056.04439489,2071.53329715,1359.92561848,-269182.66412559
2025-03-05 21:12:10,TSLA,BUY,111.1,1538.82359061,1554.25003962,1713.87848483,-267468.78564076
2025-03-05 21:13:10,AAPL,SELL,147.5,2400.0413512,2376.24152909,3510.47376239,-263958.31187837
2025-03-05 21:14:10,AMZN,SELL,45.2,1631.44722193,1610.12275751,963.86579162,-262994.44608675
2025-03-05 21:15:10,MSFT,BUY,33.6,2341.34203787,2332.88195758,-284.25869751,-263278.70478426
2025-03-05 21:16:10,NVDA,SELL,101.3,1850.97063246,1844.8847505,616.49984249,-262662.20494177
2025-03-05 21:17:10,AMZN,BUY,98.6,459.8336549,456.68402489,-310.5535182,-262972.75845997
2025-03-05 21:18:10,NFLX,BUY,20.6,1245.07127603,1243.51262616,-32.10818722,-263004.86664719
2025-03-05 21:19:10,NVDA,BUY,166.7,719.69054281,719.54410828,-24.41063528,-263029.27728247
2025-03-05 21:20:10,MSFT,SELL,399.7,481.15815082,477.44166296,1485.48019696,-261543.79708551
2025-03-05 21:21:10,TSLA,SELL,103.4,2191.25419883,2157.11259792,3530.2415339,-258013.55555161
2025-03-05 21:22:10,MSFT,BUY,136.8,984.86658819,976.69313393,-1118.12854236,-259131.68409397
2025-03-05 21:23:10,AMZN,SELL,139.9,1644.97358704,1654.3480148,-1311.48244323,-260443.1665372
2025-03-05 21:24:10,AAPL,SELL,320.1,1291.50610828,1287.22862732,1369.22165491,-259073.94488229
2025-03-05 21:25:10,MSFT,SELL,55.8,1528.23144962,1521.2040974,392.12625414,-258681.81862815
2025-03-05 21:26:10,TSLA,SELL,72.7,2398.10009293,2435.45506311,-2715.70633201,-261397.52496017
2025-03-05 21:27:10,MSFT,BUY,69.7,1358.19935522,1352.06468665,-427.58639951,-261825.11135968
2025-03-05 21:28:10,NFLX,BUY,278.9,283.93090037,284.66213517,203.9413843,-261621.16997538
2025-03-05 21:29:10,NVDA,SELL,36.6,1015.58802411,1021.75758616,-225.80597111,-261846.97594649
2025-03-05 21:30:10,AMZN,SELL,142.4,2059.21164857,2084.52097326,-3604.04783651,-265451.023783
2025-03-05 21:31:10,AMZN,SELL,250.7,1085.83225574,1077.69437762,2040.16604493,-263410.85773807
2025-03-05 21:32:10,TSLA,SELL,30.8,2107.54331348,2077.32828797,930.62278571,-262480.23495236
2025-03-05 21:33:10,AMZN,BUY,103.8,915.53426919,915.91664892,39.69101619,-262440.54393616
2025-03-05 21:34:10,AAPL,BUY,97.2,165.34818961,166.60116388,121.78909907,-262318.75483709
2025-03-05 21:35:10,MSFT,BUY,115.7,439.79524459,434.53519242,-608.58803576,-262927.34287285
2025-03-05 21:36:10,MSFT,SELL,146.3,1649.53532743,1644.14792581,788.17685772,-262139.16601512
2025-03-05 21:37:10,MSFT,BUY,105.2,165.55977454,166.10617256,57.48107164,-262081.68494348
2025-03-05 21:38:10,NVDA,BUY,23.6,1546.92973361,1548.47417578,36.44883515,-262045.23610833
2025-03-05 21:39:10,MSFT,BUY,137.8,2288.3854337,2265.72520332,-3122.57974705,-265167.81585538
2025-03-05 21:40:10,MSFT,BUY,70.0,463.56413107,462.93432876,-44.08616171,-265211.9020171
2025-03-05 21:41:10,TSLA,SELL,337.0,1907.40030322,1895.32457127,4069.52166631,-261142.38035079
2025-03-05 21:42:10,AAPL,BUY,32.5,1297.57471983,1303.73385185,200.17179075,-260942.20856004
2025-03-05 21:43:10,AAPL,SELL,61.6,651.07013565,649.39182341,103.38403409,-260838.82452595
2025-03-05 21:44:10,AAPL,SELL,115.4,1892.38522111,1886.95118322,627.08797216,-260211.73655379
2025-03-05 21:45:10,AMZN,BUY,80.8,1335.0369373,1342.90729813,635.92515525,-259575.81139854
2025-03-05 21:46:10,MSFT,BUY,120.0,2326.60521045,2320.99226783,-673.55311511,-260249.36451365
2025-03-05 21:47:10,NVDA,BUY,76.3,2000.43206288,2000.98416022,42.12502697,-260207.23948669
2025-03-05 21:48:10,AAPL,SELL,27.8,156.01283879,154.36743619,45.74219243,-260161.49729425
2025-03-05 21:49:10,MSFT,BUY,115.5,2183.47737574,2210.26895524,3094.42743286,-257067.06986139
2025-03-05 21:50:10,NVDA,BUY,109.3,152.032028,151.42954924,-65.85092896,-257132.92079035
2025-03-05 21:51:10,TSLA,SELL,133.5,1599.3644851,1578.9342467,2727.43682635,-254405.483964
2025-03-05 21:52:10,TSLA,SELL,125.1,1194.63493214,1188.93284116,713.33158174,-253692.15238227
2025-03-05 21:53:10,AAPL,SELL,111.1,1302.35239224,1317.32006017,-1662.90790685,-255355.06028911
2025-03-05 21:54:10,NVDA,SELL,135.8,174.75624315,173.39754526,184.51117382,-255170.5491153
2025-03-05 21:55:10,TSLA,BUY,43.3,2454.83188765,2470.28450663,669.09840158,-254501.45071372
2025-03-05 21:56:10,AAPL,SELL,62.2,2293.80801689,2286.1616451,475.60432562,-254025.8463881
2025-03-05 21:57:10,NFLX,BUY,40.3,1867.52172988,1891.94167963,984.12397508,-253041.72241302
2025-03-05 21:58:10,MSFT,BUY,33.0,746.81550013,743.29911868,-116.04058782,-253157.76300084
2025-03-05 21:59:10,NVDA,BUY,126.6,1766.7429506,1776.720583,1263.16826128,-251894.59473956
2025-03-05 22:00:10,MSFT,SELL,33.8,2263.40376731,2258.94067187,150.85262574,-251743.74211382
2025-03-05 22:01:10,AMZN,BUY,114.8,1868.56482782,1869.05368227,56.12049104,-251687.62162277
2025-03-05 22:02:10,NVDA,SELL,48.7,120.40754018,117.3717674,147.84213442,-251539.77948835
2025-03-05 22:03:10,MSFT,BUY,66.8,2304.57635172,2296.62556436,-531.11259612,-252070.89208448
2025-03-05 22:04:10,NVDA,SELL,79.7,2348.76091561,2323.61050835,2004.48745841,-250066.40462607
2025-03-05 22:05:10,TSLA,BUY,101.1,814.29040492,815.38195359,110.35557007,-249956.049056
2025-03-05 22:06:10,AMZN,SELL,25.1,1842.94169127,1882.79123467,-1000.22353958,-250956.27259558
2025-03-05 22:07:10,NFLX,BUY,85.1,289.18719306,291.99750651,239.15767448,-250717.1149211
2025-03-05 22:08:10,MSFT,SELL,26.9,1813.22147212,1818.59941994,-144.66679629,-250861.7817174
2025-03-05 22:09:10,AAPL,SELL,48.3,2099.74529985,2126.00460464,-1268.32442127,-252130.10613866
2025-03-05 22:10:10,NVDA,SELL,128.4,2099.85684211,2073.33173929,3405.8232024,-248724.28293626
2025-03-05 22:11:10,NFLX,SELL,111.6,2202.4499975,2192.04913347,1160.73642548,-247563.54651078
2025-03-05 22:12:10,AAPL,SELL,21.2,160.86826519,159.6168561,26.52987253,-247537.01663826
2025-03-05 22:13:10,NVDA,SELL,106.3,1612.73074614,1604.72011051,851.53056783,-246685.48607043
2025-03-05 22:14:10,AAPL,BUY,143.8,2360.68216879,2362.75039774,297.41132278,-246388.07474765
2025-03-05 22:15:10,TSLA,BUY,98.4,1298.03141562,1270.60426313,-2698.83180461,-249086.90655226
2025-03-05 22:16:10,TSLA,SELL,135.1,2405.32355873,2396.151811,1239.10311884,-247847.80343342
2025-03-05 22:17:10,MSFT,SELL,127.2,2099.46260181,2087.49306304,1522.52533064,-246325.27810278
2025-03-05 22:18:10,AMZN,BUY,115.0,760.88973789,757.98888084,-333.59856089,-246658.87666367
2025-03-05 22:19:10,AAPL,SELL,135.5,583.49188643,593.57165713,-1365.80893043,-248024.6855941
2025-03-05 22:20:10,AMZN,BUY,150.7,1726.84284234,1741.13965735,2154.53002252,-245870.15557158
2025-03-05 22:21:10,TSLA,BUY,49.0,2228.51268429,2243.82543857,750.3249595,-245119.83061208
2025-03-05 22:22:10,NVDA,BUY,39.9,2473.00985299,2507.74311546,1385.8571724,-243733.97343968
2025-03-05 22:23:10,AMZN,BUY,81.8,1105.48694864,1115.03607927,781.11888545,-242952.85455423
2025-03-05 22:24:10,MSFT,BUY,103.9,2238.18423213,2214.00508215,-2512.2136828,-245465.06823703
2025-03-05 22:25:10,AAPL,BUY,36.2,117.61030054,117.48338659,-4.59428483,-245469.66252186
2025-03-05 22:26:10,NVDA,BUY,329.2,2394.84296194,2386.76445831,-2659.4433949,-248129.10591676
2025-03-05 22:27:10,TSLA,SELL,214.3,1976.93552529,1976.81409578,26.02234363,-248103.08357313
2025-03-05 22:28:10,TSLA,SELL,93.8,329.83686426,332.23054295,-224.52706151,-248327.61063463
2025-03-05 22:29:10,TSLA,SELL,111.7,1679.61942283,1658.82961705,2322.22130627,-246005.38932836
2025-03-05 22:30:10,TSLA,SELL,70.3,2481.91618907,2510.47802512,-2007.89707449,-248013.28640285
2025-03-05 22:31:10,NVDA,SELL,24.8,1488.08805525,1484.48060637,89.46473234,-247923.82167051
2025-03-05 22:32:10,AMZN,SELL,26.7,2123.38844862,2119.6514313,99.77836244,-247824.04330807
2025-03-05 22:33:10,MSFT,BUY,36.4,706.84544796,701.98614946,-176.87846531,-248000.92177338
2025-03-05 22:34:10,NVDA,SELL,49.4,1680.89330254,1678.42125607,122.11909597,-247878.80267741
2025-03-05 22:35:10,AAPL,SELL,61.4,845.03918075,841.84881457,195.88848356,-247682.91419386
2025-03-05 22:36:10,MSFT,SELL,107.0,1168.64806764,1173.90085502,-562.04825026,-248244.96244412
2025-03-05 22:37:10,TSLA,BUY,81.4,1342.51999913,1343.14253938,50.67477686,-248194.28766725
2025-03-05 22:38:10,AAPL,BUY,118.2,612.19464452,611.42615748,-90.83516853,-248285.12283578
2025-03-05 22:39:10,AMZN,SELL,105.6,1111.17327613,1098.56962623,1330.94542958,-246954.17740621
2025-03-05 22:40:10,AAPL,BUY,143.1,2302.2915279,2289.15060968,-1880.46539637,-248834.64280257
2025-03-05 22:41:10,AMZN,BUY,87.4,2047.92476792,2032.43006733,-1354.23683093,-250188.8796335
2025-03-05 22:42:10,NFLX,SELL,313.2,1187.28296405,1190.1375851,-894.06731201,-251082.94694551
2025-03-05 22:43:10,AMZN,BUY,239.8,1501.53916549,1501.14448399,-94.64462404,-251177.59156955
2025-03-05 22:44:10,NFLX,BUY,342.6,1402.76166899,1421.32986366,6361.4634948,-244816.12807475
2025-03-05 22:45:10,MSFT,SELL,100.4,2431.45331209,2455.54648671,-2418.95473176,-247235.08280651
2025-03-05 22:46:10,NVDA,SELL,109.9,1012.684596,1026.9261985,-1565.15211396,-248800.23492047
2025-03-05 22:47:10,TSLA,SELL,333.9,1297.69949853,1293.77264292,1311.17708901,-247489.05783145
2025-03-05 22:48:10,MSFT,BUY,147.8,1182.12087143,1175.28041953,-1011.01878981,-248500.07662127
2025-03-05 22:49:10,NVDA,BUY,90.4,1132.02832277,1128.14490631,-351.06084829,-248851.13746956
2025-03-05 22:50:10,NVDA,BUY,172.7,937.82495604,927.78544316,-1733.82387336,-250584.96134292
2025-03-05 22:51:10,NFLX,BUY,333.7,1615.28446984,1635.6206049,6786.16826969,-243798.79307323
2025-03-05 22:52:10,AMZN,SELL,68.8,1926.40630662,1896.94544877,2026.90702031,-241771.88605292
2025-03-05 22:53:10,NFLX,SELL,134.2,2189.9326065,2229.95985253,-5371.65641716,-247143.54247008
2025-03-05 22:54:10,NVDA,BUY,31.9,924.97979893,920.48060964,-143.52413853,-247287.06660861
2025-03-05 22:55:10,NFLX,BUY,297.0,1454.19989143,1438.70107737,-4603.14777496,-251890.21438356
2025-03-05 22:56:10,AMZN,BUY,300.2,895.29051109,895.85314785,168.90355697,-251721.31082659
2025-03-05 22:57:10,AMZN,SELL,95.4,480.55655067,482.32944786,-169.1343926,-251890.4452192
2025-03-05 22:58:10,AAPL,BUY,174.8,1671.49699862,1665.18739803,-1102.91818457,-252993.36340376
2025-03-05 22:59:10,AAPL,SELL,107.3,1836.11126091,1820.91514013,1630.54375932,-251362.81964444
2025-03-05 23:00:10,NVDA,BUY,12.9,2185.14811798,2176.24086127,-114.9036115,-251477.72325594
2025-03-05 23:01:10,NVDA,BUY,134.0,1014.10607831,1015.98444133,251.7006457,-251226.02261024
2025-03-05 23:02:10,TSLA,BUY,65.2,556.50118172,559.79755162,214.92331768,-251011.09929256
2025-03-05 23:03:10,AAPL,BUY,117.6,364.01504071,366.79160651,326.5241382,-250684.57515436
2025-03-05 23:04:10,TSLA,SELL,54.2,527.03793956,524.98968867,111.0151986,-250573.55995577
2025-03-05 23:05:10,TSLA,BUY,37.2,2981.57620696,2983.03660981,54.32698595,-250519.23296981
2025-03-05 23:06:10,MSFT,SELL,166.8,2365.80662244,2368.07504815,-378.37340831,-250897.60637813
2025-03-05 23:07:10,MSFT,SELL,191.7,2634.8741084,2638.2606309,-649.19636241,-251546.80274053
2025-03-05 23:08:10,NVDA,BUY,98.5,601.39302019,602.47593326,106.66693709,-251440.13580344
2025-03-05 23:09:10,AMZN,BUY,44.8,1786.07785488,1782.65192907,-153.48147645,-251593.6172799
2025-03-05 23:10:10,AMZN,SELL,12.3,2413.91800079,2408.94858806,61.1237766,-251532.49350329
2025-03-05 23:11:10,MSFT,SELL,145.8,828.55400601,830.32609213,-258.37015707,-251790.86366036
2025-03-05 23:12:10,AMZN,SELL,104.7,913.17391891,921.08443907,-828.23146075,-252619.09512112
2025-03-05 23:13:10,AMZN,BUY,81.6,2359.36463591,2345.6913334,-1115.7414854,-253734.83660652
2025-03-05 23:14:10,TSLA,BUY,89.6,569.26100744,571.85989238,232.86009066,-253501.97651586
2025-03-05 23:15:10,NFLX,SELL,39.1,768.5624973,771.98464656,-133.80603627,-253635.78255213
2025-03-05 23:16:10,TSLA,BUY,13.6,2769.62603609,2766.36606202,-44.33564736,-253680.11819949
2025-03-05 23:17:10,TSLA,SELL,63.2,1493.98515541,1493.93268694,3.31600698,-253676.80219251
2025-03-05 23:18:10,NVDA,BUY,134.7,1309.69481415,1307.1835163,-338.27182081,-254015.07401332
2025-03-05 23:19:10,MSFT,BUY,130.5,2369.43122185,2357.77814984,-1520.725897,-255535.79991033
2025-03-05 23:20:10,AMZN,SELL,134.5,1046.19892434,1049.85953112,-492.35161171,-256028.15152204
2025-03-05 23:21:10,MSFT,SELL,5.0,794.54081425,801.03121967,-32.45202706,-256060.6035491
2025-03-05 23:22:10,AAPL,BUY,165.4,2428.26241027,2424.96431295,-545.50529567,-256606.10884477
2025-03-05 23:23:10,NFLX,BUY,165.1,1797.14463377,1800.91962435,623.2509443,-255982.85790047
2025-03-05 23:24:10,NFLX,BUY,43.6,1230.03812831,1238.70546615,377.89592945,-255604.96197102
2025-03-05 23:25:10,NFLX,SELL,121.4,241.72288025,242.35709258,-76.99337734,-255681.95534836
2025-03-05 23:26:10,TSLA,BUY,122.5,1965.20400648,1979.58133212,1761.22239016,-253920.73295819
2025-03-05 23:27:10,TSLA,BUY,50.8,478.17126644,482.09846702,199.50178943,-253721.23116876
2025-03-05 23:28:10,AMZN,SELL,8.5,1895.08261534,1910.53720149,-131.3639823,-253852.59515106
2025-03-05 23:29:10,AAPL,SELL,121.6,793.6068036,799.02668865,-659.0580217,-254511.65317276
2025-03-05 23:30:10,NVDA,SELL,55.8,1648.8611761,1657.7671964,-496.95593265,-255008.60910541
2025-03-05 23:31:10,AAPL,SELL,127.8,1337.14806333,1337.95324677,-102.90244312,-255111.51154853
2025-03-05 23:32:10,AMZN,BUY,20.2,202.51738102,201.49633704,-20.62508839,-255132.13663693
2025-03-05 23:33:10,NFLX,BUY,38.1,2267.24124851,2261.97806363,-200.52734397,-255332.6639809
2025-03-05 23:34:10,MSFT,SELL,89.0,814.8283227,819.27556792,-395.80482413,-255728.46880502
2025-03-05 23:35:10,NVDA,SELL,81.6,1079.73779532,1071.31610005,687.21033381,-255041.25847121
2025-03-05 23:36:10,NFLX,BUY,177.5,2602.37116392,2607.66856728,940.28909612,-254100.96937509
2025-03-05 23:37:10,AAPL,SELL,131.0,1752.21314108,1755.59533046,-443.06680768,-254544.03618277
2025-03-05 23:38:10,MSFT,SELL,158.2,1715.80218301,1709.13687644,1054.45149991,-253489.58468286
2025-03-05 23:39:10,AAPL,SELL,153.3,2447.78234932,2451.79802931,-615.60374158,-254105.18842444
2025-03-05 23:40:10,NVDA,SELL,42.1,2478.87172632,2469.78631476,382.49582657,-253722.69259786
2025-03-05 23:41:10,NVDA,SELL,31.1,1573.43355494,1566.79934862,206.32381635,-253516.36878151
2025-03-05 23:42:10,NFLX,BUY,40.5,1217.6070845,1224.32167953,271.94109884,-253244.42768267
2025-03-05 23:43:10,MSFT,BUY,9.5,2578.95235332,2568.26092365,-101.56858189,-253345.99626456
2025-03-05 23:44:10,NFLX,BUY,12.0,1741.10119373,1744.99157032,46.68451906,-253299.3117455
2025-03-05 23:45:10,AMZN,BUY,163.7,2233.26350886,2229.92153508,-547.08110695,-253846.39285245
2025-03-05 23:46:10,AMZN,BUY,172.7,1475.30038413,1472.99287559,-398.50672638,-254244.89957882
2025-03-05 23:47:10,MSFT,SELL,160.5,490.05622805,488.8736439,189.80475466,-254055.09482416
2025-03-05 23:48:10,TSLA,SELL,35.3,763.15784332,761.31218238,65.15183109,-253989.94299308
2025-03-05 23:49:10,AMZN,SELL,25.8,230.21080394,230.67009879,-11.84980728,-254001.79280036
2025-03-05 23:50:10,TSLA,SELL,140.9,100.69856356,100.08803664,86.02324351,-253915.76955685
2025-03-05 23:51:10,TSLA,SELL,163.1,775.71434914,777.66533391,-318.20561755,-254233.9751744
2025-03-05 23:52:10,MSFT,SELL,141.2,1555.27833599,1544.69199975,1494.79067813,-252739.18449627
2025-03-05 23:53:10,AAPL,SELL,115.3,2914.16812198,2912.98434454,136.48953871,-252602.69495756
2025-03-05 23:54:10,AAPL,BUY,84.2,479.84752093,477.70024977,-180.80023119,-252783.49518875
2025-03-05 23:55:10,AMZN,BUY,176.8,2806.9759688,2800.60975733,-1125.54618699,-253909.04137575
2025-03-05 23:56:10,MSFT,SELL,73.7,677.52663791,675.72166236,133.02669791,-253776.01467784
2025-03-05 23:57:10,TSLA,SELL,141.5,1815.53810155,1823.34000004,-1103.96863621,-254879.98331405
2025-03-05 23:58:10,MSFT,SELL,142.7,1996.51974456,2006.83307006,-1471.71154839,-256351.69486244
2025-03-05 23:59:10,TSLA,SELL,61.2,163.24048129,163.12801165,6.88314206,-256344.81172038
2025-03-06 00:00:10,AMZN,BUY,132.0,241.1017678,241.07873394,-3.04046861,-256347.85218899
2025-03-06 00:01:10,AAPL,SELL,173.1,2172.85435976,2175.76780003,-504.31651006,-256852.16869905
2025-03-06 00:02:10,AAPL,SELL,11.0,2017.25092222,2023.64019812,-70.28203495,-256922.450734
2025-03-06 00:03:10,TSLA,SELL,69.1,1197.5088062,1202.70236859,-358.87516116,-257281.32589516
2025-03-06 00:04:10,AAPL,SELL,174.1,1491.47852608,1489.80749895,290.92582438,-256990.40007078
2025-03-06 00:05:10,TSLA,BUY,10.1,2607.44548159,2606.61762452,-8.36135639,-256998.76142718
2025-03-06 00:06:10,NFLX,SELL,64.6,2741.89136451,2729.44295296,804.16738596,-256194.59404122
2025-03-06 00:07:10,AAPL,BUY,151.2,2716.53941119,2719.59249923,461.62691098,-255732.96713023
2025-03-06 00:08:10,TSLA,BUY,138.2,2780.05120116,2774.87062925,-715.95503825,-256448.92216849
2025-03-06 00:09:10,AAPL,BUY,123.4,1511.8608678,1506.25335519,-691.96705647,-257140.88922495
2025-03-06 00:10:10,NFLX,BUY,79.9,2786.73236828,2811.75846911,1999.58545666,-255141.30376829
2025-03-06 00:11:10,AAPL,BUY,70.1,951.26118234,949.62250122,-114.87154646,-255256.17531476
2025-03-06 00:12:10,TSLA,BUY,194.4,178.68635212,180.28837017,311.43230861,-254944.74300615
2025-03-06 00:13:10,NVDA,SELL,100.3,408.65778423,406.94528951,171.76322043,-254772.97978572
2025-03-06 00:14:10,NFLX,BUY,47.1,1383.76583618,1378.66121626,-240.42759806,-255013.40738378
2025-03-06 00:15:10,AMZN,SELL,135.8,1655.0065961,1650.93835466,552.46718682,-254460.94019696
2025-03-06 00:16:10,AMZN,SELL,152.1,2202.7700221,2203.86192503,-166.07843615,-254627.01863312
2025-03-06 00:17:10,AAPL,BUY,181.4,2344.47843137,2341.66835876,-509.74717252,-255136.76580564
2025-03-06 00:18:10,AMZN,BUY,15.2,1846.38035767,1841.70597154,-71.0506691,-255207.81647474
2025-03-06 00:19:10,MSFT,SELL,17.4,2270.75980179,2271.0838627,-5.63865999,-255213.45513472
2025-03-06 00:20:10,TSLA,SELL,86.3,638.62009353,631.75122924,592.78298877,-254620.67214595
2025-03-06 00:21:10,AMZN,SELL,144.1,1443.85027516,1438.51479177,768.84315562,-253851.82899033
2025-03-06 00:22:10,NVDA,SELL,111.8,1170.87958657,1166.14755829,529.04076232,-253322.78822801
2025-03-06 00:23:10,NVDA,BUY,100.6,1880.01698122,1869.1646808,-1091.7414229,-254414.52965091
2025-03-06 00:24:10,NVDA,SELL,114.3,2196.80525509,2196.20732064,68.34390731,-254346.18574359
2025-03-06 00:25:10,MSFT,SELL,135.6,1523.99749761,1535.92178266,-1616.93305269,-255963.11879628
2025-03-06 00:26:10,NVDA,SELL,80.3,741.60743879,741.2030393,32.47327946,-255930.64551682
2025-03-06 00:27:10,MSFT,BUY,121.8,1367.21715754,1369.14422739,234.71710834,-255695.92840848
2025-03-06 00:28:10,MSFT,BUY,176.0,2905.38904274,2909.16113684,663.88856227,-255032.03984622
2025-03-06 00:29:10,MSFT,BUY,51.9,263.60168071,261.47400904,-110.42615967,-255142.46600589
2025-03-06 00:30:10,MSFT,SELL,29.0,2347.0820174,2355.44447292,-242.51121002,-255384.9772159
2025-03-06 00:31:10,NFLX,SELL,151.2,2607.21672188,2617.50249271,-1555.20855039,-256940.18576629
2025-03-06 00:32:10,TSLA,SELL,105.7,449.70002674,445.98627584,392.54347052,-256547.64229577
2025-03-06 00:33:10,NVDA,SELL,95.5,2518.71718819,2514.35114531,416.95709483,-256130.68520094
2025-03-06 00:34:10,AMZN,BUY,58.6,274.86304394,275.66774278,47.15535214,-256083.5298488
2025-03-06 00:35:10,TSLA,SELL,114.3,1977.57049185,1976.87822365,79.12625552,-256004.40359328
2025-03-06 00:36:10,AAPL,SELL,131.8,1569.28280087,1573.49548064,-555.23119358,-256559.63478686
2025-03-06 00:37:10,AMZN,BUY,195.5,2821.02770394,2846.11871593,4905.29284297,-251654.34194389
2025-03-06 00:38:10,NFLX,SELL,135.5,2986.49271817,2987.23990844,-101.24428175,-251755.58622564
2025-03-06 00:39:10,AAPL,BUY,182.3,2592.81793462,2604.21586039,2077.84186747,-249677.74435817
2025-03-06 00:40:10,AMZN,BUY,167.0,2722.00736976,2709.27980594,-2125.50315871,-251803.24751687
2025-03-06 00:41:10,AMZN,BUY,154.6,1068.4734334,1067.88128997,-91.54537375,-251894.79289063
2025-03-06 00:42:10,MSFT,SELL,98.3,775.36798286,783.91939342,-840.60365862,-252735.39654925
2025-03-06 00:43:10,AMZN,BUY,134.0,2813.6040903,2834.18599911,2757.97578018,-249977.42076907
2025-03-06 00:44:10,AMZN,BUY,118.5,2380.26656662,2376.47242121,-449.60623126,-250427.02700033
2025-03-06 00:45:10,AMZN,SELL,185.6,708.64524784,711.94848293,-613.08043324,-251040.10743357
2025-03-06 00:46:10,TSLA,BUY,135.9,2111.09454144,2089.35690828,-2954.14434621,-253994.25177978
2025-03-06 00:47:10,AAPL,SELL,28.5,1711.50446399,1708.08766373,97.3788074,-253896.87297239
2025-03-06 00:48:10,NVDA,BUY,93.8,1418.66642714,1435.47829811,1576.95349704,-252319.91947534
2025-03-06 00:49:10,NVDA,BUY,132.2,2876.22326136,2887.98254755,1554.57763503,-250765.34184031
2025-03-06 00:50:10,AAPL,BUY,113.5,2662.80294066,2657.04537233,-653.48400563,-251418.82584594
2025-03-06 00:51:10,TSLA,BUY,118.0,486.46479636,487.40516888,110.96395656,-251307.86188938
2025-03-06 00:52:10,AMZN,BUY,160.8,1247.56732288,1255.16140035,1221.12765671,-250086.73423267
2025-03-06 00:53:10,AMZN,BUY,33.8,2919.76186754,2924.35921839,155.39045874,-249931.34377393
2025-03-06 00:54:10,MSFT,SELL,134.7,1245.0004798,1239.49285414,741.87717666,-249189.46659727
2025-03-06 00:55:10,AAPL,SELL,196.2,2459.84182582,2451.16232817,1702.91743995,-247486.54915732
2025-03-06 00:56:10,TSLA,SELL,107.1,2344.02966062,2365.04498374,-2250.74110682,-249737.29026413
2025-03-06 00:57:10,AAPL,BUY,103.1,1442.23513634,1427.01978208,-1568.70302427,-251305.9932884
2025-03-06 00:58:10,MSFT,SELL,181.2,690.01384653,693.44677511,-622.04665819,-251928.03994659
2025-03-06 00:59:10,AMZN,SELL,60.5,2854.78241583,2873.59785016,-1138.33377718,-253066.37372377
2025-03-06 01:00:10,NFLX,SELL,166.1,335.36229159,335.82113242,-76.21346203,-253142.5871858
2025-03-06 01:01:10,NVDA,SELL,183.4,904.84417521,902.20003088,484.93607005,-252657.65111575
2025-03-06 01:02:10,AAPL,SELL,180.2,1408.86051845,1404.20407167,839.09171022,-251818.55940553
2025-03-06 01:03:10,AMZN,BUY,44.3,2846.64564592,2827.63197917,-842.30543677,-252660.8648423
2025-03-06 01:04:10,NFLX,SELL,80.8,1777.65333979,1775.36203927,185.13708204,-252475.72776026
2025-03-06 01:05:10,MSFT,BUY,141.3,1367.92341011,1371.60705133,520.49850347,-251955.22925679
2025-03-06 01:06:10,NFLX,SELL,16.4,1280.34708152,1281.81584896,-24.08778605,-251979.31704284
2025-03-06 01:07:10,NFLX,SELL,124.5,132.79519137,134.18127528,-172.56744621,-252151.88448905
2025-03-06 01:08:10,NFLX,SELL,26.7,2767.65496533,2792.09087601,-652.43881504,-252804.32330409
2025-03-06 01:09:10,TSLA,SELL,9.4,305.24364341,306.49647842,-11.77664913,-252816.09995321
2025-03-06 01:10:10,AMZN,BUY,159.3,1446.16801327,1449.77739242,574.97409895,-252241.12585427
2025-03-06 01:11:10,TSLA,BUY,69.8,2004.07404073,2003.05683643,-71.00086007,-252312.12671434
2025-03-06 01:12:10,NVDA,SELL,193.3,1595.89481563,1597.4710183,-304.67997727,-252616.80669161
2025-03-06 01:13:10,NFLX,SELL,31.9,1911.01101271,1898.5300577,398.14246502,-252218.66422659
2025-03-06 01:14:10,MSFT,BUY,7.6,226.21405701,225.84180745,-2.82909664,-252221.49332323
2025-03-06 01:15:10,NFLX,SELL,199.5,2430.93286237,2430.7175663,42.95156595,-252178.54175729
2025-03-06 01:16:10,TSLA,BUY,89.4,277.78108303,276.71451712,-95.35099262,-252273.89274991
2025-03-06 01:17:10,NFLX,SELL,82.2,2825.37054464,2805.4183764,1640.06822971,-250633.8245202
2025-03-06 01:18:10,AMZN,BUY,52.9,1539.20521127,1542.90810228,195.8829344,-250437.9415858
2025-03-06 01:19:10,NVDA,BUY,32.0,2998.29070478,2986.45374686,-378.78265363,-250816.72423943
2025-03-06 01:20:10,AAPL,BUY,157.2,1329.43494633,1330.09129043,103.17729313,-250713.54694629
2025-03-06 01:21:10,TSLA,BUY,181.9,564.22087123,564.33013401,19.87489979,-250693.6720465
2025-03-06 01:22:10,AMZN,SELL,60.1,713.55283706,703.44450815,607.51056714,-250086.16147936
2025-03-06 01:22:30,TSLA,BUY,79.8,1479.40115018,1491.33994198,952.7155857,-249133.44589366
2025-03-06 01:23:30,NFLX,BUY,200.4,2643.99727087,2621.15456682,-4577.67789132,-253711.12378498
2025-03-06 01:23:50,AMZN,SELL,244.6,2117.73591318,2110.17163859,1850.22156493,-251860.90222004
2025-03-06 01:24:20,TSLA,BUY,56.5,1162.15076515,1168.39078362,352.56104343,-251508.34117662
2025-03-06 01:24:50,TSLA,SELL,53.3,3462.92768335,3433.80773786,1552.09309479,-249956.24808182
2025-03-06 01:25:50,MSFT,BUY,65.5,1140.92211125,1133.09178247,-512.88653523,-250469.13461706
2025-03-06 01:26:20,AMZN,SELL,70.1,3230.93111262,3187.64775979,3034.16303343,-247434.97158363
2025-03-06 01:26:40,NFLX,BUY,148.9,2742.25578042,2743.55393065,193.29456834,-247241.67701529
2025-03-06 01:27:00,MSFT,SELL,286.6,233.55893207,236.12675541,-735.93817068,-247977.61518597
2025-03-06 01:27:20,TSLA,BUY,199.4,381.29581568,385.19302195,777.10293028,-247200.51225569
2025-03-06 01:27:40,MSFT,BUY,231.1,3453.5040094,3459.37016282,1355.66805647,-245844.84419922
2025-03-06 01:28:10,AAPL,BUY,224.9,1046.33687658,1055.03198867,1955.53070967,-243889.31348955
2025-03-06 01:29:10,TSLA,BUY,71.8,3004.48548612,3030.17718463,1844.66395353,-242044.64953602
2025-03-06 01:29:30,NVDA,SELL,210.2,468.62747441,468.4549864,36.25697962,-242008.3925564
2025-03-06 01:29:50,NVDA,SELL,284.5,3365.91318553,3382.37360899,-4682.9904748,-246691.3830312
2025-03-06 01:30:00,MSFT,BUY,277.5,3169.89311,3175.84160512,1650.70739583,-245040.67563537
2025-03-06 01:30:10,NFLX,SELL,248.3,1161.0482622,1166.63135075,-1386.28088652,-246426.95652189
2025-03-06 01:30:40,NVDA,BUY,85.5,1760.45625565,1755.81226839,-397.06091024,-246824.01743213
2025-03-06 01:31:10,NVDA,SELL,122.6,2476.1213838,2491.68819267,-1908.49076673,-248732.50819886
2025-03-06 01:31:30,AMZN,BUY,254.1,1800.24225229,1801.11697021,222.26582248,-248510.24237637
2025-03-06 01:32:30,AMZN,BUY,286.4,3214.4867658,3194.74862123,-5653.00460276,-254163.24697913
2025-03-06 01:32:50,TSLA,BUY,86.0,889.17047379,899.43463142,882.7175562,-253280.52942293
2025-03-06 01:33:00,NFLX,SELL,97.0,2004.86606336,2003.71333296,111.81484834,-253168.71457459
2025-03-06 01:33:30,TSLA,BUY,280.3,1755.9506182,1776.58954818,5785.09207395,-247383.62250064
2025-03-06 01:33:50,AMZN,BUY,97.1,1243.29719085,1251.03058559,750.91262877,-246632.70987187
2025-03-06 01:34:10,AMZN,SELL,183.3,969.18358166,971.79151308,-478.03382932,-247110.74370119
2025-03-06 01:35:10,TSLA,BUY,233.6,2506.49255308,2471.16940719,-8251.4868786,-255362.23057979
2025-03-06 01:36:10,NFLX,BUY,237.6,659.92879485,660.82736881,213.50117275,-255148.72940703
2025-03-06 01:37:10,NVDA,SELL,86.5,1404.59325852,1398.82456605,498.99189816,-254649.73750887
2025-03-06 01:37:20,AMZN,BUY,89.8,250.94830118,252.35012958,125.88419043,-254523.85331844
2025-03-06 01:37:40,NVDA,BUY,231.4,2204.97548812,2205.74836189,178.84299033,-254345.01032811
2025-03-06 01:38:00,AAPL,SELL,197.2,1061.01618292,1058.5957204,477.31520926,-253867.69511885
2025-03-06 01:38:30,MSFT,SELL,104.2,213.01710495,211.20326872,189.00173576,-253678.69338309
2025-03-06 01:38:50,NVDA,BUY,146.9,354.55334004,353.48229126,-157.33706558,-253836.03044867
2025-03-06 01:39:00,AMZN,SELL,214.1,2927.57472838,2952.42779397,-5321.04134153,-259157.0717902
2025-03-06 01:39:10,AMZN,SELL,109.2,1832.40011854,1846.57124112,-1547.48658575,-260704.55837595
2025-03-06 01:39:20,NFLX,SELL,110.1,1599.54117567,1618.81623438,-2122.18396385,-262826.7423398
2025-03-06 01:40:20,NVDA,BUY,268.2,1564.36618527,1552.97237228,-3055.82064435,-265882.56298415
2025-03-06 01:41:20,AMZN,BUY,285.7,163.66891904,161.63942552,-579.82629881,-266462.38928295
2025-03-06 01:41:50,AAPL,SELL,151.0,1219.92631218,1220.49685177,-86.15147901,-266548.54076196
2025-03-06 01:42:10,AAPL,BUY,94.1,2024.99344197,2039.51361995,1366.34874843,-265182.19201354
2025-03-06 01:43:10,MSFT,SELL,279.6,1795.44407078,1772.30877861,6468.62769163,-258713.56432191
2025-03-06 01:44:10,NVDA,SELL,134.1,206.01493806,206.65146085,-85.35770696,-258798.92202887
2025-03-06 01:44:20,MSFT,SELL,60.7,2046.80910782,2055.15710733,-506.72357006,-259305.64559893
2025-03-06 01:44:50,MSFT,SELL,57.2,2763.68059517,2816.53649804,-3023.35764416,-262329.00324308
2025-03-06 01:45:10,MSFT,BUY,180.2,2754.88097238,2762.76555376,1420.80156412,-260908.20167897
2025-03-06 01:46:10,MSFT,SELL,185.3,644.4064606,643.89336702,95.07624015,-260813.12543881
2025-03-06 01:46:20,MSFT,SELL,181.9,1191.33701021,1183.11519934,1495.54739851,-259317.57804031
2025-03-06 01:46:30,NFLX,SELL,208.6,2347.85949952,2349.92266872,-430.37709458,-259747.95513488
2025-03-06 01:47:00,NVDA,BUY,72.7,2716.18873376,2737.57844776,1555.03220769,-258192.92292719
2025-03-06 01:47:20,AMZN,SELL,219.4,564.88480811,558.87672234,1318.17401825,-256874.74890895
2025-03-06 01:47:50,TSLA,BUY,133.7,300.69081679,301.73808232,140.01940091,-256734.72950804
2025-03-06 01:48:10,MSFT,SELL,267.6,2292.18643177,2302.27762069,-2700.4021548,-259435.13166285
2025-03-06 01:49:10,TSLA,BUY,179.8,2511.51645019,2480.88882714,-5506.84662372,-264941.97828657
2025-03-06 01:49:30,MSFT,BUY,123.9,3168.20249517,3211.17877829,5324.76147826,-259617.21680831
2025-03-06 01:49:40,MSFT,SELL,99.2,131.34662032,131.00442593,33.94568323,-259583.27112508
2025-03-06 01:50:10,NVDA,BUY,212.9,2907.98750336,2891.64364512,-3479.60741815,-263062.87854323
2025-03-06 01:50:20,AAPL,BUY,247.2,674.53400339,694.02183072,4817.39091457,-258245.48762866
2025-03-06 01:51:20,NFLX,BUY,266.2,1331.18141534,1343.9455673,3397.81725295,-254847.67037571
2025-03-06 01:51:40,TSLA,SELL,73.5,1182.31283311,1192.54131979,-751.79377112,-255599.46414683
2025-03-06 01:52:40,TSLA,BUY,97.0,2335.77841513,2317.2677573,-1795.5338093,-257394.99795613
2025-03-06 01:53:10,NFLX,SELL,215.2,480.06661696,475.87581367,901.86086637,-256493.13708976
2025-03-06 01:54:10,MSFT,BUY,294.6,2965.524704,2999.63765644,10049.67579033,-246443.46129943
2025-03-06 01:54:30,AMZN,SELL,194.3,799.19375973,790.92290008,1607.02802937,-244836.43327006
2025-03-06 01:54:40,NFLX,SELL,252.7,2657.554534,2649.86863175,1942.22749906,-242894.205771
2025-03-06 01:54:50,MSFT,BUY,60.2,477.966104,482.29333585,260.4993574,-242633.7064136
2025-03-06 01:55:50,AAPL,BUY,186.5,2797.62639244,2764.2708568,-6220.80739734,-248854.51381095
2025-03-06 01:56:20,NFLX,SELL,250.0,2074.54583944,2113.51441567,-9742.14405615,-258596.6578671
2025-03-06 01:57:20,AMZN,SELL,270.1,1855.13895592,1864.18142436,-2442.37072505,-261039.02859215
2025-03-06 01:58:20,NFLX,SELL,116.0,900.75650319,902.06523188,-151.81252762,-261190.84111977
2025-03-06 01:59:20,AMZN,SELL,137.0,1500.04278791,1497.50469143,347.71921776,-260843.12190201
2025-03-06 02:00:20,NFLX,BUY,281.7,3436.5856381,3427.8318689,-2465.93678299,-263309.058685
2025-03-06 02:00:30,MSFT,SELL,147.8,143.03301872,143.86521844,-122.99911814,-263432.05780314
2025-03-06 02:00:50,AMZN,BUY,77.1,1831.26760067,1850.59261646,1489.9587173,-261942.09908584
2025-03-06 02:01:00,MSFT,BUY,138.2,1384.01323285,1385.73577697,238.05559711,-261704.04348873
2025-03-06 02:01:20,AAPL,SELL,280.8,1251.95542878,1251.20845979,209.74889287,-261494.29459587
2025-03-06 02:02:20,AAPL,BUY,273.5,999.63814411,994.73804448,-1340.17724834,-262834.47184421
2025-03-06 02:03:20,NVDA,SELL,152.9,426.57769618,429.72307979,-480.92915313,-263315.40099733
2025-03-06 02:04:20,MSFT,SELL,211.2,832.67771314,831.20465436,311.11001387,-263004.29098346
2025-03-06 02:04:50,AMZN,SELL,288.5,556.98083142,564.70674879,-2228.92716298,-265233.21814644
2025-03-06 02:05:20,NVDA,SELL,135.6,1574.82956565,1590.92273686,-2182.23401715,-267415.45216359
2025-03-06 02:05:50,TSLA,SELL,201.0,823.09986028,822.23333972,174.17063361,-267241.28152998
2025-03-06 02:06:50,NVDA,BUY,87.2,3102.73342145,3113.32321906,923.43035142,-266317.85117856
2025-03-06 02:07:00,AMZN,SELL,137.6,3282.828471,3264.61980579,2505.51233219,-263812.33884637
2025-03-06 02:07:30,AMZN,BUY,229.9,2542.03051782,2496.39229408,-10492.22763824,-274304.56648461
2025-03-06 02:08:00,AAPL,SELL,180.8,1730.60118805,1740.99631557,-1879.43905627,-276184.00554087
2025-03-06 02:08:10,AMZN,SELL,227.5,1998.21920906,1966.74834134,7159.62240603,-269024.38313485
2025-03-06 02:08:40,AAPL,BUY,108.8,2537.89280714,2526.66425556,-1221.66641157,-270246.04954641
2025-03-06 02:09:00,NVDA,SELL,181.8,2580.80390863,2587.00642898,-1127.6181999,-271373.66774632
2025-03-06 02:09:30,MSFT,SELL,222.7,1586.66530232,1600.09617808,-2991.05603222,-274364.72377854
2025-03-06 02:10:00,TSLA,BUY,114.7,1395.76596561,1399.72815611,454.46325024,-273910.2605283
2025-03-06 02:10:20,AMZN,SELL,205.6,1863.70388168,1878.61022635,-3064.74446321,-276975.00499151
2025-03-06 02:10:30,TSLA,SELL,59.0,1879.69161012,1876.5029868,188.12877584,-276786.87621566
2025-03-06 02:11:30,AAPL,BUY,162.7,858.383446,851.49354229,-1120.98733345,-277907.86354912
2025-03-06 02:12:30,TSLA,SELL,129.6,3419.27529504,3438.63891129,-2509.52466665,-280417.38821577
2025-03-06 02:12:50,MSFT,SELL,54.7,1910.43270333,1914.02314075,-196.39692728,-280613.78514305
2025-03-06 02:13:20,TSLA,SELL,283.3,764.5572146,766.47197199,-542.45076771,-281156.23591076
2025-03-06 02:13:30,AAPL,SELL,223.0,1173.85519691,1179.2103499,-1194.19911559,-282350.43502635
2025-03-06 02:13:40,MSFT,BUY,266.1,3219.7814657,3239.22966167,5175.16494637,-277175.27007998
2025-03-06 02:13:50,NVDA,BUY,95.7,3481.67914791,3509.13850457,2627.86043188,-274547.4096481
2025-03-06 02:14:10,NFLX,BUY,183.7,2592.36043203,2563.0580986,-5382.83865065,-279930.24829875
2025-03-06 02:15:10,AAPL,SELL,260.4,351.35644061,351.07782755,72.55084145,-279857.6974573
2025-03-06 02:16:10,MSFT,SELL,54.8,864.36243778,867.70575505,-183.21378661,-280040.91124391
2025-03-06 02:16:30,NVDA,SELL,225.0,906.81672272,920.12026616,-2993.29727542,-283034.20851933
2025-03-06 02:16:50,NVDA,BUY,192.5,1039.69479176,1043.84941878,799.76570071,-282234.44281861
2025-03-06 02:17:10,AMZN,SELL,259.4,2531.84464842,2564.74224939,-8533.63769131,-290768.08050992
2025-03-06 02:17:20,NVDA,BUY,103.3,1126.06210392,1123.25807222,-289.65647428,-291057.7369842
2025-03-06 02:18:20,NVDA,SELL,139.7,736.86673671,744.47214476,-1062.47550491,-292120.2124891
2025-03-06 02:19:20,MSFT,BUY,121.9,350.08294207,353.80137706,453.27722556,-291666.93526354
2025-03-06 02:19:50,NFLX,BUY,129.6,2036.4960599,2063.43385404,3491.13811993,-288175.79714361
2025-03-06 02:20:20,AAPL,SELL,119.1,131.50722015,130.8368545,79.84054864,-288095.95659497
2025-03-06 02:20:30,NFLX,SELL,81.9,584.06562887,583.51995025,44.69107898,-288051.26551599
2025-03-06 02:20:40,NFLX,SELL,233.5,1892.10118869,1898.67497581,-1534.97929287,-289586.24480886
2025-03-06 02:21:10,NFLX,BUY,110.3,261.32141452,261.7299747,45.06418749,-289541.18062137
2025-03-06 02:21:30,AAPL,SELL,143.7,1368.03313018,1369.99563938,-282.01257256,-289823.19319393
2025-03-06 02:21:50,MSFT,SELL,123.8,2673.44938217,2666.27690095,887.95317559,-288935.24001833
2025-03-06 02:22:00,TSLA,SELL,63.1,1416.97208756,1410.96861432,378.81916125,-288556.42085708
2025-03-06 02:22:20,TSLA,BUY,235.0,1727.51286428,1716.64615322,-2553.67709992,-291110.09795701
2025-03-06 02:23:20,AMZN,SELL,227.2,1596.50874658,1596.83118552,-73.25812742,-291183.35608442
2025-03-06 02:23:50,AMZN,SELL,65.0,297.52862357,294.71756121,182.71905318,-291000.63703125
2025-03-06 02:24:20,NVDA,BUY,195.3,3278.25469045,3265.11567461,-2566.04979334,-293566.68682458
2025-03-06 02:24:50,MSFT,SELL,226.2,1076.90635798,1068.71458689,1852.97862033,-291713.70820425
2025-03-06 02:25:20,NFLX,BUY,210.7,906.58958147,904.2450519,-493.99238074,-292207.70058499
2025-03-06 02:25:40,MSFT,BUY,118.2,276.37876039,275.03594232,-158.72109578,-292366.42168077
2025-03-06 02:26:10,NFLX,SELL,256.5,2421.39220072,2409.91008037,2945.16386911,-289421.25781166
2025-03-06 02:26:40,TSLA,BUY,211.4,2533.94646742,2527.75045959,-1309.83605522,-290731.09386688
2025-03-06 02:27:00,AMZN,BUY,154.5,1366.33558791,1353.35642562,-2005.28057435,-292736.37444122
2025-03-06 02:27:30,MSFT,SELL,87.4,801.94667715,806.99928385,-441.59782569,-293177.97226692
2025-03-06 02:28:00,AMZN,SELL,60.8,1432.69617199,1432.89003546,-11.78689919,-293189.75916611
2025-03-06 02:29:00,MSFT,BUY,122.8,2500.96896582,2485.24456237,-1930.95674474,-295120.71591085
2025-03-06 02:29:10,AMZN,BUY,254.7,2560.97278129,2537.61811761,-5948.43283922,-301069.14875007
2025-03-06 02:29:20,AMZN,BUY,130.6,2099.39062895,2086.93548786,-1626.64142715,-302695.79017722
2025-03-06 02:29:40,NFLX,BUY,209.5,3273.223564,3263.42734196,-2052.30851742,-304748.09869464
2025-03-06 02:30:10,MSFT,BUY,215.6,191.71370751,192.39694322,147.30561985,-304600.79307479
2025-03-06 02:31:10,MSFT,BUY,92.8,2884.83400434,2883.68426342,-106.6959574,-304707.4890322
2025-03-06 02:31:40,TSLA,SELL,171.4,2548.37780417,2560.33293782,-2049.10990614,-306756.59893833
2025-03-06 02:32:10,NVDA,SELL,57.6,1961.11776756,1946.63035325,834.47506438,-305922.12387396
2025-03-06 02:33:10,MSFT,BUY,208.7,2298.3990318,2291.11522654,-1520.13015818,-307442.25403213
2025-03-06 02:34:10,TSLA,BUY,84.7,2092.05650055,2076.4307763,-1323.49884445,-308765.75287658
2025-03-06 02:34:30,NFLX,BUY,56.9,2999.25948464,3054.53666016,3145.27128708,-305620.48158951
2025-03-06 02:34:50,AMZN,BUY,122.2,1472.71870811,1479.07017989,776.14985177,-304844.33173773
2025-03-06 02:35:50,MSFT,BUY,67.1,2851.67907713,2837.44545252,-955.07621083,-305799.40794857
2025-03-06 02:36:10,TSLA,BUY,90.7,2891.22033535,2872.20761213,-1724.45399559,-307523.86194416
2025-03-06 02:37:10,MSFT,BUY,218.8,2752.79344832,2764.33761959,2525.86467374,-304997.99727042
2025-03-06 02:37:20,AMZN,SELL,82.1,1611.08107323,1585.8947175,2067.79980556,-302930.19746485
2025-03-06 02:37:50,NFLX,SELL,192.4,3184.4300939,3185.53022982,-211.66615151,-303141.86361636
2025-03-06 02:38:00,MSFT,SELL,101.8,371.23814605,371.38874179,-15.33064586,-303157.19426222
2025-03-06 02:39:00,MSFT,SELL,257.7,593.88778887,594.30058906,-106.37860868,-303263.5728709
2025-03-06 02:39:30,NFLX,SELL,83.9,454.20544653,458.29631939,-343.22423301,-303606.79710392
2025-03-06 02:40:30,NVDA,SELL,282.3,2866.06596229,2864.14200892,543.1320355,-303063.66506841
2025-03-06 02:40:50,MSFT,BUY,172.9,2915.11471467,2914.41012615,-121.8233543,-303185.48842271
2025-03-06 02:41:00,AMZN,BUY,152.9,2282.32664779,2260.84754656,-3284.15457905,-306469.64300175
2025-03-06 02:42:00,AAPL,SELL,223.9,2719.81065993,2705.575818,3187.18110714,-303282.46189461
2025-03-06 02:42:10,AMZN,BUY,130.3,1326.47854729,1329.4269675,384.1791534,-302898.28274121
2025-03-06 02:42:40,MSFT,SELL,256.9,1578.33089525,1607.93305166,-7604.79398147,-310503.07672268
2025-03-06 02:43:00,MSFT,BUY,146.1,1813.25389497,1818.50938369,767.8269024,-309735.24982028
2025-03-06 02:43:30,MSFT,SELL,73.1,2059.24405041,2052.93954887,460.85906251,-309274.39075777
2025-03-06 02:44:30,MSFT,BUY,156.3,2306.25455319,2334.23854995,4373.89869401,-304900.49206376
2025-03-06 02:44:50,AAPL,SELL,190.1,292.40888185,293.94791782,-292.57073896,-305193.06280272
2025-03-06 02:45:50,TSLA,BUY,174.2,2668.15592641,2686.6975622,3229.95295498,-301963.10984774
2025-03-06 02:46:50,AAPL,BUY,74.6,773.53854491,774.79905554,94.03409297,-301869.07575477
2025-03-06 02:47:00,NFLX,BUY,255.7,2448.18828467,2455.94958092,1984.56344985,-299884.51230492
2025-03-06 02:47:30,AAPL,BUY,225.2,2932.92562178,2955.93297463,5181.2558615,-294703.25644342
2025-03-06 02:47:50,MSFT,SELL,240.5,397.08151408,395.34019132,418.78812558,-294284.46831784
2025-03-06 02:48:00,TSLA,BUY,128.6,1441.8121318,1434.11505112,-989.84457528,-295274.31289312
2025-03-06 02:49:00,AMZN,SELL,92.3,1193.61591023,1208.53366659,-1376.90891239,-296651.22180551
2025-03-06 02:49:10,AAPL,BUY,255.1,3031.64105536,3027.81968502,-974.83157521,-297626.05338072
2025-03-06 02:50:10,TSLA,BUY,232.6,1515.95624458,1513.25757469,-627.71061804,-298253.76399876
2025-03-06 02:51:10,TSLA,BUY,212.2,2398.30318633,2396.2656,-432.37582001,-298686.13981877
2025-03-06 02:52:10,MSFT,BUY,204.0,2825.53994457,2829.55585051,819.24481113,-297866.89500764
2025-03-06 02:52:30,NFLX,SELL,251.9,2232.65947926,2229.57656505,776.58609091,-297090.30891673
2025-03-06 02:53:00,AMZN,BUY,124.5,2731.96420928,2727.40745403,-567.31602821,-297657.62494495
2025-03-06 02:53:20,NVDA,BUY,276.7,1662.40972829,1658.01001435,-1217.40084725,-298875.0257922
2025-03-06 02:54:20,NVDA,SELL,229.6,3064.86377013,3045.66685911,4407.61077063,-294467.41502157
2025-03-06 02:55:20,MSFT,BUY,278.6,2823.69869005,2832.39230634,2422.04149642,-292045.37352516
2025-03-06 02:55:40,NVDA,SELL,226.5,1303.95511857,1308.64840656,-1063.02972926,-293108.40325442
2025-03-06 02:55:50,AMZN,SELL,87.7,172.94840178,171.80076082,100.6481115,-293007.75514292
2025-03-06 02:56:10,AAPL,BUY,228.0,2513.59691847,2506.47193013,-1624.4973417,-294632.25248462
2025-03-06 02:56:30,NVDA,SELL,243.5,2394.68750998,2437.01847107,-10307.5890232,-304939.84150782
2025-03-06 02:57:00,AAPL,SELL,272.2,3386.03764072,3403.66158459,-4797.23752128,-309737.0790291
2025-03-06 02:58:00,AAPL,SELL,80.2,2052.12885447,2068.28201288,-1295.48330437,-311032.56233347
2025-03-06 02:58:20,AAPL,SELL,255.1,662.89326313,665.35814036,-628.79017954,-311661.352513
2025-03-06 02:58:40,NVDA,SELL,56.5,1592.05645123,1607.74386609,-886.33893935,-312547.69145235
2025-03-06 02:59:10,NVDA,SELL,155.2,1212.4016046,1219.9566336,-1172.54050147,-313720.23195382
2025-03-06 02:59:30,AAPL,SELL,179.7,469.61195932,469.51528014,17.3732491,-313702.85870472
2025-03-06 02:59:40,AMZN,BUY,297.5,1350.93580966,1348.93098278,-596.43599728,-314299.294702
2025-03-06 02:59:50,TSLA,BUY,178.5,3498.96507181,3529.66061874,5479.15512708,-308820.13957492
2025-03-06 03:00:20,AAPL,BUY,189.0,668.20050841,671.54108579,631.3691238,-308188.77045112
2025-03-06 03:01:20,AMZN,BUY,246.5,3287.29659461,3254.2869267,-8136.88313974,-316325.65359086
2025-03-06 03:01:50,AMZN,BUY,124.2,1028.75654742,1027.31443677,-179.11014318,-316504.76373404
2025-03-06 03:02:00,NFLX,SELL,174.9,414.9243189,413.75438932,204.62068419,-316300.14304985
2025-03-06 03:03:00,AMZN,BUY,237.8,2508.38007029,2504.89214748,-829.42804505,-317129.5710949
2025-03-06 03:03:20,NFLX,SELL,76.1,1079.78400626,1075.65174442,314.46512584,-316815.10596906
2025-03-06 03:03:50,AMZN,SELL,124.8,1332.40245717,1341.57066936,-1144.19288131,-317959.29885037
2025-03-06 03:04:20,AMZN,SELL,236.7,1646.46185097,1650.43723292,-940.97290894,-318900.27175931
2025-03-06 03:04:30,TSLA,SELL,273.7,596.43524818,594.71029433,472.11986891,-318428.1518904
2025-03-06 03:05:30,NVDA,BUY,127.4,461.9769322,460.46941305,-192.05793977,-318620.20983018
2025-03-06 03:05:40,TSLA,BUY,297.0,1978.19551883,1970.12583417,-2396.69634408,-321016.90617425
2025-03-06 03:06:10,TSLA,SELL,205.8,2057.87659687,2078.47427741,-4239.00265482,-325255.90882908
2025-03-06 03:06:30,AAPL,SELL,234.1,2897.27255224,2940.30088604,-10072.93294324,-335328.84177231
2025-03-06 03:07:30,AMZN,BUY,83.3,2636.11987727,2652.15422016,1335.6607628,-333993.18100952
2025-03-06 03:07:50,AMZN,BUY,222.1,781.54856844,779.76707025,-395.6707474,-334388.85175692
2025-03-06 03:08:00,AMZN,BUY,104.0,3431.6270964,3461.8361716,3141.74382087,-331247.10793604
2025-03-06 03:08:10,MSFT,BUY,144.6,1516.77755895,1514.63699687,-309.52527698,-331556.63321303
2025-03-06 03:08:40,NVDA,SELL,96.8,1700.68864534,1705.50063632,-465.80072661,-332022.43393964
2025-03-06 03:09:00,TSLA,BUY,264.4,1872.30521111,1886.3713001,3719.07392708,-328303.36001256
2025-03-06 03:09:20,AAPL,SELL,68.2,3198.4593794,3183.30855568,1033.28617773,-327270.07383483
2025-03-06 03:09:50,MSFT,SELL,113.8,2671.84342349,2679.73638101,-898.21856604,-328168.29240087
2025-03-06 03:10:20,TSLA,SELL,148.7,2499.04889518,2475.34599603,3524.62110314,-324643.67129773
2025-03-06 03:11:20,AMZN,BUY,277.2,233.19060408,231.46582336,-478.10921586,-325121.78051359
2025-03-06 03:11:50,AMZN,SELL,56.9,1789.33710953,1802.71174232,-761.01660588,-325882.79711946
2025-03-06 03:12:20,TSLA,BUY,180.6,1253.56145814,1238.89260953,-2649.19405839,-328531.99117785
2025-03-06 03:12:50,NFLX,SELL,124.7,2740.94104503,2742.83411474,-236.06579382,-328768.05697167
2025-03-06 03:13:20,AAPL,SELL,117.9,2073.39407881,2050.56648737,2691.37303032,-326076.68394136
2025-03-06 03:13:50,MSFT,BUY,156.4,2252.22649461,2245.88233304,-992.2268701,-327068.91081145
2025-03-06 03:14:50,AMZN,BUY,57.0,154.79883526,153.14002065,-94.55243296,-327163.46324441
2025-03-06 03:15:20,TSLA,BUY,152.0,2089.14296369,2087.10296246,-310.08018693,-327473.54343134
2025-03-06 03:15:30,NFLX,BUY,288.1,2325.02744084,2352.44998516,7900.43501911,-319573.10841223
2025-03-06 03:16:30,MSFT,BUY,280.4,2660.33938747,2663.47693729,879.76896956,-318693.33944267
2025-03-06 03:17:00,AAPL,BUY,256.8,827.66074861,826.24189106,-364.36261776,-319057.70206044
2025-03-06 03:17:30,NVDA,SELL,288.0,1166.97506164,1174.54018406,-2178.75525808,-321236.45731852
2025-03-06 03:18:30,AAPL,SELL,145.2,2233.95159527,2222.13034356,1716.44574873,-319520.01156979
2025-03-06 03:18:50,AMZN,SELL,186.0,699.78579264,705.31262938,-1027.991635,-320548.00320479
2025-03-06 03:19:20,TSLA,BUY,256.4,2025.1209527,2046.75483958,5546.92859811,-315001.07460668
2025-03-06 03:20:20,NFLX,BUY,193.8,1158.49710978,1156.80655016,-327.63045453,-315328.70506121
2025-03-06 03:20:40,AAPL,BUY,146.4,808.80744826,806.38242451,-355.02347776,-315683.72853897
2025-03-06 03:21:40,NFLX,SELL,120.7,2854.81417386,2865.58965259,-1300.6002828,-316984.32882177
2025-03-06 03:21:50,NFLX,SELL,77.5,217.26504691,215.77615102,115.38943143,-316868.93939034
2025-03-06 03:22:10,MSFT,BUY,224.8,2324.09501362,2340.55400562,3699.98140099,-313168.95798935
2025-03-06 03:23:10,AMZN,SELL,168.7,1273.40277908,1279.33344365,-1000.50311335,-314169.46110269
2025-03-06 03:23:20,NFLX,SELL,95.8,1187.826132,1186.63607546,114.00741598,-314055.45368672
2025-03-06 03:24:20,AMZN,BUY,217.4,1343.01566578,1348.04723825,1093.86385591,-312961.5898308
2025-03-06 03:24:30,NVDA,SELL,122.1,3097.96524858,3103.36706341,-659.56159076,-313621.15142156
2025-03-06 03:24:50,TSLA,BUY,236.8,1647.55504649,1644.3498145,-758.99893421,-314380.15035577
2025-03-06 03:25:10,TSLA,BUY,274.9,1611.1008762,1619.11855071,2204.05872222,-312176.09163355
2025-03-06 03:25:30,MSFT,BUY,170.1,1318.84516874,1310.63658238,-1396.28054024,-313572.37217379
2025-03-06 03:25:40,TSLA,SELL,278.2,1300.05967336,1288.21028808,3296.49898545,-310275.87318834
2025-03-06 03:26:40,TSLA,SELL,243.5,3496.37470616,3488.45830949,1927.64258749,-308348.23060085
2025-03-06 03:27:40,MSFT,BUY,147.3,2471.45939243,2471.28033493,-26.3751701,-308374.60577096
2025-03-06 03:27:50,AMZN,BUY,201.7,2252.15399878,2264.46728558,2483.58994782,-305891.01582313
2025-03-06 03:28:20,NFLX,SELL,228.0,178.69757421,178.65543287,9.60822579,-305881.40759734
2025-03-06 03:28:50,AMZN,BUY,228.4,1493.45555222,1483.04665712,-2377.39163972,-308258.79923706
2025-03-06 03:29:20,AAPL,BUY,232.1,667.7536,664.54030817,-745.80503502,-309004.60427208
2025-03-06 03:29:40,NVDA,BUY,168.7,914.47458692,917.99419963,593.75866433,-308410.84560775
2025-03-06 03:30:40,AMZN,SELL,132.8,2549.9508114,2519.00249971,4109.93579337,-304300.90981438
2025-03-06 03:31:40,NVDA,BUY,256.2,2150.27088418,2155.01289517,1214.90321541,-303086.00659897
2025-03-06 03:32:40,AAPL,BUY,80.7,1198.69281108,1193.60115098,-410.89696976,-303496.90356873
2025-03-06 03:33:40,AMZN,BUY,106.6,1955.22430589,1955.98811231,81.42176404,-303415.48180468
2025-03-06 03:34:40,AAPL,SELL,232.5,2102.40206586,2086.70265147,3650.113847,-299765.36795768
2025-03-06 03:35:40,MSFT,SELL,260.4,981.48647606,981.47603243,2.71952094,-299762.64843674
2025-03-06 03:36:10,TSLA,BUY,181.2,2685.8066409,2699.28665437,2442.578441,-297320.06999574
2025-03-06 03:37:10,AMZN,SELL,131.5,336.1879,337.89372514,-224.31600603,-297544.38600177
2025-03-06 03:37:40,AAPL,SELL,213.3,1066.77334661,1055.98061059,2302.09059381,-295242.29540796
2025-03-06 03:37:50,TSLA,SELL,246.3,815.36574896,818.47447208,-765.67850436,-296007.97391232
2025-03-06 03:38:00,TSLA,SELL,102.1,329.20973229,331.59938131,-243.98316565,-296251.95707796
2025-03-06 03:38:30,NFLX,BUY,80.5,3021.82942535,3025.53832681,298.56656788,-295953.39051009
2025-03-06 03:39:00,NVDA,SELL,105.5,1032.20329489,1022.2972733,1045.08527788,-294908.30523221
2025-03-06 03:40:00,TSLA,BUY,143.1,2057.76566828,2059.57827316,259.38375808,-294648.92147412
2025-03-06 03:40:20,AAPL,SELL,233.6,1415.84217115,1402.98045647,3004.49654827,-291644.42492585
2025-03-06 03:41:20,TSLA,BUY,205.2,449.36850389,442.11296353,-1488.8368828,-293133.26180865
2025-03-06 03:41:30,NVDA,SELL,57.6,889.77813923,880.06574418,559.43395502,-292573.82785363
2025-03-06 03:42:30,NFLX,BUY,131.6,2982.14326084,2990.41055275,1087.97561504,-291485.85223859
2025-03-06 03:43:00,AMZN,SELL,149.3,2020.96701348,2023.23381296,-338.4331625,-291824.28540109
2025-03-06 03:43:20,NVDA,BUY,283.5,1012.13012559,1021.29940194,2599.48984698,-289224.79555411
2025-03-06 03:43:30,NFLX,SELL,261.3,1548.93830549,1564.39666918,-4039.27043191,-293264.06598602
2025-03-06 03:44:30,NVDA,BUY,120.8,2526.48543583,2498.89511448,-3332.91081984,-296596.97680586
2025-03-06 03:44:40,NFLX,BUY,251.9,122.40655362,124.31340951,480.33699899,-296116.63980686
2025-03-06 03:45:10,MSFT,SELL,177.5,517.62318633,512.52203652,905.45409112,-295211.18571575
2025-03-06 03:45:40,AMZN,SELL,299.3,1723.04060361,1705.42968371,5270.94832538,-289940.23739037
2025-03-06 03:46:40,AAPL,BUY,95.6,1488.49091415,1472.201639,-1557.25470402,-291497.49209439
2025-03-06 03:46:50,MSFT,SELL,62.5,458.86706482,461.03035434,-135.20559499,-291632.69768939
2025-03-06 03:47:00,AAPL,SELL,157.8,177.79633167,175.96416077,289.11656813,-291343.58112126
2025-03-06 03:47:20,NVDA,BUY,82.3,2765.66478282,2759.02374464,-546.55744248,-291890.13856373
2025-03-06 03:47:30,AAPL,BUY,196.9,3212.07845497,3199.62647197,-2451.79545298,-294341.93401671
2025-03-06 03:48:00,AMZN,SELL,232.1,1066.51355618,1050.64032348,3684.17730907,-290657.75670764
2025-03-06 03:49:00,NFLX,BUY,83.1,1751.31275045,1755.54771207,351.92531124,-290305.8313964
2025-03-06 03:49:10,MSFT,BUY,84.4,906.07677677,902.22894845,-324.75670985,-290630.58810626
2025-03-06 03:50:10,AAPL,SELL,250.7,1798.05382979,1784.13023547,3490.64509723,-287139.94300903
2025-03-06 03:50:40,NVDA,BUY,87.0,2935.19628489,2912.70602768,-1956.65237704,-289096.59538607
2025-03-06 03:51:10,AMZN,BUY,288.8,2196.87381207,2182.07789593,-4273.06058172,-293369.65596779
2025-03-06 03:52:10,MSFT,BUY,296.5,3327.41816814,3316.13312828,-3346.01431822,-296715.67028601
2025-03-06 03:52:30,AMZN,BUY,217.4,898.97626984,895.62665985,-728.20521046,-297443.87549647
2025-03-06 03:52:50,NFLX,BUY,52.8,738.11415669,741.64212304,186.27662317,-297257.59887329
2025-03-06 03:53:20,NVDA,BUY,274.9,1500.6723536,1495.73566006,-1357.09705357,-298614.69592686
2025-03-06 03:53:40,AMZN,BUY,203.0,2754.12345356,2724.99324531,-5913.43227418,-304528.12820104
2025-03-06 03:53:50,TSLA,BUY,198.0,1847.08912797,1846.33729396,-148.8631342,-304676.99133524
2025-03-06 03:54:10,MSFT,SELL,72.1,3473.01518443,3447.45905462,1842.59695932,-302834.39437593
2025-03-06 03:54:40,NFLX,SELL,123.9,1865.43870396,1900.51401246,-4345.83072282,-307180.22509874
2025-03-06 03:54:50,NVDA,BUY,263.1,2063.40785361,2084.38548509,5519.21484268,-301661.01025607
2025-03-06 03:55:10,NFLX,BUY,179.1,1425.14120989,1433.8346919,1557.00262853,-300104.00762754
2025-03-06 03:55:20,TSLA,BUY,52.7,1003.17146569,998.52204227,-245.02461458,-300349.03224212
2025-03-06 03:56:20,AMZN,BUY,296.4,626.42648186,622.90983711,-1042.333502,-301391.36574412
2025-03-06 03:56:30,AAPL,SELL,127.6,503.77993233,502.4771294,166.23765355,-301225.12809057
2025-03-06 03:57:00,MSFT,BUY,177.9,227.9931398,228.17612336,32.55277628,-301192.57531429
2025-03-06 03:57:10,AMZN,SELL,157.5,578.59834358,571.71451462,1084.20306133,-300108.37225296
2025-03-06 03:57:30,NFLX,BUY,65.5,2132.91731856,2105.54776423,-1792.70580871,-301901.07806168
2025-03-06 03:57:50,TSLA,SELL,201.1,917.22337606,911.18872589,1213.56814893,-300687.50991275
2025-03-06 03:58:00,TSLA,BUY,102.0,1512.50076584,1504.25651173,-840.91391937,-301528.42383212
2025-03-06 03:59:00,NFLX,BUY,90.3,603.22906719,598.35202823,-440.39661791,-301968.82045003
2025-03-06 04:00:00,NVDA,SELL,199.1,1206.5576541,1203.89545836,530.04317209,-301438.77727794
2025-03-06 04:01:00,NFLX,BUY,35.2,2439.75205301,2439.38571209,-12.89520048,-301451.67247842
2025-03-06 04:02:00,NFLX,BUY,67.9,1955.36995016,1927.10261978,-1919.35173319,-303371.02421161
2025-03-06 04:03:00,AAPL,BUY,395.7,2483.57689174,2455.65066103,-11050.40949112,-314421.43370272
2025-03-06 04:04:00,TSLA,SELL,289.0,555.5295008,548.9726505,1894.92973531,-312526.50396741
2025-03-06 04:05:00,NVDA,BUY,148.6,502.67129465,502.72668557,8.2310912,-312518.27287621
2025-03-06 04:06:00,MSFT,BUY,36.4,1186.55198469,1177.891687,-315.23483604,-312833.50771225
2025-03-06 04:07:00,TSLA,BUY,63.6,1326.20143196,1314.5905738,-738.45057945,-313571.9582917
2025-03-06 04:08:00,TSLA,SELL,149.9,1192.02828614,1185.34226613,1002.23439872,-312569.72389298
2025-03-06 04:09:00,AAPL,BUY,45.8,2235.30465634,2228.91487586,-292.65194612,-312862.3758391
2025-03-06 04:10:00,TSLA,SELL,65.4,1916.56032503,1882.77788175,2209.37179018,-310653.00404892
2025-03-06 04:11:00,AMZN,SELL,129.8,1771.45905066,1766.07501962,698.847229,-309954.15681992
2025-03-06 04:12:00,TSLA,BUY,51.5,787.04844338,779.12984428,-407.80785328,-310361.9646732
2025-03-06 04:13:00,TSLA,SELL,32.3,1635.61543746,1642.8007757,-232.08642489,-310594.05109809
2025-03-06 04:14:00,NVDA,SELL,254.0,1588.32918391,1591.21876978,-733.95481268,-311328.00591077
2025-03-06 04:15:00,AAPL,BUY,165.1,1171.73717688,1162.01141132,-1605.72389361,-312933.72980438
2025-03-06 04:16:00,MSFT,SELL,247.6,948.12197369,941.08246437,1742.98250568,-311190.74729871
2025-03-06 04:17:00,TSLA,SELL,61.9,2074.86924239,2078.34708195,-215.27826907,-311406.02556777
2025-03-06 04:18:00,NFLX,BUY,56.0,1532.31888811,1543.38990384,619.97688062,-310786.04868716
2025-03-06 04:19:00,MSFT,SELL,51.3,1424.90429649,1435.74563564,-556.16069817,-311342.20938533
2025-03-06 04:20:00,AMZN,SELL,69.8,708.88913803,705.53977188,233.78575736,-311108.42362797
2025-03-06 04:21:00,NFLX,SELL,128.0,1742.451043,1726.51667334,2039.59931596,-309068.82431201
2025-03-06 04:22:00,TSLA,SELL,50.4,898.19749718,894.22182641,200.37380686,-308868.45050515
2025-03-06 04:23:00,MSFT,SELL,121.9,1767.90789015,1764.98793157,355.94294984,-308512.50755531
2025-03-06 04:24:00,MSFT,SELL,97.4,143.25820759,140.8285217,236.65140583,-308275.85614947
2025-03-06 04:25:00,TSLA,SELL,75.7,1899.44158204,1919.62880659,-1528.17289863,-309804.02904811
2025-03-06 04:26:00,AAPL,SELL,87.2,1724.2622843,1731.94713818,-670.11925877,-310474.14830688
2025-03-06 04:27:00,TSLA,SELL,392.2,1868.58038763,1842.62921306,10178.05066479,-300296.09764209
2025-03-06 04:28:00,AMZN,SELL,28.4,1012.26147233,1003.28874009,254.82559557,-300041.27204652
2025-03-06 04:29:00,NVDA,BUY,134.4,2105.224371,2095.97496803,-1243.11975864,-301284.39180516
2025-03-06 04:30:00,AMZN,SELL,44.3,1303.1480797,1304.62937795,-65.62151245,-301350.01331761
2025-03-06 04:31:00,TSLA,SELL,308.4,1315.303179,1302.10150117,4071.39744502,-297278.61587259
2025-03-06 04:32:00,TSLA,BUY,72.3,832.49743029,832.11405357,-27.7181367,-297306.33400929
2025-03-06 04:33:00,AMZN,SELL,139.6,1115.54445123,1111.81362794,520.82293096,-296785.51107832
2025-03-06 04:34:00,AAPL,SELL,71.8,1640.28711449,1645.07777627,-343.96951544,-297129.48059377
2025-03-06 04:35:00,NVDA,BUY,62.5,139.03617788,138.57916897,-28.56305714,-297158.0436509
2025-03-06 04:36:00,AMZN,SELL,296.2,2364.41340109,2331.64331816,9706.49856573,-287451.54508517
2025-03-06 04:37:00,NVDA,SELL,46.5,2100.09945821,2100.97992067,-40.94150416,-287492.48658933
2025-03-06 04:38:00,NVDA,SELL,44.9,695.80847565,705.52602541,-436.31798436,-287928.80457369
2025-03-06 04:39:00,NFLX,SELL,169.2,2390.38111763,2414.47187769,-4076.1566018,-292004.96117549
2025-03-06 04:40:00,TSLA,SELL,279.7,114.20209263,110.70065069,979.35331093,-291025.60786456
2025-03-06 04:41:00,MSFT,SELL,79.1,248.51250699,250.85122287,-184.99242574,-291210.6002903
2025-03-06 04:42:00,NFLX,SELL,55.7,790.14295622,784.51759388,313.33268195,-290897.26760834
2025-03-06 04:43:00,TSLA,BUY,60.1,947.51938034,936.96004126,-634.61627905,-291531.88388739
2025-03-06 04:44:00,TSLA,SELL,141.3,2449.00651773,2453.68545414,-661.133715,-292193.01760239
2025-03-06 04:45:00,MSFT,BUY,206.8,2478.87522477,2477.5138546,-281.53135118,-292474.54895357
2025-03-06 04:46:00,AAPL,SELL,387.7,1168.45010978,1153.5405532,5780.43508444,-286694.11386913
2025-03-06 04:47:00,AAPL,BUY,46.7,1754.51360401,1760.56662034,282.67586288,-286411.43800625
2025-03-06 04:48:00,AMZN,SELL,49.6,914.45858481,910.56982703,192.88238582,-286218.55562043
2025-03-06 04:49:00,TSLA,BUY,31.3,307.29851085,308.85640466,48.76207622,-286169.79354421
2025-03-06 04:50:00,NVDA,BUY,149.1,1434.44386351,1457.3533938,3415.8109666,-282753.98257762
2025-03-06 04:51:00,NFLX,SELL,59.3,806.51286131,792.37239354,838.52973883,-281915.45283879
2025-03-06 04:52:00,MSFT,SELL,60.8,1118.74360444,1124.54979701,-353.01650859,-282268.46934738
2025-03-06 04:53:00,NFLX,SELL,34.5,2101.4994992,2088.20787929,458.5608867,-281809.90846068
2025-03-06 04:54:00,NFLX,BUY,110.1,2437.03228003,2427.29139682,-1072.47124128,-282882.37970196
2025-03-06 04:55:00,AAPL,SELL,39.5,813.13268696,799.71356356,530.0553746,-282352.32432736
2025-03-06 04:56:00,MSFT,BUY,95.4,798.8273554,794.75726714,-388.2864193,-282740.61074666
2025-03-06 04:57:00,MSFT,SELL,80.8,934.96369731,943.17395225,-663.38859883,-283403.99934548
2025-03-06 04:58:00,NFLX,BUY,325.5,1646.93343991,1658.17306,3658.49633669,-279745.50300879
2025-03-06 04:59:00,MSFT,BUY,113.1,1034.46601907,1017.19658871,-1953.17257412,-281698.67558292
2025-03-06 05:00:00,AAPL,SELL,53.4,495.21980924,498.94506789,-198.92881171,-281897.60439463
2025-03-06 05:01:00,TSLA,BUY,389.6,1475.98189444,1472.11750053,-1505.56786773,-283403.17226235
2025-03-06 05:02:00,AMZN,BUY,238.1,347.86644467,353.19202436,1268.02052312,-282135.15173924
2025-03-06 05:03:00,AMZN,BUY,129.4,2048.7150609,2019.68365674,-3756.66369851,-285891.81543775
2025-03-06 05:04:00,TSLA,BUY,103.4,1708.46706089,1704.64607876,-395.08955231,-286286.90499006
2025-03-06 05:05:00,TSLA,SELL,376.5,2098.67995405,2106.59942518,-2981.68087826,-289268.58586832
2025-03-06 05:06:00,AMZN,BUY,318.7,1279.69418624,1266.13211359,-4322.23255314,-293590.81842146
2025-03-06 05:07:00,NFLX,BUY,158.9,1507.60931553,1500.88505684,-1068.48470578,-294659.30312724
2025-03-06 05:08:00,AAPL,BUY,361.9,1198.23791393,1179.55901392,-6759.89391286,-301419.1970401
2025-03-06 05:09:00,MSFT,SELL,221.7,1103.05049662,1112.08983827,-2004.02204429,-303423.21908439
2025-03-06 05:10:00,AMZN,BUY,101.1,307.88854962,307.08648595,-81.08863773,-303504.30772213
2025-03-06 05:11:00,TSLA,SELL,391.6,1122.58958047,1124.01085433,-556.5708433,-304060.87856543
2025-03-06 05:12:00,NVDA,BUY,132.4,2084.23019676,2115.16099383,4095.23753199,-299965.64103344
2025-03-06 05:13:00,TSLA,BUY,118.9,1776.142684,1775.40827576,-87.321139,-300052.96217244
2025-03-06 05:14:00,NVDA,SELL,42.9,1197.89117173,1219.58484264,-930.6584819,-300983.62065434
2025-03-06 05:15:00,TSLA,SELL,121.2,1560.62100785,1551.976482,1047.71653298,-299935.90412136
2025-03-06 05:16:00,AMZN,SELL,145.5,255.8858418,254.55096741,194.22422379,-299741.67989757
2025-03-06 05:17:00,NVDA,SELL,73.3,1942.32275717,1926.50576021,1159.38587734,-298582.29402023
2025-03-06 05:18:00,TSLA,BUY,80.7,535.51564782,527.69405684,-631.20239274,-299213.49641297
2025-03-06 05:19:00,NFLX,SELL,57.0,2305.47058113,2348.95462519,-2478.59051149,-301692.08692446
2025-03-06 05:20:00,AMZN,BUY,133.7,1687.19718568,1707.66958042,2737.15917738,-298954.92774708
2025-03-06 05:21:00,TSLA,BUY,96.7,639.56065741,635.16663992,-424.90149155,-299379.82923863
2025-03-06 05:22:00,TSLA,SELL,33.4,468.2488701,476.3054642,-269.09024289,-299648.91948153
2025-03-06 05:23:00,TSLA,SELL,375.3,372.08095896,372.60813196,-197.84802652,-299846.76750805
2025-03-06 05:24:00,MSFT,SELL,136.0,641.85343047,638.26524928,487.99264297,-299358.77486508
2025-03-06 05:25:00,NFLX,BUY,123.7,317.61916147,315.98972865,-201.56084012,-299560.3357052
2025-03-06 05:26:00,AAPL,BUY,70.5,1289.29065939,1286.37827024,-205.32343484,-299765.65914004
2025-03-06 05:27:00,AMZN,SELL,182.2,500.73454251,502.43601537,-310.00835495,-300075.66749498
2025-03-06 05:28:00,NVDA,SELL,249.6,673.51968061,673.71554599,-48.8879975,-300124.55549248
2025-03-06 05:29:00,MSFT,SELL,333.2,1706.30421987,1676.00644512,10095.21854747,-290029.33694502
2025-03-06 05:30:00,NFLX,BUY,46.7,1804.37867504,1804.38522136,0.30571309,-290029.03123193
2025-03-06 05:31:00,NFLX,BUY,31.0,577.3882989,571.56759429,-180.44184281,-290209.47307474
2025-03-06 05:32:00,NVDA,BUY,62.5,1365.02642315,1353.90345535,-695.18548763,-290904.65856238
2025-03-06 05:33:00,AAPL,BUY,327.6,2448.92112893,2470.60565484,7103.85068612,-283800.80787626
2025-03-06 05:34:00,AMZN,BUY,86.2,238.46373157,242.08374184,312.04488492,-283488.76299134
2025-03-06 05:35:00,NVDA,BUY,82.8,1294.71231288,1300.13459191,448.96470388,-283039.79828745
2025-03-06 05:36:00,AMZN,BUY,55.3,983.05266803,980.78909922,-125.17535498,-283164.97364244
2025-03-06 05:37:00,MSFT,SELL,41.7,252.21117899,252.76262274,-22.99520425,-283187.96884668
2025-03-06 05:38:00,MSFT,BUY,276.0,2157.4639265,2167.66740489,2816.16003558,-280371.8088111
2025-03-06 05:39:00,AAPL,BUY,91.6,2075.76745411,2084.42905538,793.40267673,-279578.40613437
2025-03-06 05:40:00,TSLA,SELL,39.3,525.08942968,515.55897242,374.54697015,-279203.85916422
2025-03-06 05:41:00,NVDA,BUY,84.8,1439.31577899,1451.55784537,1038.12722921,-278165.73193501
2025-03-06 05:42:00,NFLX,SELL,24.2,1545.27539127,1551.33062179,-146.53657841,-278312.26851342
2025-03-06 05:43:00,AMZN,BUY,147.6,1411.7821859,1396.36961894,-2274.89488307,-280587.1633965
2025-03-06 05:44:00,NFLX,SELL,223.9,2104.97410932,2085.74782634,4304.76475969,-276282.3986368
2025-03-06 05:45:00,AAPL,SELL,115.4,1027.32650311,1028.84090465,-174.76193722,-276457.16057402
2025-03-06 05:46:00,MSFT,SELL,83.0,1594.41180191,1599.62476252,-432.67573105,-276889.83630508
2025-03-06 05:47:00,NFLX,BUY,346.1,755.59985059,751.4019061,-1452.90858802,-278342.7448931
2025-03-06 05:48:00,AAPL,SELL,211.8,1567.86175071,1550.7288891,3628.74008936,-274714.00480374
2025-03-06 05:49:00,MSFT,BUY,80.6,1653.14243039,1687.96655947,2806.82480362,-271907.18000012
2025-03-06 05:50:00,AAPL,SELL,60.0,1646.33161773,1652.08972258,-345.48629119,-272252.66629131
2025-03-06 05:51:00,MSFT,BUY,128.0,891.94150823,897.77455241,746.62965492,-271506.03663638
2025-03-06 05:52:00,AMZN,BUY,42.7,1269.62207405,1270.90092922,54.60711575,-271451.42952063
2025-03-06 05:53:00,NVDA,BUY,125.0,2176.2899301,2164.87180389,-1427.26577605,-272878.69529668
2025-03-06 05:54:00,AAPL,BUY,38.4,1673.56247253,1667.86414592,-218.81574175,-273097.51103843
2025-03-06 05:55:00,NVDA,BUY,388.5,2151.78613696,2136.07846805,-6102.42937216,-279199.94041059
2025-03-06 05:56:00,AAPL,BUY,328.6,679.26605163,675.79499647,-1140.5887282,-280340.52913879
2025-03-06 05:57:00,MSFT,SELL,341.8,1402.99923984,1402.50602619,168.58042472,-280171.94871408
2025-03-06 05:58:00,AMZN,BUY,136.7,762.69468003,761.39321278,-177.91057316,-280349.85928723
2025-03-06 05:59:00,MSFT,BUY,128.8,483.85434266,483.15764316,-89.73489534,-280439.59418258
2025-03-06 06:00:00,AAPL,BUY,339.1,1101.53420569,1083.50741092,-6112.88610851,-286552.48029108
2025-03-06 06:01:00,NVDA,BUY,227.0,2036.59156358,2084.82857984,10949.80269152,-275602.67759956
2025-03-06 06:02:00,TSLA,SELL,33.1,2024.87855456,2048.45445365,-780.36225992,-276383.03985948
2025-03-06 06:03:00,NFLX,SELL,49.2,2257.83375074,2274.78314797,-833.91034382,-277216.95020331
2025-03-06 06:04:00,MSFT,SELL,230.0,1550.12771222,1536.69391176,3089.77410608,-274127.17609723
2025-03-06 06:05:00,TSLA,BUY,128.8,422.15999343,420.77315198,-178.62517906,-274305.80127629
2025-03-06 06:06:00,NVDA,BUY,69.7,1899.40823758,1913.75354404,999.86785984,-273305.93341644
2025-03-06 06:07:00,AMZN,BUY,68.5,2113.27415448,2117.28604662,274.81461202,-273031.11880442
2025-03-06 06:08:00,AMZN,BUY,75.6,1888.56124734,1888.56311369,0.1410961,-273030.97770832
2025-03-06 06:09:00,MSFT,BUY,30.2,1935.65691785,1955.14517702,588.54542673,-272442.43228159
2025-03-06 06:10:00,MSFT,SELL,91.5,1516.06233186,1535.83678973,-1809.36289522,-274251.79517682
2025-03-06 06:11:00,AMZN,BUY,158.2,2762.5160131,2777.39402127,2353.70089273,-271898.09428409
2025-03-06 06:12:00,NFLX,BUY,166.0,736.95017516,738.77497338,302.9165049,-271595.17777918
2025-03-06 06:13:00,AMZN,BUY,24.7,2659.98604391,2650.50253952,-234.24255844,-271829.42033762
2025-03-06 06:14:00,TSLA,BUY,160.7,2564.1086946,2541.53370291,-3627.80116386,-275457.22150148
2025-03-06 06:15:00,NFLX,SELL,193.9,1275.77086141,1277.29374021,-295.28620039,-275752.50770187
2025-03-06 06:16:00,AAPL,BUY,118.0,684.92291284,682.95079955,-232.70936797,-275985.21706984
2025-03-06 06:17:00,AMZN,BUY,102.7,2958.72160463,2976.99079575,1876.24592789,-274108.97114195
2025-03-06 06:18:00,MSFT,BUY,12.1,1597.96404339,1581.16934398,-203.2158629,-274312.18700485
2025-03-06 06:19:00,AAPL,BUY,130.4,1305.19563216,1312.02188323,890.14313901,-273422.04386584
2025-03-06 06:20:00,MSFT,SELL,35.1,2020.05716357,2036.96382283,-593.42373998,-274015.46760582
2025-03-06 06:21:00,NFLX,SELL,37.3,1385.5308023,1386.90180361,-51.13834898,-274066.6059548
2025-03-06 06:22:00,TSLA,SELL,46.4,1008.32913515,1007.8045968,24.33857979,-274042.26737501
2025-03-06 06:23:00,NFLX,BUY,19.2,1668.71510527,1662.62993049,-116.83535588,-274159.10273089
2025-03-06 06:24:00,MSFT,BUY,198.6,1851.08777946,1854.92911806,762.88984586,-273396.21288502
2025-03-06 06:25:00,AMZN,SELL,167.6,617.29631352,613.51852078,633.15806314,-272763.05482188
2025-03-06 06:26:00,MSFT,SELL,152.4,2353.76311915,2349.70827753,617.95786347,-272145.09695842
2025-03-06 06:27:00,AMZN,SELL,74.3,2213.78789083,2222.79964237,-669.57313883,-272814.67009724
2025-03-06 06:28:00,AMZN,BUY,28.8,2033.84980275,2033.97580844,3.62896398,-272811.04113327
2025-03-06 06:29:00,AAPL,BUY,162.3,943.26253631,939.40980635,-625.29807202,-273436.33920529
2025-03-06 06:30:00,AAPL,BUY,99.5,1473.98299368,1469.00797168,-495.01468878,-273931.35389407
2025-03-06 06:31:00,NFLX,SELL,152.6,1124.30101752,1133.15999472,-1351.87992022,-275283.23381429
2025-03-06 06:32:00,MSFT,BUY,7.8,2362.12106293,2360.06064478,-16.07126151,-275299.3050758
2025-03-06 06:33:00,AMZN,BUY,61.8,1119.6413594,1118.15832122,-91.65175953,-275390.95683533
2025-03-06 06:34:00,MSFT,SELL,166.5,2038.70814033,2043.53059086,-802.93801406,-276193.89484939
2025-03-06 06:35:00,TSLA,BUY,103.6,1166.66712814,1160.04543695,-686.00720699,-276879.90205639
2025-03-06 06:36:00,AAPL,BUY,72.0,1589.81882028,1580.22315503,-690.88789804,-277570.78995442
2025-03-06 06:37:00,TSLA,BUY,13.8,490.9664639,492.3653632,19.30481024,-277551.48514418
2025-03-06 06:38:00,NVDA,BUY,27.5,1441.3834885,1447.62616451,171.67359041,-277379.81155377
2025-03-06 06:39:00,AAPL,SELL,42.1,686.21173526,681.79388857,185.99134543,-277193.82020835
2025-03-06 06:40:00,NFLX,SELL,39.0,1258.18284093,1254.78606224,132.47436887,-277061.34583948
2025-03-06 06:41:00,NFLX,BUY,64.4,2270.33753217,2281.38394363,711.3888979,-276349.95694158
2025-03-06 06:42:00,AAPL,SELL,18.5,899.49367418,895.37438924,76.20677146,-276273.75017012
2025-03-06 06:43:00,NVDA,SELL,8.5,1436.63960514,1427.5171677,77.54071822,-276196.2094519
2025-03-06 06:44:00,TSLA,SELL,12.4,2294.46191164,2288.87298992,69.30262933,-276126.90682257
2025-03-06 06:45:00,NFLX,SELL,67.8,716.01478366,715.34100228,45.68237753,-276081.22444504
2025-03-06 06:46:00,NVDA,BUY,22.0,1576.42194732,1580.51291659,90.00132396,-275991.22312108
2025-03-06 06:47:00,TSLA,SELL,68.6,1908.75827757,1914.43102508,-389.15047873,-276380.37359982
2025-03-06 06:48:00,AMZN,BUY,42.6,1587.15923564,1577.86656713,-395.86767857,-276776.24127839
2025-03-06 06:49:00,NFLX,SELL,71.7,1437.78797835,1432.38297126,387.53900883,-276388.70226956
2025-03-06 06:50:00,MSFT,SELL,74.0,1525.55629358,1539.65905359,-1043.60424072,-277432.30651028
2025-03-06 06:51:00,MSFT,SELL,55.3,1656.79713391,1648.47581635,460.16886117,-276972.13764911
2025-03-06 06:52:00,AMZN,SELL,21.6,1648.10082938,1649.32332532,-26.40591233,-276998.54356144
2025-03-06 06:53:00,MSFT,BUY,32.0,1120.19276114,1115.91390926,-136.92326025,-277135.46682169
2025-03-06 06:54:00,AAPL,SELL,60.9,1976.76124858,1971.55815315,316.868512,-276818.59830969
2025-03-06 06:55:00,MSFT,SELL,71.9,1454.03086703,1462.61242759,-617.01420449,-277435.61251418
2025-03-06 06:56:00,AMZN,SELL,77.7,2485.23535085,2474.87937298,804.65948073,-276630.95303345
2025-03-06 06:57:00,NFLX,SELL,66.9,155.6464283,156.21396572,-37.96825289,-276668.92128634
2025-03-06 06:58:00,NVDA,SELL,61.0,2118.26085878,2119.52378668,-77.03860215,-276745.95988849
2025-03-06 06:59:00,MSFT,SELL,38.8,858.99626036,853.76798502,202.85708322,-276543.10280528
2025-03-06 07:00:00,TSLA,BUY,73.5,1017.84420395,1021.49305779,268.19075673,-276274.91204855
2025-03-06 07:01:00,NFLX,BUY,54.7,966.35566968,958.7658422,-415.16356316,-276690.07561171
2025-03-06 07:02:00,TSLA,SELL,74.3,1454.95153883,1451.21474557,277.6437392,-276412.43187251
2025-03-06 07:03:00,TSLA,SELL,32.7,1939.23511319,1938.03092452,39.37696972,-276373.0549028
2025-03-06 07:04:00,NVDA,BUY,42.7,497.88108695,497.2319689,-27.71734071,-276400.77224351
2025-03-06 07:05:00,AMZN,BUY,65.7,799.89253448,798.6007217,-84.87209963,-276485.64434314
2025-03-06 07:06:00,AAPL,BUY,7.7,1348.58695986,1349.42345391,6.44100417,-276479.20333897
2025-03-06 07:07:00,NVDA,SELL,67.1,578.46272699,574.29054883,279.95315457,-276199.2501844
2025-03-06 07:08:00,TSLA,BUY,40.4,1723.782177,1723.47393829,-12.45284383,-276211.70302823
2025-03-06 07:09:00,AMZN,SELL,54.6,664.17618535,664.35158183,-9.57664769,-276221.27967592
2025-03-06 07:10:00,TSLA,SELL,30.1,1475.90844993,1468.15898808,233.2588015,-275988.02087442
2025-03-06 07:11:00,NFLX,SELL,58.3,798.73256195,791.55587182,418.40103442,-275569.61984001
2025-03-06 07:12:00,AAPL,BUY,38.1,1663.26017212,1648.36000196,-567.69648329,-276137.31632329
2025-03-06 07:13:00,NFLX,SELL,11.4,780.32397134,775.82239306,51.31799241,-276085.99833088
2025-03-06 07:14:00,MSFT,BUY,29.1,743.69124525,751.17275386,217.71190032,-275868.28643057
2025-03-06 07:15:00,NVDA,BUY,75.9,1049.6851476,1052.39114852,205.38546972,-275662.90096084
2025-03-06 07:16:00,TSLA,BUY,78.9,2085.63991226,2091.34774494,450.34799822,-275212.55296262
2025-03-06 07:17:00,AMZN,SELL,14.7,1536.35029076,1546.48622348,-148.99821099,-275361.55117361
2025-03-06 07:18:00,TSLA,BUY,50.0,1833.75819734,1840.8065641,352.41833802,-275009.13283559
2025-03-06 07:19:00,NVDA,BUY,44.3,1165.71482281,1167.36915724,73.28701516,-274935.84582043
2025-03-06 07:20:00,TSLA,BUY,58.8,1056.04553153,1055.57391776,-27.73088971,-274963.57671013
2025-03-06 07:21:00,TSLA,BUY,19.8,2231.13746311,2229.62768241,-29.89365797,-274993.4703681
2025-03-06 07:22:00,MSFT,BUY,61.2,1155.14980342,1149.07282431,-371.91112127,-275365.38148938
2025-03-06 07:23:00,AAPL,SELL,46.2,1728.69725618,1734.64465165,-274.76967074,-275640.15116012
2025-03-06 07:24:00,NVDA,BUY,53.5,761.76713593,761.71850015,-2.60201386,-275642.75317397
2025-03-06 07:25:00,TSLA,SELL,46.2,107.4661063,106.93395088,24.58558017,-275618.1675938
2025-03-06 07:26:00,MSFT,SELL,27.7,1062.56230613,1077.68376186,-418.86432358,-276037.03191738
2025-03-06 07:27:00,AAPL,SELL,67.5,2416.74943891,2413.64423541,209.60123622,-275827.43068116
2025-03-06 07:28:00,AAPL,SELL,40.9,1821.1597194,1818.6512324,102.59711819,-275724.83356297
2025-03-06 07:29:00,MSFT,BUY,68.6,961.83256734,962.26681342,29.78928099,-275695.04428198
2025-03-06 07:30:00,NVDA,BUY,39.6,1021.65899674,1016.93996418,-186.87368966,-275881.91797164
2025-03-06 07:31:00,AAPL,BUY,51.0,248.49222614,247.29000007,-61.31352978,-275943.23150142
2025-03-06 07:32:00,NFLX,BUY,50.4,1175.36656731,1177.95465404,130.43957121,-275812.79193021
2025-03-06 07:33:00,NVDA,BUY,62.9,1902.42858955,1906.83940396,277.44022679,-275535.35170342
2025-03-06 07:34:00,AMZN,BUY,31.5,1298.17361666,1297.42928438,-23.44646679,-275558.79817021
2025-03-06 07:35:00,NFLX,BUY,5.6,1573.49836616,1565.00315189,-47.57319994,-275606.37137015
2025-03-06 07:36:00,AAPL,SELL,46.9,1826.37476635,1808.0762976,858.19818434,-274748.1731858
2025-03-06 07:37:00,AAPL,SELL,17.1,1346.76887618,1343.79680231,50.82246321,-274697.3507226
2025-03-06 07:38:00,AMZN,BUY,26.7,360.90817426,362.76217434,49.50180207,-274647.84892052
2025-03-06 07:39:00,AMZN,BUY,47.9,1252.29524229,1265.84142988,648.86238581,-273998.98653471
2025-03-06 07:40:00,TSLA,BUY,28.0,1442.21923129,1457.59748287,430.59104405,-273568.39549066
2025-03-06 07:41:00,AAPL,BUY,61.7,1213.59333848,1220.73186416,440.44703446,-273127.9484562
2025-03-06 07:42:00,NVDA,BUY,9.0,1502.79343355,1501.31570803,-13.29952971,-273141.24798591
2025-03-06 07:43:00,NVDA,SELL,11.6,430.93786581,430.93324705,0.05357767,-273141.19440824
2025-03-06 07:44:00,NVDA,BUY,57.8,1829.05675322,1836.48922781,429.59703126,-272711.59737698
2025-03-06 07:45:00,NVDA,BUY,47.1,937.46325279,939.78341244,109.27951907,-272602.3178579
2025-03-06 07:46:00,MSFT,BUY,78.5,1586.78939919,1590.40487087,283.8145269,-272318.50333101
2025-03-06 07:47:00,NFLX,SELL,62.3,456.9623994,457.1791178,-13.50155656,-272332.00488756
2025-03-06 07:48:00,AMZN,SELL,66.3,1618.92616005,1616.42015556,166.14809757,-272165.85678999
2025-03-06 07:49:00,AMZN,SELL,73.0,1547.04656218,1542.11906507,359.70728931,-271806.14950068
2025-03-06 07:50:00,NFLX,BUY,10.1,1222.24843484,1228.08405476,58.93976114,-271747.20973954
2025-03-06 07:51:00,AAPL,BUY,35.9,2495.05699908,2505.80930059,386.00762422,-271361.20211532
2025-03-06 07:52:00,NFLX,BUY,22.6,146.31610096,146.88996058,12.96922743,-271348.23288789
2025-03-06 07:53:00,AMZN,BUY,14.1,348.58852353,349.13064434,7.64390343,-271340.58898445
2025-03-06 07:54:00,NVDA,SELL,55.0,1784.22156467,1793.8990677,-532.26266669,-271872.85165114
2025-03-06 07:55:00,MSFT,BUY,74.4,409.06901315,407.52995078,-114.50624004,-271987.35789118
2025-03-06 07:56:00,AMZN,BUY,124.4,582.4766328,576.34749013,-762.46534817,-272749.82323935
2025-03-06 07:57:00,TSLA,BUY,306.1,1364.65894009,1356.61365075,-2462.6630648,-275212.48630415
2025-03-06 07:58:00,NFLX,SELL,298.2,1278.21178835,1273.9562084,1269.01394103,-273943.47236312
2025-03-06 07:59:00,TSLA,SELL,126.5,2437.75389814,2433.69135974,513.91110712,-273429.561256
2025-03-06 08:00:00,MSFT,BUY,78.4,276.2051778,273.07311206,-245.55395397,-273675.11520997
2025-03-06 08:01:00,NVDA,SELL,89.4,1487.17266727,1492.39566176,-466.93570777,-274142.05091774
2025-03-06 08:02:00,NVDA,SELL,142.4,599.83645248,595.07311303,678.29953751,-273463.75138023
2025-03-06 08:03:00,NVDA,SELL,115.9,685.69728122,691.95875808,-725.70516787,-274189.4565481
2025-03-06 08:04:00,AAPL,SELL,55.9,1866.56486086,1871.13564023,-255.50656706,-274444.96311516
2025-03-06 08:05:00,MSFT,BUY,228.2,929.83412277,935.25086998,1236.10171341,-273208.86140175
2025-03-06 08:06:00,AMZN,SELL,47.5,1844.10324623,1877.29622283,-1576.66638832,-274785.52779007
2025-03-06 08:07:00,NFLX,BUY,99.1,1394.79651522,1388.01058482,-672.48570257,-275458.01349264
2025-03-06 08:08:00,NVDA,SELL,159.8,1410.90999874,1420.46999828,-1527.6879255,-276985.70141814
2025-03-06 08:09:00,TSLA,SELL,296.2,1972.15058163,1927.12767347,13335.78539809,-263649.91602005
2025-03-06 08:10:00,AMZN,BUY,146.7,1123.81826845,1120.9454077,-421.44867145,-264071.36469151
2025-03-06 08:11:00,AAPL,SELL,49.7,919.15026408,916.317534,140.78668454,-263930.57800696
2025-03-06 08:12:00,AMZN,SELL,25.1,1601.06079233,1591.43628305,241.57518308,-263689.00282388
2025-03-06 08:13:00,TSLA,SELL,133.9,1740.02986019,1724.67903282,2055.47578471,-261633.52703917
2025-03-06 08:14:00,NVDA,SELL,43.7,2016.38024933,2006.14022144,447.48921876,-261186.03782042
2025-03-06 08:15:00,AAPL,BUY,124.8,845.28826085,844.92274575,-45.61628436,-261231.65410477
2025-03-06 08:16:00,NVDA,BUY,39.5,1195.99771298,1180.1254059,-626.95612977,-261858.61023454
2025-03-06 08:17:00,AMZN,BUY,246.4,1043.65949887,1040.00978342,-899.28988663,-262757.90012118
2025-03-06 08:18:00,TSLA,SELL,381.1,938.93947003,947.98809362,-3448.43045049,-266206.33057167
2025-03-06 08:19:00,MSFT,BUY,298.3,1925.74851293,1927.55830793,539.8618465,-265666.46872517
2025-03-06 08:20:00,MSFT,BUY,20.3,1292.53299593,1272.9357541,-397.82400908,-266064.29273425
2025-03-06 08:21:00,NVDA,BUY,77.8,382.62920032,386.51512115,302.32464024,-265761.96809401
2025-03-06 08:22:00,AAPL,SELL,145.0,1865.32797348,1875.88107093,-1530.19912974,-267292.16722375
2025-03-06 08:23:00,AMZN,SELL,63.4,2142.98652007,2098.80235815,2801.27586572,-264490.89135803
2025-03-06 08:24:00,MSFT,BUY,56.6,441.41738793,439.32268887,-118.55996677,-264609.4513248
2025-03-06 08:25:00,MSFT,SELL,141.9,2133.07173638,2092.35275489,5778.02347369,-258831.42785112
2025-03-06 08:26:00,NVDA,SELL,141.2,1121.94474312,1118.0729999,546.69014331,-258284.7377078
2025-03-06 08:27:00,AMZN,BUY,86.3,2378.20196712,2370.07323107,-701.50992159,-258986.24762939
2025-03-06 08:28:00,AAPL,SELL,83.4,546.17880485,548.46163841,-190.38831908,-259176.63594847
2025-03-06 08:29:00,TSLA,BUY,270.9,2173.52621596,2181.10557839,2053.24928199,-257123.38666648
2025-03-06 08:30:00,TSLA,SELL,86.3,2180.67043448,2206.10773528,-2195.23905836,-259318.62572484
2025-03-06 08:31:00,TSLA,SELL,29.6,1121.04470251,1125.79884678,-140.72267061,-259459.34839545
2025-03-06 08:32:00,AAPL,BUY,287.2,940.39925646,936.14152076,-1222.82169293,-260682.17008837
2025-03-06 08:33:00,AAPL,SELL,109.6,803.39330702,800.11009283,359.84027571,-260322.32981266
2025-03-06 08:34:00,TSLA,SELL,53.6,1884.21495541,1888.72074578,-241.51036411,-260563.84017677
2025-03-06 08:35:00,NFLX,SELL,22.6,2123.0272301,2107.31783659,355.03229331,-260208.80788346
2025-03-06 08:36:00,TSLA,SELL,142.9,660.63944978,663.57904183,-420.06770429,-260628.87558775
2025-03-06 08:37:00,AAPL,SELL,48.3,758.11009209,756.27110948,88.82285998,-260540.05272776
2025-03-06 08:38:00,NVDA,SELL,31.1,613.86018815,615.65539751,-55.83101125,-260595.88373902
2025-03-06 08:39:00,NVDA,BUY,47.1,2082.91290868,2098.43287795,730.9905525,-259864.89318652
2025-03-06 08:40:00,TSLA,SELL,103.3,1030.99031293,1033.25955236,-234.41243297,-260099.30561949
2025-03-06 08:41:00,AMZN,BUY,81.6,2113.6527,2127.3405061,1116.92497793,-258982.38064156
2025-03-06 08:42:00,NVDA,BUY,147.4,1821.52897049,1855.75464982,5044.86513307,-253937.5155085
2025-03-06 08:43:00,AMZN,BUY,73.3,2206.88561659,2211.49844479,338.12030713,-253599.39520136
2025-03-06 08:44:00,TSLA,BUY,88.5,1104.86217974,1103.73011584,-100.18765443,-253699.5828558
2025-03-06 08:45:00,TSLA,SELL,140.6,798.60943599,794.97464883,511.05107388,-253188.53178192
2025-03-06 08:46:00,MSFT,SELL,79.7,310.56471701,312.30722202,-138.87764951,-253327.40943143
2025-03-06 08:47:00,TSLA,BUY,67.7,773.75424912,784.50585843,727.88395048,-252599.52548095
2025-03-06 08:48:00,AAPL,SELL,122.2,316.32367541,319.3408956,-368.70430694,-252968.22978788
2025-03-06 08:49:00,MSFT,BUY,80.4,958.22746528,946.66860254,-929.33256407,-253897.56235195
2025-03-06 08:50:00,AMZN,BUY,340.6,1432.0059337,1424.60117963,-2522.05923893,-256419.62159089
2025-03-06 08:51:00,NVDA,BUY,122.7,412.19577254,406.87826435,-652.45825555,-257072.07984644
2025-03-06 08:52:00,TSLA,SELL,156.7,1551.21845481,1534.20651284,2665.77130626,-254406.30854018
2025-03-06 08:53:00,TSLA,BUY,35.6,228.22270587,228.20811076,-0.51958606,-254406.82812624
2025-03-06 08:54:00,TSLA,BUY,106.9,1231.20937677,1219.32451266,-1270.49197323,-255677.32009947
2025-03-06 08:55:00,NVDA,BUY,221.5,1620.37348441,1624.32406005,875.05250309,-254802.26759638
2025-03-06 08:56:00,TSLA,BUY,124.2,1215.38508232,1204.35468651,-1369.9751592,-256172.24275558
2025-03-06 08:57:00,NVDA,BUY,47.6,2196.28752056,2185.67521551,-505.14572011,-256677.3884757
2025-03-06 08:58:00,AMZN,BUY,312.0,805.67168933,812.1961686,2035.63753102,-254641.75094468
2025-03-06 08:59:00,AAPL,SELL,65.8,541.27993948,543.74772702,-162.38042016,-254804.13136484
2025-03-06 09:00:00,TSLA,BUY,90.3,402.1197735,405.42243452,298.23029077,-254505.90107407
2025-03-06 09:01:00,AMZN,SELL,27.8,100.82648316,99.70580235,31.15492651,-254474.74614756
2025-03-06 09:02:00,TSLA,SELL,144.6,1138.14472125,1131.26392625,994.96295642,-253479.78319114
2025-03-06 09:03:00,AAPL,SELL,107.9,834.29474085,832.68832004,173.33280487,-253306.45038627
2025-03-06 09:04:00,TSLA,SELL,59.0,424.39314344,423.82125068,33.74167306,-253272.70871321
2025-03-06 09:05:00,AAPL,BUY,31.9,601.40962647,597.10225372,-137.40519056,-253410.11390377
2025-03-06 09:06:00,TSLA,BUY,65.7,1086.91794276,1101.85197265,981.16576421,-252428.94813956
2025-03-06 09:07:00,AAPL,SELL,122.8,370.16496742,370.61677372,-55.48181305,-252484.42995261
2025-03-06 09:08:00,NVDA,BUY,77.6,163.0959517,163.70631494,47.36418747,-252437.06576514
2025-03-06 09:09:00,TSLA,BUY,40.6,1477.41526449,1477.27827808,-5.56164799,-252442.62741313
2025-03-06 09:10:00,AAPL,BUY,71.5,1342.10033283,1323.73474773,-1313.13933411,-253755.76674725
2025-03-06 09:11:00,MSFT,BUY,145.0,1301.98490155,1299.5573562,-351.99407558,-254107.76082282
2025-03-06 09:12:00,TSLA,BUY,278.2,1885.70339366,1857.65880002,-7802.00595112,-261909.76677394
2025-03-06 09:13:00,MSFT,BUY,289.7,209.54175887,211.17183798,472.23391843,-261437.53285552
2025-03-06 09:14:00,MSFT,SELL,138.0,996.25662724,1001.6939714,-750.35349444,-262187.88634995
2025-03-06 09:15:00,MSFT,BUY,33.1,2184.95871198,2163.26113808,-718.18969612,-262906.07604608
2025-03-06 09:16:00,AAPL,BUY,107.2,673.03940023,668.53207334,-483.18544228,-263389.26148835
2025-03-06 09:17:00,NFLX,SELL,336.4,1283.70745497,1293.32550532,-3235.51213626,-266624.77362461
2025-03-06 09:18:00,AAPL,SELL,228.8,1287.8647905,1286.9527698,208.67033422,-266416.1032904
2025-03-06 09:19:00,TSLA,SELL,119.4,399.38338753,398.14731176,147.58744633,-266268.51584407
2025-03-06 09:20:00,NFLX,SELL,107.6,718.57053716,725.85083398,-783.35993817,-267051.87578223
2025-03-06 09:21:00,AMZN,BUY,54.7,740.68481809,750.27721194,524.70394346,-266527.17183877
2025-03-06 09:22:00,NFLX,SELL,21.7,2171.31530426,2177.16973014,-127.04104154,-266654.21288031
2025-03-06 09:23:00,MSFT,SELL,66.6,2060.91101057,2036.82929903,1603.84198858,-265050.37089173
2025-03-06 09:24:00,NFLX,SELL,92.4,1668.26430067,1669.16025423,-82.78610972,-265133.15700145
2025-03-06 09:25:00,MSFT,BUY,149.0,2053.36833345,2040.02648642,-1987.9352075,-267121.09220895
2025-03-06 09:26:00,AAPL,SELL,298.0,171.13617436,170.75470944,113.67654783,-267007.41566113
2025-03-06 09:27:00,NVDA,BUY,35.9,1574.4662649,1572.55449542,-68.63252445,-267076.04818558
2025-03-06 09:28:00,NFLX,BUY,54.0,1008.56044045,1006.47281225,-112.73192279,-267188.78010837
2025-03-06 09:29:00,AMZN,SELL,265.8,962.10287797,941.57547039,5456.18493564,-261732.59517272
2025-03-06 09:30:00,MSFT,BUY,102.6,672.75925656,669.63478213,-320.57107676,-262053.16624949
2025-03-06 09:31:00,NVDA,SELL,104.3,1318.90531805,1323.74857027,-505.15120667,-262558.31745616
2025-03-06 09:32:00,AMZN,SELL,209.7,1455.10271491,1450.61042629,942.03292357,-261616.28453259
2025-03-06 09:33:00,TSLA,SELL,89.2,987.77495679,987.40865022,32.67454636,-261583.60998623
2025-03-06 09:34:00,NFLX,BUY,86.0,149.47158121,150.96577598,128.50075083,-261455.1092354
2025-03-06 09:35:00,NVDA,SELL,148.8,372.09779538,374.16071444,-306.96235607,-261762.07159147
2025-03-06 09:36:00,NFLX,BUY,67.2,1554.8024832,1559.53798523,318.2257362,-261443.84585527
2025-03-06 09:37:00,AAPL,SELL,87.7,2216.1079532,2183.03215556,2900.74745303,-258543.09840224
2025-03-06 09:38:00,AMZN,SELL,66.5,1687.53293345,1662.87190267,1639.95854722,-256903.13985502
2025-03-06 09:39:00,AMZN,SELL,66.7,1793.52950648,1778.96417339,971.50771746,-255931.63213756
2025-03-06 09:40:00,AAPL,SELL,68.0,557.7193697,559.39637491,-114.03635409,-256045.66849165
2025-03-06 09:41:00,NFLX,SELL,137.9,903.13802671,907.60912794,-616.56485955,-256662.2333512
2025-03-06 09:42:00,AMZN,BUY,114.9,279.59832428,279.95923223,41.4683237,-256620.7650275
2025-03-06 09:43:00,AAPL,BUY,104.2,1542.02171117,1531.45562764,-1100.98590464,-257721.75093214
2025-03-06 09:44:00,AAPL,SELL,118.4,1752.07852999,1758.52197356,-762.90371878,-258484.65465092
2025-03-06 09:45:00,MSFT,BUY,383.1,1492.11678241,1473.91405831,-6973.46360133,-265458.11825226
2025-03-06 09:46:00,NFLX,BUY,117.6,657.68253818,664.50288812,802.07315343,-264656.04509883
2025-03-06 09:47:00,NFLX,BUY,94.2,779.67041394,784.55643116,460.26282207,-264195.78227676
2025-03-06 09:48:00,TSLA,BUY,144.8,242.88655728,242.44911742,-63.34129212,-264259.12356888
2025-03-06 09:49:00,NFLX,BUY,116.8,333.1833843,331.17727703,-234.3133286,-264493.43689748
2025-03-06 09:50:00,AMZN,SELL,178.1,2257.2979855,2246.26150708,1965.5968074,-262527.84009008
2025-03-06 09:51:00,AMZN,SELL,58.1,1027.75473206,1027.85167385,-5.63231797,-262533.47240805
2025-03-06 09:52:00,AMZN,BUY,103.8,648.68583146,655.30990349,687.57867755,-261845.89373049
2025-03-06 09:53:00,TSLA,BUY,142.5,2344.82634078,2363.04468991,2596.11475131,-259249.77897918
2025-03-06 09:54:00,TSLA,SELL,84.4,1423.96557717,1438.47284192,-1224.41314542,-260474.1921246
2025-03-06 09:55:00,MSFT,SELL,141.3,1391.70132875,1378.41960547,1876.70750037,-258597.48462424
2025-03-06 09:56:00,TSLA,BUY,60.3,672.70227691,678.05297774,322.64725993,-258274.83736431
2025-03-06 09:57:00,TSLA,SELL,79.2,337.69679642,335.54178121,170.67720439,-258104.16015991
2025-03-06 09:58:00,NFLX,SELL,29.5,1126.19376874,1129.00209128,-82.84551505,-258187.00567496
2025-03-06 09:59:00,MSFT,SELL,86.3,256.25126201,250.02557803,537.27652763,-257649.72914733
2025-03-06 10:00:00,TSLA,SELL,147.3,2402.17097124,2430.08723398,-4112.06550221,-261761.79464954
2025-03-06 10:01:00,AAPL,SELL,149.6,785.2195994,805.23074328,-2993.66712521,-264755.46177475
2025-03-06 10:02:00,TSLA,SELL,235.9,758.15001046,758.18935293,-9.28088945,-264764.7426642
2025-03-06 10:03:00,AAPL,BUY,271.7,1446.43468727,1442.31399161,-1119.59301052,-265884.33567473
2025-03-06 10:04:00,NFLX,BUY,344.5,787.62708616,791.64390482,1383.79402989,-264500.54164484
2025-03-06 10:05:00,NVDA,BUY,90.3,663.07829662,663.99669801,82.9316455,-264417.60999934
2025-03-06 10:06:00,MSFT,BUY,133.6,1391.17940928,1388.52563421,-354.54434883,-264772.15434817
2025-03-06 10:07:00,TSLA,BUY,22.8,537.9176195,534.4741891,-78.51021307,-264850.66456124
2025-03-06 10:08:00,TSLA,SELL,392.9,452.87425725,449.18670665,1448.8386318,-263401.82592944
2025-03-06 10:09:00,NVDA,SELL,61.4,1496.5963723,1499.37304831,-170.48790665,-263572.31383609
2025-03-06 10:10:00,MSFT,BUY,77.2,1019.56757435,1035.26591526,1211.91191882,-262360.40191727
2025-03-06 10:11:00,AMZN,SELL,62.8,1944.08336462,1927.12554643,1064.95098213,-261295.45093513
2025-03-06 10:12:00,AMZN,BUY,142.0,2318.47350805,2354.85007478,5165.47247567,-256129.97845946
2025-03-06 10:13:00,NFLX,SELL,53.7,766.97139388,755.62250727,609.43521106,-255520.5432484
2025-03-06 10:14:00,NVDA,BUY,98.2,1728.0011913,1709.47309069,-1819.45948002,-257340.00272842
2025-03-06 10:15:00,NVDA,BUY,34.6,1740.69925598,1761.12237214,706.63981909,-256633.36290932
2025-03-06 10:16:00,MSFT,BUY,42.0,1223.81469898,1221.36705192,-102.80117625,-256736.16408557
2025-03-06 10:17:00,AAPL,BUY,102.4,461.76516035,459.99363306,-181.4043948,-256917.56848037
2025-03-06 10:18:00,NVDA,BUY,144.6,1717.76294564,1736.79286977,2751.72702833,-254165.84145204
2025-03-06 10:19:00,AMZN,SELL,114.2,2112.54074259,2109.99444812,290.78682802,-253875.05462402
2025-03-06 10:20:00,NFLX,SELL,113.6,693.2742941,687.73288883,629.50363797,-253245.55098606
2025-03-06 10:21:00,NVDA,BUY,108.3,1413.10709015,1402.91763935,-1103.51752198,-254349.06850803
2025-03-06 10:22:00,AMZN,BUY,27.8,227.32423819,228.04481999,20.03217405,-254329.03633398
2025-03-06 10:23:00,NVDA,BUY,75.7,1550.65819922,1554.21869928,269.52985473,-254059.50647925
2025-03-06 10:24:00,TSLA,SELL,114.7,2128.75955104,2092.80545873,4123.93438774,-249935.57209151
2025-03-06 10:25:00,NVDA,SELL,74.4,575.18814798,578.64893696,-257.48270039,-250193.0547919
2025-03-06 10:26:00,NVDA,BUY,64.1,788.3741823,778.49107802,-633.50698452,-250826.56177642
2025-03-06 10:27:00,TSLA,SELL,143.7,2034.82403218,2033.89804558,133.06427333,-250693.49750309
2025-03-06 10:28:00,NVDA,SELL,117.0,1254.38473461,1227.78675612,3111.96348283,-247581.53402026
2025-03-06 10:29:00,AMZN,SELL,130.3,1239.73913397,1235.79970927,513.3070393,-247068.22698097
2025-03-06 10:30:00,AMZN,SELL,102.0,2477.03607588,2508.65290462,-3224.91653091,-250293.14351188
2025-03-06 10:31:00,AMZN,SELL,57.2,1330.5873831,1334.68090104,-234.14922611,-250527.29273798
2025-03-06 10:32:00,AMZN,BUY,279.1,2145.39513276,2178.38429262,9207.27451815,-241320.01821983
2025-03-06 10:33:00,NVDA,SELL,115.1,2154.40759799,2169.8536872,-1777.84486819,-243097.86308801
2025-03-06 10:34:00,NVDA,BUY,80.7,606.69806612,606.31794841,-30.6754991,-243128.53858711
2025-03-06 10:35:00,NVDA,SELL,344.0,2351.78884833,2357.16883095,-1850.71402073,-244979.25260784
2025-03-06 10:36:00,TSLA,SELL,204.8,1698.45626034,1712.12662378,-2799.69043268,-247778.94304052
2025-03-06 10:37:00,AMZN,BUY,339.6,1138.14697803,1122.95743607,-5158.3684505,-252937.31149102
2025-03-06 10:38:00,MSFT,SELL,193.6,1925.0961749,1922.28651683,543.94980185,-252393.36168917
2025-03-06 10:39:00,AMZN,SELL,73.7,875.90104195,889.99662652,-1038.84458285,-253432.20627202
2025-03-06 10:40:00,AAPL,BUY,66.7,2248.84448131,2227.83063335,-1401.62365886,-254833.82993087
2025-03-06 10:41:00,NFLX,BUY,263.4,615.0842469,607.10604852,-2101.45745258,-256935.28738346
2025-03-06 10:42:00,AMZN,BUY,345.2,453.84744717,455.41331091,540.53616094,-256394.75122251
2025-03-06 10:43:00,AMZN,SELL,147.2,400.06119741,394.67859034,792.31976101,-255602.4314615
2025-03-06 10:44:00,MSFT,BUY,66.7,1190.98110134,1197.62812885,443.35673484,-255159.07472666
2025-03-06 10:45:00,NVDA,BUY,12.5,2085.67569089,2099.77330008,176.22011483,-254982.85461184
2025-03-06 10:46:00,AMZN,BUY,24.9,1728.39327393,1715.34321223,-324.94653634,-255307.80114818
2025-03-06 10:47:00,NFLX,SELL,12.4,393.51103926,391.1065242,29.81598674,-255277.98516143
2025-03-06 10:48:00,TSLA,BUY,79.4,1023.73632393,1036.8237644,1039.14277349,-254238.84238794
2025-03-06 10:49:00,MSFT,BUY,54.7,1230.44538404,1239.8842785,516.30752676,-253722.53486118
2025-03-06 10:50:00,AMZN,SELL,49.2,2395.98899379,2398.20966012,-109.25678362,-253831.7916448
2025-03-06 10:51:00,AAPL,BUY,34.1,2482.6030558,2472.080771,-358.80991191,-254190.60155671
2025-03-06 10:52:00,TSLA,SELL,13.0,1525.31496931,1517.38244752,103.12278338,-254087.47877333
2025-03-06 10:53:00,AMZN,SELL,77.5,1029.31119041,1023.57877013,444.26257151,-253643.21620182
2025-03-06 10:54:00,NFLX,BUY,66.4,302.53719049,304.54096619,133.05070665,-253510.16549517
2025-03-06 10:55:00,NVDA,SELL,31.2,2480.21355881,2476.37054613,119.90199576,-253390.2634994
2025-03-06 10:56:00,MSFT,SELL,15.8,410.45527891,409.43425675,16.13215012,-253374.13134928
2025-03-06 10:57:00,TSLA,SELL,20.3,725.01176448,727.57926342,-52.12022837,-253426.25157766
2025-03-06 10:58:00,MSFT,SELL,10.6,953.62855367,956.79203486,-33.53290055,-253459.78447821
2025-03-06 10:59:00,NFLX,BUY,61.2,1640.68377017,1630.62577739,-615.54915817,-254075.33363638
2025-03-06 11:00:00,AAPL,BUY,43.3,1349.65621011,1352.75280606,134.08260493,-253941.25103145
2025-03-06 11:01:00,NFLX,BUY,29.8,932.05690487,938.1656074,182.03933531,-253759.21169613
2025-03-06 11:02:00,NVDA,SELL,46.2,747.32416983,750.83108977,-162.019701,-253921.23139714
2025-03-06 11:03:00,NFLX,BUY,67.8,1074.36343798,1065.33366504,-612.21860554,-254533.45000268
2025-03-06 11:04:00,TSLA,BUY,47.9,275.51257539,273.39234654,-101.55896205,-254635.00896473
2025-03-06 11:05:00,NFLX,BUY,65.0,1110.45014695,1112.34244932,122.99965397,-254512.00931076
2025-03-06 11:06:00,AAPL,SELL,70.4,773.61690462,775.72960525,-148.73412412,-254660.74343488
2025-03-06 11:07:00,AAPL,SELL,51.0,1954.8585129,1955.40082505,-27.65791969,-254688.40135456
2025-03-06 11:08:00,AMZN,SELL,77.5,1360.62187299,1354.79261934,451.76715808,-254236.63419649
2025-03-06 11:09:00,AMZN,BUY,51.1,789.96487154,788.48682177,-75.52834356,-254312.16254005
2025-03-06 11:10:00,NFLX,BUY,73.2,544.44025144,545.15750896,52.50325018,-254259.65928987
2025-03-06 11:11:00,TSLA,SELL,28.5,698.16770687,697.68816175,13.66703581,-254245.99225406
2025-03-06 11:12:00,AAPL,BUY,24.3,242.13615321,243.3580223,29.69141869,-254216.30083537
2025-03-06 11:13:00,TSLA,BUY,53.0,1033.36713734,1034.30972511,49.95715203,-254166.34368334
2025-03-06 11:14:00,AAPL,SELL,8.5,1126.50428193,1122.54896716,33.62017552,-254132.72350783
2025-03-06 11:15:00,NVDA,BUY,61.5,2220.87981903,2223.18223176,141.59838261,-253991.12512522
2025-03-06 11:16:00,NVDA,BUY,53.0,1008.76353101,1011.81661629,161.81352031,-253829.31160491
2025-03-06 11:17:00,TSLA,SELL,66.6,2074.55778158,2068.5796178,398.14570789,-253431.16589703
2025-03-06 11:18:00,AMZN,SELL,24.8,782.26611446,785.44982676,-78.95606509,-253510.12196211
2025-03-06 11:19:00,MSFT,BUY,32.0,2309.25514625,2304.79877692,-142.60381862,-253652.72578073
2025-03-06 11:20:00,NFLX,SELL,74.1,1971.59081484,1971.97558149,-28.51120865,-253681.23698939
2025-03-06 11:21:00,NFLX,BUY,30.7,742.94950458,740.28314028,-81.85738397,-253763.09437336
2025-03-06 11:22:00,TSLA,SELL,43.0,577.16965804,576.18747999,42.23365608,-253720.86071728
2025-03-06 11:23:00,NVDA,SELL,23.9,396.25602326,399.54535273,-78.61497435,-253799.47569163
2025-03-06 11:24:00,NVDA,SELL,48.7,1450.86848148,1444.63875166,303.38784209,-253496.08784954
2025-03-06 11:25:00,MSFT,BUY,73.2,1908.87014232,1912.37116113,256.27457664,-253239.8132729
2025-03-06 11:26:00,MSFT,SELL,58.9,1325.24547455,1328.4570867,-189.16395543,-253428.97722832
2025-03-06 11:27:00,AMZN,SELL,59.1,1718.38173863,1718.49512929,-6.70138795,-253435.67861627
2025-03-06 11:28:00,NFLX,BUY,48.7,725.20588349,722.69347067,-122.35450411,-253558.03312038
2025-03-06 11:29:00,TSLA,BUY,51.5,2253.20919903,2254.24176284,53.1770361,-253504.85608427
2025-03-06 11:30:00,MSFT,SELL,51.7,1115.61964344,1124.35211274,-451.46866304,-253956.32474731
2025-03-06 11:31:00,AAPL,BUY,72.6,1257.56459216,1253.8031028,-273.08412777,-254229.40887508
2025-03-06 11:32:00,AAPL,BUY,54.5,1323.53939403,1318.34907782,-282.87223362,-254512.2811087
2025-03-06 11:33:00,AAPL,SELL,49.7,2113.27927783,2111.7146563,77.76169038,-254434.51941832
2025-03-06 11:34:00,AMZN,BUY,69.9,2351.58294546,2360.25632832,606.26946224,-253828.24995608
2025-03-06 11:35:00,NVDA,BUY,14.7,504.55631347,512.55372673,117.56197482,-253710.68798126
2025-03-06 11:36:00,AAPL,BUY,8.7,1453.57788026,1457.0466327,30.17814627,-253680.50983499
2025-03-06 11:37:00,MSFT,BUY,6.2,1984.88793211,1990.22184836,33.07028079,-253647.43955421
2025-03-06 11:38:00,AAPL,BUY,46.2,214.33826419,213.41875502,-42.48132387,-253689.92087808
2025-03-06 11:39:00,AAPL,SELL,53.5,1718.40592897,1713.03501486,287.34390528,-253402.5769728
2025-03-06 11:40:00,AAPL,SELL,40.1,343.17379931,343.34983317,-7.05895786,-253409.63593066
2025-03-06 11:41:00,AMZN,SELL,66.2,1718.47259648,1725.81906048,-486.33591691,-253895.97184756
2025-03-06 11:42:00,NFLX,BUY,51.2,1745.95703949,1736.42656083,-487.96050737,-254383.93235493
2025-03-06 11:43:00,NVDA,BUY,21.0,2062.86496962,2056.31306374,-137.59002337,-254521.5223783
2025-03-06 11:44:00,NFLX,BUY,6.7,2329.4816074,2325.94157031,-23.7182485,-254545.2406268
2025-03-06 11:45:00,MSFT,BUY,34.9,1959.38107963,1959.90802357,18.39034353,-254526.85028327
2025-03-06 11:46:00,NVDA,SELL,22.1,2480.11910058,2481.56748456,-32.0092859,-254558.85956917
2025-03-06 11:47:00,NVDA,BUY,56.6,1719.64579533,1719.78962075,8.14051898,-254550.71905019
2025-03-06 11:48:00,AAPL,BUY,54.9,2198.80502148,2223.98125978,1382.17548286,-253168.54356734
2025-03-06 11:49:00,AMZN,SELL,18.9,1902.32991761,1910.09448148,-146.75025726,-253315.2938246
2025-03-06 11:50:00,AAPL,SELL,10.6,363.20089354,362.43387004,8.13044912,-253307.16337548
2025-03-06 11:51:00,AMZN,SELL,76.9,1577.5597559,1556.91264307,1587.76297607,-251719.40039941
2025-03-06 11:52:00,AAPL,BUY,62.1,893.8907685,886.70901946,-445.98661507,-252165.38701448
2025-03-06 11:53:00,AMZN,BUY,77.5,1576.73302991,1574.3774579,-182.55683095,-252347.94384542
2025-03-06 11:54:00,MSFT,BUY,43.0,398.3399182,397.37722964,-41.39560805,-252389.33945348
2025-03-06 11:55:00,NFLX,BUY,68.1,1589.44642623,1584.60621617,-329.61830469,-252718.95775817
2025-03-06 11:56:00,AAPL,BUY,39.7,1852.78821214,1847.5879488,-206.45045469,-252925.40821286
2025-03-06 11:57:00,MSFT,SELL,40.6,1909.56018454,1908.93644613,25.32377948,-252900.08443337
2025-03-06 11:58:00,MSFT,SELL,64.8,2256.72581121,2257.08864273,-23.51148237,-252923.59591574
2025-03-06 11:59:00,AAPL,SELL,60.4,1703.56103708,1701.15822519,145.12983833,-252778.46607742
2025-03-06 12:00:00,AMZN,SELL,42.8,1881.79423668,1893.53270701,-502.40653005,-253280.87260746
2025-03-06 12:01:00,MSFT,BUY,12.9,2118.12596105,2111.10534072,-90.56600232,-253371.43860978
2025-03-06 12:02:00,TSLA,BUY,18.7,2379.60611625,2364.99284786,-273.26811885,-253644.70672863
2025-03-06 12:03:00,AAPL,SELL,61.2,2164.79792519,2157.77306629,429.92136478,-253214.78536385
2025-03-06 12:04:00,AAPL,SELL,56.1,948.46913653,946.91845398,86.99329082,-253127.79207304
2025-03-06 12:05:00,AAPL,SELL,22.8,1005.05821201,998.96167361,139.00107564,-252988.7909974
2025-03-06 12:06:00,MSFT,BUY,55.9,2203.148919,2192.81587597,-577.61710538,-253566.40810278
2025-03-06 12:07:00,TSLA,SELL,31.0,143.0883304,142.45475992,19.64068492,-253546.76741786
2025-03-06 12:08:00,NFLX,BUY,25.8,1364.25107996,1359.62240331,-119.41985747,-253666.18727533
2025-03-06 12:09:00,NVDA,SELL,75.4,859.16280883,861.73092734,-193.63613585,-253859.82341118
2025-03-06 12:10:00,AMZN,BUY,34.9,730.72210549,726.26205885,-155.65562793,-254015.47903911
2025-03-06 12:11:00,NVDA,BUY,27.7,621.94417554,619.53947636,-66.61016729,-254082.08920641
2025-03-06 12:12:00,TSLA,BUY,62.5,2174.16680783,2166.82704421,-458.73522633,-254540.82443274
2025-03-06 12:13:00,NFLX,BUY,25.0,1318.60956312,1323.62747485,125.44779337,-254415.37663937
2025-03-06 12:14:00,TSLA,SELL,29.8,278.35819321,277.47135038,26.42791611,-254388.94872325
2025-03-06 12:15:00,NFLX,BUY,24.7,311.75992494,312.05866599,7.37890392,-254381.56981933
2025-03-06 12:16:00,AMZN,SELL,34.5,980.99289662,980.27569384,24.7434959,-254356.82632343
2025-03-06 12:17:00,MSFT,BUY,10.1,727.95340495,726.92511499,-10.38572865,-254367.21205209
2025-03-06 12:18:00,NFLX,SELL,10.4,882.63928142,878.61393001,41.86365457,-254325.34839752
2025-03-06 12:19:00,NVDA,SELL,14.5,884.20573451,893.17482998,-130.0518844,-254455.40028192
2025-03-06 12:20:00,MSFT,SELL,22.5,643.60877307,642.36913411,27.89187662,-254427.5084053
2025-03-06 12:21:00,TSLA,BUY,12.8,714.18423141,714.46033128,3.53407831,-254423.97432699
2025-03-06 12:22:00,TSLA,BUY,14.9,1793.43943149,1817.34805314,356.23846266,-254067.73586434
2025-03-06 12:23:00,MSFT,SELL,78.3,1430.78741477,1424.70793085,476.02359106,-253591.71227328
2025-03-06 12:24:00,TSLA,SELL,63.1,1985.78227149,1990.21548312,-279.73565362,-253871.4479269
2025-03-06 12:25:00,AMZN,SELL,27.2,440.09946288,439.16668891,25.37145194,-253846.07647496
2025-03-06 12:26:00,MSFT,BUY,40.6,509.74463618,508.43809138,-53.04571878,-253899.12219374
2025-03-06 12:27:00,NVDA,BUY,45.9,2274.94944916,2277.9536584,137.89320373,-253761.22899001
2025-03-06 12:28:00,NVDA,BUY,64.0,1217.01859298,1219.74952794,174.77983764,-253586.44915237
2025-03-06 12:29:00,NVDA,BUY,26.1,683.08480041,682.53076716,-14.46026792,-253600.9094203
2025-03-06 12:30:00,MSFT,SELL,72.6,1538.68905597,1544.13572167,-395.42792991,-253996.3373502
2025-03-06 12:31:00,NVDA,SELL,24.4,1963.82701505,1965.62618703,-43.89979629,-254040.23714649
2025-03-06 12:32:00,TSLA,BUY,36.3,2085.36081473,2078.14754827,-261.84157253,-254302.07871902
2025-03-06 12:33:00,MSFT,SELL,22.2,690.71466812,687.15246064,79.08100605,-254222.99771297
2025-03-06 12:34:00,TSLA,BUY,18.6,778.15167693,782.9296459,88.87022284,-254134.12749013
2025-03-06 12:35:00,MSFT,SELL,30.8,1656.26054316,1675.76510664,-600.74055514,-254734.86804527
2025-03-06 12:36:00,NFLX,BUY,14.7,1947.36016618,1933.80179158,-199.30810661,-254934.17615188
2025-03-06 12:37:00,AMZN,BUY,29.3,1366.26376167,1365.67914431,-17.12928868,-254951.30544056
2025-03-06 12:38:00,NFLX,BUY,71.8,1997.22823622,1988.83042983,-602.96249839,-255554.26793895
2025-03-06 12:39:00,AMZN,SELL,74.0,759.68055613,759.41358921,19.75555233,-255534.51238662
2025-03-06 12:40:00,AMZN,BUY,75.6,1149.32830638,1154.12406603,362.55942919,-255171.95295743
2025-03-06 12:41:00,MSFT,SELL,54.5,2321.77357056,2322.34176436,-30.96656199,-255202.91951942
2025-03-06 12:42:00,NVDA,BUY,35.0,121.18491631,120.79788347,-13.54614934,-255216.46566876
2025-03-06 12:43:00,NFLX,SELL,48.3,2105.22382691,2093.22087272,579.74268755,-254636.72298121
2025-03-06 12:44:00,MSFT,SELL,67.0,2133.51816027,2135.1117775,-106.7723541,-254743.49533532
2025-03-06 12:45:00,AAPL,BUY,29.1,254.38068036,254.43597151,1.60897265,-254741.88636266
2025-03-06 12:46:00,AMZN,BUY,65.7,943.39033871,949.36843884,392.76117811,-254349.12518455
2025-03-06 12:47:00,AAPL,BUY,73.3,152.47252622,153.63674739,85.33741165,-254263.7877729
2025-03-06 12:48:00,TSLA,SELL,52.2,617.3326406,618.05055491,-37.47512706,-254301.26289996
2025-03-06 12:49:00,TSLA,SELL,8.8,1610.51120708,1606.31421489,36.93353129,-254264.32936868
2025-03-06 12:50:00,NVDA,SELL,68.9,797.16372343,797.14116685,1.55414844,-254262.77522024
2025-03-06 12:51:00,NFLX,BUY,68.2,1118.53890033,1118.03963647,-34.04979581,-254296.82501605
2025-03-06 12:52:00,NFLX,SELL,79.8,711.63773074,707.57910636,323.87822591,-253972.94679015
2025-03-06 12:53:00,NFLX,SELL,56.0,393.05489015,389.7372675,185.78686878,-253787.15992137
2025-03-06 12:54:00,AAPL,SELL,52.2,684.31643868,682.78803639,79.78259949,-253707.37732188
2025-03-06 12:55:00,AAPL,SELL,60.4,2156.01302069,2140.95669112,909.4023058,-252797.97501607
2025-03-06 12:56:00,AMZN,SELL,50.6,471.01815986,469.38156843,82.8115268,-252715.16348927
2025-03-06 12:57:00,MSFT,SELL,24.6,1217.93357041,1220.86377721,-72.08308745,-252787.24657672
2025-03-06 12:58:00,AMZN,SELL,63.3,1221.11234263,1213.21707725,499.7702985,-252287.47627822
2025-03-06 12:59:00,AMZN,SELL,39.4,1631.54696409,1627.23241077,169.9934008,-252117.48287742
2025-03-06 13:00:00,AAPL,SELL,21.4,2414.79645967,2441.34491181,-568.13687578,-252685.6197532
2025-03-06 13:01:00,TSLA,BUY,35.5,2081.35477443,2081.75607275,14.24609029,-252671.37366291
2025-03-06 13:02:00,NVDA,BUY,27.7,1748.61257838,1760.09718816,318.12369085,-252353.24997206
2025-03-06 13:03:00,MSFT,SELL,58.9,2379.77826239,2379.99702492,-12.88511277,-252366.13508483
2025-03-06 13:04:00,TSLA,SELL,66.5,998.44453786,992.65829537,384.7851257,-251981.34995913
2025-03-06 13:05:00,TSLA,SELL,37.7,2383.32692416,2399.69511316,-617.08072539,-252598.43068453
2025-03-06 13:06:00,NFLX,SELL,55.9,1130.47556893,1127.72835671,153.56916309,-252444.86152144
2025-03-06 13:07:00,AMZN,BUY,63.0,613.60216411,619.99455305,402.72050306,-252042.14101838
2025-03-06 13:08:00,NFLX,BUY,18.1,868.8430597,865.86250381,-53.94806159,-252096.08907997
2025-03-06 13:09:00,AAPL,BUY,52.4,2431.24642021,2428.11508266,-164.08208724,-252260.17116722
2025-03-06 13:10:00,NVDA,BUY,30.4,2466.14925021,2454.99624213,-339.05144566,-252599.22261287
2025-03-06 13:11:00,NFLX,BUY,29.6,1329.202922,1326.26205825,-87.04956713,-252686.27218001
2025-03-06 13:12:00,AAPL,SELL,52.7,905.50958194,905.01180946,26.23260963,-252660.03957037
2025-03-06 13:13:00,NVDA,SELL,73.6,1496.87420747,1492.88341193,293.72255129,-252366.31701908
2025-03-06 13:14:00,TSLA,SELL,78.7,975.61756904,978.96220527,-263.22287086,-252629.53988995
2025-03-06 13:15:00,AAPL,SELL,59.6,164.94556971,164.64775582,17.74970812,-252611.79018182
2025-03-06 13:16:00,NFLX,BUY,9.0,2059.8916583,2078.36886761,166.29488373,-252445.4952981
2025-03-06 13:17:00,NVDA,BUY,9.8,1446.49294054,1450.9545943,43.72420686,-252401.77109124
2025-03-06 13:18:00,NFLX,BUY,9.5,1764.27337816,1761.59412036,-25.45294903,-252427.22404027
2025-03-06 13:19:00,AAPL,SELL,78.2,1620.07550143,1613.54589695,510.61507019,-251916.60897008
2025-03-06 13:20:00,TSLA,SELL,15.7,382.77484629,385.60115434,-44.37303649,-251960.98200657
2025-03-06 13:21:00,AAPL,BUY,29.1,1221.3542866,1217.3911536,-115.32717025,-252076.30917682
2025-03-06 13:22:00,AMZN,SELL,24.5,1446.8891973,1436.72958442,248.91051567,-251827.39866115
2025-03-06 13:23:00,MSFT,BUY,74.3,2029.9384538,2019.93039769,-743.59856849,-252570.99722964
2025-03-06 13:24:00,NVDA,SELL,37.9,1922.97326118,1912.93789764,380.34027803,-252190.65695161
2025-03-06 13:25:00,NVDA,SELL,49.7,1892.47530672,1894.50863878,-101.056603,-252291.71355461
2025-03-06 13:26:00,MSFT,BUY,20.0,2265.85599073,2266.61139144,15.10801424,-252276.60554038
2025-03-06 13:27:00,NVDA,SELL,55.1,738.02928114,743.61132259,-307.57048379,-252584.17602417
2025-03-06 13:28:00,MSFT,BUY,73.9,2318.49611338,2316.36095539,-157.7881754,-252741.96419957
2025-03-06 13:29:00,AMZN,BUY,19.0,845.04220764,845.5035862,8.76619261,-252733.19800696
2025-03-06 13:30:00,TSLA,BUY,8.8,378.88927119,377.4422348,-12.73392022,-252745.93192718
2025-03-06 13:31:00,MSFT,SELL,34.8,158.2070465,158.25733561,-1.75006099,-252747.68198818
2025-03-06 13:32:00,MSFT,BUY,17.7,1258.25699342,1253.59796338,-82.46483167,-252830.14681985
2025-03-06 13:33:00,NVDA,SELL,16.0,1432.08887334,1430.27014724,29.09961752,-252801.04720233
2025-03-06 13:34:00,NFLX,SELL,34.5,569.65401659,565.68711451,136.85812188,-252664.18908045
2025-03-06 13:35:00,AMZN,SELL,10.6,1898.25156562,1886.74413242,121.97879192,-252542.21028853
2025-03-06 13:36:00,TSLA,BUY,66.2,2165.0817656,2157.39325808,-508.9791979,-253051.18948643
2025-03-06 13:37:00,TSLA,BUY,18.7,2074.9162853,2077.35474502,45.59919678,-253005.59028965
2025-03-06 13:38:00,AMZN,BUY,8.4,398.58209405,398.58809965,0.050447,-253005.53984265
2025-03-06 13:39:00,NFLX,SELL,25.4,2302.28291243,2309.7739134,-190.27142469,-253195.81126735
2025-03-06 13:40:00,NVDA,BUY,72.8,2278.15830241,2273.55148676,-335.37617936,-253531.18744671
2025-03-06 13:41:00,MSFT,BUY,76.3,2178.27108832,2179.2328423,73.38182868,-253457.80561803
2025-03-06 13:42:00,AMZN,SELL,36.4,879.08066055,874.82578311,154.87753877,-253302.92807926
2025-03-06 13:43:00,MSFT,BUY,10.5,1909.14234139,1923.29578817,148.61119116,-253154.31688809
2025-03-06 13:44:00,AMZN,BUY,14.2,1356.39612229,1349.42848379,-98.94046675,-253253.25735484
2025-03-06 13:45:00,AAPL,BUY,19.5,2113.43697655,2103.65737701,-190.70219109,-253443.95954593
2025-03-06 13:46:00,AAPL,BUY,64.5,2040.27500838,2026.47407337,-890.16030816,-254334.11985409
2025-03-06 13:47:00,MSFT,SELL,39.9,644.55121589,643.24922663,51.94937176,-254282.17048233
2025-03-06 13:48:00,AAPL,BUY,44.9,121.14161774,121.63456165,22.13318122,-254260.03730111
2025-03-06 13:49:00,NFLX,SELL,68.8,2165.25313478,2168.47391083,-221.58939251,-254481.62669362
2025-03-06 13:50:00,AAPL,SELL,28.2,2072.43983295,2054.48483493,506.33094421,-253975.2957494
2025-03-06 13:51:00,MSFT,BUY,30.1,1094.14963745,1094.82189309,20.23489463,-253955.06085477
2025-03-06 13:52:00,NVDA,SELL,51.4,609.80426086,605.20492997,236.40560784,-253718.65524693
2025-03-06 13:53:00,TSLA,SELL,64.8,330.02892804,335.07562147,-327.02573396,-254045.68098089
2025-03-06 13:54:00,AAPL,SELL,13.6,519.8405506,516.68102879,42.96949659,-254002.7114843
2025-03-06 13:55:00,NFLX,BUY,31.7,243.54034085,246.19569173,84.17462292,-253918.53686139
2025-03-06 13:56:00,AAPL,BUY,51.1,1952.27284548,1940.80049439,-586.23714066,-254504.77400205
2025-03-06 13:57:00,NVDA,SELL,71.6,1616.30948993,1610.60270622,408.60571378,-254096.16828827
2025-03-06 13:58:00,NFLX,BUY,66.0,1651.05452324,1670.61843634,1291.21826455,-252804.95002372
2025-03-06 13:59:00,MSFT,BUY,63.0,2250.94425707,2255.60715921,293.76283498,-252511.18718874
2025-03-06 14:00:00,AAPL,BUY,37.3,2283.64948816,2289.18105206,206.32733368,-252304.85985506
2025-03-06 14:01:00,AAPL,BUY,8.0,2188.1170386,2200.65293628,100.28718147,-252204.5726736
2025-03-06 14:02:00,AAPL,BUY,68.6,1678.84571659,1685.57838812,461.86126681,-251742.71140678
2025-03-06 14:03:00,MSFT,BUY,26.6,2079.89131412,2069.36294854,-280.05452452,-252022.76593131
2025-03-06 14:04:00,MSFT,SELL,47.7,1072.59118698,1068.61874958,189.48526376,-251833.28066755
2025-03-06 14:05:00,AAPL,BUY,12.5,336.8130354,337.1975828,4.80684245,-251828.47382509
2025-03-06 14:06:00,NVDA,BUY,23.4,729.4429732,732.25097796,65.70731143,-251762.76651367
2025-03-06 14:07:00,MSFT,BUY,10.2,1933.54260315,1953.8220926,206.8507924,-251555.91572127
2025-03-06 14:08:00,NFLX,SELL,29.3,1264.51416993,1269.29363144,-140.03822227,-251695.95394354
2025-03-06 14:09:00,NVDA,BUY,8.5,2186.22032998,2186.96504827,6.33010541,-251689.62383813
2025-03-06 14:10:00,NFLX,BUY,45.5,1829.97637496,1832.12374163,97.70518359,-251591.91865454
2025-03-06 14:11:00,NFLX,BUY,8.9,1396.50178696,1408.89149041,110.26836066,-251481.65029389
2025-03-06 14:12:00,NVDA,BUY,25.5,1704.45487609,1704.92759442,12.05431739,-251469.5959765
2025-03-06 14:13:00,AMZN,SELL,77.0,2183.38150869,2190.25244955,-529.06244596,-251998.65842246
2025-03-06 14:14:00,AAPL,BUY,71.1,2363.84125321,2356.89130961,-494.14099001,-252492.79941247
2025-03-06 14:15:00,AMZN,SELL,52.9,463.52773662,463.41615878,5.90246801,-252486.89694446
2025-03-06 14:16:00,MSFT,BUY,12.4,1271.45342049,1277.75657929,78.15916919,-252408.73777527
2025-03-06 14:17:00,AAPL,BUY,50.7,2171.36176195,2197.80324473,1340.5831772,-251068.15459807
2025-03-06 14:18:00,NFLX,SELL,38.1,1477.47083133,1484.31760442,-260.86205475,-251329.01665282
2025-03-06 14:19:00,AAPL,SELL,38.5,432.27042256,431.34155403,35.76143856,-251293.25521426
2025-03-06 14:20:00,MSFT,SELL,37.5,1673.98536142,1665.72587307,309.73081316,-250983.52440109
2025-03-06 14:21:00,AMZN,SELL,30.8,660.77451102,657.43785972,102.76885995,-250880.75554115
2025-03-06 14:22:00,AMZN,BUY,42.9,2192.0194614,2186.1822145,-250.41789201,-251131.17343316
2025-03-06 14:23:00,NVDA,BUY,72.8,353.99298899,351.82656151,-157.71592039,-251288.88935355
2025-03-06 14:24:00,AAPL,BUY,78.5,1079.67479702,1080.7632967,85.44722497,-251203.44212857
2025-03-06 14:25:00,NVDA,BUY,10.7,715.3247519,714.08935043,-13.21879569,-251216.66092427
2025-03-06 14:26:00,NFLX,BUY,50.5,176.16006802,175.51462945,-32.59464765,-251249.25557192
2025-03-06 14:27:00,MSFT,SELL,23.6,2064.75288544,2049.16166168,367.9528808,-250881.30269112
2025-03-06 14:28:00,TSLA,SELL,68.4,840.76594416,848.16209154,-505.89648061,-251387.19917172
2025-03-06 14:29:00,MSFT,SELL,34.9,998.74240832,996.65891958,72.71375695,-251314.48541477
2025-03-06 14:30:00,TSLA,BUY,73.7,501.13206827,505.29624901,306.90012076,-251007.58529401
2025-03-06 14:31:00,MSFT,BUY,39.1,1095.88895601,1094.53222099,-53.04833938,-251060.63363339
2025-03-06 14:32:00,NVDA,BUY,18.3,2091.99854463,2083.43584096,-156.69747703,-251217.33111042
2025-03-06 14:33:00,AMZN,BUY,32.9,1991.629678,1981.35339569,-338.08968811,-251555.42079854
2025-03-06 14:34:00,AMZN,SELL,79.9,959.60369987,953.67436153,473.75413355,-251081.66666499
2025-03-06 14:35:00,AAPL,BUY,65.1,1595.71282768,1591.16471712,-296.08199791,-251377.7486629
2025-03-06 14:36:00,AMZN,SELL,51.4,267.05880094,266.54912307,26.19744223,-251351.55122067
2025-03-06 14:37:00,NFLX,BUY,28.0,716.77975302,715.18350285,-44.69500471,-251396.24622538
2025-03-06 14:38:00,AMZN,SELL,74.5,1221.03031356,1219.74034538,96.10262952,-251300.14359586
2025-03-06 14:39:00,TSLA,BUY,5.5,1683.93041094,1687.14678389,17.69005123,-251282.45354462
2025-03-06 14:40:00,TSLA,SELL,72.9,737.40447363,736.01081995,101.59735337,-251180.85619126
2025-03-06 14:41:00,MSFT,SELL,29.5,969.68238284,965.90868739,111.32401584,-251069.53217542
2025-03-06 14:42:00,AAPL,SELL,38.3,704.77967236,699.63920999,196.87970867,-250872.65246675
2025-03-06 14:43:00,NFLX,BUY,58.1,291.27981595,293.39242167,122.74239191,-250749.91007484
2025-03-06 14:44:00,AMZN,BUY,46.7,1201.63973388,1209.87537326,384.60435912,-250365.30571572
2025-03-06 14:45:00,TSLA,BUY,74.2,1440.9879932,1441.46525347,35.41271215,-250329.89300357
2025-03-06 14:46:00,AMZN,SELL,26.9,1325.38081973,1329.37463632,-107.43366605,-250437.32666962
2025-03-06 14:47:00,NFLX,BUY,221.8,1901.96408854,1868.61146997,-7397.6107973,-257834.93746692
2025-03-06 14:47:20,NFLX,SELL,214.7,863.28256543,868.05214996,-1024.02979861,-258858.96726553
2025-03-06 14:47:30,AMZN,SELL,297.9,1738.21557338,1753.36592233,-4513.2889525,-263372.25621803
2025-03-06 14:47:50,MSFT,BUY,76.6,1476.36474104,1470.31720247,-463.24145445,-263835.49767248
2025-03-06 14:48:50,MSFT,BUY,94.7,2525.17094787,2536.726042,1094.26741381,-262741.23025867
2025-03-06 14:49:20,MSFT,BUY,89.9,157.38312892,156.32679153,-94.9647308,-262836.19498947
2025-03-06 14:49:40,NVDA,SELL,241.2,772.1088864,770.48836849,390.86891929,-262445.32607019
2025-03-06 14:50:40,TSLA,SELL,254.4,2717.60426712,2711.71357347,1498.59246433,-260946.73360585
2025-03-06 14:51:10,MSFT,SELL,181.5,3049.66884636,3078.01327864,-5144.5144594,-266091.24806526
2025-03-06 14:52:10,AAPL,BUY,229.6,1700.03019758,1708.80174117,2013.94640861,-264077.30165665
2025-03-06 14:52:40,NFLX,BUY,81.8,1560.18381033,1552.22602508,-650.94683268,-264728.24848933
2025-03-06 14:53:10,AAPL,SELL,91.2,505.66050596,500.14840078,502.70399196,-264225.54449737
2025-03-06 14:53:20,AMZN,BUY,256.0,843.82130682,837.49191945,-1620.32316805,-265845.86766542
2025-03-06 14:54:20,AMZN,BUY,281.0,811.30544022,815.91699178,1295.84598665,-264550.02167877
2025-03-06 14:54:30,TSLA,SELL,222.7,1983.63350494,1988.38489336,-1058.13420029,-265608.15587906
2025-03-06 14:55:30,AAPL,SELL,257.8,2206.15754224,2211.6534072,-1416.83398878,-267024.98986784
2025-03-06 14:55:40,AAPL,SELL,280.5,2250.52600772,2271.49610375,-5882.11193549,-272907.10180333
2025-03-06 14:56:40,AAPL,SELL,216.1,3261.54604548,3244.0283203,3785.58041129,-269121.52139204
2025-03-06 14:56:50,NFLX,BUY,194.2,2140.79821725,2128.57341226,-2374.05713036,-271495.5785224
2025-03-06 14:57:20,MSFT,BUY,101.9,1084.01957963,1093.92771648,1009.63914523,-270485.93937717
2025-03-06 14:58:20,AMZN,SELL,229.9,2790.04147384,2801.9498171,-2737.72811637,-273223.66749354
2025-03-06 14:59:20,NFLX,BUY,104.3,3117.25504529,3123.54422333,655.96126886,-272567.70622467
2025-03-06 14:59:30,TSLA,BUY,195.5,2895.73803118,2875.85029697,-3888.05203811,-276455.75826279
2025-03-06 14:59:40,AAPL,BUY,248.9,3374.19145736,3365.1720212,-2244.93766047,-278700.69592326
2025-03-06 15:00:10,AAPL,BUY,246.2,466.32361169,466.89278483,140.13042827,-278560.56549499
2025-03-06 15:01:10,NFLX,BUY,57.2,774.00894696,778.20036788,239.74927625,-278320.81621873
2025-03-06 15:02:10,TSLA,BUY,121.3,263.13084812,261.69927815,-173.64943743,-278494.46565617
2025-03-06 15:03:10,NFLX,SELL,240.8,2220.46748807,2203.8269743,4007.03571656,-274487.42993961
2025-03-06 15:03:30,TSLA,BUY,199.7,357.21884673,362.07133523,969.04195167,-273518.38798793
2025-03-06 15:03:50,MSFT,BUY,254.1,2281.78500118,2249.43915258,-8219.08013094,-281737.46811887
2025-03-06 15:04:00,MSFT,BUY,179.9,1284.7277356,1279.32509249,-971.93549596,-282709.40361483
2025-03-06 15:05:00,AAPL,BUY,233.8,3284.78531932,3253.68518524,-7271.21134933,-289980.61496416
2025-03-06 15:06:00,TSLA,BUY,175.5,607.80125703,609.11724345,230.95561611,-289749.65934804
2025-03-06 15:06:20,NVDA,BUY,237.8,2577.60959565,2571.63496288,-1420.76767087,-291170.42701892
2025-03-06 15:07:20,NFLX,SELL,279.5,1407.16736346,1404.9318662,624.82148367,-290545.60553525
2025-03-06 15:07:40,NFLX,SELL,130.0,1954.24865908,1941.53417158,1652.88337452,-288892.72216073
2025-03-06 15:08:10,AMZN,SELL,247.8,1708.96070276,1703.63089108,1320.72733477,-287571.99482596
2025-03-06 15:08:20,NVDA,SELL,175.4,3393.09955119,3406.81673822,-2405.99460424,-289977.9894302
2025-03-06 15:08:30,NFLX,SELL,67.9,2673.09056533,2653.4337743,1334.69611143,-288643.29331877
2025-03-06 15:09:00,NFLX,SELL,257.3,2990.47304075,3052.37442666,-15927.22659552,-304570.51991429
2025-03-06 15:10:00,AMZN,SELL,219.2,2525.58741662,2501.82952349,5207.73017243,-299362.78974186
2025-03-06 15:10:10,AMZN,SELL,80.6,156.22232586,156.83819673,-49.63919199,-299412.42893385
2025-03-06 15:10:30,NFLX,SELL,186.4,1596.28411383,1587.97940876,1547.99702514,-297864.43190871
2025-03-06 15:11:00,NVDA,BUY,135.2,2727.13728544,2719.06252422,-1091.70771799,-298956.13962669
2025-03-06 15:11:30,NFLX,BUY,133.3,1382.41263843,1400.06842032,2353.51572555,-296602.62390114
2025-03-06 15:12:00,NFLX,SELL,243.0,3380.81237267,3366.43342145,3494.08514811,-293108.53875303
2025-03-06 15:13:00,MSFT,BUY,127.0,359.5496264,360.75023243,152.47696637,-292956.06178666
2025-03-06 15:13:30,TSLA,SELL,204.1,2222.21719978,2214.85046504,1503.55056058,-291452.51122609
2025-03-06 15:13:50,NVDA,SELL,62.6,820.42652943,809.20461848,702.49162524,-290750.01960085
2025-03-06 15:14:10,AMZN,SELL,136.7,1857.69958925,1867.44813717,-1332.62650062,-292082.64610147
2025-03-06 15:14:30,AMZN,SELL,50.5,587.45905976,587.75512872,-14.95148243,-292097.5975839
2025-03-06 15:15:00,TSLA,BUY,165.7,361.38592516,363.27952899,313.77015468,-291783.82742922
2025-03-06 15:16:00,NVDA,SELL,138.5,1782.64166507,1806.5744905,-3314.69632138,-295098.5237506
2025-03-06 15:16:10,MSFT,SELL,144.1,1153.91218321,1143.48103981,1503.12776282,-293595.39598778
2025-03-06 15:16:30,NFLX,SELL,193.8,2722.63108239,2730.90075533,-1602.66261659,-295198.05860437
2025-03-06 15:16:50,NFLX,SELL,175.3,1015.13168388,1013.19749629,339.06308433,-294858.99552004
2025-03-06 15:17:20,NFLX,SELL,103.1,2270.69505405,2245.51070123,2596.5067756,-292262.48874444
2025-03-06 15:17:50,MSFT,BUY,210.6,3266.77342448,3257.43063942,-1967.59053433,-294230.07927877
2025-03-06 15:18:20,NFLX,SELL,144.6,2918.44337664,2936.90030279,-2668.87152091,-296898.95079968
2025-03-06 15:18:50,AAPL,SELL,277.9,959.35602637,960.98380829,-452.36059573,-297351.31139542
2025-03-06 15:19:00,TSLA,SELL,239.4,1934.6218227,1934.34539308,66.17724983,-297285.13414559
2025-03-06 15:20:00,TSLA,BUY,174.2,124.04145555,124.87817393,145.75634228,-297139.3778033
2025-03-06 15:20:10,TSLA,SELL,154.7,637.36518085,640.97477535,-558.40427023,-297697.78207354
2025-03-06 15:20:30,MSFT,BUY,75.9,1524.84465761,1541.29989682,1248.95265601,-296448.82941753
2025-03-06 15:20:40,AMZN,SELL,158.1,1120.6145079,1118.37169542,354.58865344,-296094.24076409
2025-03-06 15:21:00,NFLX,SELL,57.9,3367.25952921,3408.03142379,-2360.6926959,-298454.93345999
2025-03-06 15:21:20,MSFT,SELL,229.0,2687.00027571,2699.23210599,-2801.08913437,-301256.02259436
2025-03-06 15:21:50,NVDA,BUY,64.8,2569.93490779,2600.53978855,1983.19627295,-299272.82632141
2025-03-06 15:22:10,AAPL,BUY,53.0,419.82116673,420.42430159,31.96614799,-299240.86017342
2025-03-06 15:23:10,NVDA,SELL,228.1,2869.51022744,2884.26941171,-3366.56993233,-302607.43010575
2025-03-06 15:23:20,AAPL,BUY,292.0,2706.43352182,2703.6584711,-810.31480761,-303417.74491336
2025-03-06 15:23:30,NVDA,BUY,170.3,3259.67188246,3279.90800009,3446.21083169,-299971.53408167
2025-03-06 15:23:50,MSFT,BUY,246.9,2858.91371431,2885.63272391,6596.92346794,-293374.61061373
2025-03-06 15:24:20,NVDA,BUY,108.4,620.98869811,624.86680072,420.38632286,-292954.22429087
2025-03-06 15:24:30,AMZN,SELL,173.8,2856.52179336,2843.40041608,2280.49537154,-290673.72891932
2025-03-06 15:24:50,TSLA,SELL,256.7,2074.82968146,2069.91416794,1261.81232076,-289411.91659856
2025-03-06 15:25:20,AAPL,BUY,278.4,1740.82789015,1739.10963856,-478.3612414,-289890.27783996
2025-03-06 15:25:30,TSLA,SELL,141.7,2787.59208726,2791.64190415,-573.8590529,-290464.13689287
2025-03-06 15:25:40,TSLA,SELL,216.2,2937.26870596,2923.70426229,2932.63272074,-287531.50417213
2025-03-06 15:26:10,AMZN,SELL,80.8,1545.25386019,1542.20435279,246.40019857,-287285.10397355
2025-03-06 15:26:30,AMZN,SELL,254.0,862.57592408,865.69698024,-792.74826456,-288077.85223811
2025-03-06 15:26:50,NFLX,SELL,215.0,3436.14779166,3395.11328241,8822.41948933,-279255.43274878
2025-03-06 15:27:00,AAPL,SELL,97.9,169.40573233,170.80407332,-136.89758284,-279392.33033163
2025-03-06 15:28:00,MSFT,BUY,87.8,2087.06348429,2084.85986418,-193.47784609,-279585.80817772
2025-03-06 15:28:30,NVDA,SELL,178.0,1875.15514024,1877.59200043,-433.76111394,-280019.56929166
2025-03-06 15:28:40,NFLX,SELL,131.9,2153.41514244,2150.72341188,355.03926049,-279664.53003116
2025-03-06 15:28:50,MSFT,BUY,209.0,2480.5221677,2501.3159785,4345.90645684,-275318.62357432
2025-03-06 15:29:10,AAPL,BUY,205.7,498.33068261,502.02889223,760.72171953,-274557.90185479
2025-03-06 15:30:10,NVDA,SELL,87.7,3094.98056405,3097.90216569,-256.22446366,-274814.12631845
2025-03-06 15:30:40,NFLX,BUY,123.6,377.72949499,380.770476,375.8652529,-274438.26106555
2025-03-06 15:31:40,AAPL,SELL,104.6,2298.36615356,2327.84719493,-3083.71692799,-277521.97799354
2025-03-06 15:32:00,TSLA,BUY,157.7,870.83897572,871.8679996,162.27706671,-277359.70092683
2025-03-06 15:33:00,TSLA,BUY,123.4,1452.32231345,1442.64243675,-1194.49678562,-278554.19771245
2025-03-06 15:34:00,AMZN,BUY,101.8,1173.78589081,1161.33545864,-1267.45399582,-279821.65170827
2025-03-06 15:34:20,AAPL,SELL,81.0,2473.35654382,2465.53796483,633.30489796,-279188.34681032
2025-03-06 15:35:20,AMZN,BUY,72.5,3324.02308757,3339.80658593,1144.30363061,-278044.0431797
2025-03-06 15:36:20,AAPL,BUY,94.1,573.34389796,574.53713475,112.28358217,-277931.75959753
2025-03-06 15:37:20,MSFT,SELL,111.2,957.318813,962.70739876,-599.21073635,-278530.97033387
2025-03-06 15:37:30,NFLX,SELL,145.6,195.78687844,193.03066501,401.30467544,-278129.66565844
2025-03-06 15:38:30,AAPL,BUY,201.7,937.70943483,937.80306104,18.884405,-278110.78125343
2025-03-06 15:39:30,TSLA,BUY,142.1,1547.329813,1551.57549218,603.31101065,-277507.47024278
2025-03-06 15:40:30,AAPL,BUY,68.0,2768.82734419,2766.79414229,-138.25772935,-277645.72797213
2025-03-06 15:41:00,AAPL,SELL,293.5,1166.58246781,1171.38082595,-1408.31811603,-279054.04608816
2025-03-06 15:42:00,AAPL,SELL,210.5,3281.98813503,3253.64823279,5965.54942112,-273088.49666704
2025-03-06 15:42:30,NFLX,SELL,180.9,639.72323852,631.59235437,1470.87694299,-271617.61972405
2025-03-06 15:42:50,TSLA,SELL,118.3,2631.47882709,2635.45971893,-470.93950453,-272088.55922858
2025-03-06 15:43:50,NFLX,BUY,288.3,2987.68368839,2974.10419026,-3914.96931048,-276003.52853905
2025-03-06 15:44:10,TSLA,SELL,99.9,2708.38143576,2712.97422093,-458.8192391,-276462.34777816
2025-03-06 15:44:30,MSFT,BUY,160.6,1988.75924817,1969.43556213,-3103.38397782,-279565.73175597
2025-03-06 15:45:00,NVDA,BUY,64.9,3446.55652288,3412.8497729,-2187.56807401,-281753.29982998
2025-03-06 15:45:30,TSLA,BUY,244.9,1892.92609609,1900.91721994,1957.02623214,-279796.27359785
2025-03-06 15:45:50,MSFT,BUY,148.3,938.87113077,928.05525621,-1603.99419792,-281400.26779576
2025-03-06 15:46:50,NVDA,BUY,243.5,1546.03848742,1550.6975653,1134.48546195,-280265.78233381
2025-03-06 15:47:10,TSLA,BUY,111.2,2889.84646557,2873.9882076,-1763.43828716,-282029.22062097
2025-03-06 15:47:20,NVDA,BUY,187.2,178.92184533,179.31473324,73.54861613,-281955.67200484
2025-03-06 15:48:20,NVDA,SELL,69.7,862.89150455,862.78424259,7.47615871,-281948.19584613
2025-03-06 15:49:20,TSLA,BUY,216.0,2807.34183726,2846.94000283,8553.20376426,-273394.99208186
2025-03-06 15:49:30,NVDA,SELL,126.8,2581.33679571,2594.53301224,-1673.2802563,-275068.27233816
2025-03-06 15:49:40,NVDA,SELL,253.9,780.27927735,770.91844729,2376.71475437,-272691.55758379
2025-03-06 15:50:00,AAPL,BUY,106.7,1877.92857451,1886.02684239,864.08518249,-271827.47240131
2025-03-06 15:50:30,AMZN,SELL,77.3,379.12207041,379.58189413,-35.54437348,-271863.01677478
2025-03-06 15:50:50,AAPL,BUY,77.4,2969.05309934,2966.46079331,-200.64448663,-272063.66126141
2025-03-06 15:51:10,MSFT,SELL,192.4,1686.80000873,1682.33895792,858.30617669,-271205.35508472
2025-03-06 15:52:10,NFLX,BUY,278.3,1824.82079072,1812.34680475,-3471.510294,-274676.86537873
2025-03-06 15:52:40,AMZN,BUY,51.0,3348.80418601,3347.50755446,-66.12820889,-274742.99358761
2025-03-06 15:52:50,NFLX,SELL,57.8,2738.72644705,2708.20755542,1763.99193612,-272979.0016515
2025-03-06 15:53:10,NVDA,BUY,172.9,869.34911854,865.20760606,-716.06750814,-273695.06915964
2025-03-06 15:54:10,TSLA,BUY,218.2,681.01592157,673.10676088,-1725.77886227,-275420.84802191
2025-03-06 15:55:10,NFLX,BUY,185.6,1668.37095927,1653.95065868,-2676.40779039,-278097.2558123
2025-03-06 15:55:20,MSFT,SELL,226.9,582.56289168,580.93111824,370.24939365,-277727.00641866
2025-03-06 15:55:40,MSFT,BUY,240.1,713.32906622,716.7754781,827.4834932,-276899.52292545
2025-03-06 15:56:00,MSFT,BUY,60.3,724.0418608,716.17688944,-474.2577732,-277373.78069865
2025-03-06 15:57:00,AAPL,SELL,295.4,684.15539036,687.56051916,-1005.87504923,-278379.65574789
2025-03-06 15:58:00,NFLX,SELL,275.9,1092.34094356,1096.20297512,-1065.53450787,-279445.19025576
2025-03-06 15:59:00,AMZN,BUY,69.6,1806.86416836,1800.41974185,-448.53208544,-279893.7223412
2025-03-06 15:59:10,TSLA,SELL,273.0,2594.25799839,2604.82519323,-2884.84419192,-282778.56653312
2025-03-06 16:00:10,AMZN,SELL,238.5,1613.17856485,1603.36296857,2341.01971328,-280437.54681984
2025-03-06 16:00:40,MSFT,BUY,56.7,2527.35502383,2524.95068728,-136.32588257,-280573.87270241
2025-03-06 16:01:10,TSLA,BUY,135.5,3274.2201845,3239.67962615,-4680.2456571,-285254.11835952
2025-03-06 16:01:40,NVDA,BUY,53.0,2238.16979895,2251.82282475,723.61036728,-284530.50799224
2025-03-06 16:01:50,TSLA,BUY,276.2,2532.34213849,2563.98508527,8739.78189867,-275790.72609356
2025-03-06 16:02:10,NFLX,SELL,115.4,598.0963726,602.73878954,-535.73491454,-276326.4610081
2025-03-06 16:02:30,AMZN,BUY,106.9,2422.1787372,2440.60803627,1970.09207042,-274356.36893768
2025-03-06 16:02:50,NVDA,SELL,216.6,831.45581493,835.05074255,-778.66132345,-275135.03026113
2025-03-06 16:03:00,MSFT,SELL,146.7,1774.59615889,1759.69598996,2185.85478124,-272949.17547989
2025-03-06 16:04:00,AMZN,BUY,286.9,1120.78998788,1146.4973848,7375.45217612,-265573.72330377
2025-03-06 16:04:20,AAPL,SELL,213.5,3327.47068794,3337.55561882,-2153.1327435,-267726.85604727
2025-03-06 16:04:30,NFLX,BUY,76.6,3356.69995437,3344.84895052,-907.78689533,-268634.6429426
2025-03-06 16:05:00,NFLX,SELL,263.9,2855.65758524,2876.89177671,-5603.70312943,-274238.34607203
2025-03-06 16:05:30,NFLX,BUY,152.2,1023.05881288,1018.95523323,-624.56482375,-274862.91089578
2025-03-06 16:05:50,AMZN,BUY,77.6,2668.81401675,2674.84839433,468.26770001,-274394.64319577
2025-03-06 16:06:00,TSLA,BUY,119.1,3209.14948971,3184.07129255,-2986.81328184,-277381.45647761
2025-03-06 16:07:00,AAPL,BUY,151.0,1016.27672585,1017.84496289,236.80379272,-277144.65268489
2025-03-06 16:07:30,TSLA,BUY,50.0,1755.96618072,1753.64614029,-116.00202186,-277260.65470674
2025-03-06 16:08:00,AAPL,BUY,102.1,1881.19208466,1904.31295234,2360.64058964,-274900.0141171
2025-03-06 16:08:30,TSLA,BUY,184.3,2165.05239118,2156.51458532,-1573.51761976,-276473.53173686
2025-03-06 16:08:40,MSFT,BUY,66.6,327.47233864,325.81663691,-110.2697351,-276583.80147196
2025-03-06 16:09:10,TSLA,BUY,105.1,146.83767224,145.46715731,-144.04111916,-276727.84259112
2025-03-06 16:09:20,MSFT,BUY,83.0,1265.29651755,1276.84124832,958.2126542,-275769.62993692
2025-03-06 16:09:30,NFLX,SELL,135.5,2056.60027003,2075.65686438,-2582.16853363,-278351.79847055
2025-03-06 16:09:40,NFLX,SELL,119.0,2087.95577584,2102.08330328,-1681.17576448,-280032.97423503
2025-03-06 16:10:00,AAPL,BUY,113.0,1829.26651775,1832.26765015,339.12796174,-279693.84627329
2025-03-06 16:10:10,NFLX,SELL,291.4,1776.22008042,1780.6277097,-1284.38317362,-280978.22944691
2025-03-06 16:10:30,AMZN,BUY,132.1,1958.96851888,1960.49820909,202.07207612,-280776.15737079
2025-03-06 16:11:30,MSFT,SELL,266.7,3025.41647938,3003.57007305,5826.43656858,-274949.7208022
2025-03-06 16:12:30,AMZN,BUY,148.4,2155.52802672,2176.76084928,3150.95086744,-271798.76993476
2025-03-06 16:12:40,AAPL,SELL,169.1,1499.52426694,1507.99306905,-1432.07443672,-273230.84437147
2025-03-06 16:13:00,NVDA,BUY,269.2,2414.09544508,2406.85968049,-1947.86782768,-275178.71219916
2025-03-06 16:13:10,AMZN,BUY,276.5,2086.54493602,2105.32060724,5191.47309396,-269987.23910519
2025-03-06 16:14:10,AMZN,BUY,245.8,3199.29951542,3216.70216587,4277.57147948,-265709.66762572
2025-03-06 16:14:40,NVDA,BUY,273.5,443.73466998,440.69073411,-832.51646023,-266542.18408594
2025-03-06 16:15:10,TSLA,BUY,215.6,607.10593217,613.59737676,1399.55545309,-265142.62863286
2025-03-06 16:16:10,MSFT,SELL,64.9,1975.36350802,1983.77268691,-545.75571029,-265688.38434314
2025-03-06 16:16:20,AAPL,BUY,145.8,2499.87726375,2532.33318995,4732.0740405,-260956.31030264
2025-03-06 16:16:50,NFLX,SELL,242.5,1889.50886558,1900.03303215,-2552.11039201,-263508.42069465
2025-03-06 16:17:20,NVDA,SELL,214.3,2657.0473007,2656.92521266,26.16346691,-263482.25722775
2025-03-06 16:18:20,MSFT,SELL,249.4,2501.05398421,2502.4766609,-354.81556526,-263837.07279301
2025-03-06 16:18:50,AMZN,BUY,164.3,1378.51801262,1376.58226385,-318.0435226,-264155.11631561
2025-03-06 16:19:10,AMZN,SELL,274.8,104.98097644,103.21988765,483.9471979,-263671.16911771
2025-03-06 16:19:20,AMZN,SELL,114.4,1073.23096072,1068.34868445,558.53240522,-263112.63671249
2025-03-06 16:19:30,NFLX,SELL,255.4,2335.91681927,2351.24862135,-3915.74225146,-267028.37896395
2025-03-06 16:19:50,AMZN,BUY,245.5,2794.42128222,2738.60372329,-13703.21071594,-280731.58967989
2025-03-06 16:20:20,AAPL,BUY,124.7,1993.88810265,1994.05076694,20.28423754,-280711.30544236
2025-03-06 16:21:20,AMZN,SELL,133.7,1751.56361017,1759.23923902,-1026.23157743,-281737.53701979
2025-03-06 16:21:40,AAPL,SELL,257.3,2389.6820651,2368.31337612,5498.16367396,-276239.37334583
2025-03-06 16:22:10,TSLA,SELL,226.1,3074.15606272,3065.3221657,1997.34411629,-274242.02922954
2025-03-06 16:22:20,MSFT,SELL,253.1,473.24942096,473.82458507,-145.57403735,-274387.60326689
2025-03-06 16:22:50,AAPL,BUY,138.9,892.03428952,889.63037593,-333.90359712,-274721.50686401
2025-03-06 16:23:10,NFLX,SELL,115.5,2736.41860026,2727.83833191,991.02099426,-273730.48586975
2025-03-06 16:24:10,AAPL,SELL,87.9,1626.7188853,1641.89733998,-1334.18616671,-275064.67203646
2025-03-06 16:24:40,AMZN,SELL,246.2,1329.75388086,1339.42522713,-2381.08545379,-277445.75749025
2025-03-06 16:25:00,AMZN,BUY,223.0,915.68261654,913.66171265,-450.66156647,-277896.41905672
2025-03-06 16:25:20,NVDA,BUY,80.7,994.32043579,992.87464765,-116.67510257,-278013.09415928
2025-03-06 16:25:30,AMZN,SELL,133.5,676.96064888,681.59871482,-619.18180323,-278632.27596251
2025-03-06 16:25:40,NVDA,BUY,292.9,765.0936231,763.97689243,-327.09041321,-278959.36637573
2025-03-06 16:25:50,TSLA,SELL,270.4,2854.52091365,2855.77065545,-337.93018272,-279297.29655845
2025-03-06 16:26:10,MSFT,SELL,159.5,2781.8514275,2783.91677517,-329.42295359,-279626.71951203
2025-03-06 16:27:10,AMZN,SELL,283.1,1835.5307979,1828.96614041,1858.45453383,-277768.2649782
2025-03-06 16:28:10,NVDA,SELL,193.3,2693.36491061,2690.80468751,494.8911267,-277273.3738515
2025-03-06 16:28:40,MSFT,SELL,68.9,2870.57827197,2839.04674838,2172.52197499,-275100.85187651
2025-03-06 16:29:40,AAPL,BUY,77.5,3171.11322128,3187.85098496,1297.17668532,-273803.67519119
2025-03-06 16:30:40,MSFT,BUY,72.1,2966.43552727,2993.17435147,1927.86922514,-271875.80596605
2025-03-06 16:30:50,NVDA,BUY,159.3,547.86363103,541.34747919,-1038.02298714,-272913.82895319
2025-03-06 16:31:50,MSFT,BUY,263.8,794.49624715,793.66908715,-218.20480853,-273132.03376172
2025-03-06 16:32:50,TSLA,BUY,278.3,2246.6718719,2239.28381174,-2056.09714253,-275188.13090424
2025-03-06 16:33:20,TSLA,BUY,273.8,3051.17763716,3056.81442579,1543.35272583,-273644.77817842
2025-03-06 16:33:30,NFLX,BUY,277.9,1159.35930868,1160.84905594,414.00076486,-273230.77741356
2025-03-06 16:34:30,AAPL,SELL,208.5,1468.97968929,1448.69697613,4228.94569509,-269001.83171847
2025-03-06 16:35:00,TSLA,SELL,139.0,1958.5658639,1930.22650374,3939.17106267,-265062.6606558
2025-03-06 16:35:10,NVDA,BUY,208.4,2795.30578052,2771.67676524,-4924.28678348,-269986.94743927
2025-03-06 16:36:10,NFLX,BUY,215.0,3396.55598084,3416.81199334,4355.04268767,-265631.9047516
2025-03-06 16:36:20,MSFT,SELL,237.6,770.4659394,786.41303809,-3789.03064748,-269420.93539909
2025-03-06 16:36:40,MSFT,BUY,137.1,742.48295409,750.39414147,1084.62379014,-268336.31160895
2025-03-06 16:37:10,AAPL,BUY,121.3,3315.61560531,3343.88096998,3428.58873504,-264907.7228739
2025-03-06 16:37:20,MSFT,BUY,187.5,887.30461689,879.00852521,-1555.51719105,-266463.24006495
2025-03-06 16:38:20,MSFT,SELL,290.4,1413.35875447,1435.25654085,-6359.11716275,-272822.3572277
2025-03-06 16:38:30,AMZN,SELL,297.3,3312.20530406,3271.23988144,12179.02014386,-260643.33708385
2025-03-06 16:39:30,MSFT,SELL,258.6,445.63843762,450.52480384,-1263.61430493,-261906.95138878
2025-03-06 16:40:30,NVDA,SELL,150.3,1375.16346845,1356.41909558,2817.27924208,-259089.6721467
2025-03-06 16:40:40,TSLA,BUY,193.2,640.11562235,633.21091786,-1333.98890652,-260423.66105322
2025-03-06 16:40:50,AAPL,BUY,293.3,1941.88345974,1945.03346815,923.89746786,-259499.76358537
2025-03-06 16:41:20,AMZN,SELL,170.2,2528.9892259,2531.93977267,-502.18306002,-260001.94664538
2025-03-06 16:42:20,MSFT,BUY,186.9,559.16319567,562.76729983,673.60706644,-259328.33957895
2025-03-06 16:42:30,AAPL,SELL,241.9,715.30859224,714.78792691,125.94894347,-259202.39063547
2025-03-06 16:42:40,TSLA,SELL,155.4,1578.72079243,1582.57795694,-599.40336512,-259801.79400059
2025-03-06 16:43:40,TSLA,BUY,248.5,1070.0199177,1064.74410327,-1311.03988648,-261112.83388707
2025-03-06 16:44:40,AAPL,BUY,96.8,2951.94153908,2955.87207043,380.47543479,-260732.35845228
2025-03-06 16:45:40,NVDA,SELL,144.2,3429.11394981,3409.85993064,2776.42956492,-257955.92888736
2025-03-06 16:46:40,TSLA,SELL,250.6,1271.85513394,1273.8249305,-493.63101774,-258449.5599051
2025-03-06 16:46:50,MSFT,SELL,276.2,1722.50887264,1732.63008199,-2795.47802349,-261245.03792859
2025-03-06 16:47:50,AMZN,BUY,163.5,3440.87368384,3444.41837057,579.55627944,-260665.48164915
2025-03-06 16:48:00,TSLA,BUY,258.7,2021.53234676,2029.27127119,2002.05974976,-258663.42189939
2025-03-06 16:49:00,TSLA,BUY,231.4,2112.52847728,2106.3009983,-1441.03863759,-260104.46053699
2025-03-06 16:49:10,TSLA,BUY,241.5,371.50367706,374.4100492,701.88887251,-259402.57166448
2025-03-06 16:50:10,AMZN,SELL,118.7,1831.11863023,1822.2383776,1054.08598761,-258348.48567687
2025-03-06 16:50:40,NFLX,BUY,241.3,3339.38296987,3371.17401792,7671.17989309,-250677.30578378
2025-03-06 16:50:50,TSLA,BUY,59.6,2437.69291963,2468.72589741,1849.56547544,-248827.74030834
2025-03-06 16:51:50,AAPL,BUY,277.3,1091.84570118,1096.3563861,1250.8129279,-247576.92738044
2025-03-06 16:52:00,MSFT,SELL,299.4,825.91078699,825.34651317,168.94358156,-247407.98379888
2025-03-06 16:52:30,AAPL,BUY,244.1,2471.77509046,2487.79669825,3910.87446103,-243497.10933785
2025-03-06 16:53:00,MSFT,BUY,220.2,1954.57386326,1951.36339524,-706.94505748,-244204.05439533
2025-03-06 16:53:20,NFLX,BUY,207.9,422.34812254,422.02013774,-68.18804158,-244272.24243691
2025-03-06 16:53:50,NVDA,SELL,56.4,2608.26817776,2610.65484248,-134.60789021,-244406.85032713
2025-03-06 16:54:20,TSLA,SELL,295.7,3249.09025631,3228.61637928,6054.12543821,-238352.72488891
2025-03-06 16:55:20,TSLA,BUY,57.5,2339.15965175,2333.68943997,-314.53717753,-238667.26206645
2025-03-06 16:55:40,NVDA,BUY,117.9,1740.45335641,1735.19932896,-619.44983599,-239286.71190244
2025-03-06 16:56:00,NVDA,SELL,54.0,275.48142244,275.43539688,2.48538035,-239284.22652209
2025-03-06 16:56:10,NVDA,BUY,190.0,2205.04835816,2217.0151944,2273.69888604,-237010.52763605
2025-03-06 16:56:30,MSFT,BUY,119.3,3106.30467344,3075.62874255,-3659.63855598,-240670.16619203
2025-03-06 16:57:00,AMZN,SELL,215.6,2928.77894679,2926.49799045,491.77418697,-240178.39200506
2025-03-06 16:57:20,AAPL,BUY,232.9,1826.37453392,1821.06343321,-1236.95535655,-241415.34736161
2025-03-06 16:57:40,AAPL,BUY,295.7,1076.24389806,1067.49038131,-2588.41490238,-244003.76226399
2025-03-06 16:58:40,MSFT,SELL,95.3,429.88513286,434.95823709,-483.46683265,-244487.22909664
2025-03-06 16:59:10,AAPL,BUY,173.7,1757.86638419,1768.68621713,1879.40498293,-242607.82411371
2025-03-06 16:59:40,TSLA,BUY,198.7,784.32833096,790.04263954,1135.433115,-241472.39099871
2025-03-06 17:00:10,TSLA,BUY,149.6,170.11412253,169.38291894,-109.38805691,-241581.77905562
2025-03-06 17:00:30,AMZN,SELL,294.0,2941.02721532,2974.25069233,-9767.7022402,-251349.48129583
2025-03-06 17:01:00,MSFT,BUY,86.3,2164.52284918,2185.19918501,1784.3677824,-249565.11351343
2025-03-06 17:02:00,NFLX,SELL,246.5,2241.79626834,2248.63718184,-1686.28517883,-251251.39869226
2025-03-06 17:02:30,MSFT,SELL,262.8,2819.67335274,2833.5110298,-3636.54153113,-254887.9402234
2025-03-06 17:02:50,NVDA,BUY,122.4,2323.91959478,2316.75189987,-877.32585629,-255765.26607968
2025-03-06 17:03:10,AAPL,SELL,287.5,3456.80203099,3488.92933614,-9236.60023091,-265001.8663106
2025-03-06 17:04:10,TSLA,SELL,154.0,989.08126165,991.07508181,-307.04830489,-265308.91461548
2025-03-06 17:04:20,AMZN,BUY,180.0,725.50398653,716.86185558,-1555.58357143,-266864.49818691
2025-03-06 17:04:30,TSLA,BUY,79.4,2387.52575863,2387.12978218,-31.4405307,-266895.93871762
2025-03-06 17:05:30,AMZN,SELL,146.2,309.75093364,305.52614133,617.66463487,-266278.27408274
2025-03-06 17:05:40,NFLX,BUY,134.7,977.01856777,970.35226748,-897.9506479,-267176.22473065
2025-03-06 17:05:50,NFLX,BUY,150.9,655.47695144,654.61831466,-129.56828929,-267305.79301993
2025-03-06 17:06:20,AAPL,BUY,85.4,2427.13375479,2431.80183617,398.65414932,-266907.13887061
2025-03-06 17:06:50,NFLX,BUY,130.3,1303.28252163,1302.10208863,-153.81042004,-267060.94929065
2025-03-06 17:07:10,NVDA,BUY,200.6,2447.58420886,2461.03693628,2698.61712019,-264362.33217046
2025-03-06 17:07:30,AAPL,SELL,284.9,579.50225597,577.75638315,497.39916647,-263864.93300399
2025-03-06 17:07:50,NFLX,BUY,133.9,1121.50860327,1120.36465266,-153.17498622,-264018.10799021
2025-03-06 17:08:50,NVDA,BUY,205.0,415.33411309,419.42890606,839.43256012,-263178.67543009
2025-03-06 17:09:00,MSFT,BUY,295.5,122.9179162,121.47988895,-424.93705376,-263603.61248385
2025-03-06 17:09:30,NVDA,BUY,214.8,679.75561905,675.29398341,-958.3593362,-264561.97182006
2025-03-06 17:10:00,MSFT,SELL,88.1,479.82175915,481.89118074,-182.31604263,-264744.28786268
2025-03-06 17:10:20,NFLX,BUY,92.1,939.18206987,933.07995329,-562.00493734,-265306.29280002
2025-03-06 17:10:40,NVDA,BUY,61.8,1928.49142135,1956.03073847,1701.92979801,-263604.36300201
2025-03-06 17:11:10,NFLX,SELL,92.6,3028.24647454,3013.3538746,1379.05475439,-262225.30824762
2025-03-06 17:12:10,NVDA,BUY,216.4,565.0966578,564.18880862,-196.45856353,-262421.76681115
2025-03-06 17:12:20,NFLX,SELL,219.2,2454.79580767,2466.70633212,-2610.78695916,-265032.5537703
2025-03-06 17:12:30,NVDA,SELL,162.4,1824.40234661,1825.42220772,-165.62544355,-265198.17921385
2025-03-06 17:13:00,MSFT,SELL,74.7,941.65492344,927.3615258,1067.71680366,-264130.4624102
2025-03-06 17:13:10,AMZN,SELL,101.5,1881.68630285,1889.11653239,-754.16829881,-264884.63070901
2025-03-06 17:13:30,MSFT,BUY,299.9,2949.78708551,2971.13546116,6402.37785911,-258482.25284989
2025-03-06 17:13:50,AAPL,SELL,299.0,3068.15286373,3056.63309891,3444.40968366,-255037.84316623
2025-03-06 17:14:20,NFLX,BUY,239.0,1265.24844125,1271.32601736,1452.54069156,-253585.30247467
2025-03-06 17:14:50,NVDA,BUY,235.3,2496.46473621,2470.40592327,-6131.63868349,-259716.94115816
2025-03-06 17:15:00,TSLA,SELL,262.2,804.38537319,795.36338283,2365.56587174,-257351.37528642
2025-03-06 17:15:10,AAPL,BUY,265.8,1944.60570046,1938.52856939,-1615.30143854,-258966.67672496
2025-03-06 17:15:30,AMZN,SELL,237.1,3388.09889325,3346.00415163,9980.66323725,-248986.01348771
2025-03-06 17:16:00,NFLX,BUY,270.6,486.52893631,482.15123598,-1184.60571103,-250170.61919874
2025-03-06 17:16:10,TSLA,BUY,249.1,2192.45375953,2170.8098539,-5391.49689288,-255562.11609163
2025-03-06 17:17:10,NFLX,SELL,159.6,1179.91211582,1163.24390801,2660.24596724,-252901.87012438
2025-03-06 17:18:10,NFLX,SELL,173.2,2175.28269201,2147.49204472,4813.34011078,-248088.5300136
2025-03-06 17:18:30,TSLA,SELL,233.8,3313.65422616,3308.72282836,1152.96080576,-246935.56920784
2025-03-06 17:18:50,MSFT,SELL,236.4,2276.43209258,2273.72330749,640.35679601,-246295.21241183
2025-03-06 17:19:00,NVDA,BUY,89.4,1530.27961449,1528.4879794,-160.17217728,-246455.38458911
2025-03-06 17:19:10,MSFT,BUY,194.5,3005.38719051,2990.47624751,-2900.17841315,-249355.56300226
2025-03-06 17:19:20,MSFT,BUY,79.1,2109.49450626,2106.29085698,-253.40865788,-249608.97166014
2025-03-06 17:19:50,NVDA,BUY,250.7,2626.94885137,2602.35667862,-6165.25770837,-255774.22936852
2025-03-06 17:20:20,AMZN,SELL,127.0,2775.33326072,2778.59401552,-414.11585957,-256188.34522809
2025-03-06 17:20:40,NFLX,BUY,167.6,857.02068536,855.51368164,-252.57382403,-256440.91905212
2025-03-06 17:21:10,TSLA,BUY,63.4,3178.96690331,3190.6266563,739.22833947,-255701.69071265
2025-03-06 17:21:40,MSFT,BUY,224.6,383.98059706,382.18272806,-403.80137864,-256105.49209128
2025-03-06 17:22:00,TSLA,SELL,133.1,563.66813533,559.21513723,592.6940474,-255512.79804388
2025-03-06 17:22:30,NFLX,SELL,234.1,1053.56397923,1054.59465527,-241.28126052,-255754.0793044
2025-03-06 17:23:30,MSFT,SELL,223.7,2563.03372959,2564.14719148,-249.08142412,-256003.16072852
2025-03-06 17:23:40,AMZN,SELL,270.7,2460.29322281,2439.65340676,5587.19820498,-250415.96252354
2025-03-06 17:24:10,NVDA,BUY,107.2,2620.126953,2597.72235039,-2401.7733997,-252817.73592324
2025-03-06 17:24:30,MSFT,BUY,183.7,3200.8680141,3226.54672768,4717.17968353,-248100.55623971
2025-03-06 17:25:00,AAPL,SELL,290.8,1161.89014158,1155.14233073,1962.26339509,-246138.29284462
2025-03-06 17:25:30,NVDA,BUY,216.7,3442.16331306,3433.13692299,-1956.01872979,-248094.31157441
2025-03-06 17:26:00,MSFT,SELL,262.9,1852.41767153,1844.49165269,2083.75035348,-246010.56122093
2025-03-06 17:26:30,AMZN,BUY,76.1,728.6140896,728.69070943,5.8307687,-246004.73045223
2025-03-06 17:26:50,AMZN,SELL,60.6,3107.98329662,3088.02313979,1209.58550421,-244795.14494803
2025-03-06 17:27:20,TSLA,SELL,223.3,821.89321558,824.88428572,-667.90596295,-245463.05091098
2025-03-06 17:27:30,AMZN,SELL,82.4,2769.23139489,2779.91463236,-880.2987673,-246343.34967828
2025-03-06 17:28:00,NVDA,SELL,296.2,1450.60777942,1450.75799253,-44.49312212,-246387.84280039
2025-03-06 17:28:10,MSFT,BUY,287.8,2511.50849605,2512.74982064,357.25321723,-246030.58958316
2025-03-06 17:28:20,MSFT,SELL,84.2,1629.75472822,1633.2091381,-290.86131226,-246321.45089542
2025-03-06 17:28:50,MSFT,SELL,250.8,2470.50071915,2472.42353414,-482.24199964,-246803.69289506
2025-03-06 17:29:10,NVDA,SELL,74.1,1537.3459335,1533.5168764,283.73313148,-246519.95976358
2025-03-06 17:30:10,AMZN,SELL,174.4,3348.24875449,3348.13227597,20.3138538,-246499.64590978
2025-03-06 17:31:10,MSFT,SELL,187.1,2943.31255419,2948.98733468,-1061.75142884,-247561.39733862
2025-03-06 17:32:10,AMZN,BUY,58.7,3491.16093949,3467.96313804,-1361.71094514,-248923.10828376
2025-03-06 17:33:10,NFLX,BUY,170.6,2120.30607404,2087.38299098,-5616.67796932,-254539.78625308
2025-03-06 17:34:10,AMZN,BUY,251.3,2257.11326625,2227.51591213,-7437.81508953,-261977.60134261
2025-03-06 17:35:10,NVDA,SELL,345.4,1173.2182884,1183.24632266,-3463.68303323,-265441.28437584
2025-03-06 17:36:10,AAPL,BUY,166.5,1296.47896713,1296.02573259,-75.46355126,-265516.7479271
2025-03-06 17:37:10,TSLA,SELL,188.3,2032.35369545,2029.85171086,471.12369788,-265045.62422922
2025-03-06 17:38:10,NFLX,SELL,24.7,221.23628313,218.47056013,68.313358,-264977.31087122
2025-03-06 17:39:10,NVDA,SELL,48.0,1290.43490861,1261.0362757,1411.13437983,-263566.17649139
2025-03-06 17:40:10,NVDA,SELL,95.4,425.12671878,422.71901888,229.69457082,-263336.48192057
2025-03-06 17:41:10,NFLX,SELL,107.8,1804.79917875,1786.47991017,1974.8171529,-261361.66476767
2025-03-06 17:42:10,NFLX,SELL,135.8,1298.76825638,1293.98567531,649.47450908,-260712.19025859
2025-03-06 17:43:10,MSFT,SELL,45.4,1224.93483746,1214.30686808,482.50980985,-260229.68044874
2025-03-06 17:44:10,AAPL,BUY,136.4,808.84577489,816.10417979,990.04642856,-259239.63402018
2025-03-06 17:45:10,AMZN,SELL,89.6,526.16376354,522.06810632,366.97088725,-258872.66313292
2025-03-06 17:46:10,MSFT,BUY,49.6,195.7656221,198.30656448,126.03074186,-258746.63239106
2025-03-06 17:47:10,NVDA,BUY,88.0,2264.33952986,2266.803398,216.82039614,-258529.81199493
2025-03-06 17:48:10,NVDA,SELL,138.2,2364.64502971,2390.25067493,-3538.70016942,-262068.51216435
2025-03-06 17:49:10,MSFT,SELL,61.4,1258.93130083,1276.3083734,-1066.95225617,-263135.46442052
2025-03-06 17:50:10,NVDA,SELL,346.7,1296.05222152,1305.90942565,-3417.49267062,-266552.95709114
2025-03-06 17:51:10,AAPL,SELL,200.3,539.98845228,534.11750731,1175.95027841,-265377.00681273
2025-03-06 17:52:10,AMZN,SELL,145.3,1155.62738724,1162.86571145,-1051.72850806,-266428.73532079
2025-03-06 17:53:10,NFLX,BUY,143.4,1602.10233445,1614.37437314,1759.81034908,-264668.92497171
2025-03-06 17:54:10,NVDA,SELL,38.5,1520.45721686,1531.97343471,-443.37438724,-265112.29935895
2025-03-06 17:55:10,TSLA,SELL,52.8,1347.31429813,1353.294674,-315.76384594,-265428.06320489
2025-03-06 17:56:10,TSLA,SELL,106.4,1326.27715173,1309.26967102,1809.59594741,-263618.46725748
2025-03-06 17:57:10,AMZN,BUY,125.4,410.87962958,406.13372606,-595.13630216,-264213.60355964
2025-03-06 17:58:10,NVDA,SELL,52.9,1216.58215081,1214.77423087,95.63896439,-264117.96459525
2025-03-06 17:59:10,NVDA,BUY,144.5,636.61950667,633.45400369,-457.4151801,-264575.37977536
2025-03-06 18:00:10,TSLA,SELL,123.3,2428.78401433,2423.42030942,661.34481493,-263914.03496042
2025-03-06 18:01:10,NFLX,BUY,73.2,710.59193575,707.53845833,-223.51454712,-264137.54950754
2025-03-06 18:02:10,NVDA,SELL,89.5,1461.76970082,1472.55373302,-965.17088194,-265102.72038948
2025-03-06 18:03:10,NFLX,BUY,291.9,1063.10691671,1058.13589424,-1451.0414582,-266553.76184769
2025-03-06 18:04:10,AMZN,SELL,133.9,2054.51945836,2052.04361713,331.51514066,-266222.24670703
2025-03-06 18:05:10,AAPL,SELL,95.4,1213.81583414,1204.80715978,859.42753354,-265362.81917349
2025-03-06 18:06:10,TSLA,SELL,37.1,1865.31636887,1891.04735124,-954.61944577,-266317.43861926
2025-03-06 18:07:10,TSLA,SELL,127.4,1668.26931585,1669.48029703,-154.27900208,-266471.71762134
2025-03-06 18:08:10,MSFT,BUY,149.0,850.94847538,857.28591154,944.27798718,-265527.43963415
2025-03-06 18:09:10,AMZN,BUY,90.2,929.34100691,940.26007083,984.89956593,-264542.54006823
2025-03-06 18:10:10,MSFT,SELL,88.1,688.94070384,690.13293735,-105.03577177,-264647.57584
2025-03-06 18:11:10,AAPL,BUY,45.6,1074.38051778,1081.11351937,307.02487241,-264340.55096759
2025-03-06 18:12:10,AAPL,BUY,134.0,886.85123589,869.38953936,-2339.86733474,-266680.41830233
2025-03-06 18:13:10,MSFT,SELL,43.2,2175.04648102,2178.14343213,-133.78828808,-266814.20659041
2025-03-06 18:14:10,NVDA,BUY,259.2,1026.16985409,1018.56402955,-1971.42971914,-268785.63630955
2025-03-06 18:15:10,MSFT,BUY,115.9,1666.16987665,1659.33100935,-792.6247199,-269578.26102944
2025-03-06 18:16:10,NVDA,SELL,114.7,739.80978353,726.9058787,1480.07788424,-268098.1831452
2025-03-06 18:17:10,NFLX,SELL,124.2,308.02377575,309.81716608,-222.73907803,-268320.92222323
2025-03-06 18:18:10,NVDA,SELL,58.9,2390.25226262,2361.00635423,1722.58400451,-266598.33821872
2025-03-06 18:19:10,AMZN,BUY,85.8,2152.51270297,2149.32835523,-273.21703573,-266871.55525445
2025-03-06 18:20:10,TSLA,SELL,79.6,2387.05213702,2393.84830992,-540.97536271,-267412.53061717
2025-03-06 18:21:10,AMZN,BUY,341.4,1372.19712189,1380.48060006,2827.97944789,-264584.55116928
2025-03-06 18:22:10,TSLA,SELL,123.0,1100.75205661,1114.06891142,-1637.9731412,-266222.52431048
2025-03-06 18:23:10,NVDA,SELL,21.3,2375.74799989,2395.53297076,-421.41987944,-266643.94418992
2025-03-06 18:24:10,NVDA,BUY,340.2,1667.47008963,1669.53598576,702.81786251,-265941.12632741
2025-03-06 18:25:10,MSFT,SELL,117.6,2248.14664924,2251.06281379,-342.94095124,-266284.06727866
2025-03-06 18:26:10,MSFT,SELL,51.1,307.36806513,307.87491427,-25.89999117,-266309.96726983
2025-03-06 18:27:10,NFLX,BUY,312.9,1436.21445838,1427.36774456,-2768.13675544,-269078.10402526
2025-03-06 18:28:10,AAPL,BUY,331.3,846.63804836,843.67756093,-980.80948321,-270058.91350847
2025-03-06 18:29:10,TSLA,BUY,373.9,2205.76247042,2174.13569858,-11825.24998963,-281884.1634981
2025-03-06 18:30:10,NVDA,SELL,212.7,1076.09793033,1061.38116956,3130.25501727,-278753.90848083
2025-03-06 18:31:10,AMZN,BUY,66.6,1698.87185802,1696.46691308,-160.16933309,-278914.07781392
2025-03-06 18:32:10,NFLX,BUY,23.7,637.96495883,635.24124919,-64.55191842,-278978.62973234
2025-03-06 18:33:10,TSLA,BUY,161.8,1230.02308368,1209.56047801,-3310.84959766,-282289.47933
2025-03-06 18:34:10,AMZN,SELL,397.3,1548.90128867,1542.20267079,2661.36088476,-279628.11844525
2025-03-06 18:35:10,AMZN,SELL,104.1,1413.35660971,1409.27457655,424.9396519,-279203.17879334
2025-03-06 18:36:10,AMZN,BUY,56.8,499.71627949,502.35633678,149.95525446,-279053.22353888
2025-03-06 18:37:10,AMZN,BUY,103.9,1066.70785771,1062.24145472,-464.05927168,-279517.28281056
2025-03-06 18:38:10,TSLA,SELL,46.4,1794.80090374,1797.94952214,-146.09589386,-279663.37870442
2025-03-06 18:39:10,MSFT,SELL,195.0,2253.10680539,2262.73626308,-1877.74424834,-281541.12295276
2025-03-06 18:40:10,AAPL,SELL,158.2,131.75456988,131.33465368,66.43074262,-281474.69221014
2025-03-06 18:41:10,AMZN,SELL,111.1,1112.63743975,1125.03203639,-1377.03968697,-282851.73189711
2025-03-06 18:42:10,AMZN,SELL,35.7,2212.05286819,2233.23194536,-756.09305516,-283607.82495227
2025-03-06 18:43:10,NVDA,SELL,317.6,1353.18807092,1342.23093985,3479.98482955,-280127.84012272
2025-03-06 18:44:10,TSLA,SELL,27.9,141.07500609,143.57078791,-69.63231256,-280197.47243529
2025-03-06 18:45:10,MSFT,SELL,64.6,385.45918445,384.41532987,67.43300607,-280130.03942922
2025-03-06 18:46:10,MSFT,SELL,121.3,528.74077741,523.54049742,630.7939627,-279499.24546652
2025-03-06 18:47:10,TSLA,SELL,70.7,2191.57028011,2201.68051736,-714.79377357,-280214.03924009
2025-03-06 18:48:10,AMZN,SELL,149.4,1385.21861284,1384.02768658,177.92438218,-280036.1148579
2025-03-06 18:49:10,AAPL,BUY,132.1,441.11438486,438.96157216,-284.38655793,-280320.50141584
2025-03-06 18:50:10,AMZN,SELL,145.5,2433.33505945,2430.84639048,362.10133531,-279958.40008053
2025-03-06 18:51:10,MSFT,SELL,144.0,1019.85001644,1022.68306664,-407.95922951,-280366.35931003
2025-03-06 18:52:10,AAPL,SELL,52.1,560.62956853,555.84738766,249.15162358,-280117.20768646
2025-03-06 18:53:10,TSLA,BUY,69.1,1970.40984929,1981.31478534,753.53108111,-279363.67660534
2025-03-06 18:54:10,AMZN,SELL,129.5,566.67687214,560.61778844,784.65133811,-278579.02526723
2025-03-06 18:55:10,NVDA,BUY,71.1,741.02322906,746.76413479,408.17839746,-278170.84686977
2025-03-06 18:56:10,MSFT,SELL,82.2,342.79249894,338.24200793,374.0503614,-277796.79650837
2025-03-06 18:57:10,TSLA,SELL,134.9,902.69155652,900.69646023,269.13848962,-277527.65801876
2025-03-06 18:58:10,AAPL,SELL,148.5,1350.36147569,1347.7868652,382.32965735,-277145.32836141
2025-03-06 18:59:10,AMZN,BUY,79.9,182.38564462,179.61838669,-221.10390871,-277366.43227012
2025-03-06 19:00:10,TSLA,BUY,136.4,896.47266504,886.55143914,-1353.25521306,-278719.68748318
2025-03-06 19:01:10,MSFT,BUY,332.5,145.5427605,144.5274414,-337.59360241,-279057.28108559
2025-03-06 19:02:10,AAPL,BUY,191.4,1108.35979084,1093.22895808,-2896.04139024,-281953.32247583
2025-03-06 19:03:10,NVDA,BUY,134.3,324.5412684,326.81061533,304.7732925,-281648.54918334
2025-03-06 19:04:10,AMZN,SELL,116.5,423.10636669,420.56196081,296.42328469,-281352.12589864
2025-03-06 19:05:10,NVDA,BUY,134.9,793.28735063,783.69891957,-1293.4793494,-282645.60524804
2025-03-06 19:06:10,NFLX,SELL,43.0,2466.02668027,2457.59144461,362.71513299,-282282.89011505
2025-03-06 19:07:10,NVDA,SELL,94.0,1462.28757096,1467.2283478,-464.43302321,-282747.32313827
2025-03-06 19:08:10,MSFT,SELL,127.9,2125.29894979,2120.55203223,607.13075567,-282140.1923826
2025-03-06 19:09:10,NFLX,SELL,79.4,2437.96464503,2440.09552794,-169.19210287,-282309.38448547
2025-03-06 19:10:10,TSLA,SELL,44.7,1013.95019068,1010.05281815,174.21255228,-282135.17193319
2025-03-06 19:11:10,TSLA,BUY,140.3,1259.79362373,1261.93852571,300.92974753,-281834.24218567
2025-03-06 19:12:10,NFLX,BUY,37.8,1103.69185988,1099.77691061,-147.9850823,-281982.22726797
2025-03-06 19:13:10,AMZN,SELL,146.1,2136.11752957,2114.32463829,3183.94141671,-278798.28585126
2025-03-06 19:14:10,NFLX,BUY,125.8,1037.3103593,1026.13167782,-1406.27812968,-280204.56398094
2025-03-06 19:15:10,NVDA,SELL,49.1,125.00127217,124.0420921,47.09574183,-280157.46823911
2025-03-06 19:16:10,MSFT,BUY,133.4,892.70949512,904.81609739,1615.0207417,-278542.44749741
2025-03-06 19:17:10,AAPL,BUY,143.2,2301.60140835,2308.15804226,938.90997648,-277603.53752093
2025-03-06 19:18:10,NVDA,SELL,40.0,1868.71733135,1862.88301856,233.37251132,-277370.1650096
2025-03-06 19:19:10,AMZN,BUY,23.4,1564.64806794,1577.46608598,299.94162217,-277070.22338743
2025-03-06 19:20:10,MSFT,SELL,42.4,1994.41242063,2008.7740208,-608.93184711,-277679.15523455
2025-03-06 19:21:10,NVDA,BUY,43.3,1607.79985827,1608.340815,23.42342625,-277655.7318083
2025-03-06 19:22:10,MSFT,BUY,44.3,328.78203521,329.57466763,35.11361618,-277620.61819212
2025-03-06 19:23:10,NVDA,BUY,82.0,1692.30423551,1676.88447146,-1264.42065207,-278885.03884419
2025-03-06 19:24:10,AMZN,SELL,43.0,1679.00208843,1692.00422251,-559.09176532,-279444.13060951
2025-03-06 19:25:10,AMZN,BUY,387.3,1404.90463207,1397.23677541,-2969.76088473,-282413.89149423
2025-03-06 19:26:10,NFLX,SELL,147.1,2473.02913057,2473.6973777,-98.29915353,-282512.19064776
2025-03-06 19:27:10,AMZN,SELL,259.8,1823.36584647,1807.22712128,4192.84080462,-278319.34984314
2025-03-06 19:28:10,AAPL,SELL,131.6,526.48567426,523.32506416,415.93628938,-277903.41355376
2025-03-06 19:29:10,AMZN,BUY,80.5,2194.99003399,2137.08093214,-4661.68269876,-282565.09625252
2025-03-06 19:30:10,NFLX,SELL,67.5,1077.65685865,1070.77974388,464.20524722,-282100.8910053
2025-03-06 19:31:10,MSFT,SELL,98.6,1362.41296866,1372.71837524,-1016.11308891,-283117.0040942
2025-03-06 19:32:10,NFLX,SELL,95.2,862.38694847,860.89953205,141.60204308,-282975.40205112
2025-03-06 19:33:10,TSLA,BUY,117.9,819.88940847,815.14893714,-558.90156908,-283534.3036202
2025-03-06 19:34:10,NVDA,BUY,146.1,1601.79123087,1607.47175863,829.92510623,-282704.37851397
2025-03-06 19:35:10,AMZN,SELL,44.4,1354.93747304,1365.29604072,-459.92040517,-283164.29891913
2025-03-06 19:36:10,MSFT,SELL,114.1,943.98619149,938.5182611,623.89085684,-282540.40806229
2025-03-06 19:37:10,MSFT,BUY,85.2,1965.64015092,1951.62002753,-1194.51451334,-283734.92257563
2025-03-06 19:38:10,NFLX,BUY,109.3,1338.78315212,1350.14389104,1241.72876367,-282493.19381196
2025-03-06 19:39:10,TSLA,BUY,55.6,503.37555353,508.78252395,300.62755524,-282192.56625673
2025-03-06 19:40:10,NFLX,BUY,123.4,1283.92635149,1297.39505706,1662.03826814,-280530.52798859
2025-03-06 19:41:10,NFLX,BUY,134.6,1256.93176481,1245.68537276,-1513.76437082,-282044.2923594
2025-03-06 19:42:10,AMZN,SELL,106.8,1048.60962036,1058.17041407,-1021.09276784,-283065.38512725
2025-03-06 19:43:10,AAPL,SELL,153.6,2246.68628518,2223.42212129,3573.37557255,-279492.0095547
2025-03-06 19:44:10,AMZN,BUY,109.2,770.69237277,770.19900434,-53.87583222,-279545.88538691
2025-03-06 19:45:10,MSFT,SELL,106.1,286.5631246,288.08404746,-161.36991601,-279707.25530292
2025-03-06 19:46:10,TSLA,BUY,127.4,2323.28907689,2304.28229218,-2421.46437202,-282128.71967494
2025-03-06 19:47:10,AAPL,SELL,375.8,1093.65666037,1083.33881393,3877.44669189,-278251.27298305
2025-03-06 19:48:10,TSLA,BUY,62.4,1179.70556021,1179.2020732,-31.41758938,-278282.69057243
2025-03-06 19:49:10,AMZN,SELL,90.4,777.28998532,758.526025,1696.26201352,-276586.4285589
2025-03-06 19:50:10,NVDA,SELL,124.3,311.54015465,304.66935278,854.0406717,-275732.38788721
2025-03-06 19:51:10,AMZN,BUY,126.7,1255.45435685,1248.18252851,-921.34065143,-276653.72853864
2025-03-06 19:52:10,MSFT,BUY,138.5,110.43112914,111.26006855,114.80810869,-276538.92042995
2025-03-06 19:53:10,AMZN,SELL,33.9,1925.66726341,1924.18796227,50.14830859,-276488.77212136
2025-03-06 19:54:10,NVDA,SELL,145.4,330.48983017,328.75839567,251.75057591,-276237.02154545
2025-03-06 19:55:10,NVDA,BUY,104.5,2245.19494396,2239.2133864,-625.07276487,-276862.09431033
2025-03-06 19:56:10,TSLA,SELL,82.5,992.13519497,987.03065924,421.12419816,-276440.97011216
2025-03-06 19:57:10,NVDA,SELL,95.1,505.36689762,507.7256817,-224.32036641,-276665.29047857
2025-03-06 19:58:10,AAPL,BUY,93.5,2346.8685511,2342.61176125,-398.00985138,-277063.30032995
2025-03-06 19:59:10,NFLX,BUY,141.3,1646.43840638,1648.75756218,327.69671557,-276735.60361438
2025-03-06 20:00:10,MSFT,SELL,44.6,1777.99821495,1773.26335682,211.17467261,-276524.42894177
2025-03-06 20:01:10,TSLA,SELL,141.5,1468.50473458,1452.89053236,2209.40961395,-274315.01932782
2025-03-06 20:02:10,MSFT,SELL,80.0,2360.86066458,2347.29270085,1085.43709874,-273229.58222908
2025-03-06 20:03:10,NVDA,SELL,54.8,1101.38079679,1096.28795357,279.08780851,-272950.49442057
2025-03-06 20:04:10,NVDA,BUY,43.5,1171.96343321,1169.91367595,-89.164441,-273039.65886157
2025-03-06 20:05:10,AAPL,BUY,71.1,442.56176836,441.6493351,-64.87400424,-273104.53286581
2025-03-06 20:06:10,NVDA,BUY,306.6,490.48648488,487.60707324,-882.8276079,-273987.36047372
2025-03-06 20:07:10,NFLX,BUY,264.0,289.14747811,287.29757381,-488.37473707,-274475.73521079
2025-03-06 20:08:10,TSLA,SELL,319.5,312.44931931,312.9728671,-167.27351609,-274643.00872688
2025-03-06 20:09:10,NVDA,SELL,38.5,616.79057201,618.15262627,-52.43908903,-274695.44781592
2025-03-06 20:10:10,NVDA,BUY,79.9,961.50619512,961.56616349,4.79147245,-274690.65634347
2025-03-06 20:11:10,TSLA,SELL,49.3,771.09320717,769.10923065,97.81004252,-274592.84630095
2025-03-06 20:12:10,TSLA,BUY,31.5,1462.20595562,1460.7331104,-46.39462443,-274639.24092537
2025-03-06 20:13:10,MSFT,SELL,46.9,1499.72624206,1492.02117131,361.36781822,-274277.87310716
2025-03-06 20:14:10,MSFT,BUY,65.9,1156.43385844,1158.40435348,129.85562335,-274148.01748381
2025-03-06 20:15:10,MSFT,SELL,38.3,856.34438931,863.02022302,-255.68443112,-274403.70191493
2025-03-06 20:16:10,NFLX,BUY,12.5,1673.43944614,1669.99587212,-43.04467524,-274446.74659017
2025-03-06 20:17:10,TSLA,SELL,67.4,2176.41036593,2170.64006178,388.91849982,-274057.82809035
2025-03-06 20:18:10,NVDA,BUY,40.9,1918.10892037,1938.69818722,842.10101451,-273215.72707584
2025-03-06 20:19:10,AMZN,SELL,71.0,1867.89648239,1868.49486579,-42.48522163,-273258.21229746
2025-03-06 20:20:10,MSFT,BUY,12.6,2162.42243044,2164.41590299,25.11775401,-273233.09454346
2025-03-06 20:21:10,MSFT,BUY,46.1,344.36660197,342.71606898,-76.08957076,-273309.18411422
2025-03-06 20:22:10,AAPL,BUY,12.1,1233.23210753,1232.32870812,-10.9311329,-273320.11524711
2025-03-06 20:23:10,MSFT,BUY,69.1,1545.03876533,1538.60150869,-444.81443355,-273764.92968066
2025-03-06 20:24:10,NFLX,BUY,54.7,2485.10511193,2490.64680322,303.13051383,-273461.79916684
2025-03-06 20:25:10,AAPL,BUY,55.2,2056.59624266,2030.67212709,-1431.01117943,-274892.81034626
2025-03-06 20:26:10,MSFT,BUY,49.3,1737.17158996,1735.42149144,-86.27985695,-274979.09020321
2025-03-06 20:27:10,NVDA,SELL,30.7,1610.44141847,1615.16506999,-145.01610174,-275124.10630495
2025-03-06 20:28:10,NVDA,BUY,62.2,2114.28016461,2097.25626207,-1058.88673812,-276182.99304307
2025-03-06 20:29:10,MSFT,BUY,23.4,384.77408921,384.77545967,0.03206889,-276182.96097418
2025-03-06 20:30:10,TSLA,BUY,34.4,2271.39437962,2265.28457741,-210.17719602,-276393.1381702
2025-03-06 20:31:10,MSFT,SELL,58.0,1451.67663186,1449.35460756,134.67740914,-276258.46076106
2025-03-06 20:32:10,AMZN,BUY,28.1,1805.18395953,1801.39598876,-106.44197883,-276364.90273989
2025-03-06 20:33:10,AAPL,BUY,39.0,2149.24457952,2142.8212276,-250.51072493,-276615.41346482
2025-03-06 20:34:10,AAPL,SELL,63.7,161.21823509,160.5817671,40.54301073,-276574.87045409
2025-03-06 20:35:10,AMZN,BUY,61.2,226.65229089,227.45119337,48.89283201,-276525.97762208
2025-03-06 20:36:10,AAPL,BUY,36.2,1604.51421702,1605.38191322,31.41060248,-276494.56701961
2025-03-06 20:37:10,NFLX,SELL,27.1,2026.72322552,2038.98721105,-332.35400775,-276826.92102735
2025-03-06 20:38:10,TSLA,BUY,15.2,1037.16966872,1031.17649965,-91.09616992,-276918.01719727
2025-03-06 20:39:10,NVDA,SELL,64.1,260.7141647,259.51567742,76.82303444,-276841.19416283
2025-03-06 20:40:10,TSLA,BUY,35.8,2250.94632441,2276.51423448,915.33118057,-275925.86298226
2025-03-06 20:41:10,AAPL,SELL,73.2,1804.70913152,1806.95044899,-164.06443916,-276089.92742142
2025-03-06 20:42:10,AAPL,BUY,36.0,1733.52734187,1736.49408691,106.80282139,-275983.12460003
2025-03-06 20:43:10,NVDA,SELL,24.3,1653.27321351,1640.9877681,298.53632341,-275684.58827662
2025-03-06 20:44:10,AMZN,SELL,49.1,191.64388643,191.47251208,8.41448046,-275676.17379616
2025-03-06 20:45:10,AAPL,BUY,6.9,2174.63042884,2174.43467423,-1.35070685,-275677.524503
2025-03-06 20:46:10,AAPL,SELL,17.8,1698.15236042,1687.69019428,186.22655731,-275491.2979457
2025-03-06 20:47:10,MSFT,SELL,43.9,236.06758953,238.17937148,-92.70722743,-275584.00517313
2025-03-06 20:48:10,NVDA,SELL,22.7,413.78081465,411.43890101,53.16143949,-275530.84373363
2025-03-06 20:49:10,AMZN,SELL,76.5,1385.18234509,1385.66855589,-37.19512666,-275568.03886029
2025-03-06 20:50:10,NFLX,SELL,72.3,1059.83407135,1051.85071212,577.19687276,-274990.84198754
2025-03-06 20:51:10,NVDA,BUY,47.5,272.53567367,271.32698544,-57.41269135,-275048.25467889
2025-03-06 20:52:10,MSFT,BUY,31.4,1088.37844608,1091.09706663,85.36468528,-274962.88999361
2025-03-06 20:53:10,MSFT,BUY,60.5,1548.67143954,1547.19590381,-89.26991141,-275052.15990502
2025-03-06 20:54:10,AMZN,SELL,73.7,1820.10040542,1823.26699598,-233.37772429,-275285.53762932
2025-03-06 20:55:10,TSLA,BUY,57.8,2309.97950668,2308.86396561,-64.47827381,-275350.01590312
2025-03-06 20:56:10,NVDA,BUY,14.3,539.67440364,542.15038617,35.40655026,-275314.60935286
2025-03-06 20:57:10,MSFT,BUY,17.0,1265.70641629,1281.11933012,262.01953504,-275052.58981782
2025-03-06 20:58:10,AMZN,BUY,7.7,1361.47743405,1370.88103617,72.40773635,-274980.18208147
2025-03-06 20:59:10,NFLX,SELL,13.5,238.54710113,236.93007853,21.82980505,-274958.35227641
2025-03-06 21:00:10,AMZN,BUY,52.6,225.43992559,224.35449636,-57.09357758,-275015.44585399
2025-03-06 21:01:10,AAPL,BUY,18.2,1665.25788432,1661.51646573,-68.09381824,-275083.53967223
2025-03-06 21:02:10,NFLX,SELL,31.1,1200.13805488,1192.09394821,250.17171749,-274833.36795474
2025-03-06 21:03:10,AAPL,SELL,34.2,2062.32331078,2030.78134141,1078.73535252,-273754.63260222
2025-03-06 21:04:10,TSLA,SELL,132.0,1224.94145107,1203.11274617,2881.38904714,-270873.24355508
2025-03-06 21:05:10,MSFT,BUY,33.4,623.60048848,616.59091383,-234.11979344,-271107.36334852
2025-03-06 21:06:10,NFLX,BUY,75.5,279.83700605,280.5922261,57.01911378,-271050.34423473
2025-03-06 21:07:10,AMZN,SELL,67.0,627.15143406,624.23130042,195.64895367,-270854.69528106
2025-03-06 21:08:10,NFLX,SELL,23.5,1444.83328702,1440.27245268,107.17960687,-270747.51567419
2025-03-06 21:09:10,NFLX,SELL,64.4,2419.30083519,2437.41625339,-1166.6329325,-271914.14860669
2025-03-06 21:10:10,MSFT,SELL,117.3,769.85150929,773.19051796,-391.66571601,-272305.8143227
2025-03-06 21:11:10,TSLA,BUY,172.4,2097.81005302,2108.38993645,1823.97190378,-270481.84241892
2025-03-06 21:12:10,TSLA,SELL,110.8,565.91446013,561.89217469,445.66922717,-270036.17319174
2025-03-06 21:13:10,MSFT,BUY,144.7,2153.27297196,2160.44229759,1037.40141826,-268998.77177349
2025-03-06 21:14:10,AAPL,BUY,48.4,1087.89351204,1086.54815133,-65.11545831,-269063.88723179
2025-03-06 21:15:10,MSFT,BUY,104.5,1333.4124474,1359.68607266,2745.59383914,-266318.29339266
2025-03-06 21:16:10,NFLX,SELL,88.2,1099.38205055,1083.99582631,1357.06497742,-264961.22841523
2025-03-06 21:17:10,TSLA,BUY,85.0,2386.22961267,2401.83796647,1326.71007291,-263634.51834232
2025-03-06 21:18:10,NFLX,SELL,126.1,910.20269868,902.74501883,940.41342798,-262694.10491434
2025-03-06 21:19:10,NFLX,BUY,63.2,236.42077356,233.76635834,-167.75904176,-262861.86395611
2025-03-06 21:20:10,TSLA,BUY,87.1,2191.54946076,2220.31897434,2505.8246326,-260356.03932351
2025-03-06 21:21:10,NFLX,SELL,113.7,808.82373081,816.86760028,-914.58795847,-261270.62728198
2025-03-06 21:22:10,NVDA,SELL,41.7,1644.61186322,1650.41854069,-242.13845051,-261512.76573249
2025-03-06 21:23:10,AMZN,BUY,217.5,1708.7440904,1719.55032593,2350.35622791,-259162.40950458
2025-03-06 21:24:10,TSLA,SELL,99.6,963.91371111,962.33256773,157.48188092,-259004.92762366
2025-03-06 21:25:10,AAPL,BUY,32.3,972.35616019,990.94873998,600.54032721,-258404.38729645
2025-03-06 21:26:10,NVDA,BUY,70.8,1078.00790089,1066.54399177,-811.64476605,-259216.0320625
2025-03-06 21:27:10,NVDA,BUY,23.9,2068.90843335,2083.7134238,353.83927187,-258862.19279064
2025-03-06 21:28:10,NFLX,BUY,73.6,2309.27235667,2294.61371825,-1078.87578777,-259941.06857841
2025-03-06 21:29:10,NFLX,BUY,45.9,2233.10618367,2241.62980779,391.23434701,-259549.8342314
2025-03-06 21:30:10,TSLA,SELL,49.0,2267.81857922,2256.76049733,541.84601257,-259007.98821883
2025-03-06 21:31:10,AMZN,BUY,31.7,242.37805592,244.02952631,52.35161116,-258955.63660767
2025-03-06 21:32:10,MSFT,BUY,79.2,1323.98038671,1313.21467404,-852.64444346,-259808.28105114
2025-03-06 21:33:10,TSLA,SELL,135.7,1501.9358348,1504.06053176,-288.32137792,-260096.60242906
2025-03-06 21:34:10,AMZN,SELL,164.0,2324.29802957,2310.16911217,2317.14245439,-257779.45997467
2025-03-06 21:35:10,NVDA,SELL,110.7,2110.65355831,2109.61610259,114.84634841,-257664.61362626
2025-03-06 21:36:10,AMZN,SELL,50.2,1367.04700606,1396.3308412,-1470.04852363,-259134.66214988
2025-03-06 21:37:10,MSFT,SELL,54.6,1720.0083297,1693.80696319,1430.5946117,-257704.06753818
2025-03-06 21:38:10,NFLX,BUY,31.7,1712.86005309,1690.58380471,-706.15707344,-258410.22461162
2025-03-06 21:39:10,AAPL,SELL,46.1,593.3005625,591.74136026,71.87922328,-258338.34538833
2025-03-06 21:40:10,AMZN,SELL,115.2,1556.94464302,1551.99330771,570.39382711,-257767.95156122
2025-03-06 21:41:10,AAPL,BUY,81.8,1684.72827273,1690.49838379,471.99508505,-257295.95647617
2025-03-06 21:42:10,AMZN,SELL,110.7,2290.93747716,2268.6680563,2465.22488868,-254830.73158749
2025-03-06 21:43:10,NVDA,SELL,61.1,623.31913645,623.18084177,8.44980546,-254822.28178203
2025-03-06 21:44:10,TSLA,BUY,114.3,1571.18315412,1564.51820155,-761.80407802,-255584.08586005
2025-03-06 21:45:10,MSFT,SELL,126.3,126.39109426,125.53580857,108.02258226,-255476.06327779
2025-03-06 21:46:10,MSFT,SELL,103.0,934.30386225,936.95115898,-272.67156391,-255748.7348417
2025-03-06 21:47:10,AMZN,SELL,35.0,1289.91249986,1289.03589817,30.68105912,-255718.05378258
2025-03-06 21:48:10,NFLX,BUY,42.4,474.32108324,473.62393676,-29.55901072,-255747.6127933
2025-03-06 21:49:10,TSLA,SELL,99.6,2094.21550086,2083.0563174,1111.45467223,-254636.15812107
2025-03-06 21:50:10,AAPL,SELL,98.2,1465.58803457,1496.28564666,-3014.50550816,-257650.66362924
2025-03-06 21:51:10,TSLA,BUY,49.0,2422.78296362,2433.93345882,546.37426477,-257104.28936446
2025-03-06 21:52:10,MSFT,BUY,67.4,366.97408923,373.2390316,422.25711572,-256682.03224874
2025-03-06 21:53:10,AAPL,BUY,63.1,528.79169279,528.84256885,3.210279,-256678.82196974
2025-03-06 21:54:10,NFLX,BUY,52.8,118.16584191,118.36654354,10.59704612,-256668.22492362
2025-03-06 21:55:10,AMZN,BUY,112.9,124.86771299,124.96855098,11.38460896,-256656.84031466
2025-03-06 21:56:10,NVDA,SELL,87.3,1860.59982645,1858.53105868,180.60342649,-256476.23688817
2025-03-06 21:57:10,MSFT,SELL,111.6,2031.2930277,2032.74968709,-162.56318743,-256638.80007561
2025-03-06 21:58:10,AMZN,BUY,78.7,1434.3969396,1412.1059833,-1754.29826099,-258393.0983366
2025-03-06 21:59:10,MSFT,BUY,167.0,530.06229485,530.70418395,107.19547945,-258285.90285715
2025-03-06 22:00:10,MSFT,BUY,94.4,1755.08155788,1762.02049537,655.03569926,-257630.86715788
2025-03-06 22:01:10,NVDA,BUY,147.6,1754.34593959,1776.28689066,3238.48437855,-254392.38277933
2025-03-06 22:02:10,NFLX,SELL,131.1,962.86961051,954.87933427,1047.52521426,-253344.85756507
2025-03-06 22:03:10,MSFT,SELL,137.3,2159.26865654,2154.43712298,663.36955685,-252681.48800821
2025-03-06 22:04:10,TSLA,BUY,53.3,1289.07914243,1275.09791528,-745.19940706,-253426.68741527
2025-03-06 22:05:10,NFLX,SELL,55.1,1836.27158091,1829.79008541,357.13040184,-253069.55701343
2025-03-06 22:06:10,AAPL,BUY,100.9,981.36470744,983.10889868,175.98889632,-252893.56811711
2025-03-06 22:07:10,AMZN,BUY,30.1,1552.80416911,1555.61897348,84.72561134,-252808.84250577
2025-03-06 22:08:10,NVDA,BUY,132.8,2187.6629169,2207.20197904,2594.78745284,-250214.05505293
2025-03-06 22:09:10,AMZN,BUY,138.4,1410.2048569,1412.6454167,337.77347685,-249876.28157608
2025-03-06 22:10:10,TSLA,SELL,47.6,1226.46515362,1228.89316586,-115.57338252,-249991.85495861
2025-03-06 22:11:10,AAPL,SELL,113.9,2285.70095938,2264.39989281,2426.19148294,-247565.66347567
2025-03-06 22:12:10,TSLA,BUY,82.1,1746.58842846,1724.89723026,-1780.84737198,-249346.51084765
2025-03-06 22:13:10,MSFT,SELL,38.4,295.55814843,293.08337278,95.03138497,-249251.47946268
2025-03-06 22:14:10,TSLA,BUY,119.7,1318.35862816,1330.96919544,1509.48490288,-247741.9945598
2025-03-06 22:15:10,NFLX,SELL,41.7,1902.82142489,1904.25788882,-59.90054564,-247801.89510544
2025-03-06 22:16:10,AAPL,SELL,39.4,1879.91889744,1863.50356627,646.7640478,-247155.13105764
2025-03-06 22:17:10,MSFT,SELL,133.1,992.69268959,991.08234144,214.33733875,-246940.79371889
2025-03-06 22:18:10,NFLX,SELL,53.5,290.83824167,292.29759443,-78.07537233,-247018.86909122
2025-03-06 22:19:10,NVDA,SELL,51.1,659.12780876,674.30089455,-775.34468384,-247794.21377506
2025-03-06 22:20:10,NFLX,BUY,366.8,394.02301283,392.9332181,-399.73670909,-248193.95048415
2025-03-06 22:21:10,TSLA,SELL,279.2,1587.93717587,1583.72558442,1175.87633474,-247018.07414941
2025-03-06 22:22:10,NFLX,BUY,87.1,676.31077683,677.8770235,136.42008519,-246881.65406422
2025-03-06 22:23:10,TSLA,BUY,49.4,1320.66147433,1314.29031039,-314.73549852,-247196.38956274
2025-03-06 22:24:10,MSFT,BUY,82.0,1753.61802603,1781.71839241,2304.23004363,-244892.15951911
2025-03-06 22:25:10,AAPL,BUY,63.5,2445.60107892,2432.66990803,-821.12935154,-245713.28887065
2025-03-06 22:26:10,TSLA,SELL,122.7,2073.13030127,2106.73533668,-4123.33784423,-249836.62671488
2025-03-06 22:27:10,AAPL,SELL,128.4,2020.5044389,2009.17774235,1454.34783767,-248382.27887721
2025-03-06 22:28:10,MSFT,SELL,48.3,161.63263326,162.31023842,-32.72832894,-248415.00720615
2025-03-06 22:29:10,MSFT,SELL,116.5,1250.28425128,1245.21488459,590.58121939,-247824.42598677
2025-03-06 22:30:10,AMZN,SELL,147.9,1650.32141206,1645.00595313,786.1563752,-247038.26961157
2025-03-06 22:31:10,AMZN,SELL,109.8,1542.08872501,1560.6386952,-2036.78672703,-249075.05633859
2025-03-06 22:32:10,AAPL,SELL,90.7,2441.9306085,2446.38128196,-403.67608261,-249478.73242121
2025-03-06 22:33:10,NVDA,BUY,358.1,1100.29722818,1112.75049447,4459.51465863,-245019.21776258
2025-03-06 22:34:10,NVDA,SELL,73.2,1380.01457238,1383.1782213,-231.57910135,-245250.79686393
2025-03-06 22:35:10,NVDA,SELL,55.1,1672.55157072,1684.44953725,-655.57795554,-245906.37481947
2025-03-06 22:36:10,TSLA,BUY,295.7,2038.64443129,2042.65859022,1186.98679498,-244719.38802449
2025-03-06 22:37:10,NVDA,BUY,57.3,2117.7497979,2137.79897939,1148.8180991,-243570.56992539
2025-03-06 22:38:10,AMZN,SELL,41.9,1593.8070419,1617.46032321,-991.07248658,-244561.64241197
2025-03-06 22:39:10,NVDA,SELL,57.3,765.383296,767.09105744,-97.85473064,-244659.49714261
2025-03-06 22:40:10,NFLX,BUY,168.2,2389.76212284,2389.03826947,-121.75213705,-244781.24927966
2025-03-06 22:41:10,MSFT,SELL,110.8,831.62858336,839.36689839,-857.40530581,-245638.65458547
2025-03-06 22:42:10,MSFT,SELL,170.9,2297.80417357,2288.34735818,1616.16975007,-244022.48483541
2025-03-06 22:43:10,NVDA,BUY,48.7,737.90673637,744.58102015,325.03762004,-243697.44721537
2025-03-06 22:44:10,NFLX,BUY,122.2,1652.45792772,1642.64134381,-1199.58655467,-244897.03377004
2025-03-06 22:45:10,NFLX,SELL,53.5,1499.2746552,1504.82544736,-296.96738026,-245194.0011503
2025-03-06 22:46:10,MSFT,SELL,122.3,1943.87823911,1949.33345634,-667.17306722,-245861.17421752
2025-03-06 22:47:10,TSLA,SELL,113.7,1929.33190521,1924.93902765,499.47017841,-245361.70403911
2025-03-06 22:48:10,NVDA,BUY,126.1,1242.75282142,1230.99562526,-1482.58243628,-246844.28647539
2025-03-06 22:49:10,NFLX,BUY,39.9,1730.8645409,1717.56281274,-530.73895351,-247375.0254289
2025-03-06 22:50:10,MSFT,SELL,186.3,396.81432989,393.02801713,705.39006659,-246669.63536231
2025-03-06 22:51:10,NVDA,SELL,51.4,1848.6355733,1844.8931024,192.36300409,-246477.27235822
2025-03-06 22:52:10,NVDA,SELL,73.6,875.04582699,884.03300222,-661.45609751,-247138.72845572
2025-03-06 22:53:10,NVDA,BUY,87.2,1802.79217742,1809.60471537,594.05330865,-246544.67514708
2025-03-06 22:54:10,NVDA,SELL,51.0,274.66840611,282.34219305,-391.36313412,-246936.0382812
2025-03-06 22:55:10,AAPL,SELL,135.9,1966.11356096,1926.00825741,5450.31075219,-241485.72752901
2025-03-06 22:56:10,MSFT,SELL,108.7,243.86369935,244.55908327,-75.58823152,-241561.31576053
2025-03-06 22:57:10,NFLX,BUY,27.2,768.27186565,766.25948323,-54.73680182,-241616.05256234
2025-03-06 22:58:10,AAPL,BUY,133.3,128.70915928,131.00113923,305.5209267,-241310.53163565
2025-03-06 22:59:10,NFLX,BUY,28.3,1778.08463019,1769.84301278,-233.23777261,-241543.76940825
2025-03-06 23:00:10,AMZN,BUY,118.8,312.79952905,314.69224167,224.85426009,-241318.91514817
2025-03-06 23:01:10,AAPL,BUY,59.9,1358.62536269,1353.48135373,-308.12613643,-241627.0412846
2025-03-06 23:02:10,NFLX,SELL,67.6,1690.47649009,1687.86188773,176.74711968,-241450.29416492
2025-03-06 23:03:10,AMZN,BUY,101.7,1813.69016735,1830.5988629,1719.61433769,-239730.67982723
2025-03-06 23:04:10,NVDA,BUY,74.4,1614.7793881,1621.77276465,520.30721518,-239210.37261205
2025-03-06 23:05:10,MSFT,SELL,35.5,1035.82614816,1041.38037281,-197.17497508,-239407.54758713
2025-03-06 23:06:10,MSFT,BUY,132.1,691.11608101,695.13068246,530.32885215,-238877.21873497
2025-03-06 23:07:10,NFLX,BUY,82.2,1513.6078187,1511.55865792,-168.4410162,-239045.65975117
2025-03-06 23:08:10,AMZN,SELL,31.7,1637.60984377,1633.58796821,127.49345497,-238918.1662962
2025-03-06 23:09:10,AAPL,SELL,149.1,1202.96154133,1205.89140207,-436.84223592,-239355.00853212
2025-03-06 23:10:10,NFLX,BUY,25.7,1379.27892385,1399.79133591,527.16898976,-238827.83954236
2025-03-06 23:11:10,AAPL,BUY,140.7,2397.55464978,2381.1778265,-2304.21903516,-241132.05857752
2025-03-06 23:12:10,AAPL,BUY,43.9,598.8013522,599.79074284,43.43424911,-241088.62432841
2025-03-06 23:13:10,NVDA,BUY,47.0,1346.98836424,1350.851428,181.56399653,-240907.06033188
2025-03-06 23:14:10,NVDA,BUY,116.7,142.3796249,144.62129061,261.60238752,-240645.45794436
2025-03-06 23:15:10,NFLX,BUY,127.2,553.18896797,545.86634376,-931.43779946,-241576.89574382
2025-03-06 23:16:10,MSFT,SELL,148.4,128.36160587,126.82234701,228.42601442,-241348.4697294
2025-03-06 23:17:10,NFLX,SELL,75.0,1568.81041401,1571.30528454,-187.11528971,-241535.58501911
2025-03-06 23:18:10,NVDA,SELL,148.5,778.55312798,773.68974329,722.21262641,-240813.37239271
2025-03-06 23:19:10,NVDA,SELL,115.6,2381.31366196,2358.36080717,2653.35001301,-238160.0223797
2025-03-06 23:20:10,AAPL,SELL,146.4,272.8303803,270.45539987,347.69713485,-237812.32524485
2025-03-06 23:21:10,MSFT,BUY,131.4,243.93780795,242.35618972,-207.82463622,-238020.14988107
2025-03-06 23:22:10,AMZN,BUY,20.8,145.13767031,146.71187658,32.74349042,-237987.40639065
2025-03-06 23:23:10,AMZN,SELL,84.2,589.58521767,601.25554616,-982.64165902,-238970.04804967
2025-03-06 23:24:10,NVDA,SELL,69.1,1952.70234319,1930.71208289,1519.52698667,-237450.52106299
2025-03-06 23:25:10,NFLX,BUY,124.0,484.87286922,479.01448862,-726.43919439,-238176.96025738
2025-03-06 23:26:10,TSLA,BUY,141.4,1934.34889223,1915.58529987,-2653.1719603,-240830.13221768
2025-03-06 23:27:10,NVDA,BUY,141.2,2295.90707683,2274.88009205,-2969.01024965,-243799.14246733
2025-03-06 23:28:10,NFLX,SELL,164.6,2406.34230138,2404.08824729,371.01730285,-243428.12516448
2025-03-06 23:29:10,MSFT,BUY,135.6,573.83097944,573.05462955,-105.27304518,-243533.39820966
2025-03-06 23:30:10,MSFT,BUY,94.4,2059.85222575,2038.31336291,-2033.26865173,-245566.66686139
2025-03-06 23:31:10,MSFT,SELL,151.6,418.22765135,418.12184371,16.04043759,-245550.6264238
2025-03-06 23:32:10,AMZN,BUY,68.5,1794.00825704,1810.26886755,1113.85181967,-244436.77460412
2025-03-06 23:33:10,MSFT,SELL,147.0,1377.96539901,1391.63364385,-2009.23199147,-246446.00659559
2025-03-06 23:34:10,AAPL,BUY,35.8,514.01333727,508.03096289,-214.16900282,-246660.17559841
2025-03-06 23:35:10,NVDA,SELL,353.2,1980.73626702,1962.0795228,6589.56205744,-240070.61354096
2025-03-06 23:36:10,NFLX,BUY,138.5,677.41111754,679.5420789,295.13814743,-239775.47539353
2025-03-06 23:37:10,TSLA,BUY,126.5,792.88971712,794.02584183,143.71977559,-239631.75561794
2025-03-06 23:38:10,AMZN,SELL,25.6,2294.68699081,2289.67295278,128.35937361,-239503.39624434
2025-03-06 23:39:10,NVDA,BUY,42.0,1948.99356848,1943.40069419,-234.9007201,-239738.29696444
2025-03-06 23:40:10,TSLA,SELL,62.4,1483.1635594,1462.01801032,1319.48226261,-238418.81470183
2025-03-06 23:41:10,AMZN,SELL,42.2,1480.92007733,1480.17157152,31.58694536,-238387.22775647
2025-03-06 23:42:10,MSFT,SELL,109.7,1341.79662391,1336.00437504,635.40970117,-237751.8180553
2025-03-06 23:43:10,AMZN,SELL,136.7,1659.57294872,1654.45506671,699.61447176,-237052.20358353
2025-03-06 23:44:10,NFLX,SELL,107.8,1613.56643583,1611.6756607,203.82555965,-236848.37802388
2025-03-06 23:45:10,AMZN,BUY,109.6,1351.58797455,1339.56906824,-1317.27213119,-238165.65015507
2025-03-06 23:46:10,AMZN,SELL,51.9,1694.9287935,1686.51406102,436.72461523,-237728.92553985
2025-03-06 23:47:10,NFLX,BUY,83.9,1195.15818228,1220.46443927,2123.19496097,-235605.73057887
2025-03-06 23:48:10,MSFT,BUY,148.7,170.68890142,169.64165499,-155.72554485,-235761.45612373
2025-03-06 23:49:10,AMZN,SELL,75.3,1819.14513745,1797.54412955,1626.55589497,-234134.90022876
2025-03-06 23:50:10,AAPL,BUY,69.4,650.7482998,656.75435063,416.81992788,-233718.08030088
2025-03-06 23:51:10,NVDA,SELL,217.9,2115.93849855,2131.51182256,-3393.4273028,-237111.50760368
2025-03-06 23:51:20,NVDA,BUY,209.2,843.77526564,846.25701489,519.18194377,-236592.32565991
2025-03-06 23:51:50,NFLX,BUY,187.0,443.78887903,438.85770818,-922.12894858,-237514.45460849
2025-03-06 23:52:50,NVDA,BUY,256.8,1431.75664197,1436.46372326,1208.77847432,-236305.67613417
